role_id,user_id,role_name,assigned_date
1,1,admin,2025-07-13
2,2,editor,2025-09-13
3,3,viewer,2025-12-10
4,4,viewer,2025-08-30
5,5,editor,2026-02-23
6,6,admin,2026-02-02
7,7,unknown,2025-12-20
8,8,admin,2026-03-28
9,9,admin,2026-03-24
10,10,,2026-02-20
11,11,admin,2025-09-20
12,12,viewer,2026-02-04
13,13,viewer,2025-08-31
14,14,viewer,2026-03-27
15,15,viewer,2026-01-08
16,16,admin,2025-12-28
17,17,unknown,2025-11-05
18,18,admin,2026-03-21
19,19,viewer,2026-02-08
20,20,unknown,2026-03-10
21,21,unknown,2025-11-25
22,22,invalid_role,2026-01-19
23,23,editor,2025-07-21
24,24,invalid_role,2025-07-14
25,25,viewer,2025-06-28
26,26,editor,2026-02-06
27,27,,2025-12-09
28,28,admin,2025-09-17
29,29,editor,2025-12-15
30,30,guest,2025-08-16
31,31,editor,2025-10-09
32,32,admin,2025-05-18
33,33,editor,2025-04-23
34,34,viewer,2025-04-16
35,35,admin,2026-01-18
36,36,admin,2026-01-01
37,37,viewer,2025-06-23
38,38,,2025-07-13
39,39,admin,2025-09-28
40,40,invalid_role,2025-08-20
41,41,editor,2025-10-20
42,42,viewer,2025-05-03
43,43,editor,2025-07-15
44,44,editor,2026-03-26
45,45,,2025-10-08
46,46,,2026-01-24
47,47,admin,2025-11-20
48,48,admin,2025-09-14
49,49,editor,2025-09-12
50,50,,2025-11-12
51,51,admin,2026-03-01
52,52,viewer,2026-02-21
53,53,unknown,2026-01-26
54,54,editor,2025-11-18
55,55,viewer,2025-12-05
56,56,admin,2026-01-09
57,57,viewer,2025-11-27
58,58,admin,2025-06-15
59,59,editor,2026-03-04
60,60,unknown,2025-11-25
61,61,,2025-06-09
62,62,invalid_role,2026-03-29
63,63,editor,2026-03-05
64,64,admin,2025-11-21
65,65,admin,2025-12-25
66,66,admin,2025-08-27
67,67,guest,2025-09-18
68,68,viewer,2026-03-19
69,69,,2026-02-11
70,70,invalid_role,2025-04-13
71,71,admin,2025-06-25
72,72,guest,2025-12-13
73,73,editor,2025-11-24
74,74,viewer,2025-10-24
75,75,,2025-06-05
76,76,admin,2026-02-04
77,77,admin,2025-05-20
78,78,editor,2025-07-11
79,79,editor,2025-04-22
80,80,editor,2025-10-15
81,81,editor,2025-08-03
82,82,editor,2025-03-30
83,83,admin,2025-08-19
84,84,,2025-04-07
85,85,unknown,2025-08-27
86,86,viewer,2025-05-12
87,87,viewer,2026-02-08
88,88,invalid_role,2025-05-03
89,89,viewer,2025-07-21
90,90,admin,2025-04-18
91,91,viewer,2025-12-22
92,92,unknown,2025-07-19
93,93,admin,2025-07-05
94,94,editor,2025-06-13
95,95,,2026-03-05
96,96,guest,2025-06-25
97,97,admin,2026-01-14
98,98,editor,2026-01-19
99,99,editor,2026-02-20
100,100,admin,2026-02-10
101,101,viewer,2025-12-23
102,102,invalid_role,2025-04-04
103,103,admin,2025-06-02
104,104,admin,2025-04-20
105,105,editor,2025-06-07
106,106,,2025-05-14
107,107,invalid_role,2025-05-23
108,108,unknown,2026-03-14
109,109,viewer,2025-07-20
110,110,admin,2025-11-05
111,111,editor,2025-08-02
112,112,viewer,2026-02-02
113,113,editor,2025-06-09
114,114,,2025-11-25
115,115,viewer,2025-06-02
116,116,admin,2025-04-04
117,117,viewer,2025-06-25
118,118,viewer,2025-07-19
119,119,editor,2025-04-06
120,120,guest,2025-05-04
121,121,editor,2025-06-06
122,122,,2025-07-08
123,123,editor,2025-04-07
124,124,admin,2026-02-14
125,125,editor,2025-06-03
126,126,viewer,2025-09-24
127,127,admin,2026-02-01
128,128,viewer,2026-01-14
129,129,editor,2025-10-09
130,130,admin,2025-11-26
131,131,unknown,2025-12-27
132,132,admin,2025-06-27
133,133,,2025-04-01
134,134,viewer,2026-01-31
135,135,admin,2026-03-05
136,136,editor,2025-08-18
137,137,viewer,2025-08-18
138,138,admin,2025-10-02
139,139,editor,2025-05-04
140,140,editor,2025-04-07
141,141,editor,2025-05-05
142,142,admin,2026-02-21
143,143,editor,2025-08-14
144,144,admin,2025-03-30
145,145,viewer,2025-12-30
146,146,admin,2025-04-04
147,147,unknown,2025-04-02
148,148,viewer,2025-08-06
149,149,editor,2026-03-17
150,150,admin,2025-12-29
151,151,admin,2025-11-23
152,152,,2026-02-18
153,153,editor,2025-11-01
154,154,viewer,2025-11-13
155,155,,2025-11-22
156,156,viewer,2025-04-01
157,157,viewer,2026-01-07
158,158,admin,2025-07-14
159,159,editor,2025-10-01
160,160,editor,2025-05-16
161,161,editor,2025-04-06
162,162,editor,2025-07-30
163,163,admin,2026-01-18
164,164,admin,2025-10-16
165,165,viewer,2026-02-16
166,166,editor,2025-08-27
167,167,invalid_role,2026-02-27
168,168,unknown,2025-10-22
169,169,viewer,2026-01-06
170,170,unknown,2026-01-17
171,171,admin,2026-01-01
172,172,viewer,2025-12-29
173,173,editor,2025-05-23
174,174,editor,2025-08-29
175,175,editor,2026-02-21
176,176,admin,2025-04-03
177,177,editor,2025-06-09
178,178,admin,2025-05-30
179,179,editor,2026-01-17
180,180,admin,2025-11-11
181,181,editor,2025-04-16
182,182,admin,2025-06-28
183,183,admin,2025-10-21
184,184,viewer,2025-04-07
185,185,viewer,2025-04-22
186,186,admin,2025-11-27
187,187,admin,2025-08-30
188,188,unknown,2025-11-08
189,189,admin,2025-10-29
190,190,unknown,2026-03-24
191,191,editor,2025-10-23
192,192,unknown,2025-06-30
193,193,admin,2025-05-02
194,194,admin,2025-04-20
195,195,invalid_role,2025-09-17
196,196,viewer,2025-10-19
197,197,viewer,2025-12-02
198,198,editor,2025-07-21
199,199,editor,2025-12-23
200,200,admin,2026-03-11
201,201,viewer,2026-03-29
202,202,viewer,2025-12-21
203,203,,2026-03-14
204,204,,2025-05-21
205,205,viewer,2026-01-28
206,206,viewer,2025-08-03
207,207,admin,2025-05-27
208,208,viewer,2025-10-22
209,209,editor,2025-09-17
210,210,unknown,2025-06-14
211,211,guest,2026-02-23
212,212,editor,2025-05-13
213,213,guest,2025-10-19
214,214,editor,2025-06-24
215,215,viewer,2025-06-30
216,216,,2026-02-10
217,217,viewer,2025-04-29
218,218,guest,2025-04-15
219,219,,2025-09-07
220,220,guest,2026-03-21
221,221,viewer,2025-10-04
222,222,viewer,2026-02-08
223,223,admin,2025-09-06
224,224,viewer,2026-01-08
225,225,unknown,2025-06-05
226,226,guest,2025-12-08
227,227,admin,2026-03-27
228,228,viewer,2025-06-14
229,229,admin,2025-12-25
230,230,editor,2025-11-01
231,231,editor,2026-03-23
232,232,viewer,2026-03-27
233,233,admin,2025-08-10
234,234,viewer,2025-09-28
235,235,viewer,2026-02-19
236,236,viewer,2025-05-03
237,237,admin,2025-08-30
238,238,viewer,2025-09-08
239,239,admin,2025-10-22
240,240,,2025-05-04
241,241,admin,2025-09-23
242,242,viewer,2025-04-18
243,243,viewer,2025-09-21
244,244,editor,2025-10-28
245,245,viewer,2026-02-24
246,246,admin,2025-08-27
247,247,viewer,2026-01-16
248,248,viewer,2025-06-18
249,249,editor,2025-05-23
250,250,editor,2025-11-04
251,251,viewer,2026-01-24
252,252,editor,2025-03-30
253,253,viewer,2025-04-06
254,254,admin,2025-08-10
255,255,admin,2025-10-19
256,256,viewer,2025-08-23
257,257,unknown,2025-05-28
258,258,admin,2025-10-19
259,259,viewer,2025-11-08
260,260,,2026-01-18
261,261,editor,2025-11-16
262,262,editor,2025-10-13
263,263,editor,2025-09-27
264,264,editor,2025-07-02
265,265,invalid_role,2026-01-02
266,266,admin,2026-02-23
267,267,admin,2025-08-28
268,268,,2026-02-03
269,269,viewer,2026-01-11
270,270,guest,2025-04-16
271,271,,2025-10-10
272,272,admin,2026-01-20
273,273,viewer,2025-12-11
274,274,,2025-04-19
275,275,admin,2026-01-12
276,276,viewer,2025-09-06
277,277,admin,2025-06-23
278,278,guest,2025-08-24
279,279,admin,2025-10-30
280,280,viewer,2025-09-22
281,281,editor,2025-05-25
282,282,,2026-03-23
283,283,,2025-08-02
284,284,editor,2025-07-10
285,285,editor,2026-03-01
286,286,admin,2026-03-03
287,287,guest,2026-01-29
288,288,viewer,2025-06-29
289,289,,2026-01-27
290,290,viewer,2026-02-07
291,291,viewer,2026-03-21
292,292,editor,2025-05-24
293,293,editor,2026-01-06
294,294,,2025-09-04
295,295,viewer,2026-02-20
296,296,admin,2025-12-27
297,297,viewer,2025-11-20
298,298,admin,2025-04-10
299,299,admin,2025-10-09
300,300,editor,2025-09-22
301,301,invalid_role,2025-10-25
302,302,editor,2026-03-21
303,303,admin,2025-04-13
304,304,viewer,2026-01-23
305,305,unknown,2025-12-10
306,306,admin,2026-02-12
307,307,editor,2025-09-26
308,308,editor,2025-11-03
309,309,viewer,2025-06-07
310,310,editor,2025-06-21
311,311,admin,2025-08-13
312,312,editor,2025-09-25
313,313,admin,2025-09-09
314,314,editor,2025-11-20
315,315,editor,2025-09-18
316,316,viewer,2025-08-12
317,317,admin,2026-03-27
318,318,unknown,2025-07-07
319,319,guest,2025-11-07
320,320,viewer,2025-06-14
321,321,admin,2025-11-29
322,322,invalid_role,2025-07-10
323,323,,2025-04-06
324,324,viewer,2025-10-12
325,325,unknown,2025-10-01
326,326,editor,2025-04-05
327,327,viewer,2025-04-19
328,328,admin,2026-02-01
329,329,viewer,2025-05-25
330,330,admin,2025-11-12
331,331,editor,2025-10-31
332,332,viewer,2026-03-13
333,333,,2026-01-15
334,334,viewer,2026-01-23
335,335,editor,2025-09-14
336,336,,2026-01-20
337,337,invalid_role,2025-06-08
338,338,editor,2026-02-25
339,339,viewer,2025-11-02
340,340,admin,2025-05-02
341,341,admin,2026-01-26
342,342,viewer,2026-02-28
343,343,admin,2026-03-23
344,344,editor,2025-09-29
345,345,editor,2025-04-08
346,346,unknown,2025-05-23
347,347,viewer,2025-04-19
348,348,invalid_role,2025-06-16
349,349,editor,2025-04-04
350,350,viewer,2026-03-20
351,351,editor,2025-05-31
352,352,editor,2025-09-11
353,353,editor,2025-08-31
354,354,admin,2026-03-26
355,355,editor,2025-08-26
356,356,admin,2025-06-12
357,357,editor,2025-12-18
358,358,admin,2025-05-21
359,359,viewer,2025-10-02
360,360,editor,2026-02-22
361,361,invalid_role,2025-11-15
362,362,,2025-06-17
363,363,editor,2025-06-08
364,364,editor,2025-11-18
365,365,viewer,2025-08-03
366,366,editor,2025-05-06
367,367,editor,2026-03-08
368,368,,2025-05-05
369,369,admin,2026-03-03
370,370,admin,2025-04-06
371,371,admin,2026-01-04
372,372,admin,2025-07-28
373,373,admin,2026-01-22
374,374,viewer,2025-12-06
375,375,editor,2025-12-15
376,376,admin,2025-12-04
377,377,editor,2025-06-09
378,378,viewer,2026-02-11
379,379,admin,2025-06-08
380,380,viewer,2025-07-25
381,381,,2025-04-03
382,382,editor,2026-01-10
383,383,editor,2025-10-24
384,384,admin,2025-05-02
385,385,viewer,2026-03-15
386,386,viewer,2026-03-22
387,387,admin,2026-02-15
388,388,guest,2026-03-21
389,389,viewer,2025-11-07
390,390,viewer,2026-03-10
391,391,unknown,2025-09-18
392,392,viewer,2025-09-25
393,393,viewer,2025-07-29
394,394,,2025-11-23
395,395,invalid_role,2025-05-29
396,396,,2025-04-26
397,397,viewer,2026-01-21
398,398,viewer,2025-07-18
399,399,unknown,2025-08-21
400,400,viewer,2025-06-23
401,401,admin,2025-12-08
402,402,admin,2025-10-20
403,403,editor,2025-06-07
404,404,admin,2025-06-26
405,405,editor,2026-01-14
406,406,editor,2025-11-27
407,407,admin,2025-07-13
408,408,admin,2026-02-14
409,409,editor,2025-04-20
410,410,admin,2025-10-11
411,411,editor,2025-11-05
412,412,admin,2025-06-16
413,413,viewer,2025-08-21
414,414,admin,2025-08-12
415,415,viewer,2026-02-17
416,416,invalid_role,2025-05-26
417,417,editor,2025-07-29
418,418,editor,2025-11-25
419,419,viewer,2025-10-31
420,420,viewer,2025-05-26
421,421,editor,2025-12-02
422,422,unknown,2025-05-12
423,423,,2025-07-21
424,424,admin,2025-09-05
425,425,admin,2025-09-10
426,426,admin,2026-03-01
427,427,admin,2026-03-07
428,428,admin,2025-04-07
429,429,admin,2025-12-24
430,430,admin,2025-08-13
431,431,viewer,2025-07-24
432,432,viewer,2025-07-09
433,433,admin,2026-01-29
434,434,viewer,2026-01-01
435,435,viewer,2025-10-19
436,436,viewer,2025-07-05
437,437,invalid_role,2025-07-21
438,438,viewer,2025-04-04
439,439,,2025-08-12
440,440,editor,2025-03-31
441,441,editor,2025-05-14
442,442,unknown,2025-05-26
443,443,unknown,2025-06-21
444,444,invalid_role,2025-07-14
445,445,viewer,2025-09-10
446,446,,2026-01-03
447,447,viewer,2025-08-02
448,448,,2025-06-22
449,449,editor,2025-04-04
450,450,viewer,2025-04-14
451,451,editor,2025-12-12
452,452,,2026-03-29
453,453,editor,2025-10-17
454,454,viewer,2025-08-21
455,455,admin,2025-05-29
456,456,unknown,2025-07-26
457,457,editor,2026-02-13
458,458,admin,2025-04-25
459,459,editor,2025-04-26
460,460,,2025-09-06
461,461,viewer,2025-11-29
462,462,editor,2025-10-07
463,463,viewer,2025-12-04
464,464,viewer,2025-07-31
465,465,guest,2025-06-26
466,466,admin,2025-12-25
467,467,editor,2025-05-06
468,468,,2025-07-24
469,469,admin,2025-09-10
470,470,editor,2025-09-10
471,471,admin,2026-01-15
472,472,,2025-05-19
473,473,editor,2025-06-22
474,474,viewer,2025-08-19
475,475,admin,2026-02-10
476,476,admin,2025-11-26
477,477,admin,2025-08-19
478,478,viewer,2025-08-20
479,479,editor,2025-08-12
480,480,,2025-05-09
481,481,viewer,2026-01-30
482,482,viewer,2026-02-03
483,483,viewer,2025-12-23
484,484,editor,2025-10-31
485,485,admin,2025-04-02
486,486,viewer,2025-08-17
487,487,admin,2025-06-29
488,488,viewer,2025-10-30
489,489,invalid_role,2025-05-13
490,490,guest,2025-12-14
491,491,editor,2026-01-25
492,492,editor,2026-01-01
493,493,viewer,2025-07-08
494,494,editor,2025-10-02
495,495,viewer,2025-06-04
496,496,admin,2025-10-28
497,497,admin,2026-03-09
498,498,admin,2025-11-23
499,499,,2025-10-10
500,500,unknown,2025-10-04
501,501,editor,2025-11-19
502,502,editor,2025-06-27
503,503,,2025-08-18
504,504,editor,2025-12-06
505,505,editor,2025-12-01
506,506,admin,2025-04-05
507,507,admin,2025-10-15
508,508,,2025-11-11
509,509,,2025-05-22
510,510,,2025-06-05
511,511,viewer,2026-01-05
512,512,editor,2025-09-02
513,513,admin,2026-01-27
514,514,admin,2026-01-24
515,515,editor,2025-08-09
516,516,viewer,2025-04-01
517,517,admin,2026-01-11
518,518,viewer,2025-04-15
519,519,editor,2025-05-23
520,520,viewer,2026-03-20
521,521,unknown,2025-09-27
522,522,guest,2025-12-08
523,523,editor,2025-12-21
524,524,admin,2025-06-14
525,525,editor,2025-04-09
526,526,viewer,2025-06-29
527,527,viewer,2025-04-21
528,528,admin,2026-02-05
529,529,viewer,2025-11-27
530,530,viewer,2025-07-25
531,531,editor,2025-11-23
532,532,guest,2026-03-09
533,533,editor,2026-02-06
534,534,admin,2025-04-23
535,535,guest,2025-11-27
536,536,guest,2026-01-03
537,537,invalid_role,2026-01-08
538,538,admin,2025-04-16
539,539,,2025-11-10
540,540,viewer,2025-12-03
541,541,admin,2026-01-20
542,542,invalid_role,2025-10-28
543,543,admin,2025-11-22
544,544,viewer,2025-07-03
545,545,viewer,2025-03-30
546,546,editor,2025-08-03
547,547,editor,2025-09-21
548,548,viewer,2026-03-25
549,549,admin,2025-12-11
550,550,viewer,2025-04-01
551,551,editor,2025-05-23
552,552,admin,2026-02-07
553,553,invalid_role,2026-02-17
554,554,guest,2025-10-15
555,555,editor,2025-11-10
556,556,viewer,2025-08-23
557,557,viewer,2026-01-08
558,558,admin,2025-12-25
559,559,admin,2026-03-23
560,560,viewer,2026-03-19
561,561,viewer,2026-01-12
562,562,admin,2026-02-13
563,563,admin,2025-05-21
564,564,viewer,2026-01-27
565,565,viewer,2025-10-23
566,566,admin,2025-12-11
567,567,viewer,2025-08-07
568,568,viewer,2025-12-17
569,569,viewer,2025-11-30
570,570,viewer,2025-09-04
571,571,editor,2025-11-19
572,572,,2025-08-15
573,573,guest,2025-06-18
574,574,admin,2025-09-06
575,575,admin,2026-02-14
576,576,editor,2026-01-23
577,577,viewer,2025-10-10
578,578,editor,2025-06-18
579,579,viewer,2025-12-23
580,580,admin,2025-07-09
581,581,viewer,2025-09-21
582,582,viewer,2025-11-24
583,583,viewer,2026-01-01
584,584,unknown,2025-07-08
585,585,viewer,2025-11-22
586,586,viewer,2025-07-10
587,587,editor,2025-08-29
588,588,admin,2025-07-20
589,589,admin,2025-10-17
590,590,,2025-08-08
591,591,admin,2025-10-17
592,592,admin,2025-08-23
593,593,editor,2026-01-10
594,594,admin,2025-08-08
595,595,,2025-04-17
596,596,editor,2025-12-25
597,597,viewer,2025-06-20
598,598,editor,2026-01-14
599,599,viewer,2025-08-16
600,600,admin,2025-10-14
601,601,,2026-02-05
602,602,guest,2025-08-30
603,603,editor,2025-06-02
604,604,viewer,2025-11-02
605,605,viewer,2025-11-04
606,606,viewer,2025-07-15
607,607,unknown,2025-11-23
608,608,admin,2025-04-17
609,609,admin,2026-02-21
610,610,,2026-02-15
611,611,viewer,2026-02-23
612,612,admin,2025-05-11
613,613,viewer,2025-10-03
614,614,editor,2025-12-17
615,615,admin,2025-05-19
616,616,editor,2025-09-06
617,617,editor,2025-11-16
618,618,editor,2025-03-30
619,619,admin,2025-07-30
620,620,editor,2025-12-01
621,621,viewer,2025-10-24
622,622,admin,2026-01-11
623,623,admin,2025-04-29
624,624,editor,2025-09-04
625,625,editor,2025-09-13
626,626,editor,2025-12-04
627,627,viewer,2026-01-29
628,628,viewer,2025-08-14
629,629,,2025-12-26
630,630,admin,2026-01-13
631,631,viewer,2025-07-28
632,632,editor,2025-05-15
633,633,editor,2025-06-26
634,634,invalid_role,2025-07-04
635,635,admin,2025-12-16
636,636,viewer,2025-05-19
637,637,viewer,2025-11-30
638,638,editor,2025-12-14
639,639,viewer,2025-10-16
640,640,viewer,2026-03-04
641,641,viewer,2025-07-07
642,642,,2025-05-13
643,643,viewer,2025-11-21
644,644,,2025-09-03
645,645,admin,2025-06-05
646,646,viewer,2025-11-10
647,647,editor,2025-04-24
648,648,viewer,2025-11-24
649,649,editor,2025-11-07
650,650,guest,2025-06-30
651,651,,2025-07-10
652,652,admin,2025-05-23
653,653,editor,2026-02-02
654,654,editor,2025-06-10
655,655,viewer,2025-06-15
656,656,editor,2026-01-04
657,657,viewer,2025-11-26
658,658,editor,2025-07-27
659,659,admin,2025-06-06
660,660,viewer,2025-11-04
661,661,,2026-02-26
662,662,editor,2026-01-06
663,663,admin,2025-12-11
664,664,,2026-03-03
665,665,admin,2026-02-03
666,666,admin,2025-09-30
667,667,editor,2026-01-03
668,668,guest,2025-05-22
669,669,,2025-09-02
670,670,invalid_role,2025-10-21
671,671,invalid_role,2025-04-13
672,672,editor,2026-02-02
673,673,admin,2025-12-17
674,674,viewer,2025-11-20
675,675,unknown,2025-12-10
676,676,viewer,2026-02-15
677,677,editor,2025-11-20
678,678,admin,2025-12-26
679,679,viewer,2025-11-30
680,680,admin,2025-11-17
681,681,editor,2025-06-23
682,682,admin,2025-11-05
683,683,admin,2025-08-17
684,684,invalid_role,2025-09-18
685,685,editor,2026-03-12
686,686,admin,2025-12-25
687,687,editor,2025-05-28
688,688,viewer,2026-03-02
689,689,editor,2025-04-01
690,690,admin,2026-02-09
691,691,viewer,2026-02-14
692,692,viewer,2025-04-22
693,693,admin,2025-07-15
694,694,admin,2025-09-07
695,695,admin,2025-11-05
696,696,,2025-09-20
697,697,guest,2026-03-08
698,698,viewer,2025-09-30
699,699,,2026-03-12
700,700,admin,2025-10-05
701,701,admin,2025-04-04
702,702,,2025-10-23
703,703,admin,2025-09-23
704,704,,2025-06-05
705,705,,2026-01-17
706,706,editor,2025-07-01
707,707,editor,2025-12-05
708,708,admin,2025-10-03
709,709,editor,2025-05-28
710,710,admin,2025-11-10
711,711,admin,2025-09-26
712,712,admin,2025-05-25
713,713,admin,2025-05-28
714,714,,2026-03-04
715,715,viewer,2025-12-03
716,716,admin,2025-11-26
717,717,editor,2025-09-19
718,718,viewer,2025-07-05
719,719,editor,2025-07-23
720,720,guest,2026-01-13
721,721,invalid_role,2025-07-07
722,722,admin,2026-03-01
723,723,,2025-07-26
724,724,viewer,2025-12-03
725,725,editor,2025-07-25
726,726,editor,2025-11-24
727,727,unknown,2025-07-18
728,728,admin,2025-08-27
729,729,viewer,2026-03-05
730,730,editor,2025-06-22
731,731,editor,2025-05-25
732,732,editor,2026-01-31
733,733,admin,2026-01-03
734,734,viewer,2026-01-26
735,735,editor,2025-07-13
736,736,viewer,2025-10-21
737,737,admin,2025-05-04
738,738,admin,2025-05-08
739,739,editor,2025-08-01
740,740,viewer,2025-12-19
741,741,viewer,2026-02-18
742,742,admin,2025-09-07
743,743,admin,2025-07-17
744,744,viewer,2025-11-20
745,745,viewer,2026-01-18
746,746,viewer,2026-03-25
747,747,admin,2025-05-23
748,748,unknown,2025-08-08
749,749,admin,2026-01-27
750,750,editor,2025-08-09
751,751,invalid_role,2025-11-07
752,752,,2025-09-03
753,753,viewer,2026-01-08
754,754,editor,2025-10-28
755,755,editor,2026-02-15
756,756,admin,2025-09-10
757,757,viewer,2026-01-05
758,758,admin,2025-06-20
759,759,viewer,2025-09-15
760,760,editor,2025-06-03
761,761,invalid_role,2025-07-30
762,762,editor,2025-10-01
763,763,viewer,2025-07-16
764,764,editor,2025-12-10
765,765,viewer,2025-04-01
766,766,,2026-01-17
767,767,editor,2025-05-16
768,768,viewer,2025-05-02
769,769,admin,2025-09-15
770,770,,2025-07-19
771,771,editor,2025-07-05
772,772,guest,2026-03-22
773,773,admin,2026-02-13
774,774,editor,2026-01-02
775,775,editor,2025-07-23
776,776,,2025-07-25
777,777,editor,2025-06-10
778,778,editor,2025-08-28
779,779,editor,2025-05-10
780,780,admin,2025-07-23
781,781,guest,2026-02-03
782,782,admin,2025-08-12
783,783,invalid_role,2025-12-31
784,784,viewer,2025-06-22
785,785,viewer,2025-12-18
786,786,viewer,2025-07-09
787,787,viewer,2025-12-12
788,788,admin,2025-09-29
789,789,admin,2025-12-19
790,790,,2026-02-25
791,791,viewer,2025-11-12
792,792,viewer,2025-10-29
793,793,viewer,2025-05-05
794,794,editor,2025-03-30
795,795,admin,2025-11-18
796,796,viewer,2025-05-15
797,797,admin,2026-03-22
798,798,guest,2025-11-06
799,799,viewer,2025-07-09
800,800,editor,2026-02-08
801,801,viewer,2026-02-23
802,802,admin,2025-05-29
803,803,viewer,2025-12-09
804,804,editor,2026-03-16
805,805,guest,2025-12-05
806,806,editor,2025-05-26
807,807,viewer,2025-04-20
808,808,viewer,2025-06-01
809,809,admin,2025-11-02
810,810,viewer,2025-10-27
811,811,viewer,2026-03-02
812,812,guest,2026-03-21
813,813,guest,2025-09-11
814,814,admin,2025-09-20
815,815,admin,2025-05-23
816,816,editor,2025-11-20
817,817,viewer,2025-05-28
818,818,admin,2025-07-17
819,819,editor,2025-06-06
820,820,viewer,2025-10-09
821,821,admin,2025-04-12
822,822,editor,2026-01-30
823,823,,2026-03-19
824,824,unknown,2025-12-20
825,825,editor,2025-09-01
826,826,editor,2025-04-03
827,827,admin,2026-03-18
828,828,admin,2025-12-09
829,829,admin,2026-01-16
830,830,,2025-06-14
831,831,viewer,2026-01-28
832,832,,2025-11-02
833,833,admin,2026-03-20
834,834,admin,2026-01-10
835,835,viewer,2025-12-22
836,836,admin,2026-02-12
837,837,viewer,2025-09-08
838,838,,2025-08-20
839,839,,2025-08-04
840,840,editor,2025-08-12
841,841,viewer,2025-05-30
842,842,editor,2026-01-23
843,843,invalid_role,2025-07-09
844,844,admin,2026-03-27
845,845,editor,2025-09-02
846,846,editor,2026-03-16
847,847,admin,2025-04-16
848,848,editor,2026-03-05
849,849,admin,2025-10-16
850,850,viewer,2025-07-01
851,851,editor,2026-02-14
852,852,guest,2025-06-30
853,853,viewer,2025-06-01
854,854,editor,2025-07-16
855,855,viewer,2025-11-29
856,856,,2025-06-06
857,857,editor,2025-06-27
858,858,invalid_role,2025-07-03
859,859,viewer,2026-01-10
860,860,viewer,2025-05-24
861,861,unknown,2025-11-09
862,862,,2025-11-22
863,863,admin,2025-08-01
864,864,guest,2025-06-06
865,865,admin,2025-10-29
866,866,admin,2025-09-25
867,867,,2025-09-21
868,868,admin,2025-08-08
869,869,admin,2025-07-20
870,870,unknown,2026-01-02
871,871,editor,2025-06-22
872,872,viewer,2026-03-09
873,873,unknown,2025-09-02
874,874,viewer,2025-06-09
875,875,unknown,2025-04-08
876,876,invalid_role,2025-07-12
877,877,,2025-08-25
878,878,editor,2025-11-12
879,879,,2025-08-31
880,880,editor,2025-05-18
881,881,,2025-05-13
882,882,editor,2025-09-13
883,883,,2025-11-12
884,884,admin,2025-11-27
885,885,viewer,2025-12-08
886,886,editor,2025-12-23
887,887,viewer,2025-09-15
888,888,,2025-12-30
889,889,,2025-10-13
890,890,viewer,2025-04-24
891,891,admin,2025-05-01
892,892,admin,2025-09-23
893,893,invalid_role,2025-05-08
894,894,editor,2026-02-19
895,895,viewer,2026-01-23
896,896,admin,2025-08-08
897,897,viewer,2025-07-24
898,898,viewer,2025-04-03
899,899,viewer,2025-06-09
900,900,viewer,2025-08-09
901,901,editor,2026-03-10
902,902,viewer,2026-03-06
903,903,viewer,2026-03-08
904,904,editor,2026-02-04
905,905,admin,2026-03-14
906,906,admin,2025-10-28
907,907,admin,2026-03-25
908,908,viewer,2025-07-13
909,909,invalid_role,2025-04-30
910,910,invalid_role,2025-06-28
911,911,editor,2026-01-21
912,912,admin,2025-04-08
913,913,admin,2026-01-20
914,914,guest,2025-06-05
915,915,admin,2026-02-07
916,916,viewer,2025-08-07
917,917,admin,2025-07-12
918,918,viewer,2025-08-18
919,919,viewer,2025-04-08
920,920,admin,2026-01-08
921,921,editor,2025-09-29
922,922,viewer,2026-01-03
923,923,viewer,2025-08-20
924,924,editor,2025-11-17
925,925,viewer,2026-03-25
926,926,unknown,2025-06-02
927,927,invalid_role,2026-03-07
928,928,editor,2025-05-29
929,929,invalid_role,2025-11-03
930,930,editor,2026-01-13
931,931,viewer,2025-07-05
932,932,guest,2025-06-26
933,933,unknown,2026-03-24
934,934,guest,2025-11-14
935,935,viewer,2026-03-19
936,936,admin,2025-10-23
937,937,viewer,2026-02-16
938,938,editor,2025-05-07
939,939,editor,2025-12-29
940,940,editor,2025-07-14
941,941,admin,2025-09-28
942,942,admin,2025-07-12
943,943,,2026-02-26
944,944,editor,2025-05-20
945,945,admin,2025-07-15
946,946,viewer,2025-10-10
947,947,editor,2025-08-21
948,948,guest,2025-08-28
949,949,viewer,2025-12-28
950,950,editor,2025-07-11
951,951,admin,2025-06-08
952,952,viewer,2025-05-25
953,953,guest,2025-11-22
954,954,editor,2025-06-01
955,955,admin,2025-07-13
956,956,viewer,2025-09-17
957,957,admin,2025-04-24
958,958,,2025-07-25
959,959,editor,2025-04-12
960,960,viewer,2026-02-18
961,961,editor,2025-10-12
962,962,editor,2026-03-25
963,963,invalid_role,2025-11-16
964,964,viewer,2025-11-28
965,965,editor,2025-07-14
966,966,admin,2026-02-23
967,967,editor,2025-08-10
968,968,editor,2025-07-30
969,969,guest,2025-08-03
970,970,admin,2025-07-28
971,971,editor,2025-07-18
972,972,viewer,2025-03-31
973,973,editor,2025-07-07
974,974,admin,2026-02-14
975,975,,2025-11-04
976,976,admin,2026-01-04
977,977,viewer,2025-10-13
978,978,admin,2026-01-16
979,979,admin,2025-05-16
980,980,editor,2025-07-03
981,981,admin,2025-08-13
982,982,editor,2025-08-31
983,983,admin,2026-01-22
984,984,editor,2025-07-09
985,985,viewer,2026-01-22
986,986,admin,2026-01-15
987,987,admin,2025-12-05
988,988,editor,2026-03-16
989,989,,2025-12-25
990,990,viewer,2025-04-16
991,991,admin,2025-11-01
992,992,editor,2025-07-20
993,993,,2025-04-27
994,994,editor,2025-06-28
995,995,editor,2026-03-18
996,996,viewer,2025-08-15
997,997,viewer,2025-10-03
998,998,viewer,2025-11-22
999,999,guest,2025-12-25
1000,1000,admin,2025-09-24
1001,1001,admin,2025-07-16
1002,1002,editor,2026-01-25
1003,1003,invalid_role,2025-05-27
1004,1004,editor,2025-05-25
1005,1005,admin,2025-07-04
1006,1006,viewer,2025-09-22
1007,1007,unknown,2025-10-02
1008,1008,viewer,2025-11-24
1009,1009,guest,2026-03-26
1010,1010,guest,2025-08-29
1011,1011,admin,2025-05-12
1012,1012,admin,2026-03-17
1013,1013,viewer,2026-03-04
1014,1014,unknown,2025-06-27
1015,1015,admin,2026-01-12
1016,1016,admin,2026-02-11
1017,1017,editor,2025-05-17
1018,1018,unknown,2026-01-18
1019,1019,unknown,2025-11-06
1020,1020,viewer,2026-03-14
1021,1021,viewer,2025-12-28
1022,1022,editor,2025-05-05
1023,1023,editor,2025-04-23
1024,1024,editor,2025-11-23
1025,1025,admin,2025-04-04
1026,1026,viewer,2025-09-16
1027,1027,,2025-09-02
1028,1028,editor,2026-03-25
1029,1029,viewer,2026-01-10
1030,1030,admin,2025-07-14
1031,1031,viewer,2025-06-08
1032,1032,admin,2025-11-02
1033,1033,viewer,2026-02-01
1034,1034,editor,2026-03-05
1035,1035,editor,2025-08-18
1036,1036,editor,2025-07-17
1037,1037,viewer,2025-11-20
1038,1038,viewer,2025-07-22
1039,1039,admin,2026-03-03
1040,1040,editor,2026-03-27
1041,1041,guest,2026-02-06
1042,1042,,2025-04-15
1043,1043,editor,2025-12-15
1044,1044,guest,2025-12-22
1045,1045,admin,2026-03-10
1046,1046,,2025-07-17
1047,1047,editor,2025-10-05
1048,1048,viewer,2026-01-10
1049,1049,admin,2025-11-02
1050,1050,viewer,2025-12-28
1051,1051,admin,2025-08-05
1052,1052,viewer,2026-03-29
1053,1053,,2026-01-28
1054,1054,,2025-10-31
1055,1055,viewer,2026-03-14
1056,1056,viewer,2026-02-12
1057,1057,editor,2025-06-28
1058,1058,,2025-04-16
1059,1059,viewer,2025-04-27
1060,1060,editor,2025-09-23
1061,1061,editor,2026-03-23
1062,1062,editor,2025-10-22
1063,1063,editor,2025-09-16
1064,1064,viewer,2025-09-14
1065,1065,viewer,2025-11-24
1066,1066,,2025-07-04
1067,1067,viewer,2026-02-04
1068,1068,invalid_role,2026-03-13
1069,1069,editor,2025-10-01
1070,1070,admin,2025-08-12
1071,1071,viewer,2025-09-28
1072,1072,editor,2026-01-12
1073,1073,admin,2025-07-29
1074,1074,,2025-10-12
1075,1075,admin,2025-05-08
1076,1076,editor,2026-03-22
1077,1077,,2025-11-25
1078,1078,admin,2025-08-11
1079,1079,unknown,2025-12-14
1080,1080,admin,2026-03-02
1081,1081,editor,2025-08-12
1082,1082,viewer,2025-05-15
1083,1083,admin,2025-08-03
1084,1084,admin,2026-01-04
1085,1085,admin,2025-08-07
1086,1086,invalid_role,2026-03-16
1087,1087,viewer,2026-01-27
1088,1088,admin,2025-04-23
1089,1089,editor,2025-12-19
1090,1090,viewer,2025-04-19
1091,1091,,2026-03-27
1092,1092,viewer,2025-08-23
1093,1093,editor,2026-02-24
1094,1094,admin,2025-11-29
1095,1095,editor,2026-02-08
1096,1096,editor,2025-09-07
1097,1097,editor,2025-07-08
1098,1098,admin,2025-06-12
1099,1099,admin,2025-08-12
1100,1100,editor,2025-12-21
1101,1101,admin,2026-02-05
1102,1102,viewer,2026-03-08
1103,1103,admin,2026-03-27
1104,1104,viewer,2025-04-25
1105,1105,editor,2026-02-20
1106,1106,unknown,2025-10-11
1107,1107,admin,2026-02-10
1108,1108,invalid_role,2026-02-02
1109,1109,,2026-03-24
1110,1110,admin,2025-08-23
1111,1111,viewer,2025-07-26
1112,1112,viewer,2025-09-23
1113,1113,admin,2025-10-11
1114,1114,editor,2026-02-03
1115,1115,,2025-11-11
1116,1116,viewer,2025-06-02
1117,1117,unknown,2025-07-28
1118,1118,,2025-09-08
1119,1119,viewer,2025-04-24
1120,1120,editor,2025-05-15
1121,1121,admin,2025-12-27
1122,1122,editor,2025-06-06
1123,1123,editor,2026-01-04
1124,1124,editor,2025-11-15
1125,1125,unknown,2025-12-16
1126,1126,viewer,2025-08-18
1127,1127,editor,2025-06-06
1128,1128,,2026-02-21
1129,1129,unknown,2025-09-16
1130,1130,viewer,2025-04-01
1131,1131,,2025-08-19
1132,1132,viewer,2026-02-11
1133,1133,admin,2025-10-16
1134,1134,editor,2025-10-03
1135,1135,admin,2025-09-04
1136,1136,viewer,2026-01-12
1137,1137,,2025-06-11
1138,1138,viewer,2025-04-01
1139,1139,viewer,2025-09-16
1140,1140,unknown,2025-04-30
1141,1141,viewer,2025-04-13
1142,1142,viewer,2025-04-05
1143,1143,editor,2026-02-08
1144,1144,unknown,2026-03-16
1145,1145,admin,2025-05-12
1146,1146,,2025-05-14
1147,1147,admin,2025-04-30
1148,1148,editor,2025-08-04
1149,1149,admin,2025-07-04
1150,1150,viewer,2026-01-12
1151,1151,viewer,2025-09-09
1152,1152,viewer,2025-07-08
1153,1153,admin,2025-10-06
1154,1154,viewer,2025-12-05
1155,1155,editor,2025-10-06
1156,1156,viewer,2026-02-27
1157,1157,viewer,2025-12-24
1158,1158,,2025-12-14
1159,1159,admin,2026-02-06
1160,1160,admin,2025-09-19
1161,1161,editor,2025-06-16
1162,1162,invalid_role,2025-10-25
1163,1163,admin,2026-02-09
1164,1164,guest,2025-09-26
1165,1165,admin,2025-12-04
1166,1166,,2025-10-09
1167,1167,viewer,2025-08-24
1168,1168,editor,2025-08-26
1169,1169,,2025-08-02
1170,1170,invalid_role,2025-08-27
1171,1171,admin,2026-01-16
1172,1172,,2025-12-08
1173,1173,admin,2025-12-16
1174,1174,admin,2026-02-07
1175,1175,editor,2025-06-24
1176,1176,editor,2025-07-07
1177,1177,admin,2025-06-28
1178,1178,admin,2025-11-09
1179,1179,admin,2025-11-24
1180,1180,admin,2025-08-04
1181,1181,editor,2025-04-20
1182,1182,viewer,2025-11-30
1183,1183,admin,2025-12-03
1184,1184,viewer,2025-04-12
1185,1185,guest,2025-06-14
1186,1186,viewer,2025-10-08
1187,1187,viewer,2025-07-16
1188,1188,admin,2025-04-02
1189,1189,viewer,2025-05-29
1190,1190,,2025-06-08
1191,1191,viewer,2025-10-08
1192,1192,invalid_role,2025-04-24
1193,1193,unknown,2025-11-28
1194,1194,editor,2025-04-01
1195,1195,admin,2026-02-10
1196,1196,viewer,2025-05-08
1197,1197,admin,2026-01-16
1198,1198,admin,2025-05-04
1199,1199,editor,2025-12-21
1200,1200,admin,2025-06-03
1201,1201,admin,2025-07-16
1202,1202,viewer,2025-06-10
1203,1203,editor,2025-08-14
1204,1204,admin,2026-03-23
1205,1205,invalid_role,2026-03-24
1206,1206,editor,2025-06-02
1207,1207,viewer,2025-11-30
1208,1208,admin,2026-01-19
1209,1209,admin,2026-02-28
1210,1210,viewer,2025-05-30
1211,1211,editor,2025-04-23
1212,1212,admin,2025-11-29
1213,1213,admin,2025-10-29
1214,1214,admin,2026-01-07
1215,1215,viewer,2025-08-26
1216,1216,guest,2025-07-14
1217,1217,admin,2026-01-13
1218,1218,admin,2025-04-21
1219,1219,admin,2026-02-23
1220,1220,viewer,2026-02-24
1221,1221,admin,2026-02-27
1222,1222,,2025-09-01
1223,1223,editor,2025-05-16
1224,1224,editor,2025-04-15
1225,1225,admin,2025-12-24
1226,1226,viewer,2025-10-11
1227,1227,admin,2025-07-02
1228,1228,viewer,2025-08-17
1229,1229,admin,2025-07-26
1230,1230,unknown,2025-11-13
1231,1231,editor,2025-08-24
1232,1232,admin,2025-10-06
1233,1233,guest,2025-08-16
1234,1234,guest,2025-08-12
1235,1235,viewer,2026-01-08
1236,1236,editor,2025-10-07
1237,1237,editor,2025-12-27
1238,1238,admin,2026-02-04
1239,1239,admin,2025-05-21
1240,1240,editor,2026-02-14
1241,1241,editor,2025-07-27
1242,1242,guest,2025-11-10
1243,1243,viewer,2025-04-19
1244,1244,admin,2025-06-24
1245,1245,,2025-12-29
1246,1246,invalid_role,2025-06-02
1247,1247,admin,2025-10-25
1248,1248,admin,2025-07-27
1249,1249,,2025-09-15
1250,1250,admin,2025-11-23
1251,1251,editor,2025-11-21
1252,1252,viewer,2025-12-04
1253,1253,admin,2025-05-23
1254,1254,viewer,2025-09-18
1255,1255,admin,2025-09-15
1256,1256,guest,2025-11-09
1257,1257,guest,2025-11-01
1258,1258,admin,2026-02-17
1259,1259,editor,2025-11-04
1260,1260,editor,2026-02-19
1261,1261,editor,2025-11-25
1262,1262,editor,2025-12-03
1263,1263,viewer,2025-09-10
1264,1264,editor,2025-08-14
1265,1265,admin,2026-02-20
1266,1266,unknown,2025-09-05
1267,1267,viewer,2026-01-14
1268,1268,editor,2026-02-06
1269,1269,viewer,2026-03-22
1270,1270,viewer,2026-03-21
1271,1271,admin,2025-10-15
1272,1272,editor,2026-01-28
1273,1273,admin,2025-04-19
1274,1274,editor,2025-07-28
1275,1275,editor,2025-12-28
1276,1276,editor,2025-08-15
1277,1277,viewer,2025-11-14
1278,1278,editor,2026-02-27
1279,1279,editor,2025-05-24
1280,1280,viewer,2025-09-13
1281,1281,admin,2026-03-05
1282,1282,admin,2025-07-11
1283,1283,admin,2025-09-19
1284,1284,,2025-11-23
1285,1285,admin,2025-08-11
1286,1286,,2025-05-08
1287,1287,admin,2025-11-29
1288,1288,editor,2025-11-01
1289,1289,,2026-01-08
1290,1290,,2025-08-29
1291,1291,editor,2026-02-06
1292,1292,admin,2025-11-20
1293,1293,viewer,2025-10-06
1294,1294,editor,2026-03-18
1295,1295,invalid_role,2025-09-15
1296,1296,viewer,2025-04-03
1297,1297,viewer,2025-12-18
1298,1298,viewer,2025-07-18
1299,1299,admin,2025-03-31
1300,1300,viewer,2026-03-17
1301,1301,editor,2025-10-15
1302,1302,admin,2025-05-22
1303,1303,viewer,2026-01-24
1304,1304,unknown,2026-03-29
1305,1305,admin,2025-12-01
1306,1306,admin,2025-04-05
1307,1307,admin,2026-03-17
1308,1308,admin,2025-06-20
1309,1309,,2025-09-26
1310,1310,editor,2025-10-24
1311,1311,admin,2025-04-06
1312,1312,admin,2025-06-04
1313,1313,viewer,2026-03-20
1314,1314,viewer,2025-11-27
1315,1315,invalid_role,2026-03-20
1316,1316,admin,2025-12-27
1317,1317,editor,2025-06-20
1318,1318,editor,2025-08-03
1319,1319,admin,2025-09-14
1320,1320,,2025-09-29
1321,1321,viewer,2025-06-03
1322,1322,editor,2025-07-26
1323,1323,admin,2025-07-07
1324,1324,invalid_role,2025-11-19
1325,1325,admin,2025-11-18
1326,1326,editor,2025-07-16
1327,1327,editor,2025-10-23
1328,1328,editor,2025-09-10
1329,1329,viewer,2025-06-04
1330,1330,editor,2026-03-28
1331,1331,admin,2025-10-22
1332,1332,unknown,2026-01-13
1333,1333,editor,2025-06-06
1334,1334,editor,2025-06-21
1335,1335,admin,2025-05-07
1336,1336,viewer,2025-12-30
1337,1337,admin,2025-09-04
1338,1338,viewer,2025-10-05
1339,1339,admin,2025-12-26
1340,1340,unknown,2025-10-13
1341,1341,editor,2025-06-13
1342,1342,viewer,2025-07-06
1343,1343,editor,2025-04-24
1344,1344,editor,2025-12-27
1345,1345,invalid_role,2025-10-31
1346,1346,editor,2026-02-11
1347,1347,unknown,2026-03-05
1348,1348,viewer,2025-07-14
1349,1349,viewer,2025-04-14
1350,1350,viewer,2025-05-20
1351,1351,editor,2025-08-03
1352,1352,viewer,2025-09-07
1353,1353,viewer,2025-04-29
1354,1354,guest,2025-10-01
1355,1355,admin,2025-08-26
1356,1356,,2025-11-10
1357,1357,invalid_role,2026-01-22
1358,1358,viewer,2026-02-09
1359,1359,,2025-09-12
1360,1360,editor,2026-01-13
1361,1361,editor,2025-11-18
1362,1362,,2025-06-27
1363,1363,admin,2025-10-25
1364,1364,editor,2026-01-13
1365,1365,editor,2025-11-05
1366,1366,editor,2026-01-31
1367,1367,viewer,2025-09-22
1368,1368,viewer,2025-06-25
1369,1369,editor,2026-02-24
1370,1370,editor,2025-12-24
1371,1371,admin,2025-06-26
1372,1372,editor,2025-08-27
1373,1373,unknown,2025-08-30
1374,1374,admin,2025-11-19
1375,1375,editor,2025-06-14
1376,1376,editor,2025-07-22
1377,1377,viewer,2025-04-21
1378,1378,guest,2026-03-14
1379,1379,viewer,2025-07-20
1380,1380,admin,2025-11-05
1381,1381,viewer,2026-01-16
1382,1382,guest,2026-02-08
1383,1383,admin,2026-02-18
1384,1384,admin,2026-01-15
1385,1385,,2025-10-06
1386,1386,unknown,2025-07-07
1387,1387,editor,2025-12-06
1388,1388,admin,2025-09-28
1389,1389,admin,2026-01-27
1390,1390,viewer,2025-09-04
1391,1391,editor,2025-04-08
1392,1392,,2025-11-16
1393,1393,admin,2026-03-16
1394,1394,viewer,2025-06-26
1395,1395,viewer,2025-11-30
1396,1396,editor,2025-04-03
1397,1397,editor,2025-05-11
1398,1398,admin,2025-08-16
1399,1399,,2026-03-26
1400,1400,editor,2025-08-13
1401,1401,viewer,2025-09-06
1402,1402,admin,2025-12-07
1403,1403,admin,2026-01-30
1404,1404,admin,2025-07-08
1405,1405,admin,2026-02-24
1406,1406,editor,2025-05-10
1407,1407,unknown,2025-12-08
1408,1408,editor,2025-04-19
1409,1409,admin,2025-11-02
1410,1410,viewer,2026-02-25
1411,1411,,2025-05-14
1412,1412,viewer,2025-11-06
1413,1413,editor,2025-05-07
1414,1414,editor,2025-07-02
1415,1415,guest,2026-03-26
1416,1416,viewer,2025-10-08
1417,1417,,2025-04-22
1418,1418,viewer,2025-05-09
1419,1419,,2025-05-16
1420,1420,editor,2025-10-27
1421,1421,viewer,2025-10-11
1422,1422,unknown,2026-01-28
1423,1423,editor,2025-04-07
1424,1424,,2025-04-03
1425,1425,viewer,2025-08-28
1426,1426,editor,2025-08-04
1427,1427,editor,2025-09-16
1428,1428,viewer,2025-08-06
1429,1429,viewer,2025-08-17
1430,1430,viewer,2025-07-25
1431,1431,editor,2025-12-25
1432,1432,viewer,2025-05-04
1433,1433,,2025-08-24
1434,1434,viewer,2025-12-05
1435,1435,admin,2025-07-10
1436,1436,unknown,2026-03-15
1437,1437,editor,2025-12-29
1438,1438,viewer,2025-12-21
1439,1439,editor,2025-07-19
1440,1440,viewer,2026-03-05
1441,1441,viewer,2025-09-08
1442,1442,editor,2025-09-04
1443,1443,editor,2025-10-10
1444,1444,guest,2025-06-04
1445,1445,viewer,2025-09-21
1446,1446,editor,2025-12-21
1447,1447,editor,2025-09-12
1448,1448,,2025-08-09
1449,1449,admin,2026-01-16
1450,1450,invalid_role,2025-08-23
1451,1451,admin,2025-09-28
1452,1452,viewer,2026-01-15
1453,1453,admin,2025-11-15
1454,1454,editor,2025-11-08
1455,1455,viewer,2025-12-08
1456,1456,admin,2025-08-23
1457,1457,,2025-10-09
1458,1458,,2026-02-18
1459,1459,admin,2026-02-24
1460,1460,viewer,2026-03-19
1461,1461,admin,2025-05-18
1462,1462,viewer,2025-06-25
1463,1463,admin,2025-07-28
1464,1464,viewer,2025-09-07
1465,1465,viewer,2025-07-10
1466,1466,unknown,2025-08-09
1467,1467,guest,2025-07-22
1468,1468,guest,2026-03-17
1469,1469,editor,2025-05-14
1470,1470,viewer,2025-08-18
1471,1471,,2025-04-29
1472,1472,admin,2025-05-12
1473,1473,viewer,2025-07-09
1474,1474,editor,2026-03-05
1475,1475,admin,2025-08-14
1476,1476,admin,2025-06-11
1477,1477,viewer,2025-06-16
1478,1478,viewer,2025-05-15
1479,1479,admin,2025-09-12
1480,1480,,2025-08-20
1481,1481,editor,2025-05-09
1482,1482,viewer,2025-04-29
1483,1483,editor,2026-02-01
1484,1484,admin,2025-06-20
1485,1485,viewer,2025-12-11
1486,1486,invalid_role,2025-11-26
1487,1487,admin,2025-12-04
1488,1488,invalid_role,2026-03-01
1489,1489,guest,2025-08-14
1490,1490,editor,2025-10-21
1491,1491,admin,2025-12-04
1492,1492,viewer,2025-06-17
1493,1493,admin,2025-08-01
1494,1494,viewer,2025-06-21
1495,1495,admin,2025-12-03
1496,1496,viewer,2025-10-23
1497,1497,editor,2025-09-12
1498,1498,viewer,2025-05-31
1499,1499,editor,2025-12-26
1500,1500,admin,2025-11-30
1501,1501,viewer,2025-04-30
1502,1502,editor,2025-09-02
1503,1503,viewer,2025-10-29
1504,1504,editor,2025-04-13
1505,1505,viewer,2025-07-30
1506,1506,editor,2025-04-26
1507,1507,viewer,2025-04-12
1508,1508,editor,2025-10-23
1509,1509,guest,2025-10-16
1510,1510,viewer,2025-09-06
1511,1511,editor,2026-02-07
1512,1512,editor,2025-05-23
1513,1513,viewer,2026-02-28
1514,1514,viewer,2025-12-24
1515,1515,viewer,2026-02-02
1516,1516,viewer,2025-09-09
1517,1517,unknown,2026-02-13
1518,1518,,2025-12-05
1519,1519,viewer,2025-10-31
1520,1520,admin,2025-08-21
1521,1521,editor,2025-09-01
1522,1522,admin,2026-01-05
1523,1523,viewer,2025-12-04
1524,1524,viewer,2025-09-21
1525,1525,,2025-12-26
1526,1526,admin,2025-10-12
1527,1527,admin,2025-07-23
1528,1528,viewer,2025-06-22
1529,1529,guest,2026-01-24
1530,1530,viewer,2026-01-25
1531,1531,admin,2025-06-11
1532,1532,viewer,2025-07-01
1533,1533,viewer,2026-01-05
1534,1534,viewer,2025-07-28
1535,1535,editor,2026-01-29
1536,1536,guest,2025-10-09
1537,1537,admin,2025-10-10
1538,1538,admin,2025-10-17
1539,1539,editor,2025-10-21
1540,1540,editor,2025-09-13
1541,1541,guest,2025-04-25
1542,1542,admin,2025-10-02
1543,1543,viewer,2025-12-08
1544,1544,editor,2025-11-11
1545,1545,editor,2025-09-03
1546,1546,admin,2026-02-25
1547,1547,admin,2025-08-09
1548,1548,,2025-10-31
1549,1549,viewer,2026-02-22
1550,1550,admin,2025-07-17
1551,1551,viewer,2025-09-10
1552,1552,admin,2025-07-02
1553,1553,admin,2026-03-16
1554,1554,editor,2025-12-09
1555,1555,,2025-08-19
1556,1556,editor,2025-05-09
1557,1557,viewer,2025-06-05
1558,1558,viewer,2025-12-20
1559,1559,editor,2026-01-11
1560,1560,viewer,2026-02-12
1561,1561,admin,2025-10-08
1562,1562,editor,2025-06-27
1563,1563,admin,2025-04-27
1564,1564,invalid_role,2025-09-29
1565,1565,editor,2025-08-29
1566,1566,invalid_role,2026-01-14
1567,1567,admin,2025-07-01
1568,1568,viewer,2026-02-04
1569,1569,admin,2025-05-24
1570,1570,editor,2026-01-19
1571,1571,editor,2025-10-05
1572,1572,admin,2026-01-12
1573,1573,invalid_role,2025-12-06
1574,1574,viewer,2025-09-22
1575,1575,viewer,2025-04-16
1576,1576,,2026-03-17
1577,1577,admin,2025-07-25
1578,1578,admin,2025-07-22
1579,1579,,2026-01-09
1580,1580,admin,2025-06-24
1581,1581,admin,2025-12-25
1582,1582,editor,2025-12-10
1583,1583,editor,2026-01-16
1584,1584,viewer,2025-12-08
1585,1585,editor,2025-05-17
1586,1586,admin,2025-04-24
1587,1587,editor,2026-03-12
1588,1588,editor,2025-10-11
1589,1589,,2026-03-03
1590,1590,editor,2025-04-30
1591,1591,viewer,2025-07-18
1592,1592,admin,2026-03-10
1593,1593,editor,2025-06-06
1594,1594,admin,2025-08-19
1595,1595,editor,2025-09-20
1596,1596,,2025-04-02
1597,1597,,2025-04-10
1598,1598,editor,2025-10-25
1599,1599,admin,2025-07-22
1600,1600,unknown,2025-07-06
1601,1601,guest,2025-10-17
1602,1602,admin,2025-12-22
1603,1603,admin,2025-09-16
1604,1604,admin,2026-02-09
1605,1605,admin,2025-10-22
1606,1606,editor,2026-03-21
1607,1607,admin,2025-03-31
1608,1608,editor,2025-09-23
1609,1609,editor,2026-02-18
1610,1610,viewer,2025-07-14
1611,1611,admin,2026-01-15
1612,1612,viewer,2025-12-26
1613,1613,editor,2025-06-16
1614,1614,editor,2025-04-26
1615,1615,admin,2026-01-14
1616,1616,viewer,2025-06-11
1617,1617,viewer,2025-05-06
1618,1618,viewer,2025-04-15
1619,1619,viewer,2026-02-09
1620,1620,editor,2026-02-05
1621,1621,editor,2026-03-24
1622,1622,admin,2026-02-03
1623,1623,admin,2025-09-27
1624,1624,editor,2025-11-06
1625,1625,admin,2025-11-11
1626,1626,viewer,2025-12-19
1627,1627,admin,2025-05-25
1628,1628,editor,2025-04-09
1629,1629,invalid_role,2025-08-02
1630,1630,admin,2025-06-03
1631,1631,editor,2026-03-04
1632,1632,invalid_role,2026-02-07
1633,1633,editor,2025-08-29
1634,1634,viewer,2025-04-16
1635,1635,viewer,2025-04-09
1636,1636,admin,2025-05-30
1637,1637,invalid_role,2025-07-30
1638,1638,admin,2025-08-13
1639,1639,unknown,2026-02-03
1640,1640,admin,2026-02-27
1641,1641,guest,2025-09-12
1642,1642,admin,2025-11-26
1643,1643,editor,2025-09-14
1644,1644,viewer,2025-10-03
1645,1645,,2025-04-15
1646,1646,admin,2025-10-04
1647,1647,,2025-05-28
1648,1648,admin,2026-02-22
1649,1649,editor,2025-05-28
1650,1650,editor,2025-12-11
1651,1651,editor,2025-05-02
1652,1652,admin,2025-05-10
1653,1653,unknown,2025-12-13
1654,1654,admin,2026-01-14
1655,1655,viewer,2025-12-21
1656,1656,editor,2025-12-12
1657,1657,unknown,2025-11-04
1658,1658,invalid_role,2026-02-15
1659,1659,admin,2026-01-31
1660,1660,editor,2025-04-02
1661,1661,editor,2025-04-27
1662,1662,unknown,2026-01-24
1663,1663,viewer,2025-09-20
1664,1664,viewer,2026-03-13
1665,1665,,2025-12-22
1666,1666,guest,2025-10-16
1667,1667,viewer,2026-03-27
1668,1668,invalid_role,2025-06-14
1669,1669,,2025-04-26
1670,1670,viewer,2025-05-14
1671,1671,admin,2025-09-01
1672,1672,viewer,2025-10-10
1673,1673,editor,2025-10-23
1674,1674,editor,2025-12-21
1675,1675,guest,2025-06-04
1676,1676,admin,2026-02-02
1677,1677,admin,2026-03-25
1678,1678,invalid_role,2025-10-08
1679,1679,admin,2025-04-24
1680,1680,viewer,2025-11-26
1681,1681,unknown,2026-01-25
1682,1682,viewer,2025-11-27
1683,1683,admin,2026-01-30
1684,1684,editor,2025-05-04
1685,1685,admin,2025-11-21
1686,1686,editor,2025-05-03
1687,1687,,2026-02-16
1688,1688,admin,2025-09-06
1689,1689,viewer,2025-07-04
1690,1690,admin,2025-08-06
1691,1691,admin,2025-09-27
1692,1692,viewer,2026-03-26
1693,1693,,2025-04-03
1694,1694,admin,2025-12-26
1695,1695,editor,2026-01-07
1696,1696,editor,2026-02-24
1697,1697,guest,2025-04-05
1698,1698,admin,2025-12-14
1699,1699,,2025-11-08
1700,1700,viewer,2026-01-28
1701,1701,editor,2026-02-27
1702,1702,viewer,2025-07-25
1703,1703,guest,2026-03-19
1704,1704,admin,2025-08-11
1705,1705,admin,2026-02-14
1706,1706,admin,2025-04-25
1707,1707,viewer,2025-08-27
1708,1708,,2025-08-26
1709,1709,unknown,2025-09-17
1710,1710,admin,2025-07-13
1711,1711,editor,2025-06-10
1712,1712,admin,2025-08-09
1713,1713,admin,2026-02-16
1714,1714,viewer,2025-05-28
1715,1715,admin,2025-05-03
1716,1716,admin,2026-03-15
1717,1717,guest,2025-12-29
1718,1718,viewer,2025-06-24
1719,1719,editor,2025-05-13
1720,1720,viewer,2026-03-10
1721,1721,admin,2026-03-23
1722,1722,admin,2026-01-24
1723,1723,,2025-10-29
1724,1724,admin,2025-12-22
1725,1725,viewer,2025-11-02
1726,1726,admin,2025-05-22
1727,1727,viewer,2025-08-13
1728,1728,admin,2026-01-19
1729,1729,editor,2026-01-02
1730,1730,viewer,2026-01-10
1731,1731,editor,2025-06-06
1732,1732,invalid_role,2025-04-07
1733,1733,admin,2025-09-06
1734,1734,viewer,2025-08-03
1735,1735,admin,2025-06-07
1736,1736,editor,2025-04-05
1737,1737,admin,2025-12-18
1738,1738,editor,2026-01-24
1739,1739,viewer,2025-12-03
1740,1740,admin,2025-08-17
1741,1741,viewer,2025-09-11
1742,1742,editor,2025-09-08
1743,1743,admin,2026-01-11
1744,1744,viewer,2025-08-08
1745,1745,,2026-01-16
1746,1746,admin,2025-06-19
1747,1747,admin,2025-10-12
1748,1748,admin,2025-06-05
1749,1749,admin,2025-09-02
1750,1750,admin,2025-06-28
1751,1751,unknown,2025-04-26
1752,1752,editor,2026-01-07
1753,1753,,2025-12-27
1754,1754,admin,2025-08-11
1755,1755,guest,2025-05-26
1756,1756,admin,2025-11-14
1757,1757,admin,2025-04-20
1758,1758,admin,2025-04-07
1759,1759,admin,2025-03-30
1760,1760,admin,2025-06-26
1761,1761,admin,2026-01-03
1762,1762,admin,2025-11-07
1763,1763,admin,2026-01-06
1764,1764,viewer,2025-11-07
1765,1765,editor,2025-06-05
1766,1766,unknown,2026-02-24
1767,1767,admin,2025-08-02
1768,1768,unknown,2025-12-19
1769,1769,admin,2025-08-16
1770,1770,admin,2025-06-12
1771,1771,admin,2025-12-08
1772,1772,editor,2026-03-08
1773,1773,viewer,2025-12-22
1774,1774,invalid_role,2026-02-01
1775,1775,admin,2025-12-06
1776,1776,guest,2025-07-02
1777,1777,admin,2025-07-31
1778,1778,unknown,2025-09-01
1779,1779,invalid_role,2026-01-05
1780,1780,viewer,2025-09-29
1781,1781,editor,2025-04-27
1782,1782,admin,2025-11-06
1783,1783,viewer,2025-06-04
1784,1784,editor,2025-06-03
1785,1785,viewer,2025-10-04
1786,1786,admin,2026-03-22
1787,1787,admin,2026-01-27
1788,1788,viewer,2025-09-29
1789,1789,admin,2026-01-06
1790,1790,editor,2025-06-17
1791,1791,viewer,2026-01-12
1792,1792,viewer,2025-11-12
1793,1793,editor,2026-01-17
1794,1794,admin,2025-05-02
1795,1795,editor,2025-05-26
1796,1796,admin,2026-02-05
1797,1797,admin,2025-08-18
1798,1798,editor,2026-03-08
1799,1799,viewer,2025-07-02
1800,1800,invalid_role,2026-03-03
1801,1801,viewer,2025-07-27
1802,1802,editor,2026-01-08
1803,1803,admin,2025-12-10
1804,1804,editor,2026-01-04
1805,1805,viewer,2025-11-19
1806,1806,admin,2025-10-08
1807,1807,editor,2025-06-18
1808,1808,viewer,2025-07-19
1809,1809,admin,2026-01-29
1810,1810,admin,2025-07-26
1811,1811,,2025-05-12
1812,1812,admin,2025-04-20
1813,1813,viewer,2025-08-29
1814,1814,editor,2025-12-06
1815,1815,invalid_role,2025-09-24
1816,1816,viewer,2025-07-05
1817,1817,,2025-11-12
1818,1818,editor,2026-02-01
1819,1819,viewer,2025-06-23
1820,1820,admin,2025-10-13
1821,1821,,2025-08-06
1822,1822,viewer,2026-02-13
1823,1823,editor,2026-02-08
1824,1824,guest,2025-03-30
1825,1825,admin,2026-01-31
1826,1826,admin,2025-07-04
1827,1827,editor,2025-10-21
1828,1828,viewer,2025-10-26
1829,1829,editor,2025-09-23
1830,1830,admin,2025-06-09
1831,1831,,2025-04-23
1832,1832,admin,2026-03-10
1833,1833,invalid_role,2025-06-20
1834,1834,admin,2025-05-01
1835,1835,admin,2025-03-31
1836,1836,editor,2026-03-19
1837,1837,editor,2025-09-27
1838,1838,admin,2025-04-09
1839,1839,admin,2025-10-21
1840,1840,viewer,2025-11-26
1841,1841,,2025-12-30
1842,1842,viewer,2025-11-23
1843,1843,viewer,2026-02-19
1844,1844,editor,2025-10-01
1845,1845,viewer,2025-05-17
1846,1846,editor,2025-11-19
1847,1847,editor,2025-10-28
1848,1848,viewer,2025-06-05
1849,1849,admin,2026-03-15
1850,1850,invalid_role,2026-02-28
1851,1851,editor,2025-08-25
1852,1852,editor,2025-10-15
1853,1853,editor,2025-11-17
1854,1854,editor,2025-07-26
1855,1855,editor,2026-02-25
1856,1856,admin,2025-09-06
1857,1857,,2025-05-08
1858,1858,editor,2026-01-05
1859,1859,viewer,2025-06-23
1860,1860,viewer,2025-08-08
1861,1861,admin,2025-06-20
1862,1862,viewer,2025-04-11
1863,1863,guest,2025-04-04
1864,1864,viewer,2026-01-07
1865,1865,admin,2026-03-15
1866,1866,unknown,2025-04-02
1867,1867,editor,2025-05-31
1868,1868,editor,2026-02-03
1869,1869,admin,2025-11-01
1870,1870,admin,2025-09-25
1871,1871,,2026-02-09
1872,1872,admin,2025-09-28
1873,1873,viewer,2026-02-01
1874,1874,viewer,2025-10-07
1875,1875,admin,2025-07-26
1876,1876,,2025-04-02
1877,1877,admin,2026-02-21
1878,1878,invalid_role,2026-03-01
1879,1879,,2026-02-03
1880,1880,admin,2025-06-07
1881,1881,admin,2025-08-15
1882,1882,viewer,2025-09-21
1883,1883,viewer,2025-11-07
1884,1884,admin,2026-01-26
1885,1885,editor,2025-09-21
1886,1886,unknown,2025-05-02
1887,1887,viewer,2025-06-06
1888,1888,admin,2025-11-28
1889,1889,editor,2025-12-05
1890,1890,viewer,2025-05-14
1891,1891,viewer,2025-11-21
1892,1892,viewer,2026-03-18
1893,1893,editor,2025-05-04
1894,1894,unknown,2025-11-16
1895,1895,admin,2026-02-08
1896,1896,unknown,2025-05-23
1897,1897,editor,2025-05-12
1898,1898,editor,2025-12-21
1899,1899,editor,2026-01-19
1900,1900,editor,2025-10-03
1901,1901,viewer,2025-07-24
1902,1902,viewer,2026-02-20
1903,1903,editor,2025-10-11
1904,1904,viewer,2025-04-05
1905,1905,editor,2026-03-25
1906,1906,guest,2025-11-21
1907,1907,,2025-11-20
1908,1908,editor,2025-09-05
1909,1909,admin,2025-05-03
1910,1910,admin,2025-05-21
1911,1911,admin,2025-10-07
1912,1912,viewer,2025-08-19
1913,1913,editor,2025-12-17
1914,1914,,2025-12-02
1915,1915,viewer,2025-06-19
1916,1916,guest,2026-02-19
1917,1917,admin,2025-12-25
1918,1918,viewer,2025-07-01
1919,1919,viewer,2025-07-28
1920,1920,unknown,2025-11-13
1921,1921,viewer,2026-01-08
1922,1922,admin,2025-09-17
1923,1923,editor,2025-05-20
1924,1924,,2025-06-03
1925,1925,viewer,2025-10-07
1926,1926,editor,2025-04-16
1927,1927,editor,2025-06-13
1928,1928,viewer,2025-09-29
1929,1929,admin,2025-07-26
1930,1930,viewer,2025-07-23
1931,1931,admin,2026-03-13
1932,1932,viewer,2025-04-13
1933,1933,viewer,2026-01-24
1934,1934,admin,2026-03-28
1935,1935,invalid_role,2025-09-29
1936,1936,viewer,2025-08-26
1937,1937,admin,2025-08-15
1938,1938,admin,2025-04-23
1939,1939,editor,2025-08-16
1940,1940,viewer,2026-02-21
1941,1941,viewer,2025-09-18
1942,1942,admin,2025-07-22
1943,1943,editor,2026-02-02
1944,1944,viewer,2025-12-24
1945,1945,viewer,2025-09-11
1946,1946,admin,2025-09-24
1947,1947,editor,2026-02-27
1948,1948,,2025-05-20
1949,1949,editor,2025-12-19
1950,1950,admin,2026-01-16
1951,1951,editor,2025-05-07
1952,1952,,2025-12-30
1953,1953,editor,2025-11-26
1954,1954,editor,2025-08-10
1955,1955,editor,2025-11-17
1956,1956,admin,2025-09-29
1957,1957,unknown,2025-04-01
1958,1958,admin,2025-05-05
1959,1959,editor,2025-11-11
1960,1960,editor,2025-04-24
1961,1961,invalid_role,2025-10-08
1962,1962,,2026-01-22
1963,1963,viewer,2025-08-07
1964,1964,admin,2025-04-02
1965,1965,editor,2025-08-17
1966,1966,editor,2025-07-31
1967,1967,,2025-05-27
1968,1968,,2025-09-10
1969,1969,editor,2026-02-12
1970,1970,admin,2026-01-05
1971,1971,editor,2025-05-17
1972,1972,admin,2026-01-18
1973,1973,viewer,2025-09-20
1974,1974,admin,2025-09-07
1975,1975,admin,2026-03-03
1976,1976,editor,2025-12-23
1977,1977,admin,2025-10-31
1978,1978,,2026-03-14
1979,1979,admin,2026-02-28
1980,1980,editor,2026-03-20
1981,1981,admin,2026-02-19
1982,1982,admin,2025-08-04
1983,1983,guest,2025-03-30
1984,1984,editor,2025-09-24
1985,1985,viewer,2026-02-01
1986,1986,admin,2025-05-09
1987,1987,viewer,2026-03-21
1988,1988,admin,2025-06-24
1989,1989,editor,2025-07-13
1990,1990,viewer,2025-05-29
1991,1991,,2025-08-26
1992,1992,viewer,2025-05-16
1993,1993,viewer,2025-10-17
1994,1994,viewer,2025-11-11
1995,1995,,2025-12-02
1996,1996,editor,2025-11-15
1997,1997,invalid_role,2026-01-10
1998,1998,unknown,2026-01-18
1999,1999,admin,2025-11-27
2000,2000,,2025-06-29
2001,2001,admin,2025-04-13
2002,2002,,2026-01-14
2003,2003,editor,2025-09-28
2004,2004,editor,2025-06-23
2005,2005,viewer,2025-09-27
2006,2006,admin,2025-05-26
2007,2007,,2026-02-12
2008,2008,admin,2025-07-06
2009,2009,,2025-11-04
2010,2010,viewer,2026-01-21
2011,2011,editor,2026-02-08
2012,2012,viewer,2026-02-11
2013,2013,editor,2025-10-17
2014,2014,editor,2025-05-25
2015,2015,viewer,2025-12-25
2016,2016,editor,2025-11-03
2017,2017,viewer,2025-12-21
2018,2018,unknown,2025-08-04
2019,2019,,2026-03-06
2020,2020,invalid_role,2025-06-25
2021,2021,editor,2025-05-18
2022,2022,editor,2025-04-04
2023,2023,admin,2025-07-25
2024,2024,admin,2025-04-18
2025,2025,,2025-08-05
2026,2026,editor,2026-03-20
2027,2027,,2025-06-24
2028,2028,,2026-02-05
2029,2029,editor,2025-04-25
2030,2030,,2025-05-15
2031,2031,,2025-12-21
2032,2032,viewer,2025-11-12
2033,2033,viewer,2025-12-23
2034,2034,viewer,2025-11-26
2035,2035,editor,2026-03-23
2036,2036,admin,2026-02-01
2037,2037,guest,2026-01-30
2038,2038,editor,2025-05-29
2039,2039,editor,2025-10-12
2040,2040,editor,2025-06-30
2041,2041,editor,2026-01-05
2042,2042,unknown,2025-12-01
2043,2043,admin,2025-11-21
2044,2044,viewer,2025-08-16
2045,2045,viewer,2025-05-27
2046,2046,admin,2025-12-21
2047,2047,viewer,2025-10-07
2048,2048,admin,2025-07-13
2049,2049,admin,2025-10-18
2050,2050,viewer,2025-06-01
2051,2051,editor,2025-06-17
2052,2052,unknown,2026-02-09
2053,2053,viewer,2025-05-14
2054,2054,admin,2026-01-09
2055,2055,admin,2025-10-16
2056,2056,,2025-07-08
2057,2057,editor,2025-08-20
2058,2058,editor,2025-05-29
2059,2059,admin,2026-03-06
2060,2060,viewer,2025-08-06
2061,2061,editor,2025-07-15
2062,2062,admin,2026-03-16
2063,2063,viewer,2025-10-08
2064,2064,admin,2025-06-11
2065,2065,viewer,2026-01-22
2066,2066,editor,2025-10-21
2067,2067,invalid_role,2026-01-29
2068,2068,editor,2025-11-02
2069,2069,admin,2025-04-14
2070,2070,viewer,2025-10-02
2071,2071,admin,2025-04-29
2072,2072,viewer,2025-07-28
2073,2073,admin,2025-08-28
2074,2074,admin,2025-05-16
2075,2075,admin,2025-08-05
2076,2076,editor,2025-11-15
2077,2077,viewer,2025-06-03
2078,2078,viewer,2026-01-30
2079,2079,admin,2025-10-05
2080,2080,viewer,2025-08-08
2081,2081,editor,2025-12-04
2082,2082,admin,2025-08-31
2083,2083,editor,2025-09-15
2084,2084,unknown,2025-10-16
2085,2085,,2025-06-18
2086,2086,viewer,2025-05-05
2087,2087,editor,2025-12-16
2088,2088,admin,2025-07-11
2089,2089,unknown,2026-03-11
2090,2090,admin,2025-12-16
2091,2091,admin,2025-09-02
2092,2092,viewer,2026-01-24
2093,2093,unknown,2025-09-08
2094,2094,admin,2026-01-29
2095,2095,editor,2026-02-11
2096,2096,viewer,2025-05-14
2097,2097,editor,2025-10-21
2098,2098,admin,2025-11-05
2099,2099,viewer,2025-06-23
2100,2100,admin,2026-03-18
2101,2101,viewer,2025-10-03
2102,2102,viewer,2025-06-10
2103,2103,viewer,2025-12-28
2104,2104,viewer,2025-11-01
2105,2105,admin,2025-06-29
2106,2106,editor,2025-07-07
2107,2107,,2025-11-13
2108,2108,editor,2025-11-27
2109,2109,editor,2026-01-02
2110,2110,,2025-04-28
2111,2111,unknown,2025-09-28
2112,2112,admin,2026-01-27
2113,2113,editor,2025-09-20
2114,2114,viewer,2025-09-21
2115,2115,viewer,2025-05-01
2116,2116,viewer,2025-09-12
2117,2117,editor,2026-01-30
2118,2118,invalid_role,2025-08-01
2119,2119,viewer,2025-10-07
2120,2120,editor,2025-07-09
2121,2121,editor,2025-06-30
2122,2122,invalid_role,2025-11-02
2123,2123,editor,2025-07-15
2124,2124,guest,2026-03-28
2125,2125,admin,2025-08-26
2126,2126,editor,2025-11-30
2127,2127,viewer,2025-11-08
2128,2128,,2025-12-30
2129,2129,admin,2025-11-02
2130,2130,,2025-05-12
2131,2131,editor,2025-07-30
2132,2132,admin,2025-11-14
2133,2133,admin,2025-08-06
2134,2134,admin,2025-07-28
2135,2135,viewer,2025-05-30
2136,2136,editor,2025-09-25
2137,2137,viewer,2025-09-30
2138,2138,viewer,2025-12-09
2139,2139,viewer,2025-10-24
2140,2140,unknown,2025-11-25
2141,2141,admin,2026-03-24
2142,2142,,2025-11-17
2143,2143,editor,2026-01-17
2144,2144,,2025-07-18
2145,2145,unknown,2025-06-06
2146,2146,viewer,2025-07-26
2147,2147,admin,2025-07-03
2148,2148,admin,2025-11-19
2149,2149,viewer,2025-08-28
2150,2150,viewer,2025-10-08
2151,2151,,2026-03-26
2152,2152,admin,2025-11-15
2153,2153,editor,2025-11-08
2154,2154,viewer,2025-10-13
2155,2155,invalid_role,2025-04-09
2156,2156,viewer,2026-03-17
2157,2157,admin,2025-11-27
2158,2158,viewer,2025-10-15
2159,2159,viewer,2025-07-13
2160,2160,editor,2025-09-02
2161,2161,editor,2025-10-02
2162,2162,editor,2025-12-28
2163,2163,admin,2025-06-02
2164,2164,admin,2025-04-30
2165,2165,editor,2025-11-21
2166,2166,admin,2025-06-01
2167,2167,admin,2025-10-04
2168,2168,editor,2025-04-14
2169,2169,viewer,2025-11-21
2170,2170,admin,2025-06-01
2171,2171,admin,2026-03-13
2172,2172,admin,2025-06-07
2173,2173,admin,2026-03-20
2174,2174,editor,2026-01-31
2175,2175,invalid_role,2026-03-10
2176,2176,admin,2025-07-08
2177,2177,invalid_role,2026-01-18
2178,2178,viewer,2025-06-23
2179,2179,editor,2025-04-04
2180,2180,admin,2025-04-23
2181,2181,editor,2025-04-04
2182,2182,editor,2026-02-12
2183,2183,editor,2025-09-15
2184,2184,,2025-04-07
2185,2185,,2025-09-23
2186,2186,viewer,2025-11-30
2187,2187,viewer,2025-10-16
2188,2188,admin,2025-05-26
2189,2189,admin,2025-10-30
2190,2190,guest,2025-11-23
2191,2191,editor,2025-08-11
2192,2192,admin,2026-02-15
2193,2193,,2025-10-16
2194,2194,viewer,2025-08-31
2195,2195,viewer,2025-06-16
2196,2196,viewer,2026-01-07
2197,2197,invalid_role,2025-09-09
2198,2198,viewer,2025-11-27
2199,2199,admin,2026-03-27
2200,2200,editor,2025-05-10
2201,2201,viewer,2025-10-02
2202,2202,viewer,2026-01-17
2203,2203,viewer,2025-03-30
2204,2204,editor,2025-05-06
2205,2205,viewer,2025-08-23
2206,2206,admin,2026-03-04
2207,2207,editor,2025-04-11
2208,2208,admin,2026-02-12
2209,2209,editor,2025-05-14
2210,2210,admin,2025-06-03
2211,2211,editor,2025-06-09
2212,2212,editor,2025-05-10
2213,2213,admin,2026-01-05
2214,2214,,2025-05-02
2215,2215,admin,2025-10-13
2216,2216,admin,2025-06-25
2217,2217,editor,2025-10-04
2218,2218,admin,2025-06-12
2219,2219,,2025-08-19
2220,2220,,2025-07-09
2221,2221,viewer,2025-04-08
2222,2222,viewer,2025-10-02
2223,2223,admin,2025-07-14
2224,2224,admin,2025-04-13
2225,2225,viewer,2026-03-11
2226,2226,admin,2025-11-03
2227,2227,editor,2025-05-22
2228,2228,editor,2025-06-18
2229,2229,viewer,2025-05-28
2230,2230,admin,2026-02-24
2231,2231,editor,2026-02-09
2232,2232,viewer,2025-09-26
2233,2233,editor,2025-12-05
2234,2234,viewer,2026-02-09
2235,2235,guest,2025-08-06
2236,2236,editor,2025-10-10
2237,2237,admin,2025-10-23
2238,2238,invalid_role,2026-03-28
2239,2239,editor,2026-03-23
2240,2240,viewer,2025-12-02
2241,2241,editor,2025-04-15
2242,2242,,2026-03-23
2243,2243,,2025-06-19
2244,2244,admin,2025-10-24
2245,2245,editor,2025-10-06
2246,2246,editor,2026-03-08
2247,2247,admin,2026-02-11
2248,2248,viewer,2025-10-17
2249,2249,viewer,2026-01-26
2250,2250,,2026-01-13
2251,2251,admin,2026-01-22
2252,2252,admin,2026-01-03
2253,2253,editor,2026-03-11
2254,2254,,2025-08-10
2255,2255,editor,2025-08-06
2256,2256,invalid_role,2025-04-18
2257,2257,admin,2025-09-15
2258,2258,viewer,2025-05-25
2259,2259,guest,2025-04-23
2260,2260,viewer,2025-11-01
2261,2261,admin,2026-03-21
2262,2262,editor,2025-05-21
2263,2263,admin,2026-02-21
2264,2264,editor,2025-05-17
2265,2265,viewer,2025-10-01
2266,2266,editor,2026-02-17
2267,2267,unknown,2025-07-01
2268,2268,admin,2025-10-24
2269,2269,unknown,2025-05-15
2270,2270,admin,2025-06-18
2271,2271,admin,2025-12-04
2272,2272,admin,2025-08-23
2273,2273,admin,2025-11-26
2274,2274,editor,2025-04-18
2275,2275,,2025-07-23
2276,2276,editor,2026-03-25
2277,2277,admin,2026-02-10
2278,2278,admin,2025-11-01
2279,2279,viewer,2025-04-19
2280,2280,admin,2025-08-03
2281,2281,editor,2025-10-01
2282,2282,invalid_role,2025-06-28
2283,2283,editor,2025-04-10
2284,2284,editor,2025-05-31
2285,2285,editor,2026-02-15
2286,2286,viewer,2025-06-10
2287,2287,viewer,2025-09-10
2288,2288,admin,2026-03-29
2289,2289,editor,2025-10-06
2290,2290,editor,2025-09-26
2291,2291,editor,2025-08-13
2292,2292,admin,2025-04-15
2293,2293,editor,2026-01-06
2294,2294,,2025-06-28
2295,2295,editor,2025-06-23
2296,2296,admin,2025-12-01
2297,2297,editor,2025-07-22
2298,2298,viewer,2026-02-20
2299,2299,editor,2025-09-12
2300,2300,viewer,2025-12-29
2301,2301,admin,2025-09-05
2302,2302,viewer,2025-06-20
2303,2303,editor,2025-12-13
2304,2304,viewer,2025-06-29
2305,2305,viewer,2025-04-25
2306,2306,unknown,2025-06-24
2307,2307,guest,2025-06-22
2308,2308,,2025-08-09
2309,2309,unknown,2025-08-22
2310,2310,viewer,2025-04-27
2311,2311,viewer,2025-06-17
2312,2312,viewer,2025-08-15
2313,2313,viewer,2025-09-16
2314,2314,admin,2025-07-06
2315,2315,viewer,2026-01-20
2316,2316,admin,2025-06-26
2317,2317,viewer,2025-06-26
2318,2318,,2026-02-16
2319,2319,admin,2026-02-28
2320,2320,viewer,2025-07-11
2321,2321,viewer,2025-12-01
2322,2322,editor,2025-06-04
2323,2323,,2026-03-17
2324,2324,viewer,2025-07-15
2325,2325,editor,2025-10-29
2326,2326,invalid_role,2025-12-31
2327,2327,viewer,2025-12-28
2328,2328,guest,2025-06-06
2329,2329,admin,2025-05-12
2330,2330,viewer,2025-05-11
2331,2331,admin,2025-08-23
2332,2332,viewer,2026-03-24
2333,2333,editor,2026-03-02
2334,2334,viewer,2025-07-05
2335,2335,editor,2025-11-26
2336,2336,editor,2025-04-07
2337,2337,viewer,2026-03-19
2338,2338,viewer,2025-06-20
2339,2339,admin,2026-02-07
2340,2340,viewer,2026-03-05
2341,2341,admin,2025-11-11
2342,2342,,2025-10-03
2343,2343,admin,2025-06-14
2344,2344,editor,2025-09-16
2345,2345,admin,2025-09-18
2346,2346,admin,2026-01-06
2347,2347,viewer,2026-03-19
2348,2348,admin,2025-09-17
2349,2349,admin,2026-01-06
2350,2350,editor,2025-10-08
2351,2351,viewer,2025-09-15
2352,2352,admin,2025-06-29
2353,2353,viewer,2025-11-16
2354,2354,admin,2025-04-11
2355,2355,admin,2025-09-16
2356,2356,editor,2025-12-22
2357,2357,admin,2025-07-14
2358,2358,unknown,2025-07-25
2359,2359,admin,2026-02-03
2360,2360,editor,2025-11-16
2361,2361,viewer,2025-11-26
2362,2362,admin,2025-05-03
2363,2363,viewer,2025-05-23
2364,2364,viewer,2025-11-17
2365,2365,viewer,2025-08-21
2366,2366,admin,2026-02-25
2367,2367,editor,2026-03-08
2368,2368,viewer,2025-05-30
2369,2369,unknown,2025-04-27
2370,2370,admin,2025-05-08
2371,2371,editor,2025-08-25
2372,2372,viewer,2025-11-16
2373,2373,,2025-08-08
2374,2374,viewer,2025-10-29
2375,2375,viewer,2025-09-01
2376,2376,viewer,2025-06-03
2377,2377,viewer,2026-02-25
2378,2378,viewer,2026-03-29
2379,2379,admin,2026-01-17
2380,2380,viewer,2026-01-19
2381,2381,admin,2025-09-01
2382,2382,editor,2025-12-14
2383,2383,admin,2025-07-31
2384,2384,editor,2025-05-20
2385,2385,,2025-09-11
2386,2386,viewer,2025-07-14
2387,2387,viewer,2025-07-19
2388,2388,editor,2025-11-16
2389,2389,admin,2026-02-03
2390,2390,admin,2026-02-02
2391,2391,viewer,2025-08-13
2392,2392,viewer,2025-10-22
2393,2393,viewer,2026-01-20
2394,2394,admin,2025-06-14
2395,2395,admin,2025-08-02
2396,2396,admin,2025-09-14
2397,2397,unknown,2025-04-17
2398,2398,admin,2026-03-22
2399,2399,admin,2025-12-05
2400,2400,,2025-04-01
2401,2401,guest,2025-10-05
2402,2402,viewer,2025-06-14
2403,2403,admin,2025-05-01
2404,2404,admin,2026-03-23
2405,2405,viewer,2025-05-15
2406,2406,unknown,2025-10-29
2407,2407,admin,2025-05-23
2408,2408,admin,2026-01-28
2409,2409,invalid_role,2025-10-09
2410,2410,admin,2025-10-15
2411,2411,viewer,2025-12-08
2412,2412,admin,2025-12-24
2413,2413,viewer,2025-10-22
2414,2414,,2025-06-24
2415,2415,viewer,2026-02-09
2416,2416,viewer,2025-04-09
2417,2417,,2025-04-20
2418,2418,editor,2025-10-22
2419,2419,editor,2025-11-27
2420,2420,editor,2026-01-25
2421,2421,viewer,2025-07-01
2422,2422,admin,2025-07-24
2423,2423,,2025-12-21
2424,2424,editor,2025-09-11
2425,2425,editor,2025-08-20
2426,2426,,2026-01-16
2427,2427,unknown,2025-10-08
2428,2428,admin,2025-11-22
2429,2429,editor,2025-06-23
2430,2430,viewer,2025-10-15
2431,2431,editor,2025-04-13
2432,2432,admin,2025-05-07
2433,2433,viewer,2026-03-18
2434,2434,admin,2025-04-11
2435,2435,viewer,2025-05-22
2436,2436,editor,2025-08-02
2437,2437,admin,2026-01-01
2438,2438,admin,2025-05-03
2439,2439,editor,2025-08-06
2440,2440,invalid_role,2025-08-22
2441,2441,admin,2025-10-20
2442,2442,admin,2025-09-15
2443,2443,viewer,2026-02-26
2444,2444,admin,2025-04-22
2445,2445,editor,2025-07-15
2446,2446,editor,2025-10-07
2447,2447,viewer,2025-04-15
2448,2448,editor,2025-12-12
2449,2449,unknown,2025-05-02
2450,2450,viewer,2025-11-27
2451,2451,editor,2025-08-20
2452,2452,editor,2026-02-26
2453,2453,admin,2025-10-05
2454,2454,editor,2025-12-23
2455,2455,admin,2026-02-05
2456,2456,editor,2025-04-03
2457,2457,admin,2025-04-22
2458,2458,viewer,2025-11-18
2459,2459,viewer,2025-12-24
2460,2460,admin,2025-11-06
2461,2461,admin,2025-11-19
2462,2462,viewer,2025-04-30
2463,2463,viewer,2025-06-28
2464,2464,editor,2026-03-15
2465,2465,editor,2025-07-09
2466,2466,editor,2025-09-01
2467,2467,viewer,2026-03-21
2468,2468,admin,2025-05-04
2469,2469,admin,2025-09-29
2470,2470,unknown,2025-11-14
2471,2471,admin,2025-05-12
2472,2472,guest,2025-09-07
2473,2473,admin,2026-03-25
2474,2474,viewer,2025-11-21
2475,2475,,2025-06-17
2476,2476,viewer,2025-05-04
2477,2477,editor,2025-11-30
2478,2478,admin,2025-05-10
2479,2479,admin,2025-04-23
2480,2480,admin,2025-11-19
2481,2481,editor,2025-07-29
2482,2482,editor,2025-09-24
2483,2483,editor,2025-09-24
2484,2484,viewer,2025-07-21
2485,2485,,2025-04-16
2486,2486,,2025-09-10
2487,2487,guest,2025-09-25
2488,2488,admin,2025-07-03
2489,2489,viewer,2025-09-16
2490,2490,viewer,2025-04-13
2491,2491,editor,2025-09-01
2492,2492,invalid_role,2025-05-25
2493,2493,viewer,2025-09-26
2494,2494,admin,2025-12-09
2495,2495,editor,2025-11-24
2496,2496,viewer,2025-11-24
2497,2497,invalid_role,2025-06-04
2498,2498,editor,2025-07-31
2499,2499,admin,2026-03-13
2500,2500,admin,2025-05-01
2501,2501,admin,2025-07-25
2502,2502,admin,2026-01-03
2503,2503,admin,2026-01-01
2504,2504,,2025-04-30
2505,2505,admin,2025-05-26
2506,2506,editor,2025-05-06
2507,2507,viewer,2025-12-09
2508,2508,editor,2026-02-20
2509,2509,unknown,2025-09-18
2510,2510,admin,2025-08-08
2511,2511,editor,2025-12-10
2512,2512,editor,2025-09-04
2513,2513,editor,2025-08-29
2514,2514,viewer,2025-06-11
2515,2515,editor,2025-04-01
2516,2516,editor,2025-06-06
2517,2517,editor,2025-10-29
2518,2518,admin,2026-03-27
2519,2519,admin,2025-12-12
2520,2520,unknown,2025-08-16
2521,2521,editor,2025-11-02
2522,2522,invalid_role,2025-07-08
2523,2523,editor,2025-09-07
2524,2524,viewer,2025-09-04
2525,2525,unknown,2025-04-06
2526,2526,,2025-12-07
2527,2527,viewer,2025-04-26
2528,2528,viewer,2026-02-19
2529,2529,admin,2025-09-06
2530,2530,editor,2025-05-25
2531,2531,guest,2025-10-28
2532,2532,editor,2026-01-25
2533,2533,editor,2026-01-09
2534,2534,viewer,2026-02-24
2535,2535,viewer,2025-05-24
2536,2536,editor,2025-09-01
2537,2537,admin,2025-04-09
2538,2538,editor,2026-01-06
2539,2539,admin,2025-08-12
2540,2540,admin,2026-03-25
2541,2541,viewer,2025-11-19
2542,2542,admin,2025-10-13
2543,2543,editor,2025-09-13
2544,2544,admin,2026-01-01
2545,2545,viewer,2025-10-22
2546,2546,guest,2026-01-27
2547,2547,editor,2025-04-10
2548,2548,viewer,2025-06-10
2549,2549,admin,2025-10-23
2550,2550,,2026-03-05
2551,2551,editor,2025-07-12
2552,2552,admin,2025-07-12
2553,2553,admin,2026-02-23
2554,2554,admin,2025-06-09
2555,2555,invalid_role,2025-07-10
2556,2556,viewer,2026-02-28
2557,2557,admin,2025-11-24
2558,2558,viewer,2025-05-02
2559,2559,editor,2025-12-25
2560,2560,viewer,2025-08-17
2561,2561,viewer,2025-04-04
2562,2562,viewer,2026-02-27
2563,2563,viewer,2025-10-16
2564,2564,guest,2025-12-28
2565,2565,guest,2025-11-02
2566,2566,viewer,2026-02-03
2567,2567,admin,2025-08-10
2568,2568,guest,2025-05-21
2569,2569,editor,2025-12-09
2570,2570,editor,2025-06-07
2571,2571,viewer,2025-12-03
2572,2572,editor,2026-01-05
2573,2573,,2025-10-31
2574,2574,admin,2025-12-21
2575,2575,admin,2026-03-21
2576,2576,admin,2025-12-02
2577,2577,editor,2025-04-13
2578,2578,viewer,2025-12-02
2579,2579,viewer,2025-11-18
2580,2580,,2025-04-30
2581,2581,editor,2025-08-22
2582,2582,editor,2025-10-19
2583,2583,editor,2025-08-20
2584,2584,editor,2025-10-24
2585,2585,admin,2025-11-28
2586,2586,admin,2025-10-19
2587,2587,,2025-11-21
2588,2588,,2025-09-12
2589,2589,viewer,2026-03-02
2590,2590,editor,2025-07-18
2591,2591,unknown,2026-03-27
2592,2592,admin,2025-12-07
2593,2593,editor,2026-01-08
2594,2594,guest,2025-07-16
2595,2595,invalid_role,2025-04-21
2596,2596,admin,2025-10-06
2597,2597,viewer,2026-02-06
2598,2598,editor,2025-04-01
2599,2599,viewer,2025-08-19
2600,2600,invalid_role,2026-03-21
2601,2601,viewer,2025-10-13
2602,2602,viewer,2026-03-03
2603,2603,admin,2026-03-26
2604,2604,admin,2025-07-12
2605,2605,editor,2025-09-29
2606,2606,admin,2025-06-22
2607,2607,editor,2026-01-07
2608,2608,editor,2025-04-01
2609,2609,admin,2025-05-28
2610,2610,viewer,2026-01-01
2611,2611,editor,2025-08-21
2612,2612,viewer,2025-07-18
2613,2613,editor,2026-03-18
2614,2614,editor,2026-03-08
2615,2615,admin,2025-05-03
2616,2616,admin,2025-04-18
2617,2617,admin,2026-02-24
2618,2618,viewer,2025-11-10
2619,2619,admin,2025-11-28
2620,2620,,2025-09-29
2621,2621,admin,2026-01-19
2622,2622,admin,2026-02-17
2623,2623,admin,2025-10-09
2624,2624,admin,2026-02-27
2625,2625,viewer,2026-03-14
2626,2626,,2025-12-07
2627,2627,editor,2025-05-06
2628,2628,admin,2026-02-05
2629,2629,editor,2025-09-05
2630,2630,admin,2025-09-07
2631,2631,unknown,2025-04-15
2632,2632,unknown,2025-06-12
2633,2633,viewer,2025-07-28
2634,2634,admin,2026-01-21
2635,2635,viewer,2025-12-19
2636,2636,,2025-12-10
2637,2637,unknown,2025-10-25
2638,2638,unknown,2025-05-17
2639,2639,editor,2025-04-18
2640,2640,viewer,2025-08-09
2641,2641,editor,2025-05-14
2642,2642,admin,2025-04-27
2643,2643,guest,2025-06-28
2644,2644,editor,2025-08-22
2645,2645,editor,2025-10-08
2646,2646,editor,2026-02-24
2647,2647,viewer,2026-03-17
2648,2648,,2025-12-04
2649,2649,guest,2025-05-06
2650,2650,viewer,2026-03-19
2651,2651,,2025-10-07
2652,2652,viewer,2025-08-29
2653,2653,editor,2025-05-15
2654,2654,editor,2026-03-18
2655,2655,viewer,2025-05-17
2656,2656,admin,2025-09-01
2657,2657,admin,2025-04-12
2658,2658,,2026-03-10
2659,2659,viewer,2025-04-23
2660,2660,editor,2025-08-09
2661,2661,viewer,2025-04-04
2662,2662,viewer,2025-06-25
2663,2663,viewer,2026-01-18
2664,2664,editor,2025-05-12
2665,2665,invalid_role,2025-11-23
2666,2666,editor,2025-11-03
2667,2667,editor,2025-09-07
2668,2668,viewer,2025-07-17
2669,2669,viewer,2026-01-22
2670,2670,editor,2025-07-19
2671,2671,editor,2025-04-23
2672,2672,admin,2025-09-18
2673,2673,admin,2025-07-09
2674,2674,admin,2025-04-07
2675,2675,editor,2026-03-17
2676,2676,admin,2025-10-16
2677,2677,editor,2025-10-06
2678,2678,admin,2025-04-19
2679,2679,viewer,2025-08-18
2680,2680,guest,2025-11-14
2681,2681,editor,2025-04-27
2682,2682,,2026-02-09
2683,2683,viewer,2025-04-23
2684,2684,editor,2025-10-22
2685,2685,editor,2025-12-15
2686,2686,admin,2026-03-29
2687,2687,guest,2025-09-22
2688,2688,guest,2025-10-09
2689,2689,admin,2025-05-12
2690,2690,viewer,2025-05-22
2691,2691,admin,2025-12-05
2692,2692,admin,2026-03-27
2693,2693,admin,2026-02-18
2694,2694,admin,2025-08-04
2695,2695,editor,2026-03-11
2696,2696,viewer,2025-07-09
2697,2697,editor,2025-11-10
2698,2698,,2026-01-04
2699,2699,admin,2025-06-29
2700,2700,viewer,2026-02-16
2701,2701,viewer,2025-05-17
2702,2702,unknown,2025-11-04
2703,2703,guest,2025-06-19
2704,2704,editor,2025-09-01
2705,2705,editor,2025-06-05
2706,2706,editor,2025-10-13
2707,2707,admin,2025-10-19
2708,2708,viewer,2025-10-01
2709,2709,unknown,2025-07-23
2710,2710,viewer,2025-09-01
2711,2711,admin,2025-05-16
2712,2712,unknown,2025-05-26
2713,2713,editor,2025-07-12
2714,2714,admin,2025-07-30
2715,2715,admin,2025-05-28
2716,2716,admin,2025-07-25
2717,2717,viewer,2025-12-22
2718,2718,,2025-08-06
2719,2719,editor,2025-05-14
2720,2720,,2025-07-06
2721,2721,viewer,2025-10-25
2722,2722,admin,2025-09-19
2723,2723,viewer,2025-06-15
2724,2724,,2025-06-27
2725,2725,admin,2025-08-22
2726,2726,editor,2025-11-18
2727,2727,invalid_role,2025-12-30
2728,2728,viewer,2026-01-28
2729,2729,,2026-02-16
2730,2730,editor,2025-05-23
2731,2731,viewer,2025-05-21
2732,2732,invalid_role,2026-02-27
2733,2733,editor,2025-04-20
2734,2734,viewer,2025-05-19
2735,2735,admin,2025-08-04
2736,2736,viewer,2026-03-19
2737,2737,viewer,2025-05-17
2738,2738,guest,2026-03-29
2739,2739,editor,2025-05-02
2740,2740,unknown,2026-03-07
2741,2741,editor,2026-02-28
2742,2742,viewer,2026-01-07
2743,2743,viewer,2025-04-01
2744,2744,editor,2026-03-26
2745,2745,,2025-10-07
2746,2746,editor,2025-10-14
2747,2747,viewer,2025-06-05
2748,2748,editor,2025-12-05
2749,2749,admin,2025-05-22
2750,2750,viewer,2026-03-16
2751,2751,viewer,2025-07-27
2752,2752,viewer,2025-09-25
2753,2753,,2025-10-04
2754,2754,,2025-12-03
2755,2755,viewer,2026-02-14
2756,2756,viewer,2025-07-14
2757,2757,editor,2025-07-09
2758,2758,admin,2025-06-23
2759,2759,viewer,2025-07-23
2760,2760,admin,2025-11-23
2761,2761,editor,2026-01-12
2762,2762,editor,2026-01-15
2763,2763,editor,2026-03-08
2764,2764,editor,2025-09-16
2765,2765,editor,2026-01-22
2766,2766,,2025-04-09
2767,2767,invalid_role,2025-12-13
2768,2768,editor,2025-04-02
2769,2769,viewer,2026-01-22
2770,2770,admin,2025-04-10
2771,2771,admin,2026-03-08
2772,2772,editor,2026-01-28
2773,2773,editor,2025-06-24
2774,2774,viewer,2025-05-07
2775,2775,editor,2025-04-01
2776,2776,unknown,2025-08-12
2777,2777,guest,2025-12-28
2778,2778,admin,2025-05-28
2779,2779,viewer,2025-04-25
2780,2780,admin,2025-07-23
2781,2781,,2025-11-11
2782,2782,editor,2026-03-06
2783,2783,editor,2025-05-12
2784,2784,admin,2025-09-12
2785,2785,viewer,2026-01-22
2786,2786,editor,2025-04-15
2787,2787,guest,2025-09-11
2788,2788,admin,2026-02-03
2789,2789,viewer,2025-10-24
2790,2790,,2025-10-01
2791,2791,editor,2025-12-23
2792,2792,viewer,2026-01-31
2793,2793,viewer,2025-12-27
2794,2794,,2025-04-02
2795,2795,,2025-08-31
2796,2796,viewer,2025-10-07
2797,2797,admin,2025-12-02
2798,2798,viewer,2025-08-17
2799,2799,editor,2025-11-17
2800,2800,invalid_role,2025-08-04
2801,2801,viewer,2025-08-06
2802,2802,viewer,2025-11-18
2803,2803,admin,2025-10-08
2804,2804,admin,2026-03-05
2805,2805,admin,2025-06-25
2806,2806,editor,2025-04-10
2807,2807,,2026-01-05
2808,2808,admin,2025-07-22
2809,2809,viewer,2025-10-02
2810,2810,admin,2025-04-04
2811,2811,,2025-09-05
2812,2812,admin,2026-01-06
2813,2813,editor,2025-06-26
2814,2814,admin,2026-02-19
2815,2815,,2025-07-24
2816,2816,editor,2025-09-15
2817,2817,editor,2025-08-28
2818,2818,admin,2025-10-24
2819,2819,viewer,2025-07-19
2820,2820,,2025-05-06
2821,2821,viewer,2025-12-02
2822,2822,guest,2025-04-16
2823,2823,admin,2026-01-02
2824,2824,viewer,2025-08-11
2825,2825,admin,2025-09-22
2826,2826,unknown,2025-11-02
2827,2827,viewer,2025-04-17
2828,2828,viewer,2025-08-26
2829,2829,viewer,2026-02-15
2830,2830,editor,2025-05-06
2831,2831,invalid_role,2025-11-06
2832,2832,,2026-03-09
2833,2833,admin,2026-02-02
2834,2834,editor,2025-09-09
2835,2835,guest,2026-02-26
2836,2836,admin,2025-11-27
2837,2837,editor,2025-10-04
2838,2838,editor,2025-09-05
2839,2839,editor,2025-08-21
2840,2840,editor,2025-05-13
2841,2841,editor,2025-09-19
2842,2842,admin,2025-05-04
2843,2843,editor,2025-06-02
2844,2844,guest,2026-02-16
2845,2845,viewer,2025-07-25
2846,2846,editor,2025-05-22
2847,2847,viewer,2026-02-08
2848,2848,,2025-06-20
2849,2849,editor,2025-04-19
2850,2850,admin,2025-12-15
2851,2851,editor,2025-08-09
2852,2852,guest,2026-03-14
2853,2853,editor,2025-12-19
2854,2854,viewer,2025-10-12
2855,2855,admin,2025-05-18
2856,2856,admin,2025-12-23
2857,2857,unknown,2025-12-16
2858,2858,unknown,2025-09-29
2859,2859,invalid_role,2025-11-01
2860,2860,admin,2026-02-11
2861,2861,unknown,2025-05-24
2862,2862,viewer,2025-05-21
2863,2863,admin,2025-09-19
2864,2864,admin,2025-04-14
2865,2865,admin,2025-05-23
2866,2866,,2025-12-13
2867,2867,admin,2025-05-30
2868,2868,viewer,2025-07-01
2869,2869,admin,2025-10-27
2870,2870,viewer,2026-02-21
2871,2871,viewer,2025-04-04
2872,2872,guest,2025-11-30
2873,2873,viewer,2025-05-25
2874,2874,viewer,2025-11-28
2875,2875,admin,2026-01-16
2876,2876,editor,2025-11-27
2877,2877,admin,2026-01-28
2878,2878,guest,2026-03-10
2879,2879,viewer,2025-04-15
2880,2880,admin,2025-04-20
2881,2881,editor,2025-05-23
2882,2882,admin,2025-12-25
2883,2883,admin,2025-08-27
2884,2884,,2025-05-05
2885,2885,viewer,2025-06-29
2886,2886,admin,2025-07-06
2887,2887,admin,2025-08-18
2888,2888,admin,2025-09-16
2889,2889,admin,2025-10-20
2890,2890,guest,2025-11-28
2891,2891,viewer,2025-06-27
2892,2892,guest,2025-10-16
2893,2893,admin,2025-12-13
2894,2894,admin,2025-11-28
2895,2895,unknown,2026-02-09
2896,2896,admin,2025-04-30
2897,2897,editor,2025-05-06
2898,2898,admin,2025-10-24
2899,2899,viewer,2025-04-28
2900,2900,viewer,2026-03-24
2901,2901,editor,2025-09-06
2902,2902,,2026-03-09
2903,2903,viewer,2026-02-16
2904,2904,,2025-12-20
2905,2905,viewer,2026-01-31
2906,2906,editor,2025-05-27
2907,2907,viewer,2025-05-06
2908,2908,editor,2026-03-03
2909,2909,viewer,2025-09-13
2910,2910,viewer,2025-05-05
2911,2911,editor,2025-09-30
2912,2912,viewer,2025-09-15
2913,2913,editor,2025-05-25
2914,2914,,2025-04-16
2915,2915,viewer,2025-07-30
2916,2916,viewer,2025-07-04
2917,2917,admin,2026-03-05
2918,2918,admin,2026-03-12
2919,2919,invalid_role,2025-12-23
2920,2920,viewer,2025-08-07
2921,2921,admin,2025-09-06
2922,2922,admin,2025-07-16
2923,2923,admin,2026-03-19
2924,2924,admin,2025-09-01
2925,2925,unknown,2025-05-25
2926,2926,guest,2025-06-01
2927,2927,viewer,2025-06-22
2928,2928,admin,2025-11-11
2929,2929,admin,2025-05-30
2930,2930,viewer,2025-06-18
2931,2931,editor,2025-07-05
2932,2932,viewer,2025-05-23
2933,2933,editor,2025-08-05
2934,2934,viewer,2025-12-31
2935,2935,admin,2025-05-19
2936,2936,editor,2026-01-23
2937,2937,editor,2025-11-17
2938,2938,viewer,2025-08-16
2939,2939,admin,2026-02-02
2940,2940,,2025-04-29
2941,2941,editor,2026-03-18
2942,2942,editor,2025-04-07
2943,2943,admin,2025-05-06
2944,2944,editor,2025-07-24
2945,2945,viewer,2026-03-24
2946,2946,editor,2025-05-01
2947,2947,editor,2025-07-02
2948,2948,guest,2026-01-21
2949,2949,admin,2026-01-30
2950,2950,viewer,2025-11-15
2951,2951,admin,2025-06-25
2952,2952,admin,2026-03-19
2953,2953,,2025-07-10
2954,2954,viewer,2025-11-03
2955,2955,editor,2026-01-25
2956,2956,editor,2025-08-04
2957,2957,editor,2025-11-18
2958,2958,editor,2026-02-12
2959,2959,editor,2026-03-25
2960,2960,unknown,2025-09-21
2961,2961,editor,2025-09-22
2962,2962,invalid_role,2025-09-13
2963,2963,viewer,2025-07-04
2964,2964,editor,2026-01-04
2965,2965,invalid_role,2026-02-10
2966,2966,admin,2025-05-01
2967,2967,admin,2025-09-25
2968,2968,admin,2025-11-11
2969,2969,,2025-08-08
2970,2970,admin,2026-02-04
2971,2971,viewer,2025-04-19
2972,2972,admin,2025-09-08
2973,2973,viewer,2025-03-31
2974,2974,viewer,2025-12-08
2975,2975,admin,2026-01-17
2976,2976,guest,2025-06-19
2977,2977,viewer,2025-05-03
2978,2978,editor,2025-09-25
2979,2979,viewer,2025-10-24
2980,2980,viewer,2025-09-16
2981,2981,viewer,2026-02-02
2982,2982,invalid_role,2025-12-08
2983,2983,editor,2026-03-11
2984,2984,editor,2025-11-16
2985,2985,viewer,2025-06-30
2986,2986,admin,2026-03-25
2987,2987,viewer,2026-01-07
2988,2988,guest,2025-12-12
2989,2989,viewer,2025-09-02
2990,2990,viewer,2025-04-10
2991,2991,admin,2026-02-04
2992,2992,viewer,2025-05-01
2993,2993,admin,2025-11-01
2994,2994,invalid_role,2026-03-28
2995,2995,admin,2025-08-13
2996,2996,admin,2026-02-02
2997,2997,admin,2025-04-29
2998,2998,editor,2025-10-17
2999,2999,admin,2025-06-28
3000,3000,viewer,2026-03-24
3001,3001,,2025-05-06
3002,3002,editor,2025-05-07
3003,3003,guest,2026-02-02
3004,3004,editor,2025-12-01
3005,3005,viewer,2025-12-13
3006,3006,unknown,2026-03-18
3007,3007,editor,2025-11-15
3008,3008,editor,2025-07-17
3009,3009,guest,2025-09-14
3010,3010,editor,2026-02-18
3011,3011,admin,2025-10-07
3012,3012,editor,2025-10-24
3013,3013,admin,2026-01-28
3014,3014,editor,2025-04-25
3015,3015,editor,2025-06-04
3016,3016,unknown,2026-02-24
3017,3017,viewer,2025-11-23
3018,3018,editor,2025-09-04
3019,3019,editor,2025-07-09
3020,3020,editor,2026-03-20
3021,3021,,2025-11-03
3022,3022,admin,2025-08-17
3023,3023,editor,2025-05-26
3024,3024,editor,2026-01-26
3025,3025,editor,2025-09-24
3026,3026,unknown,2026-02-12
3027,3027,viewer,2026-02-09
3028,3028,guest,2025-05-16
3029,3029,admin,2026-02-01
3030,3030,editor,2025-08-01
3031,3031,,2025-07-24
3032,3032,viewer,2026-01-09
3033,3033,admin,2025-08-31
3034,3034,admin,2025-08-28
3035,3035,editor,2025-07-20
3036,3036,editor,2026-02-04
3037,3037,editor,2025-06-25
3038,3038,editor,2025-11-26
3039,3039,editor,2025-11-12
3040,3040,admin,2026-01-12
3041,3041,editor,2025-04-27
3042,3042,admin,2025-06-27
3043,3043,viewer,2026-01-22
3044,3044,viewer,2026-03-21
3045,3045,admin,2025-09-02
3046,3046,editor,2025-09-28
3047,3047,viewer,2026-01-24
3048,3048,,2025-09-30
3049,3049,admin,2026-01-12
3050,3050,admin,2025-10-16
3051,3051,admin,2025-11-14
3052,3052,admin,2026-02-19
3053,3053,,2025-10-10
3054,3054,editor,2025-08-18
3055,3055,admin,2026-01-28
3056,3056,viewer,2025-04-03
3057,3057,viewer,2025-06-20
3058,3058,viewer,2025-09-11
3059,3059,viewer,2026-02-21
3060,3060,admin,2026-02-18
3061,3061,admin,2025-09-03
3062,3062,guest,2025-05-14
3063,3063,editor,2025-08-02
3064,3064,admin,2025-10-22
3065,3065,editor,2025-08-23
3066,3066,admin,2025-09-28
3067,3067,editor,2025-08-06
3068,3068,viewer,2026-02-17
3069,3069,viewer,2026-03-05
3070,3070,admin,2025-04-15
3071,3071,editor,2025-10-06
3072,3072,,2026-02-11
3073,3073,admin,2025-09-13
3074,3074,viewer,2025-04-28
3075,3075,,2026-02-28
3076,3076,,2025-07-06
3077,3077,guest,2026-01-04
3078,3078,editor,2025-09-21
3079,3079,admin,2025-08-14
3080,3080,viewer,2025-10-16
3081,3081,viewer,2025-10-14
3082,3082,viewer,2025-11-11
3083,3083,admin,2025-07-29
3084,3084,editor,2025-07-19
3085,3085,editor,2025-09-18
3086,3086,viewer,2026-02-18
3087,3087,editor,2026-02-20
3088,3088,admin,2025-07-25
3089,3089,admin,2026-01-11
3090,3090,admin,2025-06-14
3091,3091,editor,2025-04-04
3092,3092,editor,2025-05-29
3093,3093,editor,2025-12-26
3094,3094,viewer,2025-08-06
3095,3095,viewer,2026-01-19
3096,3096,viewer,2025-09-05
3097,3097,editor,2025-10-29
3098,3098,admin,2025-12-11
3099,3099,admin,2025-11-23
3100,3100,viewer,2025-09-27
3101,3101,unknown,2026-02-10
3102,3102,admin,2026-03-25
3103,3103,editor,2025-11-19
3104,3104,editor,2026-03-19
3105,3105,admin,2025-06-01
3106,3106,editor,2026-03-16
3107,3107,viewer,2025-07-04
3108,3108,,2026-03-21
3109,3109,admin,2025-10-11
3110,3110,viewer,2025-04-18
3111,3111,editor,2025-06-08
3112,3112,editor,2025-08-20
3113,3113,viewer,2026-01-26
3114,3114,viewer,2025-07-22
3115,3115,,2026-03-01
3116,3116,editor,2025-07-22
3117,3117,editor,2025-04-17
3118,3118,invalid_role,2025-09-16
3119,3119,admin,2026-01-02
3120,3120,unknown,2025-10-01
3121,3121,editor,2025-04-02
3122,3122,editor,2025-12-16
3123,3123,admin,2025-11-29
3124,3124,viewer,2025-11-14
3125,3125,admin,2025-10-11
3126,3126,,2025-10-15
3127,3127,editor,2025-09-23
3128,3128,admin,2025-11-23
3129,3129,admin,2025-06-08
3130,3130,viewer,2025-09-22
3131,3131,invalid_role,2025-11-09
3132,3132,,2025-12-30
3133,3133,editor,2026-01-25
3134,3134,viewer,2025-08-13
3135,3135,unknown,2025-06-10
3136,3136,viewer,2026-01-06
3137,3137,,2026-02-24
3138,3138,editor,2025-10-06
3139,3139,invalid_role,2025-05-09
3140,3140,admin,2025-11-19
3141,3141,admin,2026-02-10
3142,3142,editor,2026-02-22
3143,3143,editor,2025-06-27
3144,3144,admin,2025-06-08
3145,3145,,2025-04-04
3146,3146,editor,2025-06-21
3147,3147,,2026-01-22
3148,3148,editor,2025-10-05
3149,3149,editor,2025-10-22
3150,3150,editor,2025-07-10
3151,3151,viewer,2025-06-19
3152,3152,admin,2025-08-30
3153,3153,viewer,2025-12-19
3154,3154,editor,2025-07-18
3155,3155,admin,2026-03-26
3156,3156,viewer,2025-09-09
3157,3157,viewer,2025-08-09
3158,3158,viewer,2025-05-06
3159,3159,,2025-12-29
3160,3160,unknown,2026-02-28
3161,3161,admin,2025-11-18
3162,3162,editor,2025-08-17
3163,3163,,2025-06-11
3164,3164,editor,2025-05-12
3165,3165,unknown,2026-01-04
3166,3166,editor,2025-10-23
3167,3167,invalid_role,2025-09-07
3168,3168,viewer,2025-08-10
3169,3169,viewer,2025-05-05
3170,3170,,2026-01-28
3171,3171,admin,2025-11-19
3172,3172,viewer,2025-10-07
3173,3173,editor,2025-10-27
3174,3174,viewer,2025-12-20
3175,3175,editor,2025-08-18
3176,3176,editor,2025-09-10
3177,3177,admin,2025-12-15
3178,3178,,2025-10-30
3179,3179,editor,2025-11-02
3180,3180,viewer,2025-08-18
3181,3181,editor,2025-08-31
3182,3182,editor,2026-02-27
3183,3183,guest,2025-09-22
3184,3184,,2026-02-06
3185,3185,viewer,2025-10-01
3186,3186,,2026-01-30
3187,3187,admin,2025-12-18
3188,3188,admin,2025-11-11
3189,3189,admin,2026-01-29
3190,3190,editor,2025-04-27
3191,3191,editor,2025-05-14
3192,3192,admin,2025-07-09
3193,3193,admin,2025-09-06
3194,3194,admin,2025-12-31
3195,3195,admin,2025-12-21
3196,3196,editor,2026-02-09
3197,3197,viewer,2025-09-21
3198,3198,viewer,2025-10-14
3199,3199,,2025-12-03
3200,3200,admin,2025-10-09
3201,3201,editor,2025-08-19
3202,3202,unknown,2026-02-03
3203,3203,editor,2025-10-09
3204,3204,admin,2026-01-13
3205,3205,editor,2025-12-28
3206,3206,admin,2025-12-14
3207,3207,editor,2025-10-23
3208,3208,viewer,2025-05-15
3209,3209,editor,2025-04-07
3210,3210,viewer,2025-06-07
3211,3211,admin,2025-11-05
3212,3212,editor,2025-05-17
3213,3213,,2025-12-10
3214,3214,editor,2026-01-18
3215,3215,viewer,2025-09-03
3216,3216,viewer,2025-10-18
3217,3217,guest,2026-03-01
3218,3218,unknown,2025-12-01
3219,3219,admin,2025-09-11
3220,3220,viewer,2025-06-05
3221,3221,admin,2025-11-11
3222,3222,editor,2025-10-04
3223,3223,editor,2025-06-09
3224,3224,viewer,2025-04-07
3225,3225,invalid_role,2025-12-10
3226,3226,editor,2025-10-31
3227,3227,viewer,2025-04-04
3228,3228,editor,2026-03-12
3229,3229,editor,2025-11-18
3230,3230,guest,2025-06-29
3231,3231,editor,2025-12-04
3232,3232,admin,2025-12-23
3233,3233,viewer,2025-08-12
3234,3234,editor,2025-09-11
3235,3235,editor,2025-10-02
3236,3236,editor,2026-03-27
3237,3237,editor,2025-11-23
3238,3238,admin,2025-06-02
3239,3239,editor,2025-08-28
3240,3240,admin,2025-09-05
3241,3241,editor,2025-06-30
3242,3242,editor,2025-05-11
3243,3243,,2025-07-26
3244,3244,unknown,2025-09-08
3245,3245,,2025-04-11
3246,3246,viewer,2025-07-30
3247,3247,editor,2025-10-05
3248,3248,admin,2025-10-07
3249,3249,unknown,2025-08-28
3250,3250,editor,2026-01-23
3251,3251,editor,2026-01-22
3252,3252,editor,2025-08-18
3253,3253,unknown,2025-05-02
3254,3254,invalid_role,2025-09-08
3255,3255,admin,2025-08-23
3256,3256,unknown,2025-05-26
3257,3257,editor,2026-03-29
3258,3258,editor,2025-06-01
3259,3259,viewer,2025-07-15
3260,3260,viewer,2025-06-22
3261,3261,viewer,2026-03-13
3262,3262,,2026-03-10
3263,3263,editor,2026-03-04
3264,3264,editor,2026-02-10
3265,3265,editor,2025-09-16
3266,3266,editor,2025-12-25
3267,3267,guest,2025-11-02
3268,3268,admin,2025-04-22
3269,3269,editor,2025-04-21
3270,3270,admin,2025-08-22
3271,3271,guest,2025-09-17
3272,3272,viewer,2025-12-15
3273,3273,viewer,2025-10-20
3274,3274,editor,2025-12-03
3275,3275,admin,2025-11-07
3276,3276,admin,2026-03-21
3277,3277,editor,2026-02-02
3278,3278,admin,2025-04-28
3279,3279,admin,2025-12-04
3280,3280,,2025-07-04
3281,3281,viewer,2026-03-02
3282,3282,admin,2025-10-03
3283,3283,editor,2026-01-08
3284,3284,viewer,2025-11-15
3285,3285,invalid_role,2025-09-27
3286,3286,viewer,2025-11-12
3287,3287,editor,2025-07-24
3288,3288,viewer,2025-11-03
3289,3289,admin,2025-07-15
3290,3290,viewer,2025-07-09
3291,3291,viewer,2025-09-28
3292,3292,,2025-12-26
3293,3293,editor,2026-01-12
3294,3294,viewer,2025-08-14
3295,3295,viewer,2025-05-17
3296,3296,viewer,2025-10-29
3297,3297,editor,2025-07-23
3298,3298,viewer,2025-05-11
3299,3299,viewer,2025-11-25
3300,3300,admin,2025-06-15
3301,3301,admin,2025-07-25
3302,3302,editor,2025-11-19
3303,3303,guest,2025-08-01
3304,3304,editor,2025-06-10
3305,3305,,2025-12-01
3306,3306,editor,2025-12-05
3307,3307,editor,2025-06-20
3308,3308,viewer,2026-03-16
3309,3309,unknown,2025-09-11
3310,3310,viewer,2025-07-02
3311,3311,admin,2025-12-25
3312,3312,editor,2026-01-04
3313,3313,admin,2026-02-23
3314,3314,viewer,2025-06-13
3315,3315,viewer,2025-12-26
3316,3316,admin,2025-09-18
3317,3317,editor,2025-09-27
3318,3318,admin,2025-09-10
3319,3319,editor,2025-12-24
3320,3320,admin,2025-06-05
3321,3321,editor,2025-06-27
3322,3322,admin,2025-11-15
3323,3323,viewer,2025-11-01
3324,3324,guest,2025-05-28
3325,3325,invalid_role,2025-07-08
3326,3326,editor,2025-12-13
3327,3327,viewer,2025-07-09
3328,3328,editor,2025-05-23
3329,3329,admin,2025-04-15
3330,3330,unknown,2025-08-23
3331,3331,,2025-11-08
3332,3332,editor,2025-05-18
3333,3333,viewer,2025-07-16
3334,3334,editor,2025-12-12
3335,3335,viewer,2025-05-17
3336,3336,admin,2025-08-23
3337,3337,viewer,2025-11-06
3338,3338,viewer,2025-06-29
3339,3339,viewer,2025-08-25
3340,3340,editor,2025-06-18
3341,3341,admin,2025-04-05
3342,3342,,2025-05-19
3343,3343,guest,2025-08-01
3344,3344,invalid_role,2025-11-09
3345,3345,admin,2025-09-07
3346,3346,editor,2025-05-29
3347,3347,viewer,2025-08-16
3348,3348,editor,2025-08-26
3349,3349,admin,2025-07-23
3350,3350,,2025-05-26
3351,3351,viewer,2025-09-18
3352,3352,viewer,2025-05-04
3353,3353,editor,2026-02-19
3354,3354,editor,2025-05-11
3355,3355,viewer,2025-07-23
3356,3356,viewer,2025-04-26
3357,3357,editor,2025-11-07
3358,3358,viewer,2025-09-23
3359,3359,editor,2025-08-10
3360,3360,admin,2026-01-02
3361,3361,viewer,2025-11-14
3362,3362,editor,2025-04-11
3363,3363,admin,2025-06-13
3364,3364,,2025-07-01
3365,3365,editor,2025-04-17
3366,3366,editor,2026-03-29
3367,3367,viewer,2025-04-22
3368,3368,,2025-05-23
3369,3369,viewer,2025-06-16
3370,3370,editor,2026-02-14
3371,3371,admin,2025-12-19
3372,3372,viewer,2025-09-09
3373,3373,admin,2026-02-19
3374,3374,admin,2025-10-25
3375,3375,viewer,2026-02-22
3376,3376,viewer,2025-06-22
3377,3377,viewer,2025-12-11
3378,3378,unknown,2025-12-14
3379,3379,editor,2025-09-23
3380,3380,editor,2025-07-31
3381,3381,admin,2026-03-05
3382,3382,viewer,2025-05-29
3383,3383,editor,2025-11-29
3384,3384,viewer,2025-08-01
3385,3385,editor,2026-03-16
3386,3386,viewer,2026-02-24
3387,3387,admin,2025-10-26
3388,3388,invalid_role,2025-08-07
3389,3389,admin,2026-03-18
3390,3390,editor,2025-11-02
3391,3391,admin,2025-06-25
3392,3392,admin,2025-10-08
3393,3393,admin,2025-05-26
3394,3394,editor,2025-10-06
3395,3395,viewer,2025-12-17
3396,3396,viewer,2025-09-22
3397,3397,editor,2025-07-10
3398,3398,,2025-07-28
3399,3399,admin,2025-10-05
3400,3400,editor,2025-04-11
3401,3401,,2025-10-21
3402,3402,admin,2025-06-23
3403,3403,viewer,2025-05-03
3404,3404,editor,2026-01-02
3405,3405,admin,2025-08-07
3406,3406,admin,2025-04-20
3407,3407,viewer,2025-06-04
3408,3408,,2025-11-17
3409,3409,guest,2025-10-06
3410,3410,,2025-09-04
3411,3411,viewer,2025-12-28
3412,3412,admin,2025-10-02
3413,3413,viewer,2025-10-18
3414,3414,viewer,2026-01-26
3415,3415,viewer,2025-09-24
3416,3416,editor,2025-09-21
3417,3417,admin,2025-11-05
3418,3418,viewer,2025-04-24
3419,3419,admin,2026-01-25
3420,3420,viewer,2025-07-20
3421,3421,admin,2025-12-13
3422,3422,viewer,2025-11-08
3423,3423,unknown,2026-02-10
3424,3424,guest,2026-03-09
3425,3425,editor,2025-10-07
3426,3426,admin,2025-04-25
3427,3427,viewer,2026-01-14
3428,3428,viewer,2026-01-11
3429,3429,editor,2025-10-25
3430,3430,editor,2025-07-09
3431,3431,editor,2025-10-25
3432,3432,editor,2025-09-09
3433,3433,admin,2025-08-15
3434,3434,admin,2026-02-12
3435,3435,invalid_role,2025-08-31
3436,3436,admin,2025-12-03
3437,3437,viewer,2026-02-18
3438,3438,,2026-01-16
3439,3439,invalid_role,2025-12-15
3440,3440,guest,2025-05-12
3441,3441,,2025-10-09
3442,3442,,2025-05-24
3443,3443,admin,2025-12-03
3444,3444,admin,2025-07-31
3445,3445,,2025-05-26
3446,3446,viewer,2025-08-08
3447,3447,,2025-05-18
3448,3448,admin,2025-11-30
3449,3449,,2025-08-25
3450,3450,viewer,2026-01-04
3451,3451,admin,2025-11-08
3452,3452,admin,2025-11-29
3453,3453,viewer,2025-07-16
3454,3454,admin,2026-01-09
3455,3455,,2026-01-30
3456,3456,viewer,2025-07-05
3457,3457,unknown,2025-09-01
3458,3458,admin,2025-12-26
3459,3459,admin,2025-12-13
3460,3460,editor,2025-07-27
3461,3461,viewer,2025-06-04
3462,3462,admin,2026-01-27
3463,3463,viewer,2025-08-03
3464,3464,invalid_role,2025-05-24
3465,3465,viewer,2025-12-31
3466,3466,editor,2025-05-03
3467,3467,admin,2026-02-21
3468,3468,,2026-02-04
3469,3469,viewer,2026-01-01
3470,3470,admin,2026-03-22
3471,3471,admin,2025-12-15
3472,3472,unknown,2025-11-13
3473,3473,viewer,2026-03-28
3474,3474,editor,2025-10-05
3475,3475,viewer,2025-04-19
3476,3476,invalid_role,2025-08-30
3477,3477,viewer,2026-01-06
3478,3478,viewer,2025-09-13
3479,3479,viewer,2026-03-28
3480,3480,editor,2025-12-13
3481,3481,admin,2025-07-20
3482,3482,viewer,2025-04-14
3483,3483,editor,2025-06-11
3484,3484,editor,2025-11-14
3485,3485,admin,2025-06-29
3486,3486,admin,2025-05-10
3487,3487,editor,2025-09-03
3488,3488,admin,2026-02-15
3489,3489,admin,2025-12-01
3490,3490,admin,2025-06-14
3491,3491,viewer,2026-02-21
3492,3492,admin,2026-01-29
3493,3493,editor,2025-12-05
3494,3494,editor,2025-07-22
3495,3495,,2025-10-05
3496,3496,,2025-07-07
3497,3497,viewer,2025-04-29
3498,3498,invalid_role,2025-07-25
3499,3499,admin,2025-04-28
3500,3500,viewer,2026-03-12
3501,3501,editor,2025-04-05
3502,3502,admin,2025-04-28
3503,3503,admin,2025-12-23
3504,3504,editor,2025-06-25
3505,3505,admin,2025-05-20
3506,3506,,2026-03-27
3507,3507,viewer,2026-01-08
3508,3508,,2025-04-05
3509,3509,admin,2025-09-30
3510,3510,admin,2025-05-09
3511,3511,,2026-01-10
3512,3512,admin,2025-09-19
3513,3513,admin,2025-11-01
3514,3514,admin,2025-12-11
3515,3515,admin,2025-09-05
3516,3516,admin,2026-01-22
3517,3517,editor,2025-12-06
3518,3518,viewer,2025-04-27
3519,3519,viewer,2025-12-02
3520,3520,editor,2026-03-14
3521,3521,viewer,2025-08-06
3522,3522,viewer,2025-05-17
3523,3523,admin,2025-08-10
3524,3524,editor,2025-10-23
3525,3525,admin,2025-05-15
3526,3526,,2025-11-06
3527,3527,viewer,2025-10-14
3528,3528,editor,2025-04-08
3529,3529,invalid_role,2025-12-29
3530,3530,editor,2025-06-09
3531,3531,admin,2025-07-30
3532,3532,admin,2025-04-17
3533,3533,admin,2026-03-13
3534,3534,,2025-10-25
3535,3535,admin,2025-10-28
3536,3536,viewer,2025-11-23
3537,3537,viewer,2025-11-12
3538,3538,admin,2025-08-21
3539,3539,editor,2025-08-15
3540,3540,viewer,2025-05-15
3541,3541,editor,2025-12-17
3542,3542,viewer,2025-05-07
3543,3543,viewer,2025-11-26
3544,3544,editor,2025-11-27
3545,3545,editor,2025-10-31
3546,3546,admin,2025-04-07
3547,3547,guest,2026-03-21
3548,3548,editor,2025-11-03
3549,3549,guest,2026-03-14
3550,3550,admin,2026-02-15
3551,3551,admin,2025-09-11
3552,3552,admin,2025-11-28
3553,3553,editor,2026-01-22
3554,3554,viewer,2025-11-21
3555,3555,invalid_role,2026-02-18
3556,3556,viewer,2025-04-01
3557,3557,guest,2025-07-07
3558,3558,viewer,2025-09-05
3559,3559,admin,2025-07-12
3560,3560,viewer,2026-01-06
3561,3561,viewer,2026-03-15
3562,3562,unknown,2025-10-26
3563,3563,admin,2025-10-30
3564,3564,viewer,2026-02-27
3565,3565,viewer,2025-12-13
3566,3566,admin,2026-02-12
3567,3567,admin,2026-03-03
3568,3568,admin,2025-11-27
3569,3569,editor,2025-03-31
3570,3570,,2026-03-14
3571,3571,viewer,2025-11-15
3572,3572,admin,2026-01-09
3573,3573,admin,2025-12-08
3574,3574,editor,2025-04-30
3575,3575,invalid_role,2025-12-20
3576,3576,admin,2025-07-16
3577,3577,,2025-11-21
3578,3578,admin,2025-12-02
3579,3579,admin,2026-02-11
3580,3580,,2025-10-14
3581,3581,editor,2026-02-08
3582,3582,guest,2025-12-13
3583,3583,guest,2025-09-10
3584,3584,invalid_role,2026-01-22
3585,3585,viewer,2025-05-02
3586,3586,editor,2026-01-26
3587,3587,guest,2026-02-02
3588,3588,invalid_role,2025-04-20
3589,3589,editor,2025-12-14
3590,3590,editor,2026-03-02
3591,3591,viewer,2026-02-01
3592,3592,viewer,2025-06-25
3593,3593,viewer,2025-04-28
3594,3594,,2026-03-29
3595,3595,admin,2025-11-08
3596,3596,viewer,2025-07-04
3597,3597,viewer,2025-11-19
3598,3598,unknown,2025-09-30
3599,3599,viewer,2025-07-29
3600,3600,admin,2025-05-07
3601,3601,editor,2026-01-28
3602,3602,guest,2025-11-16
3603,3603,admin,2026-02-18
3604,3604,invalid_role,2026-02-19
3605,3605,viewer,2025-08-04
3606,3606,admin,2025-08-27
3607,3607,admin,2025-05-25
3608,3608,editor,2025-05-29
3609,3609,,2025-10-21
3610,3610,admin,2026-02-25
3611,3611,viewer,2025-06-21
3612,3612,viewer,2025-10-02
3613,3613,admin,2025-05-26
3614,3614,editor,2025-12-26
3615,3615,admin,2026-03-15
3616,3616,viewer,2025-05-15
3617,3617,unknown,2025-07-10
3618,3618,admin,2026-01-30
3619,3619,viewer,2026-02-14
3620,3620,editor,2026-03-04
3621,3621,,2025-04-27
3622,3622,viewer,2025-04-04
3623,3623,editor,2025-10-02
3624,3624,unknown,2025-11-14
3625,3625,viewer,2026-03-26
3626,3626,viewer,2026-01-15
3627,3627,admin,2025-11-25
3628,3628,viewer,2025-12-06
3629,3629,admin,2026-02-09
3630,3630,editor,2025-04-25
3631,3631,editor,2025-04-13
3632,3632,unknown,2025-11-30
3633,3633,editor,2026-03-18
3634,3634,viewer,2025-12-17
3635,3635,editor,2025-12-07
3636,3636,editor,2026-03-29
3637,3637,viewer,2025-06-16
3638,3638,unknown,2025-04-18
3639,3639,admin,2026-03-15
3640,3640,admin,2026-03-10
3641,3641,,2025-10-28
3642,3642,editor,2026-02-19
3643,3643,viewer,2025-10-23
3644,3644,editor,2026-01-24
3645,3645,editor,2025-07-16
3646,3646,admin,2025-12-29
3647,3647,viewer,2025-08-22
3648,3648,editor,2026-01-27
3649,3649,viewer,2026-02-07
3650,3650,viewer,2025-11-19
3651,3651,viewer,2025-10-02
3652,3652,viewer,2025-10-08
3653,3653,editor,2025-06-18
3654,3654,editor,2025-07-05
3655,3655,viewer,2025-12-27
3656,3656,viewer,2025-06-26
3657,3657,viewer,2025-07-20
3658,3658,editor,2025-06-20
3659,3659,admin,2025-08-08
3660,3660,viewer,2025-10-14
3661,3661,editor,2026-01-14
3662,3662,admin,2025-11-22
3663,3663,viewer,2025-10-23
3664,3664,viewer,2025-06-06
3665,3665,editor,2025-09-28
3666,3666,guest,2026-02-22
3667,3667,viewer,2025-05-01
3668,3668,viewer,2025-11-27
3669,3669,editor,2025-10-11
3670,3670,viewer,2026-01-10
3671,3671,editor,2025-04-30
3672,3672,editor,2025-08-31
3673,3673,unknown,2025-11-24
3674,3674,editor,2025-04-28
3675,3675,viewer,2025-08-22
3676,3676,viewer,2025-04-12
3677,3677,editor,2026-01-23
3678,3678,admin,2025-04-13
3679,3679,admin,2025-12-23
3680,3680,,2025-07-25
3681,3681,editor,2025-09-15
3682,3682,admin,2025-06-21
3683,3683,editor,2025-06-21
3684,3684,admin,2025-08-30
3685,3685,admin,2025-07-16
3686,3686,admin,2025-11-08
3687,3687,unknown,2025-05-29
3688,3688,viewer,2025-04-14
3689,3689,viewer,2025-04-22
3690,3690,editor,2025-05-10
3691,3691,,2026-02-02
3692,3692,viewer,2026-03-14
3693,3693,editor,2025-10-27
3694,3694,admin,2025-08-09
3695,3695,viewer,2025-12-17
3696,3696,admin,2025-08-03
3697,3697,admin,2025-09-28
3698,3698,viewer,2025-09-21
3699,3699,invalid_role,2025-10-31
3700,3700,viewer,2026-03-05
3701,3701,viewer,2026-01-17
3702,3702,guest,2025-07-05
3703,3703,admin,2025-08-08
3704,3704,admin,2025-12-11
3705,3705,viewer,2026-01-03
3706,3706,,2025-04-24
3707,3707,guest,2026-02-20
3708,3708,viewer,2025-12-18
3709,3709,,2026-03-08
3710,3710,editor,2025-11-20
3711,3711,viewer,2025-05-10
3712,3712,viewer,2025-07-26
3713,3713,admin,2025-08-21
3714,3714,viewer,2025-12-11
3715,3715,viewer,2026-02-01
3716,3716,invalid_role,2025-10-28
3717,3717,guest,2025-11-27
3718,3718,editor,2025-04-24
3719,3719,viewer,2025-10-29
3720,3720,unknown,2025-09-25
3721,3721,viewer,2025-08-24
3722,3722,viewer,2025-05-07
3723,3723,,2025-08-21
3724,3724,editor,2026-01-19
3725,3725,,2025-10-14
3726,3726,editor,2026-03-25
3727,3727,viewer,2026-03-19
3728,3728,guest,2025-12-06
3729,3729,admin,2026-03-26
3730,3730,admin,2025-06-09
3731,3731,viewer,2025-08-13
3732,3732,,2026-01-18
3733,3733,editor,2026-02-17
3734,3734,editor,2025-08-25
3735,3735,editor,2025-11-22
3736,3736,editor,2026-02-11
3737,3737,editor,2026-03-04
3738,3738,viewer,2026-01-21
3739,3739,viewer,2025-08-20
3740,3740,viewer,2025-05-06
3741,3741,admin,2025-12-22
3742,3742,invalid_role,2025-06-25
3743,3743,viewer,2025-09-24
3744,3744,viewer,2026-03-12
3745,3745,viewer,2025-12-16
3746,3746,editor,2026-03-04
3747,3747,editor,2025-05-08
3748,3748,guest,2025-10-30
3749,3749,viewer,2025-05-09
3750,3750,admin,2025-07-12
3751,3751,admin,2025-07-23
3752,3752,,2025-09-17
3753,3753,,2025-06-03
3754,3754,admin,2025-10-17
3755,3755,unknown,2025-04-14
3756,3756,admin,2025-09-17
3757,3757,admin,2025-08-06
3758,3758,unknown,2026-01-23
3759,3759,,2025-08-19
3760,3760,guest,2026-02-08
3761,3761,editor,2025-11-20
3762,3762,invalid_role,2026-03-22
3763,3763,invalid_role,2025-04-19
3764,3764,editor,2026-02-19
3765,3765,,2025-11-25
3766,3766,editor,2025-12-22
3767,3767,viewer,2025-09-10
3768,3768,guest,2025-04-01
3769,3769,viewer,2025-05-11
3770,3770,viewer,2025-10-26
3771,3771,viewer,2026-01-29
3772,3772,admin,2025-08-01
3773,3773,viewer,2025-12-27
3774,3774,invalid_role,2026-01-28
3775,3775,viewer,2025-12-17
3776,3776,viewer,2025-08-18
3777,3777,viewer,2026-02-16
3778,3778,editor,2025-11-26
3779,3779,admin,2026-02-14
3780,3780,editor,2025-06-01
3781,3781,viewer,2025-04-23
3782,3782,admin,2026-03-26
3783,3783,viewer,2025-12-02
3784,3784,admin,2025-10-02
3785,3785,,2025-08-20
3786,3786,admin,2025-07-26
3787,3787,editor,2025-06-18
3788,3788,viewer,2025-08-24
3789,3789,admin,2025-04-24
3790,3790,guest,2025-08-09
3791,3791,admin,2025-04-23
3792,3792,viewer,2025-08-12
3793,3793,unknown,2025-10-11
3794,3794,viewer,2025-10-31
3795,3795,editor,2025-12-14
3796,3796,editor,2025-11-17
3797,3797,viewer,2025-06-16
3798,3798,editor,2026-02-08
3799,3799,,2025-10-29
3800,3800,viewer,2025-05-22
3801,3801,editor,2025-09-04
3802,3802,viewer,2025-08-07
3803,3803,viewer,2026-01-30
3804,3804,admin,2025-05-24
3805,3805,,2025-08-17
3806,3806,,2026-02-05
3807,3807,editor,2025-07-22
3808,3808,viewer,2025-12-12
3809,3809,editor,2025-07-17
3810,3810,guest,2026-03-28
3811,3811,editor,2025-07-15
3812,3812,admin,2026-03-05
3813,3813,viewer,2025-04-18
3814,3814,admin,2025-07-11
3815,3815,viewer,2025-10-24
3816,3816,viewer,2025-06-07
3817,3817,,2025-04-19
3818,3818,admin,2025-06-19
3819,3819,unknown,2026-03-23
3820,3820,viewer,2025-12-29
3821,3821,viewer,2025-08-14
3822,3822,guest,2025-04-30
3823,3823,viewer,2025-12-02
3824,3824,,2025-05-25
3825,3825,admin,2025-10-30
3826,3826,editor,2025-10-14
3827,3827,unknown,2026-02-05
3828,3828,editor,2025-11-06
3829,3829,viewer,2025-05-24
3830,3830,viewer,2025-07-01
3831,3831,viewer,2026-02-21
3832,3832,admin,2026-02-16
3833,3833,guest,2026-03-05
3834,3834,admin,2025-04-10
3835,3835,admin,2025-09-20
3836,3836,admin,2025-08-26
3837,3837,unknown,2025-08-23
3838,3838,viewer,2025-11-08
3839,3839,viewer,2025-10-13
3840,3840,editor,2025-12-13
3841,3841,viewer,2025-12-02
3842,3842,editor,2025-06-29
3843,3843,admin,2025-10-15
3844,3844,,2025-05-23
3845,3845,admin,2025-11-01
3846,3846,viewer,2025-12-11
3847,3847,viewer,2025-06-10
3848,3848,admin,2025-05-03
3849,3849,invalid_role,2025-07-16
3850,3850,,2025-12-10
3851,3851,admin,2025-10-07
3852,3852,admin,2026-01-03
3853,3853,,2026-01-16
3854,3854,editor,2025-09-09
3855,3855,editor,2025-08-25
3856,3856,editor,2025-11-27
3857,3857,invalid_role,2025-06-13
3858,3858,guest,2025-07-13
3859,3859,,2025-09-04
3860,3860,guest,2025-06-27
3861,3861,guest,2025-09-17
3862,3862,,2025-05-20
3863,3863,viewer,2025-09-04
3864,3864,editor,2025-12-14
3865,3865,,2026-03-19
3866,3866,editor,2026-03-08
3867,3867,admin,2026-02-22
3868,3868,admin,2026-02-13
3869,3869,admin,2025-08-05
3870,3870,viewer,2025-05-10
3871,3871,editor,2025-12-14
3872,3872,admin,2025-04-27
3873,3873,viewer,2025-12-21
3874,3874,admin,2025-04-11
3875,3875,guest,2025-09-08
3876,3876,admin,2025-07-05
3877,3877,editor,2025-04-04
3878,3878,admin,2025-07-25
3879,3879,editor,2026-01-17
3880,3880,admin,2025-04-06
3881,3881,admin,2026-03-16
3882,3882,admin,2026-01-30
3883,3883,admin,2025-04-20
3884,3884,admin,2025-05-05
3885,3885,unknown,2026-02-17
3886,3886,admin,2025-10-21
3887,3887,,2025-05-20
3888,3888,admin,2026-03-06
3889,3889,viewer,2025-09-27
3890,3890,editor,2025-10-08
3891,3891,,2025-04-20
3892,3892,viewer,2026-03-01
3893,3893,admin,2025-08-26
3894,3894,editor,2025-12-04
3895,3895,,2025-05-18
3896,3896,admin,2025-09-04
3897,3897,admin,2025-10-06
3898,3898,guest,2025-08-23
3899,3899,admin,2026-01-06
3900,3900,editor,2025-10-26
3901,3901,,2025-06-26
3902,3902,invalid_role,2025-10-15
3903,3903,admin,2025-07-13
3904,3904,viewer,2025-05-30
3905,3905,admin,2025-08-28
3906,3906,admin,2025-08-30
3907,3907,editor,2026-03-10
3908,3908,editor,2025-09-30
3909,3909,guest,2025-04-27
3910,3910,editor,2025-07-07
3911,3911,editor,2025-12-04
3912,3912,viewer,2025-05-01
3913,3913,guest,2025-11-16
3914,3914,invalid_role,2025-07-22
3915,3915,viewer,2026-01-04
3916,3916,viewer,2025-10-30
3917,3917,,2026-02-17
3918,3918,admin,2026-01-18
3919,3919,editor,2025-10-18
3920,3920,,2025-04-04
3921,3921,viewer,2025-08-07
3922,3922,admin,2026-03-23
3923,3923,,2026-03-13
3924,3924,admin,2025-07-08
3925,3925,admin,2025-12-29
3926,3926,guest,2025-12-12
3927,3927,admin,2026-01-09
3928,3928,admin,2025-09-18
3929,3929,editor,2025-09-13
3930,3930,admin,2025-12-27
3931,3931,admin,2025-08-16
3932,3932,viewer,2025-06-29
3933,3933,invalid_role,2025-10-14
3934,3934,editor,2025-07-02
3935,3935,viewer,2026-03-21
3936,3936,viewer,2025-12-20
3937,3937,admin,2025-11-17
3938,3938,viewer,2026-02-22
3939,3939,viewer,2025-08-18
3940,3940,,2025-05-14
3941,3941,editor,2025-08-25
3942,3942,admin,2025-12-29
3943,3943,viewer,2026-02-28
3944,3944,viewer,2025-10-20
3945,3945,viewer,2025-09-02
3946,3946,viewer,2025-05-18
3947,3947,viewer,2025-07-02
3948,3948,admin,2026-01-22
3949,3949,editor,2026-01-08
3950,3950,viewer,2025-06-21
3951,3951,editor,2026-03-02
3952,3952,admin,2025-06-12
3953,3953,viewer,2025-11-30
3954,3954,viewer,2025-10-02
3955,3955,admin,2026-02-02
3956,3956,editor,2025-04-06
3957,3957,guest,2025-06-12
3958,3958,editor,2025-10-22
3959,3959,editor,2025-11-03
3960,3960,admin,2025-08-28
3961,3961,viewer,2025-06-05
3962,3962,editor,2026-02-13
3963,3963,editor,2025-11-24
3964,3964,,2025-10-09
3965,3965,guest,2025-08-12
3966,3966,editor,2025-09-05
3967,3967,viewer,2025-06-30
3968,3968,admin,2025-12-05
3969,3969,viewer,2025-11-01
3970,3970,editor,2025-12-21
3971,3971,viewer,2026-01-02
3972,3972,viewer,2025-06-30
3973,3973,guest,2025-05-13
3974,3974,editor,2025-11-28
3975,3975,admin,2025-06-11
3976,3976,admin,2025-10-01
3977,3977,viewer,2026-01-02
3978,3978,admin,2026-01-17
3979,3979,admin,2025-04-20
3980,3980,admin,2025-10-23
3981,3981,,2025-07-27
3982,3982,viewer,2025-06-28
3983,3983,editor,2025-06-17
3984,3984,editor,2025-07-06
3985,3985,admin,2025-09-27
3986,3986,editor,2026-02-27
3987,3987,admin,2026-03-02
3988,3988,viewer,2025-11-24
3989,3989,admin,2026-01-15
3990,3990,admin,2026-01-15
3991,3991,invalid_role,2026-01-11
3992,3992,editor,2026-03-01
3993,3993,admin,2025-07-22
3994,3994,unknown,2025-10-05
3995,3995,admin,2025-05-07
3996,3996,admin,2025-07-07
3997,3997,admin,2025-10-17
3998,3998,editor,2026-03-11
3999,3999,editor,2025-07-31
4000,4000,editor,2025-04-19
4001,4001,guest,2026-02-28
4002,4002,admin,2025-04-15
4003,4003,admin,2025-12-14
4004,4004,viewer,2025-08-30
4005,4005,editor,2025-10-08
4006,4006,admin,2026-01-18
4007,4007,editor,2025-04-27
4008,4008,viewer,2026-03-06
4009,4009,viewer,2025-09-06
4010,4010,unknown,2025-11-28
4011,4011,admin,2025-10-23
4012,4012,viewer,2025-07-02
4013,4013,invalid_role,2026-03-12
4014,4014,admin,2025-07-25
4015,4015,,2025-11-29
4016,4016,viewer,2025-07-05
4017,4017,editor,2025-07-06
4018,4018,unknown,2025-04-17
4019,4019,guest,2026-01-09
4020,4020,,2025-11-17
4021,4021,editor,2025-11-12
4022,4022,editor,2026-03-02
4023,4023,admin,2025-05-29
4024,4024,editor,2025-06-12
4025,4025,editor,2026-03-28
4026,4026,editor,2025-09-07
4027,4027,editor,2025-07-18
4028,4028,editor,2025-08-24
4029,4029,admin,2025-08-12
4030,4030,admin,2025-11-17
4031,4031,editor,2025-07-11
4032,4032,editor,2025-05-25
4033,4033,editor,2026-01-18
4034,4034,admin,2026-01-07
4035,4035,admin,2025-12-28
4036,4036,admin,2025-12-16
4037,4037,guest,2025-06-17
4038,4038,viewer,2025-05-16
4039,4039,editor,2026-01-10
4040,4040,editor,2025-06-16
4041,4041,editor,2025-07-19
4042,4042,admin,2025-04-27
4043,4043,,2025-10-25
4044,4044,editor,2026-02-25
4045,4045,admin,2025-11-13
4046,4046,admin,2025-08-26
4047,4047,editor,2025-11-04
4048,4048,editor,2025-09-30
4049,4049,viewer,2025-09-20
4050,4050,invalid_role,2025-10-27
4051,4051,,2025-05-26
4052,4052,admin,2026-03-27
4053,4053,editor,2026-03-15
4054,4054,admin,2025-06-21
4055,4055,viewer,2026-03-09
4056,4056,viewer,2025-04-14
4057,4057,viewer,2025-04-01
4058,4058,editor,2025-07-30
4059,4059,unknown,2025-12-08
4060,4060,admin,2025-06-17
4061,4061,viewer,2025-06-17
4062,4062,,2025-09-18
4063,4063,editor,2025-05-16
4064,4064,viewer,2025-11-26
4065,4065,,2025-12-01
4066,4066,guest,2025-04-17
4067,4067,admin,2025-12-17
4068,4068,admin,2025-05-20
4069,4069,editor,2025-05-08
4070,4070,admin,2025-12-31
4071,4071,viewer,2025-10-23
4072,4072,viewer,2025-11-01
4073,4073,editor,2025-05-25
4074,4074,editor,2025-12-03
4075,4075,admin,2025-11-09
4076,4076,admin,2026-03-02
4077,4077,viewer,2026-03-24
4078,4078,,2026-02-08
4079,4079,admin,2026-01-16
4080,4080,editor,2025-12-21
4081,4081,guest,2026-01-08
4082,4082,admin,2025-05-07
4083,4083,admin,2025-07-29
4084,4084,editor,2026-02-09
4085,4085,viewer,2025-08-08
4086,4086,admin,2026-02-04
4087,4087,,2025-05-24
4088,4088,admin,2025-08-01
4089,4089,admin,2026-02-17
4090,4090,editor,2026-02-22
4091,4091,viewer,2026-02-01
4092,4092,viewer,2026-03-21
4093,4093,editor,2025-04-04
4094,4094,editor,2025-08-06
4095,4095,admin,2026-01-02
4096,4096,admin,2025-08-31
4097,4097,editor,2026-01-17
4098,4098,,2026-03-04
4099,4099,admin,2025-07-09
4100,4100,viewer,2025-12-07
4101,4101,admin,2025-07-09
4102,4102,viewer,2025-08-17
4103,4103,,2026-03-27
4104,4104,,2025-10-14
4105,4105,admin,2025-11-29
4106,4106,viewer,2026-02-22
4107,4107,invalid_role,2025-06-17
4108,4108,editor,2025-10-02
4109,4109,viewer,2025-08-08
4110,4110,,2025-08-11
4111,4111,admin,2025-04-01
4112,4112,,2025-07-14
4113,4113,editor,2026-02-08
4114,4114,viewer,2025-06-01
4115,4115,admin,2025-12-13
4116,4116,editor,2025-11-20
4117,4117,admin,2026-01-12
4118,4118,invalid_role,2025-07-15
4119,4119,admin,2025-09-21
4120,4120,editor,2025-12-16
4121,4121,editor,2025-08-12
4122,4122,admin,2025-12-18
4123,4123,viewer,2025-07-01
4124,4124,viewer,2025-10-24
4125,4125,viewer,2025-08-19
4126,4126,viewer,2025-12-20
4127,4127,viewer,2025-09-13
4128,4128,,2025-09-19
4129,4129,editor,2025-08-02
4130,4130,editor,2025-09-11
4131,4131,viewer,2025-11-29
4132,4132,unknown,2025-07-20
4133,4133,admin,2025-05-15
4134,4134,viewer,2025-05-30
4135,4135,admin,2026-02-02
4136,4136,guest,2025-11-17
4137,4137,admin,2025-05-20
4138,4138,editor,2025-09-28
4139,4139,viewer,2026-02-04
4140,4140,,2025-10-03
4141,4141,admin,2025-04-17
4142,4142,admin,2026-01-13
4143,4143,admin,2025-07-14
4144,4144,editor,2025-10-13
4145,4145,viewer,2025-08-31
4146,4146,viewer,2025-12-02
4147,4147,admin,2025-10-04
4148,4148,admin,2025-05-01
4149,4149,viewer,2026-02-09
4150,4150,editor,2025-12-04
4151,4151,viewer,2026-01-09
4152,4152,editor,2025-09-14
4153,4153,editor,2026-03-28
4154,4154,admin,2025-05-09
4155,4155,viewer,2026-03-08
4156,4156,viewer,2026-02-07
4157,4157,admin,2025-09-19
4158,4158,admin,2025-12-02
4159,4159,editor,2026-03-02
4160,4160,admin,2025-05-11
4161,4161,admin,2025-06-12
4162,4162,viewer,2026-02-20
4163,4163,editor,2025-05-05
4164,4164,viewer,2025-10-18
4165,4165,admin,2025-06-03
4166,4166,admin,2026-02-15
4167,4167,,2026-01-26
4168,4168,editor,2025-12-12
4169,4169,admin,2025-10-06
4170,4170,editor,2025-09-14
4171,4171,editor,2025-07-28
4172,4172,unknown,2025-11-08
4173,4173,editor,2025-04-07
4174,4174,editor,2026-01-13
4175,4175,viewer,2025-09-08
4176,4176,viewer,2025-05-25
4177,4177,guest,2026-02-22
4178,4178,editor,2025-09-08
4179,4179,admin,2025-06-09
4180,4180,viewer,2025-05-02
4181,4181,editor,2025-11-07
4182,4182,viewer,2025-09-16
4183,4183,admin,2025-07-20
4184,4184,editor,2025-05-21
4185,4185,viewer,2026-02-02
4186,4186,invalid_role,2025-08-26
4187,4187,viewer,2025-06-22
4188,4188,viewer,2025-09-23
4189,4189,viewer,2025-08-24
4190,4190,editor,2026-02-18
4191,4191,,2025-12-25
4192,4192,viewer,2025-12-24
4193,4193,editor,2025-04-22
4194,4194,,2025-10-27
4195,4195,admin,2025-04-09
4196,4196,invalid_role,2025-06-24
4197,4197,editor,2025-10-23
4198,4198,editor,2025-04-09
4199,4199,viewer,2025-04-16
4200,4200,editor,2025-12-02
4201,4201,admin,2025-06-25
4202,4202,viewer,2025-10-22
4203,4203,viewer,2026-03-01
4204,4204,editor,2025-05-26
4205,4205,viewer,2025-09-18
4206,4206,viewer,2025-10-03
4207,4207,viewer,2025-05-29
4208,4208,admin,2025-10-29
4209,4209,admin,2026-01-10
4210,4210,editor,2026-01-12
4211,4211,viewer,2025-11-07
4212,4212,editor,2025-06-04
4213,4213,viewer,2025-12-19
4214,4214,editor,2025-09-27
4215,4215,,2025-10-14
4216,4216,invalid_role,2025-06-05
4217,4217,admin,2025-10-03
4218,4218,viewer,2025-05-08
4219,4219,viewer,2026-02-26
4220,4220,,2025-04-19
4221,4221,editor,2025-08-19
4222,4222,,2026-01-05
4223,4223,editor,2026-01-16
4224,4224,editor,2026-01-15
4225,4225,editor,2026-01-15
4226,4226,editor,2025-06-24
4227,4227,editor,2025-10-29
4228,4228,viewer,2025-07-04
4229,4229,editor,2025-05-25
4230,4230,editor,2025-08-23
4231,4231,invalid_role,2025-06-08
4232,4232,admin,2026-01-20
4233,4233,viewer,2025-04-23
4234,4234,,2025-07-22
4235,4235,admin,2025-12-09
4236,4236,,2026-01-20
4237,4237,editor,2025-10-03
4238,4238,editor,2026-02-25
4239,4239,unknown,2025-06-04
4240,4240,admin,2025-09-14
4241,4241,admin,2025-06-05
4242,4242,editor,2025-08-17
4243,4243,viewer,2025-10-22
4244,4244,admin,2025-05-03
4245,4245,viewer,2025-05-03
4246,4246,admin,2025-08-25
4247,4247,unknown,2025-04-07
4248,4248,,2025-09-03
4249,4249,,2025-12-01
4250,4250,viewer,2025-11-26
4251,4251,admin,2025-09-15
4252,4252,editor,2025-06-10
4253,4253,invalid_role,2025-10-18
4254,4254,editor,2025-03-31
4255,4255,admin,2025-11-30
4256,4256,admin,2025-08-13
4257,4257,viewer,2025-06-24
4258,4258,admin,2025-09-22
4259,4259,viewer,2025-10-04
4260,4260,viewer,2025-12-01
4261,4261,viewer,2025-07-06
4262,4262,viewer,2026-01-06
4263,4263,viewer,2025-04-12
4264,4264,,2025-05-06
4265,4265,admin,2025-12-08
4266,4266,admin,2026-03-14
4267,4267,admin,2025-10-22
4268,4268,unknown,2026-01-02
4269,4269,,2025-07-13
4270,4270,viewer,2025-09-13
4271,4271,viewer,2025-11-29
4272,4272,editor,2025-11-30
4273,4273,viewer,2025-05-26
4274,4274,invalid_role,2025-05-24
4275,4275,admin,2025-04-05
4276,4276,editor,2025-10-30
4277,4277,admin,2026-01-06
4278,4278,admin,2025-08-01
4279,4279,viewer,2025-10-14
4280,4280,editor,2025-11-28
4281,4281,,2025-10-15
4282,4282,viewer,2025-04-08
4283,4283,viewer,2025-06-06
4284,4284,invalid_role,2025-05-01
4285,4285,admin,2025-06-25
4286,4286,viewer,2025-07-26
4287,4287,editor,2025-06-12
4288,4288,admin,2025-11-12
4289,4289,admin,2026-01-31
4290,4290,viewer,2025-05-06
4291,4291,editor,2025-08-11
4292,4292,admin,2025-06-16
4293,4293,editor,2026-02-03
4294,4294,admin,2025-07-25
4295,4295,editor,2026-02-09
4296,4296,viewer,2025-05-24
4297,4297,viewer,2025-04-03
4298,4298,admin,2025-04-15
4299,4299,viewer,2025-04-11
4300,4300,editor,2025-10-02
4301,4301,viewer,2025-04-23
4302,4302,editor,2025-05-30
4303,4303,viewer,2026-03-23
4304,4304,editor,2025-08-19
4305,4305,editor,2025-12-03
4306,4306,viewer,2025-12-26
4307,4307,editor,2025-06-29
4308,4308,editor,2025-12-19
4309,4309,,2025-07-16
4310,4310,viewer,2025-10-03
4311,4311,admin,2025-11-18
4312,4312,editor,2025-06-25
4313,4313,admin,2025-06-03
4314,4314,,2025-05-31
4315,4315,invalid_role,2025-06-07
4316,4316,admin,2025-11-10
4317,4317,admin,2025-04-17
4318,4318,admin,2025-07-02
4319,4319,editor,2025-11-29
4320,4320,unknown,2025-07-23
4321,4321,guest,2026-03-14
4322,4322,editor,2025-03-31
4323,4323,,2025-06-19
4324,4324,viewer,2025-11-14
4325,4325,invalid_role,2026-01-15
4326,4326,editor,2025-09-23
4327,4327,editor,2025-08-23
4328,4328,admin,2025-08-05
4329,4329,unknown,2026-03-05
4330,4330,invalid_role,2025-10-25
4331,4331,editor,2026-01-17
4332,4332,editor,2025-12-19
4333,4333,editor,2025-06-20
4334,4334,admin,2025-09-09
4335,4335,,2026-02-23
4336,4336,admin,2026-03-23
4337,4337,unknown,2025-05-28
4338,4338,viewer,2025-05-12
4339,4339,editor,2025-07-16
4340,4340,unknown,2025-12-22
4341,4341,admin,2025-08-13
4342,4342,admin,2025-11-19
4343,4343,editor,2026-01-09
4344,4344,admin,2025-06-28
4345,4345,viewer,2026-02-06
4346,4346,viewer,2026-01-22
4347,4347,admin,2026-02-07
4348,4348,admin,2025-06-02
4349,4349,admin,2025-07-30
4350,4350,guest,2025-05-01
4351,4351,admin,2026-01-01
4352,4352,editor,2026-03-29
4353,4353,editor,2025-10-05
4354,4354,viewer,2025-04-19
4355,4355,viewer,2025-05-13
4356,4356,invalid_role,2026-02-02
4357,4357,admin,2025-10-24
4358,4358,invalid_role,2025-11-06
4359,4359,admin,2025-09-19
4360,4360,guest,2026-03-08
4361,4361,viewer,2026-03-24
4362,4362,,2025-06-04
4363,4363,admin,2025-06-23
4364,4364,viewer,2025-05-31
4365,4365,,2026-02-07
4366,4366,viewer,2025-06-01
4367,4367,editor,2025-12-20
4368,4368,viewer,2025-11-12
4369,4369,viewer,2025-10-21
4370,4370,guest,2025-05-17
4371,4371,editor,2025-11-10
4372,4372,editor,2026-03-11
4373,4373,admin,2025-09-27
4374,4374,admin,2025-08-08
4375,4375,admin,2025-12-22
4376,4376,viewer,2025-09-13
4377,4377,unknown,2026-03-10
4378,4378,unknown,2025-09-11
4379,4379,admin,2025-06-22
4380,4380,editor,2025-10-17
4381,4381,,2025-04-03
4382,4382,editor,2025-04-03
4383,4383,viewer,2026-02-25
4384,4384,viewer,2025-08-29
4385,4385,editor,2026-02-09
4386,4386,admin,2026-03-21
4387,4387,viewer,2025-08-11
4388,4388,viewer,2025-04-07
4389,4389,,2025-09-21
4390,4390,viewer,2025-10-12
4391,4391,invalid_role,2026-01-24
4392,4392,viewer,2025-10-05
4393,4393,invalid_role,2025-09-01
4394,4394,admin,2026-01-16
4395,4395,viewer,2025-05-14
4396,4396,editor,2025-04-05
4397,4397,admin,2025-12-05
4398,4398,editor,2025-08-25
4399,4399,viewer,2025-04-26
4400,4400,admin,2025-09-06
4401,4401,viewer,2025-05-24
4402,4402,viewer,2026-02-18
4403,4403,editor,2025-12-13
4404,4404,editor,2025-04-15
4405,4405,admin,2026-03-18
4406,4406,viewer,2025-06-02
4407,4407,viewer,2025-12-08
4408,4408,admin,2026-02-23
4409,4409,admin,2026-01-11
4410,4410,invalid_role,2026-02-07
4411,4411,invalid_role,2026-01-19
4412,4412,viewer,2025-07-13
4413,4413,,2025-10-05
4414,4414,,2025-10-07
4415,4415,admin,2026-01-11
4416,4416,editor,2025-12-21
4417,4417,viewer,2025-05-01
4418,4418,viewer,2026-03-03
4419,4419,viewer,2025-11-27
4420,4420,viewer,2025-07-04
4421,4421,,2025-06-02
4422,4422,admin,2025-11-04
4423,4423,unknown,2026-02-13
4424,4424,viewer,2025-07-21
4425,4425,admin,2025-08-26
4426,4426,viewer,2025-04-19
4427,4427,viewer,2025-05-20
4428,4428,editor,2025-09-06
4429,4429,editor,2025-11-01
4430,4430,editor,2025-05-04
4431,4431,viewer,2025-07-08
4432,4432,admin,2025-07-18
4433,4433,editor,2026-02-15
4434,4434,admin,2025-05-03
4435,4435,viewer,2025-07-22
4436,4436,guest,2025-06-30
4437,4437,editor,2025-09-03
4438,4438,invalid_role,2026-02-10
4439,4439,viewer,2025-05-15
4440,4440,admin,2026-02-01
4441,4441,editor,2025-11-04
4442,4442,admin,2025-11-29
4443,4443,editor,2025-12-27
4444,4444,admin,2025-06-15
4445,4445,editor,2025-07-27
4446,4446,editor,2025-09-05
4447,4447,invalid_role,2026-01-30
4448,4448,viewer,2025-05-28
4449,4449,admin,2025-08-22
4450,4450,editor,2025-11-06
4451,4451,unknown,2025-08-27
4452,4452,unknown,2025-10-31
4453,4453,,2025-09-11
4454,4454,admin,2025-06-09
4455,4455,editor,2025-11-08
4456,4456,admin,2026-03-21
4457,4457,viewer,2025-12-31
4458,4458,admin,2025-10-24
4459,4459,editor,2025-04-13
4460,4460,admin,2025-12-03
4461,4461,unknown,2025-09-24
4462,4462,viewer,2025-10-21
4463,4463,editor,2025-12-28
4464,4464,viewer,2025-07-15
4465,4465,unknown,2026-02-27
4466,4466,invalid_role,2025-06-10
4467,4467,viewer,2025-07-05
4468,4468,viewer,2025-03-30
4469,4469,,2025-09-15
4470,4470,unknown,2026-03-14
4471,4471,,2025-08-13
4472,4472,viewer,2025-11-05
4473,4473,editor,2025-06-11
4474,4474,viewer,2025-08-29
4475,4475,,2026-01-27
4476,4476,viewer,2025-12-19
4477,4477,editor,2026-01-04
4478,4478,,2025-04-03
4479,4479,admin,2025-04-05
4480,4480,admin,2025-05-16
4481,4481,editor,2026-01-29
4482,4482,admin,2025-10-13
4483,4483,editor,2026-03-09
4484,4484,viewer,2025-08-22
4485,4485,viewer,2025-05-28
4486,4486,viewer,2025-04-03
4487,4487,viewer,2025-05-08
4488,4488,viewer,2025-12-30
4489,4489,,2025-06-14
4490,4490,viewer,2025-09-22
4491,4491,editor,2025-11-18
4492,4492,guest,2026-01-04
4493,4493,viewer,2025-10-24
4494,4494,viewer,2025-12-31
4495,4495,unknown,2025-09-05
4496,4496,admin,2025-10-25
4497,4497,admin,2025-11-29
4498,4498,viewer,2025-05-10
4499,4499,viewer,2025-10-17
4500,4500,viewer,2025-11-01
4501,4501,,2025-10-09
4502,4502,admin,2026-01-13
4503,4503,editor,2026-01-20
4504,4504,editor,2025-07-02
4505,4505,viewer,2025-09-07
4506,4506,admin,2025-11-04
4507,4507,admin,2025-12-30
4508,4508,editor,2025-10-26
4509,4509,viewer,2025-11-25
4510,4510,unknown,2025-10-07
4511,4511,admin,2026-01-04
4512,4512,unknown,2025-10-06
4513,4513,,2025-12-21
4514,4514,,2025-10-08
4515,4515,guest,2026-03-19
4516,4516,viewer,2025-11-15
4517,4517,,2025-09-12
4518,4518,,2025-09-22
4519,4519,viewer,2025-12-08
4520,4520,admin,2025-05-29
4521,4521,admin,2025-12-13
4522,4522,editor,2025-06-23
4523,4523,viewer,2025-12-17
4524,4524,editor,2025-06-07
4525,4525,admin,2025-04-03
4526,4526,editor,2025-07-01
4527,4527,admin,2025-10-27
4528,4528,editor,2026-03-17
4529,4529,editor,2026-02-20
4530,4530,unknown,2025-10-06
4531,4531,,2025-11-02
4532,4532,editor,2026-02-12
4533,4533,editor,2025-04-20
4534,4534,viewer,2025-05-13
4535,4535,guest,2025-11-21
4536,4536,guest,2025-09-22
4537,4537,admin,2025-06-13
4538,4538,admin,2025-04-02
4539,4539,,2025-06-01
4540,4540,viewer,2026-01-24
4541,4541,admin,2026-03-02
4542,4542,editor,2025-08-14
4543,4543,,2025-07-18
4544,4544,invalid_role,2026-03-03
4545,4545,viewer,2025-09-27
4546,4546,viewer,2025-04-18
4547,4547,admin,2025-04-07
4548,4548,editor,2025-11-29
4549,4549,guest,2025-12-16
4550,4550,invalid_role,2025-09-09
4551,4551,viewer,2026-03-29
4552,4552,admin,2025-07-16
4553,4553,viewer,2025-10-09
4554,4554,admin,2026-03-17
4555,4555,,2026-01-14
4556,4556,,2025-10-01
4557,4557,,2025-12-04
4558,4558,admin,2025-12-27
4559,4559,,2025-04-05
4560,4560,admin,2026-01-25
4561,4561,admin,2025-06-26
4562,4562,admin,2025-07-04
4563,4563,,2025-09-06
4564,4564,editor,2025-12-22
4565,4565,unknown,2026-01-06
4566,4566,viewer,2025-05-15
4567,4567,editor,2025-06-17
4568,4568,admin,2025-09-27
4569,4569,admin,2025-05-22
4570,4570,editor,2025-07-07
4571,4571,editor,2025-12-26
4572,4572,viewer,2026-02-18
4573,4573,viewer,2025-09-14
4574,4574,viewer,2025-09-11
4575,4575,admin,2025-10-31
4576,4576,viewer,2025-08-09
4577,4577,editor,2025-08-11
4578,4578,viewer,2025-06-10
4579,4579,,2026-01-08
4580,4580,viewer,2025-09-25
4581,4581,invalid_role,2025-06-09
4582,4582,admin,2025-10-13
4583,4583,editor,2025-08-13
4584,4584,admin,2025-11-12
4585,4585,editor,2025-09-15
4586,4586,admin,2025-09-23
4587,4587,viewer,2025-09-04
4588,4588,,2025-09-12
4589,4589,admin,2025-06-29
4590,4590,viewer,2025-04-20
4591,4591,editor,2025-04-13
4592,4592,editor,2026-03-02
4593,4593,editor,2026-01-23
4594,4594,unknown,2026-02-26
4595,4595,viewer,2026-03-20
4596,4596,editor,2025-11-10
4597,4597,guest,2025-06-06
4598,4598,admin,2026-03-06
4599,4599,admin,2025-12-06
4600,4600,invalid_role,2025-09-28
4601,4601,,2025-09-16
4602,4602,editor,2026-01-01
4603,4603,admin,2025-04-08
4604,4604,admin,2025-09-10
4605,4605,admin,2025-07-13
4606,4606,invalid_role,2025-12-14
4607,4607,editor,2025-04-15
4608,4608,editor,2025-06-24
4609,4609,admin,2025-09-02
4610,4610,admin,2025-10-03
4611,4611,viewer,2025-03-30
4612,4612,editor,2026-01-16
4613,4613,editor,2026-03-28
4614,4614,,2026-02-20
4615,4615,editor,2025-10-26
4616,4616,admin,2025-06-01
4617,4617,admin,2025-04-10
4618,4618,unknown,2025-11-28
4619,4619,viewer,2026-03-18
4620,4620,invalid_role,2025-05-23
4621,4621,editor,2025-12-25
4622,4622,viewer,2025-06-03
4623,4623,editor,2025-09-24
4624,4624,editor,2025-06-30
4625,4625,admin,2025-11-11
4626,4626,unknown,2025-04-01
4627,4627,editor,2025-09-24
4628,4628,admin,2025-07-12
4629,4629,admin,2026-03-02
4630,4630,viewer,2025-06-24
4631,4631,admin,2025-08-25
4632,4632,admin,2026-01-23
4633,4633,,2026-01-30
4634,4634,viewer,2026-03-07
4635,4635,admin,2025-03-31
4636,4636,admin,2025-04-06
4637,4637,admin,2025-07-01
4638,4638,viewer,2025-05-26
4639,4639,viewer,2025-04-09
4640,4640,editor,2025-12-11
4641,4641,admin,2025-05-27
4642,4642,editor,2026-03-03
4643,4643,unknown,2025-10-28
4644,4644,guest,2025-04-15
4645,4645,,2025-04-10
4646,4646,editor,2025-05-10
4647,4647,admin,2026-03-24
4648,4648,editor,2025-05-24
4649,4649,editor,2025-07-25
4650,4650,viewer,2025-11-29
4651,4651,viewer,2025-09-18
4652,4652,invalid_role,2025-07-16
4653,4653,admin,2025-09-24
4654,4654,unknown,2025-05-20
4655,4655,viewer,2025-03-31
4656,4656,admin,2025-08-23
4657,4657,admin,2025-06-14
4658,4658,editor,2026-01-05
4659,4659,admin,2025-05-02
4660,4660,editor,2025-11-19
4661,4661,editor,2025-10-25
4662,4662,editor,2025-08-05
4663,4663,viewer,2026-02-10
4664,4664,admin,2025-07-10
4665,4665,editor,2026-01-28
4666,4666,admin,2026-03-11
4667,4667,editor,2025-12-27
4668,4668,admin,2025-05-20
4669,4669,admin,2025-05-30
4670,4670,viewer,2025-06-29
4671,4671,viewer,2025-05-12
4672,4672,viewer,2025-10-30
4673,4673,,2025-05-31
4674,4674,viewer,2025-07-01
4675,4675,editor,2026-01-15
4676,4676,,2026-03-15
4677,4677,editor,2026-01-18
4678,4678,editor,2025-05-29
4679,4679,editor,2025-06-23
4680,4680,editor,2026-01-29
4681,4681,admin,2025-05-13
4682,4682,admin,2025-10-15
4683,4683,editor,2025-06-03
4684,4684,guest,2025-10-17
4685,4685,viewer,2025-11-06
4686,4686,admin,2025-06-10
4687,4687,invalid_role,2025-09-03
4688,4688,admin,2025-04-12
4689,4689,,2025-07-08
4690,4690,editor,2025-11-12
4691,4691,,2025-11-05
4692,4692,editor,2025-12-08
4693,4693,editor,2025-12-27
4694,4694,invalid_role,2025-12-09
4695,4695,viewer,2025-12-30
4696,4696,editor,2025-09-23
4697,4697,editor,2025-12-26
4698,4698,admin,2025-06-29
4699,4699,viewer,2026-03-23
4700,4700,editor,2025-12-16
4701,4701,admin,2025-12-03
4702,4702,admin,2025-04-14
4703,4703,invalid_role,2025-09-15
4704,4704,viewer,2025-11-16
4705,4705,invalid_role,2025-08-12
4706,4706,unknown,2026-03-28
4707,4707,editor,2025-07-05
4708,4708,viewer,2025-08-14
4709,4709,viewer,2025-07-03
4710,4710,editor,2026-03-21
4711,4711,admin,2025-12-29
4712,4712,admin,2025-07-04
4713,4713,viewer,2026-03-15
4714,4714,admin,2025-09-02
4715,4715,admin,2025-08-23
4716,4716,viewer,2025-10-14
4717,4717,admin,2026-01-13
4718,4718,,2025-04-29
4719,4719,editor,2026-02-24
4720,4720,editor,2025-12-12
4721,4721,editor,2026-03-11
4722,4722,editor,2025-12-05
4723,4723,viewer,2025-05-15
4724,4724,editor,2025-12-24
4725,4725,viewer,2025-12-13
4726,4726,admin,2025-06-13
4727,4727,viewer,2025-06-29
4728,4728,viewer,2025-09-03
4729,4729,viewer,2025-11-23
4730,4730,viewer,2025-11-22
4731,4731,editor,2025-05-07
4732,4732,viewer,2025-05-21
4733,4733,guest,2025-08-11
4734,4734,viewer,2026-02-28
4735,4735,admin,2026-02-17
4736,4736,editor,2025-08-09
4737,4737,guest,2025-08-08
4738,4738,admin,2025-07-16
4739,4739,admin,2025-09-28
4740,4740,editor,2025-12-08
4741,4741,admin,2025-07-07
4742,4742,,2026-03-11
4743,4743,editor,2025-12-11
4744,4744,editor,2026-02-20
4745,4745,editor,2026-03-26
4746,4746,unknown,2025-07-26
4747,4747,editor,2025-11-29
4748,4748,viewer,2026-02-02
4749,4749,,2025-07-17
4750,4750,viewer,2025-04-14
4751,4751,admin,2025-05-19
4752,4752,guest,2026-03-01
4753,4753,viewer,2025-09-14
4754,4754,admin,2025-05-22
4755,4755,viewer,2026-01-25
4756,4756,editor,2025-04-07
4757,4757,viewer,2025-12-15
4758,4758,admin,2025-10-27
4759,4759,viewer,2025-05-13
4760,4760,editor,2025-10-16
4761,4761,editor,2026-02-04
4762,4762,viewer,2025-10-08
4763,4763,editor,2025-08-14
4764,4764,guest,2026-01-10
4765,4765,editor,2025-12-24
4766,4766,editor,2025-12-14
4767,4767,editor,2025-08-28
4768,4768,viewer,2026-01-23
4769,4769,editor,2025-11-05
4770,4770,admin,2025-07-29
4771,4771,viewer,2025-06-20
4772,4772,admin,2025-11-09
4773,4773,editor,2026-01-30
4774,4774,viewer,2026-02-26
4775,4775,editor,2025-07-07
4776,4776,invalid_role,2025-09-03
4777,4777,editor,2025-05-05
4778,4778,editor,2025-11-28
4779,4779,admin,2025-06-23
4780,4780,viewer,2026-03-22
4781,4781,viewer,2025-09-03
4782,4782,admin,2025-06-22
4783,4783,viewer,2025-12-27
4784,4784,admin,2025-07-31
4785,4785,admin,2025-10-16
4786,4786,editor,2025-06-09
4787,4787,,2025-05-12
4788,4788,admin,2026-03-23
4789,4789,editor,2025-10-24
4790,4790,viewer,2025-09-01
4791,4791,editor,2025-05-25
4792,4792,viewer,2025-11-14
4793,4793,,2025-07-27
4794,4794,editor,2025-04-09
4795,4795,editor,2025-12-31
4796,4796,admin,2025-07-04
4797,4797,admin,2025-06-01
4798,4798,viewer,2025-04-16
4799,4799,admin,2026-01-07
4800,4800,admin,2026-03-19
4801,4801,viewer,2026-03-04
4802,4802,editor,2026-01-14
4803,4803,,2025-08-14
4804,4804,unknown,2025-08-30
4805,4805,viewer,2026-02-19
4806,4806,admin,2025-10-20
4807,4807,editor,2025-12-11
4808,4808,viewer,2026-01-22
4809,4809,admin,2026-02-27
4810,4810,,2026-02-13
4811,4811,editor,2025-11-21
4812,4812,,2026-02-16
4813,4813,admin,2026-03-19
4814,4814,viewer,2025-11-28
4815,4815,guest,2025-09-30
4816,4816,editor,2025-12-21
4817,4817,guest,2025-05-06
4818,4818,admin,2026-03-27
4819,4819,editor,2025-07-18
4820,4820,editor,2025-10-01
4821,4821,viewer,2026-02-27
4822,4822,editor,2026-03-28
4823,4823,admin,2025-04-20
4824,4824,admin,2025-08-19
4825,4825,unknown,2025-08-29
4826,4826,,2026-01-07
4827,4827,admin,2026-01-24
4828,4828,editor,2026-03-14
4829,4829,admin,2025-06-26
4830,4830,admin,2025-04-15
4831,4831,editor,2025-12-22
4832,4832,editor,2026-01-26
4833,4833,viewer,2025-12-21
4834,4834,editor,2025-12-21
4835,4835,viewer,2026-02-21
4836,4836,viewer,2025-06-27
4837,4837,viewer,2025-09-07
4838,4838,admin,2025-10-18
4839,4839,admin,2025-09-19
4840,4840,viewer,2025-12-14
4841,4841,viewer,2025-09-08
4842,4842,admin,2025-05-14
4843,4843,editor,2025-10-01
4844,4844,,2026-01-28
4845,4845,admin,2025-12-10
4846,4846,editor,2025-05-24
4847,4847,viewer,2025-12-23
4848,4848,viewer,2025-12-08
4849,4849,editor,2025-07-18
4850,4850,,2025-10-28
4851,4851,admin,2025-11-25
4852,4852,admin,2025-07-13
4853,4853,admin,2025-09-09
4854,4854,admin,2025-08-17
4855,4855,admin,2026-02-13
4856,4856,admin,2025-06-17
4857,4857,viewer,2025-05-28
4858,4858,,2025-10-23
4859,4859,viewer,2025-08-25
4860,4860,admin,2025-05-13
4861,4861,editor,2025-10-06
4862,4862,viewer,2025-04-30
4863,4863,viewer,2025-08-10
4864,4864,viewer,2025-08-12
4865,4865,,2025-12-08
4866,4866,editor,2026-03-14
4867,4867,guest,2025-11-27
4868,4868,,2025-10-09
4869,4869,,2025-10-13
4870,4870,viewer,2026-02-06
4871,4871,admin,2025-06-01
4872,4872,editor,2026-01-24
4873,4873,admin,2026-02-15
4874,4874,admin,2025-11-14
4875,4875,viewer,2025-08-29
4876,4876,,2025-09-19
4877,4877,editor,2026-03-17
4878,4878,editor,2026-02-18
4879,4879,editor,2026-03-27
4880,4880,viewer,2025-05-18
4881,4881,editor,2025-10-30
4882,4882,admin,2025-04-26
4883,4883,viewer,2025-05-05
4884,4884,admin,2025-06-07
4885,4885,,2025-12-09
4886,4886,unknown,2025-07-26
4887,4887,editor,2026-03-03
4888,4888,admin,2025-05-23
4889,4889,viewer,2025-07-16
4890,4890,admin,2025-04-30
4891,4891,admin,2025-07-25
4892,4892,viewer,2026-01-13
4893,4893,invalid_role,2026-02-23
4894,4894,admin,2025-08-17
4895,4895,viewer,2025-12-23
4896,4896,admin,2025-11-06
4897,4897,editor,2025-06-07
4898,4898,editor,2026-01-29
4899,4899,admin,2026-02-10
4900,4900,unknown,2025-07-24
4901,4901,guest,2025-08-03
4902,4902,admin,2026-03-28
4903,4903,,2025-10-26
4904,4904,invalid_role,2025-07-08
4905,4905,viewer,2025-04-19
4906,4906,viewer,2025-07-16
4907,4907,editor,2026-01-07
4908,4908,admin,2025-07-31
4909,4909,viewer,2025-11-21
4910,4910,guest,2025-11-24
4911,4911,editor,2025-04-16
4912,4912,viewer,2025-08-12
4913,4913,admin,2025-06-12
4914,4914,admin,2025-07-08
4915,4915,guest,2025-12-11
4916,4916,viewer,2025-11-01
4917,4917,admin,2026-01-18
4918,4918,editor,2025-09-25
4919,4919,,2025-12-18
4920,4920,admin,2025-05-22
4921,4921,editor,2025-09-29
4922,4922,,2026-02-07
4923,4923,admin,2025-09-29
4924,4924,viewer,2025-12-17
4925,4925,admin,2025-10-13
4926,4926,,2025-04-13
4927,4927,admin,2026-01-31
4928,4928,editor,2025-08-02
4929,4929,viewer,2025-12-07
4930,4930,admin,2025-05-28
4931,4931,viewer,2025-04-27
4932,4932,admin,2026-03-21
4933,4933,invalid_role,2026-02-07
4934,4934,viewer,2025-04-04
4935,4935,guest,2025-08-19
4936,4936,invalid_role,2025-10-17
4937,4937,admin,2025-09-12
4938,4938,admin,2025-11-06
4939,4939,,2025-05-05
4940,4940,editor,2025-06-28
4941,4941,viewer,2025-09-26
4942,4942,editor,2025-11-14
4943,4943,admin,2025-09-29
4944,4944,editor,2025-04-21
4945,4945,editor,2025-05-04
4946,4946,viewer,2025-08-05
4947,4947,editor,2025-08-09
4948,4948,admin,2025-06-05
4949,4949,admin,2026-02-13
4950,4950,editor,2025-09-23
4951,4951,admin,2025-08-06
4952,4952,admin,2026-01-21
4953,4953,viewer,2025-04-11
4954,4954,viewer,2025-07-23
4955,4955,admin,2026-02-21
4956,4956,admin,2025-12-20
4957,4957,editor,2025-04-12
4958,4958,viewer,2026-02-16
4959,4959,,2025-12-11
4960,4960,editor,2025-12-08
4961,4961,admin,2025-06-23
4962,4962,editor,2026-03-20
4963,4963,viewer,2026-02-08
4964,4964,invalid_role,2025-06-18
4965,4965,editor,2026-03-02
4966,4966,editor,2025-08-01
4967,4967,viewer,2026-01-09
4968,4968,editor,2025-04-02
4969,4969,unknown,2025-09-21
4970,4970,viewer,2025-06-24
4971,4971,viewer,2025-12-12
4972,4972,editor,2026-02-04
4973,4973,viewer,2025-10-26
4974,4974,viewer,2025-09-11
4975,4975,admin,2025-10-02
4976,4976,admin,2025-07-25
4977,4977,editor,2025-04-06
4978,4978,invalid_role,2025-10-01
4979,4979,viewer,2025-12-07
4980,4980,unknown,2025-04-05
4981,4981,admin,2026-02-05
4982,4982,viewer,2026-02-26
4983,4983,viewer,2025-07-09
4984,4984,guest,2025-10-05
4985,4985,invalid_role,2025-11-02
4986,4986,editor,2025-12-21
4987,4987,editor,2025-06-09
4988,4988,guest,2025-06-19
4989,4989,editor,2026-03-05
4990,4990,viewer,2026-03-04
4991,4991,editor,2025-07-20
4992,4992,viewer,2025-09-02
4993,4993,guest,2026-02-14
4994,4994,admin,2026-03-02
4995,4995,admin,2026-02-02
4996,4996,editor,2025-08-16
4997,4997,,2025-11-06
4998,4998,invalid_role,2025-08-28
4999,4999,viewer,2025-12-15
5000,5000,unknown,2025-07-12
5001,5001,admin,2025-04-16
5002,5002,,2025-10-28
5003,5003,admin,2025-06-07
5004,5004,,2025-09-01
5005,5005,editor,2025-06-22
5006,5006,editor,2025-07-22
5007,5007,viewer,2026-03-16
5008,5008,viewer,2025-09-22
5009,5009,viewer,2025-08-17
5010,5010,admin,2025-06-15
5011,5011,editor,2026-01-23
5012,5012,editor,2025-07-21
5013,5013,admin,2025-10-03
5014,5014,viewer,2025-07-03
5015,5015,invalid_role,2025-12-11
5016,5016,editor,2025-06-06
5017,5017,admin,2026-01-02
5018,5018,viewer,2025-12-16
5019,5019,unknown,2025-04-28
5020,5020,viewer,2025-07-11
5021,5021,editor,2025-12-04
5022,5022,editor,2026-03-28
5023,5023,editor,2025-08-22
5024,5024,editor,2025-06-06
5025,5025,editor,2026-03-18
5026,5026,,2025-10-22
5027,5027,editor,2025-04-23
5028,5028,viewer,2026-01-16
5029,5029,editor,2025-11-13
5030,5030,invalid_role,2025-07-16
5031,5031,admin,2025-08-20
5032,5032,editor,2026-02-11
5033,5033,admin,2026-02-28
5034,5034,guest,2025-09-15
5035,5035,admin,2025-05-19
5036,5036,editor,2025-08-03
5037,5037,viewer,2025-04-27
5038,5038,invalid_role,2025-04-28
5039,5039,admin,2025-04-22
5040,5040,admin,2025-06-27
5041,5041,,2025-07-23
5042,5042,editor,2026-01-02
5043,5043,admin,2025-04-19
5044,5044,editor,2025-09-16
5045,5045,guest,2025-11-02
5046,5046,admin,2025-12-09
5047,5047,viewer,2025-04-12
5048,5048,editor,2026-01-17
5049,5049,,2026-02-23
5050,5050,editor,2025-10-26
5051,5051,viewer,2025-04-18
5052,5052,editor,2025-03-30
5053,5053,,2025-11-29
5054,5054,viewer,2025-10-07
5055,5055,,2025-05-21
5056,5056,admin,2026-03-16
5057,5057,admin,2025-06-19
5058,5058,viewer,2026-02-11
5059,5059,viewer,2026-02-19
5060,5060,editor,2025-07-13
5061,5061,viewer,2025-04-18
5062,5062,viewer,2025-06-30
5063,5063,viewer,2025-08-08
5064,5064,unknown,2025-06-27
5065,5065,admin,2025-10-07
5066,5066,admin,2025-04-25
5067,5067,admin,2025-10-02
5068,5068,unknown,2025-06-25
5069,5069,editor,2025-05-31
5070,5070,editor,2026-03-27
5071,5071,,2025-08-08
5072,5072,viewer,2026-03-12
5073,5073,admin,2025-06-03
5074,5074,viewer,2025-12-20
5075,5075,editor,2025-06-28
5076,5076,admin,2025-12-03
5077,5077,admin,2025-10-27
5078,5078,guest,2025-07-30
5079,5079,viewer,2025-05-15
5080,5080,,2026-02-09
5081,5081,editor,2025-05-23
5082,5082,admin,2025-12-31
5083,5083,admin,2025-09-24
5084,5084,viewer,2025-08-16
5085,5085,invalid_role,2025-11-27
5086,5086,viewer,2025-10-31
5087,5087,admin,2026-01-05
5088,5088,viewer,2025-05-03
5089,5089,admin,2025-04-30
5090,5090,admin,2025-07-23
5091,5091,admin,2026-01-07
5092,5092,admin,2025-11-06
5093,5093,,2025-10-25
5094,5094,viewer,2025-10-20
5095,5095,unknown,2026-01-25
5096,5096,guest,2025-08-12
5097,5097,admin,2025-07-01
5098,5098,editor,2025-09-28
5099,5099,editor,2025-10-06
5100,5100,admin,2026-01-13
5101,5101,viewer,2026-01-07
5102,5102,admin,2025-04-03
5103,5103,viewer,2025-04-22
5104,5104,viewer,2025-07-11
5105,5105,editor,2025-07-13
5106,5106,admin,2025-08-06
5107,5107,editor,2025-04-02
5108,5108,editor,2025-09-06
5109,5109,editor,2025-09-26
5110,5110,unknown,2026-02-21
5111,5111,viewer,2025-09-14
5112,5112,viewer,2025-11-16
5113,5113,editor,2025-07-30
5114,5114,viewer,2025-12-04
5115,5115,admin,2026-03-04
5116,5116,unknown,2025-08-06
5117,5117,admin,2025-12-04
5118,5118,editor,2025-11-14
5119,5119,viewer,2025-10-14
5120,5120,,2025-11-02
5121,5121,editor,2025-08-20
5122,5122,editor,2025-09-20
5123,5123,viewer,2025-06-02
5124,5124,admin,2025-04-04
5125,5125,viewer,2025-08-27
5126,5126,viewer,2025-05-21
5127,5127,editor,2026-02-15
5128,5128,admin,2025-12-27
5129,5129,editor,2025-06-15
5130,5130,viewer,2025-06-15
5131,5131,admin,2025-05-07
5132,5132,admin,2025-10-12
5133,5133,admin,2026-03-28
5134,5134,admin,2026-01-25
5135,5135,admin,2025-03-31
5136,5136,editor,2025-04-14
5137,5137,,2025-07-19
5138,5138,editor,2025-07-30
5139,5139,unknown,2025-12-14
5140,5140,editor,2025-09-18
5141,5141,viewer,2025-08-19
5142,5142,guest,2026-03-26
5143,5143,editor,2025-11-15
5144,5144,viewer,2025-07-08
5145,5145,unknown,2025-04-27
5146,5146,viewer,2025-05-03
5147,5147,viewer,2025-10-15
5148,5148,,2025-08-26
5149,5149,viewer,2025-10-02
5150,5150,editor,2025-10-24
5151,5151,unknown,2025-06-30
5152,5152,admin,2025-09-01
5153,5153,admin,2025-12-28
5154,5154,admin,2025-11-04
5155,5155,editor,2025-08-26
5156,5156,admin,2025-09-27
5157,5157,admin,2026-01-08
5158,5158,editor,2025-09-28
5159,5159,editor,2025-10-30
5160,5160,admin,2025-07-01
5161,5161,editor,2026-03-23
5162,5162,viewer,2025-08-03
5163,5163,admin,2025-09-26
5164,5164,viewer,2025-08-03
5165,5165,editor,2026-01-02
5166,5166,editor,2025-08-17
5167,5167,viewer,2025-04-04
5168,5168,admin,2026-03-06
5169,5169,admin,2025-04-16
5170,5170,editor,2025-10-08
5171,5171,,2025-09-21
5172,5172,admin,2025-11-01
5173,5173,admin,2026-03-14
5174,5174,,2026-02-16
5175,5175,editor,2025-11-23
5176,5176,editor,2025-07-31
5177,5177,editor,2025-06-14
5178,5178,admin,2025-07-18
5179,5179,admin,2025-06-13
5180,5180,viewer,2026-02-10
5181,5181,viewer,2025-12-24
5182,5182,,2025-10-22
5183,5183,admin,2025-08-14
5184,5184,admin,2025-12-23
5185,5185,editor,2025-11-14
5186,5186,admin,2025-10-02
5187,5187,viewer,2025-12-02
5188,5188,unknown,2026-01-08
5189,5189,editor,2025-09-17
5190,5190,editor,2025-08-29
5191,5191,editor,2025-10-04
5192,5192,viewer,2025-12-11
5193,5193,,2025-04-01
5194,5194,unknown,2025-10-12
5195,5195,editor,2025-12-27
5196,5196,viewer,2026-01-27
5197,5197,admin,2026-03-18
5198,5198,admin,2025-11-25
5199,5199,admin,2025-10-26
5200,5200,,2026-03-01
5201,5201,viewer,2025-09-08
5202,5202,invalid_role,2025-06-16
5203,5203,unknown,2026-01-18
5204,5204,editor,2026-02-19
5205,5205,unknown,2025-12-10
5206,5206,viewer,2025-05-24
5207,5207,viewer,2025-06-16
5208,5208,viewer,2025-10-16
5209,5209,viewer,2025-09-16
5210,5210,admin,2026-03-07
5211,5211,editor,2026-02-01
5212,5212,admin,2025-04-20
5213,5213,admin,2025-08-07
5214,5214,editor,2025-10-11
5215,5215,viewer,2025-12-05
5216,5216,editor,2025-04-11
5217,5217,admin,2025-07-01
5218,5218,admin,2025-12-21
5219,5219,viewer,2025-09-18
5220,5220,invalid_role,2025-04-30
5221,5221,viewer,2025-07-29
5222,5222,admin,2026-01-17
5223,5223,editor,2026-02-11
5224,5224,editor,2025-12-11
5225,5225,viewer,2025-06-13
5226,5226,editor,2025-06-17
5227,5227,admin,2025-06-12
5228,5228,,2026-01-14
5229,5229,viewer,2026-02-10
5230,5230,invalid_role,2026-03-25
5231,5231,editor,2026-02-14
5232,5232,editor,2026-03-04
5233,5233,admin,2025-10-23
5234,5234,editor,2026-02-02
5235,5235,,2025-08-03
5236,5236,viewer,2025-04-25
5237,5237,viewer,2025-12-05
5238,5238,editor,2025-10-18
5239,5239,viewer,2025-06-20
5240,5240,editor,2025-04-19
5241,5241,viewer,2025-05-08
5242,5242,admin,2025-08-04
5243,5243,unknown,2025-06-22
5244,5244,viewer,2025-06-15
5245,5245,editor,2025-06-21
5246,5246,,2025-11-27
5247,5247,viewer,2025-04-09
5248,5248,viewer,2025-08-24
5249,5249,viewer,2025-09-25
5250,5250,editor,2025-06-20
5251,5251,viewer,2026-02-09
5252,5252,invalid_role,2025-06-30
5253,5253,,2025-10-24
5254,5254,,2026-01-12
5255,5255,,2025-09-03
5256,5256,editor,2026-01-18
5257,5257,admin,2025-05-18
5258,5258,admin,2025-07-15
5259,5259,admin,2025-04-05
5260,5260,editor,2025-10-03
5261,5261,editor,2025-08-17
5262,5262,unknown,2026-01-09
5263,5263,viewer,2025-05-11
5264,5264,editor,2026-02-07
5265,5265,admin,2025-11-20
5266,5266,editor,2025-08-14
5267,5267,admin,2025-05-16
5268,5268,editor,2025-05-22
5269,5269,editor,2025-04-09
5270,5270,unknown,2025-07-29
5271,5271,editor,2025-04-20
5272,5272,admin,2026-02-06
5273,5273,admin,2025-10-04
5274,5274,editor,2026-01-08
5275,5275,viewer,2025-07-21
5276,5276,viewer,2025-05-28
5277,5277,editor,2025-10-19
5278,5278,,2026-02-09
5279,5279,viewer,2025-04-28
5280,5280,viewer,2025-12-02
5281,5281,admin,2025-09-24
5282,5282,viewer,2026-03-18
5283,5283,unknown,2025-10-09
5284,5284,viewer,2025-09-07
5285,5285,admin,2025-10-26
5286,5286,admin,2025-09-14
5287,5287,admin,2026-01-16
5288,5288,viewer,2026-01-25
5289,5289,admin,2025-11-24
5290,5290,invalid_role,2025-11-22
5291,5291,editor,2025-10-08
5292,5292,,2025-05-28
5293,5293,viewer,2025-06-24
5294,5294,admin,2026-02-01
5295,5295,viewer,2025-11-21
5296,5296,admin,2025-06-22
5297,5297,viewer,2026-01-11
5298,5298,editor,2025-08-03
5299,5299,editor,2025-05-21
5300,5300,admin,2025-10-01
5301,5301,guest,2026-02-02
5302,5302,admin,2025-08-07
5303,5303,editor,2025-12-04
5304,5304,viewer,2025-11-10
5305,5305,admin,2025-07-22
5306,5306,admin,2025-05-31
5307,5307,admin,2025-12-07
5308,5308,admin,2025-08-16
5309,5309,,2025-08-21
5310,5310,viewer,2026-02-23
5311,5311,viewer,2025-10-28
5312,5312,admin,2025-06-20
5313,5313,admin,2025-11-28
5314,5314,admin,2026-01-16
5315,5315,editor,2026-02-22
5316,5316,admin,2025-08-01
5317,5317,admin,2025-08-22
5318,5318,,2026-01-03
5319,5319,guest,2025-11-13
5320,5320,admin,2025-10-19
5321,5321,viewer,2025-09-17
5322,5322,invalid_role,2026-02-28
5323,5323,admin,2026-01-13
5324,5324,editor,2025-12-11
5325,5325,editor,2025-04-04
5326,5326,guest,2025-11-29
5327,5327,editor,2025-09-18
5328,5328,admin,2025-07-03
5329,5329,viewer,2026-03-26
5330,5330,,2025-11-25
5331,5331,viewer,2025-11-19
5332,5332,editor,2026-01-12
5333,5333,admin,2025-08-22
5334,5334,admin,2025-10-15
5335,5335,admin,2025-06-06
5336,5336,viewer,2025-04-22
5337,5337,editor,2025-10-03
5338,5338,editor,2026-03-27
5339,5339,admin,2025-08-17
5340,5340,,2025-09-08
5341,5341,,2026-01-18
5342,5342,editor,2025-06-13
5343,5343,admin,2025-05-24
5344,5344,,2025-12-08
5345,5345,admin,2025-04-06
5346,5346,guest,2025-04-01
5347,5347,editor,2026-03-29
5348,5348,admin,2025-06-27
5349,5349,admin,2026-02-24
5350,5350,admin,2025-12-28
5351,5351,viewer,2026-01-06
5352,5352,,2025-05-01
5353,5353,viewer,2025-04-20
5354,5354,viewer,2026-03-21
5355,5355,viewer,2025-04-26
5356,5356,viewer,2025-05-02
5357,5357,admin,2026-02-03
5358,5358,,2026-03-28
5359,5359,admin,2025-12-10
5360,5360,,2025-10-18
5361,5361,editor,2025-10-21
5362,5362,viewer,2025-12-03
5363,5363,admin,2025-06-24
5364,5364,editor,2025-10-24
5365,5365,editor,2025-08-27
5366,5366,viewer,2026-01-20
5367,5367,viewer,2026-03-10
5368,5368,admin,2025-11-27
5369,5369,admin,2025-10-16
5370,5370,viewer,2025-11-11
5371,5371,viewer,2026-03-22
5372,5372,editor,2026-01-17
5373,5373,viewer,2025-09-28
5374,5374,viewer,2026-01-01
5375,5375,editor,2025-10-24
5376,5376,admin,2025-08-25
5377,5377,editor,2025-07-28
5378,5378,admin,2025-07-02
5379,5379,editor,2025-06-10
5380,5380,unknown,2025-11-11
5381,5381,viewer,2026-02-03
5382,5382,guest,2025-07-25
5383,5383,editor,2025-04-27
5384,5384,editor,2025-08-01
5385,5385,,2025-04-19
5386,5386,editor,2025-10-31
5387,5387,editor,2026-01-01
5388,5388,admin,2025-04-14
5389,5389,admin,2025-04-29
5390,5390,editor,2025-10-13
5391,5391,viewer,2025-06-19
5392,5392,,2026-01-27
5393,5393,admin,2025-04-16
5394,5394,viewer,2025-06-28
5395,5395,admin,2026-03-16
5396,5396,,2025-07-17
5397,5397,admin,2025-08-25
5398,5398,editor,2025-08-15
5399,5399,editor,2025-06-12
5400,5400,editor,2026-02-07
5401,5401,admin,2026-02-09
5402,5402,admin,2025-09-22
5403,5403,viewer,2025-09-30
5404,5404,editor,2026-01-27
5405,5405,admin,2026-01-01
5406,5406,viewer,2026-01-20
5407,5407,admin,2025-05-30
5408,5408,admin,2026-01-18
5409,5409,editor,2025-10-02
5410,5410,editor,2025-10-22
5411,5411,admin,2026-01-01
5412,5412,admin,2025-09-26
5413,5413,viewer,2026-03-26
5414,5414,viewer,2026-03-23
5415,5415,admin,2025-08-08
5416,5416,admin,2025-09-10
5417,5417,admin,2025-10-07
5418,5418,viewer,2026-03-19
5419,5419,admin,2025-12-30
5420,5420,viewer,2025-06-05
5421,5421,editor,2025-06-13
5422,5422,guest,2025-10-10
5423,5423,editor,2026-01-30
5424,5424,viewer,2026-03-02
5425,5425,viewer,2025-09-29
5426,5426,,2025-04-12
5427,5427,viewer,2025-11-20
5428,5428,editor,2025-06-25
5429,5429,viewer,2025-08-19
5430,5430,viewer,2025-09-09
5431,5431,editor,2025-11-24
5432,5432,editor,2025-11-23
5433,5433,admin,2025-07-06
5434,5434,viewer,2025-11-29
5435,5435,editor,2025-10-16
5436,5436,admin,2025-11-19
5437,5437,viewer,2025-09-20
5438,5438,editor,2025-07-30
5439,5439,viewer,2025-08-30
5440,5440,admin,2025-10-14
5441,5441,viewer,2025-09-11
5442,5442,viewer,2026-02-03
5443,5443,viewer,2025-11-18
5444,5444,unknown,2025-08-11
5445,5445,viewer,2026-02-12
5446,5446,viewer,2026-03-27
5447,5447,viewer,2026-01-19
5448,5448,editor,2026-01-29
5449,5449,editor,2025-12-01
5450,5450,admin,2025-11-22
5451,5451,admin,2025-04-20
5452,5452,guest,2025-06-05
5453,5453,editor,2025-05-24
5454,5454,admin,2025-09-02
5455,5455,editor,2025-08-08
5456,5456,admin,2026-02-04
5457,5457,,2025-05-09
5458,5458,viewer,2025-09-30
5459,5459,editor,2025-11-08
5460,5460,viewer,2025-12-19
5461,5461,admin,2025-07-17
5462,5462,admin,2025-06-01
5463,5463,guest,2026-01-24
5464,5464,editor,2025-04-27
5465,5465,admin,2025-04-18
5466,5466,viewer,2026-02-17
5467,5467,editor,2025-10-22
5468,5468,editor,2025-10-01
5469,5469,admin,2026-01-06
5470,5470,editor,2026-02-04
5471,5471,viewer,2025-11-25
5472,5472,invalid_role,2025-09-18
5473,5473,admin,2025-07-22
5474,5474,viewer,2025-05-02
5475,5475,editor,2025-08-25
5476,5476,admin,2025-08-01
5477,5477,viewer,2026-02-13
5478,5478,admin,2025-11-05
5479,5479,editor,2025-06-05
5480,5480,editor,2025-07-25
5481,5481,admin,2025-12-15
5482,5482,,2025-10-25
5483,5483,viewer,2025-06-10
5484,5484,viewer,2025-03-31
5485,5485,admin,2025-07-08
5486,5486,admin,2025-11-05
5487,5487,admin,2025-09-03
5488,5488,invalid_role,2025-07-28
5489,5489,viewer,2025-12-21
5490,5490,editor,2025-04-01
5491,5491,viewer,2025-04-23
5492,5492,editor,2025-04-11
5493,5493,editor,2025-06-17
5494,5494,editor,2026-03-27
5495,5495,editor,2025-08-08
5496,5496,viewer,2025-12-15
5497,5497,invalid_role,2026-03-20
5498,5498,guest,2025-05-16
5499,5499,editor,2025-07-16
5500,5500,editor,2025-05-26
5501,5501,editor,2025-12-14
5502,5502,,2026-02-16
5503,5503,editor,2025-08-27
5504,5504,admin,2025-06-20
5505,5505,admin,2025-04-26
5506,5506,editor,2025-04-23
5507,5507,admin,2026-02-02
5508,5508,admin,2026-03-03
5509,5509,viewer,2025-05-25
5510,5510,admin,2025-05-28
5511,5511,editor,2025-06-27
5512,5512,guest,2025-09-25
5513,5513,editor,2025-10-17
5514,5514,editor,2025-07-11
5515,5515,,2025-11-25
5516,5516,admin,2026-02-06
5517,5517,admin,2025-08-10
5518,5518,editor,2025-11-05
5519,5519,admin,2025-11-12
5520,5520,admin,2025-07-23
5521,5521,editor,2025-08-03
5522,5522,,2025-10-31
5523,5523,viewer,2025-07-27
5524,5524,unknown,2025-12-01
5525,5525,editor,2025-05-04
5526,5526,viewer,2025-10-25
5527,5527,admin,2025-04-09
5528,5528,editor,2026-03-15
5529,5529,admin,2026-01-02
5530,5530,editor,2026-02-02
5531,5531,viewer,2025-07-28
5532,5532,viewer,2025-08-11
5533,5533,viewer,2026-01-25
5534,5534,,2025-11-26
5535,5535,viewer,2025-09-06
5536,5536,admin,2025-09-13
5537,5537,unknown,2025-09-10
5538,5538,editor,2025-08-10
5539,5539,viewer,2025-10-16
5540,5540,editor,2026-02-15
5541,5541,viewer,2026-03-08
5542,5542,editor,2025-09-18
5543,5543,,2025-09-21
5544,5544,,2025-10-13
5545,5545,editor,2026-03-17
5546,5546,admin,2025-03-30
5547,5547,viewer,2025-09-20
5548,5548,editor,2025-06-23
5549,5549,admin,2025-08-02
5550,5550,editor,2025-07-02
5551,5551,admin,2026-03-17
5552,5552,admin,2026-01-25
5553,5553,viewer,2025-10-16
5554,5554,admin,2025-12-12
5555,5555,admin,2025-05-03
5556,5556,viewer,2025-09-29
5557,5557,editor,2025-07-08
5558,5558,editor,2025-11-15
5559,5559,viewer,2025-11-25
5560,5560,admin,2025-09-01
5561,5561,,2025-07-05
5562,5562,editor,2025-08-31
5563,5563,viewer,2025-07-04
5564,5564,admin,2025-04-20
5565,5565,viewer,2025-07-09
5566,5566,,2025-12-22
5567,5567,viewer,2025-12-17
5568,5568,editor,2025-09-26
5569,5569,viewer,2026-02-11
5570,5570,invalid_role,2025-06-13
5571,5571,,2026-03-05
5572,5572,viewer,2025-10-22
5573,5573,,2025-06-14
5574,5574,editor,2026-03-12
5575,5575,viewer,2026-03-02
5576,5576,invalid_role,2025-06-11
5577,5577,admin,2025-07-12
5578,5578,editor,2025-05-13
5579,5579,viewer,2025-10-31
5580,5580,unknown,2025-04-20
5581,5581,editor,2025-12-05
5582,5582,,2025-07-27
5583,5583,editor,2026-03-11
5584,5584,admin,2025-11-11
5585,5585,unknown,2025-06-28
5586,5586,editor,2025-06-13
5587,5587,viewer,2025-11-02
5588,5588,guest,2025-06-09
5589,5589,admin,2025-11-19
5590,5590,guest,2025-08-02
5591,5591,editor,2025-10-23
5592,5592,editor,2026-02-08
5593,5593,viewer,2026-01-14
5594,5594,viewer,2025-10-01
5595,5595,viewer,2025-10-02
5596,5596,,2025-12-08
5597,5597,admin,2025-12-31
5598,5598,editor,2025-11-16
5599,5599,admin,2025-09-01
5600,5600,admin,2025-05-19
5601,5601,viewer,2025-07-25
5602,5602,viewer,2025-06-17
5603,5603,viewer,2025-06-05
5604,5604,viewer,2025-05-24
5605,5605,admin,2025-04-20
5606,5606,editor,2026-01-03
5607,5607,editor,2025-06-11
5608,5608,,2025-07-15
5609,5609,viewer,2025-11-23
5610,5610,unknown,2025-10-05
5611,5611,invalid_role,2025-12-08
5612,5612,guest,2025-06-13
5613,5613,editor,2026-02-17
5614,5614,admin,2026-03-05
5615,5615,admin,2026-03-22
5616,5616,admin,2025-04-12
5617,5617,admin,2025-07-12
5618,5618,guest,2026-01-11
5619,5619,viewer,2026-03-07
5620,5620,viewer,2026-03-03
5621,5621,editor,2025-04-17
5622,5622,viewer,2025-08-31
5623,5623,admin,2025-05-13
5624,5624,editor,2026-01-10
5625,5625,admin,2025-04-24
5626,5626,admin,2025-04-06
5627,5627,,2026-02-01
5628,5628,admin,2025-10-31
5629,5629,editor,2025-11-24
5630,5630,viewer,2025-11-12
5631,5631,editor,2025-09-04
5632,5632,editor,2026-02-25
5633,5633,admin,2025-08-09
5634,5634,editor,2025-06-06
5635,5635,editor,2025-09-23
5636,5636,editor,2025-04-12
5637,5637,editor,2025-12-27
5638,5638,viewer,2026-03-21
5639,5639,admin,2025-06-14
5640,5640,guest,2025-10-20
5641,5641,viewer,2025-10-27
5642,5642,viewer,2025-10-13
5643,5643,admin,2025-05-09
5644,5644,editor,2025-10-11
5645,5645,admin,2025-12-15
5646,5646,editor,2026-01-09
5647,5647,admin,2025-08-15
5648,5648,editor,2026-01-14
5649,5649,admin,2025-05-20
5650,5650,viewer,2025-07-15
5651,5651,viewer,2026-01-14
5652,5652,admin,2025-08-08
5653,5653,viewer,2025-04-16
5654,5654,viewer,2025-06-11
5655,5655,editor,2025-12-02
5656,5656,editor,2025-06-04
5657,5657,viewer,2025-05-06
5658,5658,editor,2025-06-24
5659,5659,admin,2025-11-14
5660,5660,admin,2026-03-22
5661,5661,admin,2026-01-24
5662,5662,editor,2025-09-09
5663,5663,,2025-08-14
5664,5664,admin,2025-04-12
5665,5665,guest,2025-08-10
5666,5666,viewer,2025-04-05
5667,5667,viewer,2026-02-11
5668,5668,admin,2025-10-04
5669,5669,editor,2025-08-23
5670,5670,admin,2025-07-24
5671,5671,admin,2025-11-19
5672,5672,editor,2025-11-28
5673,5673,viewer,2025-05-22
5674,5674,viewer,2026-03-20
5675,5675,editor,2025-06-30
5676,5676,admin,2025-04-03
5677,5677,viewer,2025-05-27
5678,5678,admin,2025-11-03
5679,5679,editor,2025-05-14
5680,5680,admin,2025-09-30
5681,5681,viewer,2025-06-08
5682,5682,admin,2026-01-26
5683,5683,admin,2026-01-05
5684,5684,editor,2025-05-27
5685,5685,viewer,2025-09-29
5686,5686,editor,2025-04-17
5687,5687,admin,2025-09-29
5688,5688,viewer,2026-03-19
5689,5689,,2026-01-28
5690,5690,viewer,2025-06-28
5691,5691,admin,2026-03-03
5692,5692,unknown,2026-01-10
5693,5693,editor,2025-04-10
5694,5694,viewer,2026-02-24
5695,5695,viewer,2025-06-13
5696,5696,admin,2025-06-15
5697,5697,viewer,2026-01-12
5698,5698,editor,2025-10-16
5699,5699,admin,2025-08-30
5700,5700,admin,2025-12-16
5701,5701,admin,2026-03-05
5702,5702,editor,2025-05-02
5703,5703,editor,2025-12-10
5704,5704,admin,2026-01-15
5705,5705,guest,2025-07-03
5706,5706,editor,2026-03-03
5707,5707,unknown,2025-08-22
5708,5708,admin,2025-10-07
5709,5709,viewer,2026-01-01
5710,5710,editor,2025-04-06
5711,5711,invalid_role,2025-09-22
5712,5712,admin,2025-10-15
5713,5713,unknown,2026-03-29
5714,5714,editor,2026-02-22
5715,5715,unknown,2026-01-31
5716,5716,viewer,2025-08-01
5717,5717,editor,2025-08-08
5718,5718,admin,2025-04-07
5719,5719,editor,2026-03-03
5720,5720,,2026-01-26
5721,5721,admin,2026-01-16
5722,5722,admin,2025-11-08
5723,5723,viewer,2025-12-15
5724,5724,viewer,2026-02-28
5725,5725,admin,2025-04-22
5726,5726,,2026-03-25
5727,5727,editor,2025-04-27
5728,5728,editor,2026-03-03
5729,5729,admin,2025-12-26
5730,5730,,2026-03-19
5731,5731,editor,2025-12-03
5732,5732,editor,2025-12-18
5733,5733,admin,2025-07-09
5734,5734,invalid_role,2025-12-14
5735,5735,editor,2026-02-15
5736,5736,admin,2025-04-23
5737,5737,viewer,2025-05-06
5738,5738,editor,2025-06-10
5739,5739,admin,2026-03-23
5740,5740,unknown,2025-12-28
5741,5741,editor,2025-12-19
5742,5742,editor,2025-09-17
5743,5743,editor,2026-01-16
5744,5744,invalid_role,2025-09-20
5745,5745,viewer,2025-07-09
5746,5746,viewer,2025-12-11
5747,5747,admin,2025-11-16
5748,5748,viewer,2026-03-18
5749,5749,,2025-08-01
5750,5750,viewer,2025-05-28
5751,5751,viewer,2026-01-23
5752,5752,admin,2026-03-13
5753,5753,viewer,2025-09-22
5754,5754,editor,2025-07-24
5755,5755,viewer,2025-11-27
5756,5756,editor,2026-02-27
5757,5757,viewer,2026-01-06
5758,5758,viewer,2025-04-26
5759,5759,admin,2026-01-08
5760,5760,admin,2026-02-20
5761,5761,viewer,2025-07-12
5762,5762,viewer,2026-03-24
5763,5763,editor,2025-06-13
5764,5764,unknown,2025-10-08
5765,5765,guest,2025-12-01
5766,5766,editor,2025-08-19
5767,5767,admin,2025-07-05
5768,5768,guest,2025-06-11
5769,5769,viewer,2025-10-19
5770,5770,admin,2025-10-04
5771,5771,admin,2025-04-17
5772,5772,,2025-12-31
5773,5773,viewer,2025-09-09
5774,5774,viewer,2025-11-14
5775,5775,editor,2025-04-12
5776,5776,admin,2026-02-12
5777,5777,viewer,2025-10-21
5778,5778,admin,2025-08-17
5779,5779,viewer,2026-02-10
5780,5780,,2026-02-03
5781,5781,viewer,2025-06-14
5782,5782,editor,2025-04-26
5783,5783,admin,2025-10-20
5784,5784,admin,2026-02-04
5785,5785,editor,2025-09-17
5786,5786,admin,2025-05-03
5787,5787,viewer,2026-03-10
5788,5788,unknown,2025-06-16
5789,5789,viewer,2025-09-18
5790,5790,viewer,2025-12-25
5791,5791,admin,2025-07-30
5792,5792,admin,2026-02-06
5793,5793,viewer,2026-02-11
5794,5794,editor,2026-01-06
5795,5795,editor,2026-02-18
5796,5796,editor,2025-04-17
5797,5797,viewer,2025-05-19
5798,5798,viewer,2026-02-26
5799,5799,viewer,2026-02-14
5800,5800,guest,2025-07-30
5801,5801,admin,2026-03-11
5802,5802,viewer,2025-12-25
5803,5803,viewer,2026-01-02
5804,5804,viewer,2025-08-22
5805,5805,admin,2025-09-15
5806,5806,viewer,2025-07-19
5807,5807,admin,2025-06-06
5808,5808,viewer,2025-10-31
5809,5809,editor,2025-05-19
5810,5810,admin,2026-03-27
5811,5811,viewer,2025-06-24
5812,5812,admin,2025-07-24
5813,5813,admin,2025-08-08
5814,5814,viewer,2026-02-21
5815,5815,viewer,2025-12-16
5816,5816,editor,2025-07-18
5817,5817,editor,2025-12-11
5818,5818,viewer,2025-06-24
5819,5819,viewer,2025-12-29
5820,5820,editor,2025-08-07
5821,5821,editor,2025-04-01
5822,5822,,2025-09-23
5823,5823,,2025-09-20
5824,5824,editor,2025-08-21
5825,5825,editor,2025-05-11
5826,5826,invalid_role,2025-08-06
5827,5827,editor,2026-03-24
5828,5828,editor,2025-04-02
5829,5829,admin,2025-12-20
5830,5830,,2025-07-12
5831,5831,admin,2025-05-15
5832,5832,viewer,2025-09-15
5833,5833,viewer,2025-10-07
5834,5834,admin,2025-09-23
5835,5835,admin,2025-05-06
5836,5836,admin,2026-03-27
5837,5837,viewer,2025-06-03
5838,5838,admin,2025-11-10
5839,5839,editor,2025-05-23
5840,5840,unknown,2026-02-05
5841,5841,unknown,2025-05-05
5842,5842,guest,2025-05-25
5843,5843,viewer,2025-12-27
5844,5844,admin,2025-07-20
5845,5845,viewer,2025-07-14
5846,5846,admin,2025-06-10
5847,5847,viewer,2025-10-13
5848,5848,editor,2025-04-03
5849,5849,editor,2025-07-15
5850,5850,admin,2025-12-11
5851,5851,editor,2025-07-02
5852,5852,editor,2025-12-14
5853,5853,viewer,2025-05-14
5854,5854,viewer,2025-05-27
5855,5855,editor,2026-01-06
5856,5856,editor,2026-02-18
5857,5857,viewer,2025-09-10
5858,5858,,2025-08-13
5859,5859,editor,2025-12-19
5860,5860,admin,2025-07-20
5861,5861,,2025-09-29
5862,5862,admin,2025-06-26
5863,5863,viewer,2025-11-17
5864,5864,admin,2025-04-16
5865,5865,editor,2026-03-19
5866,5866,admin,2025-07-30
5867,5867,viewer,2025-12-20
5868,5868,viewer,2025-06-23
5869,5869,viewer,2026-01-18
5870,5870,,2025-08-29
5871,5871,editor,2025-09-30
5872,5872,,2025-12-11
5873,5873,admin,2025-12-30
5874,5874,viewer,2025-04-03
5875,5875,viewer,2025-09-26
5876,5876,,2025-09-13
5877,5877,,2025-04-11
5878,5878,viewer,2025-09-23
5879,5879,unknown,2025-06-02
5880,5880,editor,2025-07-11
5881,5881,editor,2025-12-26
5882,5882,viewer,2026-03-22
5883,5883,editor,2025-06-03
5884,5884,admin,2025-10-17
5885,5885,,2025-08-06
5886,5886,admin,2025-07-26
5887,5887,admin,2025-10-03
5888,5888,admin,2025-05-22
5889,5889,admin,2025-11-01
5890,5890,editor,2025-04-13
5891,5891,,2025-08-25
5892,5892,editor,2025-09-25
5893,5893,editor,2025-12-06
5894,5894,admin,2026-01-23
5895,5895,editor,2025-10-26
5896,5896,editor,2025-09-13
5897,5897,editor,2026-03-28
5898,5898,editor,2025-06-23
5899,5899,editor,2025-10-31
5900,5900,admin,2026-02-22
5901,5901,admin,2025-09-26
5902,5902,viewer,2026-01-24
5903,5903,,2025-11-12
5904,5904,admin,2025-07-02
5905,5905,invalid_role,2025-10-16
5906,5906,viewer,2025-07-18
5907,5907,editor,2025-10-23
5908,5908,editor,2025-05-19
5909,5909,editor,2025-11-04
5910,5910,editor,2025-06-06
5911,5911,editor,2025-04-24
5912,5912,editor,2025-07-13
5913,5913,viewer,2026-03-22
5914,5914,viewer,2025-05-15
5915,5915,unknown,2025-06-01
5916,5916,invalid_role,2025-06-09
5917,5917,admin,2025-09-21
5918,5918,viewer,2025-07-10
5919,5919,viewer,2026-02-28
5920,5920,viewer,2025-04-07
5921,5921,editor,2025-10-06
5922,5922,admin,2025-07-09
5923,5923,unknown,2025-08-20
5924,5924,admin,2026-03-14
5925,5925,viewer,2025-07-23
5926,5926,,2025-08-25
5927,5927,editor,2025-07-22
5928,5928,invalid_role,2025-06-03
5929,5929,editor,2025-12-15
5930,5930,admin,2025-06-18
5931,5931,unknown,2025-08-15
5932,5932,,2025-04-17
5933,5933,editor,2026-02-20
5934,5934,editor,2026-03-29
5935,5935,viewer,2025-12-18
5936,5936,admin,2025-05-28
5937,5937,,2025-12-23
5938,5938,unknown,2025-10-02
5939,5939,editor,2025-08-10
5940,5940,admin,2025-05-23
5941,5941,editor,2025-11-25
5942,5942,,2025-09-29
5943,5943,invalid_role,2025-10-07
5944,5944,admin,2025-06-12
5945,5945,admin,2025-09-28
5946,5946,,2025-09-20
5947,5947,editor,2026-02-05
5948,5948,admin,2025-11-14
5949,5949,editor,2026-01-21
5950,5950,,2025-10-16
5951,5951,admin,2026-03-29
5952,5952,viewer,2026-01-19
5953,5953,viewer,2025-06-22
5954,5954,unknown,2025-10-21
5955,5955,invalid_role,2026-02-10
5956,5956,viewer,2025-06-09
5957,5957,admin,2025-10-15
5958,5958,admin,2026-01-26
5959,5959,admin,2026-02-09
5960,5960,admin,2025-05-11
5961,5961,editor,2025-09-01
5962,5962,editor,2025-12-20
5963,5963,viewer,2026-01-15
5964,5964,viewer,2025-09-10
5965,5965,,2025-05-16
5966,5966,editor,2025-07-24
5967,5967,admin,2025-04-28
5968,5968,viewer,2025-10-31
5969,5969,editor,2025-11-20
5970,5970,viewer,2026-02-21
5971,5971,editor,2025-04-02
5972,5972,admin,2025-07-01
5973,5973,unknown,2025-05-06
5974,5974,viewer,2026-03-04
5975,5975,admin,2025-09-29
5976,5976,,2025-06-21
5977,5977,viewer,2025-08-09
5978,5978,admin,2026-02-04
5979,5979,viewer,2025-09-26
5980,5980,admin,2026-02-03
5981,5981,editor,2025-07-29
5982,5982,editor,2026-01-25
5983,5983,editor,2026-02-17
5984,5984,invalid_role,2026-02-20
5985,5985,editor,2025-06-19
5986,5986,guest,2025-12-20
5987,5987,invalid_role,2025-05-21
5988,5988,viewer,2025-05-24
5989,5989,viewer,2025-12-13
5990,5990,viewer,2025-08-25
5991,5991,admin,2025-12-21
5992,5992,admin,2025-05-19
5993,5993,editor,2026-03-15
5994,5994,viewer,2025-10-17
5995,5995,viewer,2026-02-17
5996,5996,viewer,2026-01-03
5997,5997,guest,2025-09-29
5998,5998,editor,2025-12-31
5999,5999,viewer,2025-07-13
6000,6000,editor,2025-11-14
6001,6001,admin,2025-11-13
6002,6002,editor,2025-09-14
6003,6003,admin,2025-11-17
6004,6004,admin,2025-08-04
6005,6005,,2026-03-14
6006,6006,viewer,2025-09-20
6007,6007,viewer,2025-04-14
6008,6008,invalid_role,2025-10-14
6009,6009,invalid_role,2026-01-17
6010,6010,viewer,2025-09-28
6011,6011,editor,2025-09-06
6012,6012,viewer,2025-09-11
6013,6013,guest,2025-07-03
6014,6014,admin,2025-12-11
6015,6015,editor,2025-10-28
6016,6016,editor,2025-06-25
6017,6017,admin,2025-12-05
6018,6018,viewer,2025-11-19
6019,6019,admin,2025-04-04
6020,6020,viewer,2026-01-04
6021,6021,viewer,2025-08-24
6022,6022,editor,2026-03-29
6023,6023,,2025-04-04
6024,6024,admin,2025-09-11
6025,6025,viewer,2025-10-16
6026,6026,viewer,2026-01-27
6027,6027,viewer,2025-04-26
6028,6028,viewer,2025-05-29
6029,6029,editor,2025-11-15
6030,6030,editor,2026-01-11
6031,6031,editor,2025-12-20
6032,6032,viewer,2025-10-10
6033,6033,editor,2025-12-25
6034,6034,invalid_role,2026-03-24
6035,6035,viewer,2025-10-17
6036,6036,admin,2025-08-06
6037,6037,,2026-01-12
6038,6038,viewer,2025-12-04
6039,6039,admin,2025-06-22
6040,6040,editor,2025-09-25
6041,6041,admin,2025-11-15
6042,6042,unknown,2026-01-15
6043,6043,viewer,2026-01-25
6044,6044,editor,2025-04-29
6045,6045,editor,2026-01-04
6046,6046,viewer,2025-08-12
6047,6047,admin,2026-03-15
6048,6048,admin,2025-12-20
6049,6049,unknown,2025-09-11
6050,6050,viewer,2025-08-19
6051,6051,editor,2025-04-27
6052,6052,admin,2026-02-10
6053,6053,guest,2025-04-25
6054,6054,viewer,2025-08-28
6055,6055,editor,2026-02-25
6056,6056,editor,2025-04-06
6057,6057,unknown,2026-02-01
6058,6058,editor,2025-05-09
6059,6059,viewer,2025-12-25
6060,6060,editor,2026-03-21
6061,6061,admin,2026-02-06
6062,6062,admin,2025-06-25
6063,6063,unknown,2025-06-01
6064,6064,editor,2025-11-24
6065,6065,admin,2025-10-08
6066,6066,editor,2025-07-17
6067,6067,admin,2025-07-20
6068,6068,editor,2025-05-22
6069,6069,viewer,2026-01-27
6070,6070,viewer,2025-07-13
6071,6071,editor,2025-12-26
6072,6072,viewer,2026-03-11
6073,6073,viewer,2026-02-11
6074,6074,admin,2025-08-08
6075,6075,viewer,2025-09-27
6076,6076,admin,2025-05-12
6077,6077,editor,2025-12-11
6078,6078,viewer,2025-06-26
6079,6079,admin,2025-04-02
6080,6080,viewer,2025-07-09
6081,6081,viewer,2026-02-16
6082,6082,viewer,2025-06-02
6083,6083,editor,2025-05-10
6084,6084,editor,2025-06-22
6085,6085,viewer,2025-12-15
6086,6086,editor,2026-01-27
6087,6087,viewer,2026-02-05
6088,6088,editor,2025-07-15
6089,6089,viewer,2026-02-07
6090,6090,editor,2025-05-17
6091,6091,admin,2026-03-20
6092,6092,editor,2025-04-22
6093,6093,viewer,2025-07-24
6094,6094,admin,2025-12-18
6095,6095,admin,2025-09-24
6096,6096,admin,2025-04-30
6097,6097,viewer,2025-07-17
6098,6098,admin,2025-09-06
6099,6099,,2025-09-08
6100,6100,viewer,2025-04-05
6101,6101,editor,2026-02-14
6102,6102,unknown,2025-06-26
6103,6103,viewer,2025-05-31
6104,6104,editor,2025-05-23
6105,6105,viewer,2025-12-20
6106,6106,viewer,2025-10-11
6107,6107,viewer,2025-06-13
6108,6108,editor,2025-09-18
6109,6109,,2026-02-23
6110,6110,admin,2025-05-11
6111,6111,admin,2026-02-08
6112,6112,admin,2025-06-14
6113,6113,guest,2025-06-03
6114,6114,viewer,2025-08-02
6115,6115,admin,2025-04-14
6116,6116,editor,2025-08-04
6117,6117,admin,2026-03-17
6118,6118,viewer,2026-01-22
6119,6119,editor,2025-05-13
6120,6120,editor,2026-03-19
6121,6121,editor,2025-11-30
6122,6122,admin,2026-01-13
6123,6123,admin,2025-08-07
6124,6124,viewer,2025-05-07
6125,6125,,2025-04-17
6126,6126,editor,2025-11-24
6127,6127,editor,2025-10-16
6128,6128,viewer,2025-06-07
6129,6129,viewer,2025-11-07
6130,6130,admin,2025-12-21
6131,6131,guest,2025-08-17
6132,6132,editor,2026-02-27
6133,6133,guest,2025-04-29
6134,6134,viewer,2026-03-10
6135,6135,viewer,2025-06-13
6136,6136,,2025-04-03
6137,6137,guest,2025-11-09
6138,6138,,2026-03-12
6139,6139,viewer,2025-10-21
6140,6140,invalid_role,2025-10-02
6141,6141,admin,2025-09-05
6142,6142,editor,2026-03-17
6143,6143,guest,2025-06-17
6144,6144,editor,2026-01-02
6145,6145,editor,2025-07-24
6146,6146,viewer,2026-03-18
6147,6147,viewer,2025-10-27
6148,6148,viewer,2026-01-28
6149,6149,unknown,2025-12-23
6150,6150,editor,2025-10-25
6151,6151,,2025-10-08
6152,6152,viewer,2026-02-13
6153,6153,viewer,2025-06-11
6154,6154,editor,2025-06-23
6155,6155,editor,2025-06-26
6156,6156,,2025-07-22
6157,6157,viewer,2026-03-21
6158,6158,viewer,2025-06-07
6159,6159,viewer,2026-03-29
6160,6160,viewer,2025-05-15
6161,6161,viewer,2026-01-04
6162,6162,viewer,2026-01-12
6163,6163,admin,2026-02-17
6164,6164,viewer,2025-04-10
6165,6165,editor,2025-08-17
6166,6166,admin,2025-05-19
6167,6167,editor,2026-01-17
6168,6168,viewer,2025-12-07
6169,6169,admin,2025-08-30
6170,6170,unknown,2026-01-23
6171,6171,admin,2025-10-30
6172,6172,viewer,2025-10-27
6173,6173,viewer,2025-05-13
6174,6174,,2025-09-15
6175,6175,viewer,2025-11-22
6176,6176,editor,2025-07-29
6177,6177,viewer,2025-05-28
6178,6178,,2025-05-28
6179,6179,unknown,2025-09-14
6180,6180,admin,2025-05-09
6181,6181,editor,2025-06-18
6182,6182,editor,2025-09-25
6183,6183,invalid_role,2025-11-08
6184,6184,viewer,2025-11-12
6185,6185,,2026-01-13
6186,6186,viewer,2026-02-25
6187,6187,editor,2026-01-21
6188,6188,admin,2025-04-25
6189,6189,editor,2025-08-21
6190,6190,editor,2026-03-22
6191,6191,,2025-03-30
6192,6192,viewer,2025-11-01
6193,6193,viewer,2025-06-22
6194,6194,guest,2026-01-17
6195,6195,viewer,2025-05-19
6196,6196,editor,2026-03-14
6197,6197,unknown,2025-05-13
6198,6198,unknown,2025-04-25
6199,6199,viewer,2025-05-07
6200,6200,viewer,2025-12-29
6201,6201,viewer,2026-02-03
6202,6202,admin,2026-02-21
6203,6203,admin,2025-05-19
6204,6204,,2025-05-23
6205,6205,admin,2025-07-20
6206,6206,admin,2025-04-25
6207,6207,editor,2025-06-03
6208,6208,admin,2025-07-06
6209,6209,editor,2025-10-01
6210,6210,editor,2025-06-16
6211,6211,,2025-08-23
6212,6212,admin,2025-07-22
6213,6213,editor,2025-05-17
6214,6214,viewer,2025-12-05
6215,6215,admin,2026-03-25
6216,6216,admin,2026-01-11
6217,6217,viewer,2025-06-23
6218,6218,viewer,2025-04-17
6219,6219,viewer,2026-01-01
6220,6220,admin,2025-11-27
6221,6221,admin,2025-10-27
6222,6222,invalid_role,2025-08-29
6223,6223,editor,2026-03-27
6224,6224,,2025-07-20
6225,6225,viewer,2025-11-24
6226,6226,invalid_role,2025-05-07
6227,6227,viewer,2026-01-01
6228,6228,guest,2025-07-13
6229,6229,editor,2025-06-17
6230,6230,editor,2025-10-24
6231,6231,admin,2025-10-21
6232,6232,admin,2025-05-07
6233,6233,admin,2025-06-17
6234,6234,unknown,2026-02-19
6235,6235,,2025-08-02
6236,6236,admin,2025-04-25
6237,6237,viewer,2025-07-05
6238,6238,viewer,2025-07-05
6239,6239,admin,2026-03-18
6240,6240,unknown,2025-07-21
6241,6241,admin,2025-10-22
6242,6242,admin,2025-09-12
6243,6243,viewer,2025-05-05
6244,6244,admin,2025-08-24
6245,6245,,2025-10-22
6246,6246,admin,2025-04-14
6247,6247,editor,2025-04-04
6248,6248,editor,2025-04-25
6249,6249,editor,2026-03-06
6250,6250,viewer,2026-03-07
6251,6251,viewer,2025-06-11
6252,6252,,2025-05-13
6253,6253,,2025-04-05
6254,6254,editor,2026-01-15
6255,6255,admin,2025-07-26
6256,6256,viewer,2025-08-30
6257,6257,admin,2026-01-23
6258,6258,admin,2025-07-16
6259,6259,viewer,2025-06-02
6260,6260,invalid_role,2025-07-01
6261,6261,invalid_role,2025-10-29
6262,6262,viewer,2026-01-19
6263,6263,viewer,2025-11-17
6264,6264,viewer,2025-06-10
6265,6265,admin,2025-10-31
6266,6266,,2025-11-16
6267,6267,admin,2025-12-12
6268,6268,viewer,2026-03-08
6269,6269,editor,2025-07-20
6270,6270,viewer,2025-11-17
6271,6271,viewer,2025-08-02
6272,6272,editor,2025-06-25
6273,6273,viewer,2025-11-25
6274,6274,editor,2026-01-21
6275,6275,viewer,2026-01-11
6276,6276,invalid_role,2025-10-04
6277,6277,editor,2025-10-02
6278,6278,editor,2026-01-17
6279,6279,admin,2025-08-28
6280,6280,editor,2025-04-09
6281,6281,editor,2025-07-03
6282,6282,admin,2025-08-18
6283,6283,editor,2025-04-22
6284,6284,viewer,2026-02-03
6285,6285,admin,2025-04-17
6286,6286,admin,2025-08-19
6287,6287,unknown,2025-05-18
6288,6288,guest,2025-09-22
6289,6289,,2025-12-21
6290,6290,editor,2025-08-13
6291,6291,editor,2025-11-23
6292,6292,guest,2025-04-09
6293,6293,editor,2025-06-16
6294,6294,admin,2025-07-16
6295,6295,viewer,2025-08-31
6296,6296,admin,2026-03-03
6297,6297,viewer,2025-04-07
6298,6298,viewer,2025-05-26
6299,6299,invalid_role,2026-01-27
6300,6300,,2025-06-08
6301,6301,admin,2025-11-24
6302,6302,editor,2025-04-28
6303,6303,viewer,2025-11-14
6304,6304,editor,2026-02-19
6305,6305,viewer,2025-08-14
6306,6306,viewer,2025-06-25
6307,6307,admin,2025-09-28
6308,6308,admin,2025-06-12
6309,6309,viewer,2025-12-09
6310,6310,admin,2026-02-02
6311,6311,editor,2025-05-05
6312,6312,editor,2025-07-17
6313,6313,,2025-07-10
6314,6314,editor,2025-06-27
6315,6315,viewer,2025-12-03
6316,6316,editor,2025-08-07
6317,6317,admin,2025-08-04
6318,6318,editor,2026-03-11
6319,6319,editor,2025-07-20
6320,6320,admin,2025-05-17
6321,6321,admin,2025-08-29
6322,6322,,2025-11-02
6323,6323,admin,2025-07-21
6324,6324,editor,2025-06-02
6325,6325,admin,2025-12-22
6326,6326,editor,2025-08-02
6327,6327,viewer,2025-06-05
6328,6328,viewer,2025-09-24
6329,6329,admin,2025-11-11
6330,6330,editor,2025-08-25
6331,6331,editor,2025-10-06
6332,6332,viewer,2025-07-16
6333,6333,,2025-05-06
6334,6334,admin,2026-01-14
6335,6335,editor,2025-09-15
6336,6336,unknown,2026-03-09
6337,6337,admin,2025-05-20
6338,6338,viewer,2025-08-10
6339,6339,viewer,2025-05-20
6340,6340,viewer,2025-03-31
6341,6341,invalid_role,2025-10-23
6342,6342,editor,2025-05-21
6343,6343,editor,2025-07-26
6344,6344,viewer,2025-12-20
6345,6345,admin,2025-07-24
6346,6346,editor,2025-09-20
6347,6347,editor,2026-03-04
6348,6348,admin,2026-02-13
6349,6349,invalid_role,2025-06-24
6350,6350,,2025-08-01
6351,6351,viewer,2025-04-14
6352,6352,editor,2025-10-19
6353,6353,viewer,2025-06-21
6354,6354,admin,2025-06-17
6355,6355,editor,2025-06-06
6356,6356,,2025-08-18
6357,6357,admin,2025-12-10
6358,6358,viewer,2025-08-21
6359,6359,editor,2025-04-23
6360,6360,viewer,2025-12-19
6361,6361,admin,2025-04-09
6362,6362,editor,2025-04-14
6363,6363,editor,2025-11-09
6364,6364,viewer,2025-10-28
6365,6365,guest,2025-05-31
6366,6366,,2025-06-20
6367,6367,editor,2025-07-10
6368,6368,admin,2025-07-16
6369,6369,unknown,2025-12-27
6370,6370,viewer,2025-10-01
6371,6371,editor,2025-04-06
6372,6372,,2026-03-11
6373,6373,editor,2025-09-17
6374,6374,admin,2026-02-12
6375,6375,viewer,2025-12-26
6376,6376,viewer,2025-11-22
6377,6377,viewer,2026-03-14
6378,6378,viewer,2025-06-06
6379,6379,editor,2025-09-16
6380,6380,editor,2026-03-12
6381,6381,admin,2025-08-25
6382,6382,editor,2025-10-13
6383,6383,invalid_role,2025-10-07
6384,6384,viewer,2026-02-25
6385,6385,viewer,2025-09-24
6386,6386,,2025-12-14
6387,6387,,2026-03-08
6388,6388,admin,2026-02-21
6389,6389,viewer,2025-07-18
6390,6390,editor,2025-05-27
6391,6391,editor,2025-07-10
6392,6392,viewer,2025-12-15
6393,6393,editor,2025-05-05
6394,6394,editor,2025-10-30
6395,6395,viewer,2025-11-27
6396,6396,editor,2026-03-16
6397,6397,admin,2025-10-25
6398,6398,admin,2025-12-20
6399,6399,admin,2026-03-09
6400,6400,editor,2025-10-28
6401,6401,admin,2025-04-22
6402,6402,viewer,2025-08-06
6403,6403,viewer,2025-10-08
6404,6404,unknown,2025-11-08
6405,6405,viewer,2025-04-09
6406,6406,editor,2026-03-24
6407,6407,viewer,2025-07-08
6408,6408,editor,2025-06-30
6409,6409,invalid_role,2026-01-10
6410,6410,admin,2025-06-20
6411,6411,admin,2025-08-07
6412,6412,viewer,2025-11-22
6413,6413,admin,2026-02-27
6414,6414,invalid_role,2026-03-22
6415,6415,viewer,2025-10-26
6416,6416,guest,2025-06-05
6417,6417,editor,2025-07-06
6418,6418,viewer,2025-04-22
6419,6419,admin,2026-01-16
6420,6420,viewer,2025-10-31
6421,6421,editor,2025-06-23
6422,6422,unknown,2025-07-17
6423,6423,admin,2025-08-12
6424,6424,viewer,2025-07-18
6425,6425,guest,2026-03-01
6426,6426,guest,2026-01-06
6427,6427,editor,2025-10-07
6428,6428,,2025-12-06
6429,6429,viewer,2025-06-14
6430,6430,admin,2025-12-03
6431,6431,admin,2025-09-05
6432,6432,admin,2025-08-11
6433,6433,editor,2026-02-14
6434,6434,viewer,2025-08-20
6435,6435,,2025-07-02
6436,6436,viewer,2025-04-30
6437,6437,editor,2025-05-21
6438,6438,admin,2025-07-21
6439,6439,editor,2025-05-06
6440,6440,admin,2025-12-07
6441,6441,editor,2025-10-23
6442,6442,viewer,2025-05-02
6443,6443,viewer,2025-08-08
6444,6444,invalid_role,2025-10-01
6445,6445,viewer,2025-06-17
6446,6446,viewer,2025-09-03
6447,6447,viewer,2026-03-02
6448,6448,admin,2025-10-08
6449,6449,editor,2026-01-18
6450,6450,viewer,2025-07-24
6451,6451,invalid_role,2025-05-04
6452,6452,editor,2025-05-01
6453,6453,admin,2025-09-09
6454,6454,admin,2025-10-01
6455,6455,admin,2025-08-14
6456,6456,editor,2026-03-11
6457,6457,viewer,2026-01-04
6458,6458,admin,2025-05-30
6459,6459,unknown,2025-06-28
6460,6460,guest,2026-01-15
6461,6461,viewer,2025-12-13
6462,6462,admin,2025-08-11
6463,6463,viewer,2025-10-05
6464,6464,invalid_role,2026-02-14
6465,6465,editor,2025-10-27
6466,6466,admin,2025-04-12
6467,6467,editor,2025-08-17
6468,6468,,2025-11-10
6469,6469,viewer,2025-09-06
6470,6470,admin,2025-06-13
6471,6471,invalid_role,2026-01-15
6472,6472,viewer,2025-07-08
6473,6473,,2026-01-16
6474,6474,viewer,2025-07-24
6475,6475,viewer,2025-08-02
6476,6476,editor,2025-05-02
6477,6477,,2026-02-23
6478,6478,editor,2025-06-04
6479,6479,viewer,2025-07-26
6480,6480,,2025-07-16
6481,6481,editor,2025-12-30
6482,6482,guest,2025-04-14
6483,6483,admin,2025-10-30
6484,6484,viewer,2025-05-17
6485,6485,unknown,2025-11-08
6486,6486,viewer,2025-10-30
6487,6487,editor,2025-06-20
6488,6488,viewer,2026-02-17
6489,6489,,2026-02-09
6490,6490,viewer,2025-10-11
6491,6491,invalid_role,2025-07-30
6492,6492,admin,2025-08-11
6493,6493,guest,2025-04-29
6494,6494,admin,2025-09-26
6495,6495,viewer,2025-08-13
6496,6496,,2025-04-15
6497,6497,viewer,2025-06-22
6498,6498,viewer,2025-04-26
6499,6499,editor,2025-07-28
6500,6500,editor,2025-07-17
6501,6501,admin,2025-10-09
6502,6502,admin,2025-05-24
6503,6503,editor,2025-09-28
6504,6504,guest,2025-12-15
6505,6505,guest,2025-09-04
6506,6506,editor,2025-07-18
6507,6507,,2025-04-13
6508,6508,editor,2025-09-30
6509,6509,viewer,2025-10-21
6510,6510,guest,2025-04-11
6511,6511,viewer,2025-09-17
6512,6512,editor,2026-03-10
6513,6513,editor,2025-11-17
6514,6514,,2026-01-27
6515,6515,,2025-12-14
6516,6516,admin,2025-08-24
6517,6517,editor,2025-04-01
6518,6518,admin,2025-09-28
6519,6519,editor,2025-07-14
6520,6520,admin,2025-07-27
6521,6521,admin,2025-10-27
6522,6522,guest,2025-05-07
6523,6523,viewer,2025-05-31
6524,6524,admin,2025-04-03
6525,6525,admin,2026-02-15
6526,6526,editor,2025-07-26
6527,6527,admin,2025-10-27
6528,6528,editor,2025-11-21
6529,6529,editor,2026-03-19
6530,6530,admin,2025-11-02
6531,6531,invalid_role,2025-12-17
6532,6532,admin,2025-10-17
6533,6533,invalid_role,2026-02-20
6534,6534,editor,2025-08-02
6535,6535,admin,2026-01-29
6536,6536,editor,2026-01-12
6537,6537,viewer,2026-03-05
6538,6538,,2025-10-21
6539,6539,editor,2026-02-13
6540,6540,editor,2025-09-24
6541,6541,viewer,2025-12-17
6542,6542,invalid_role,2025-09-22
6543,6543,admin,2025-12-15
6544,6544,admin,2026-03-27
6545,6545,,2025-12-22
6546,6546,editor,2025-06-07
6547,6547,admin,2025-11-19
6548,6548,viewer,2025-10-31
6549,6549,editor,2025-10-09
6550,6550,editor,2025-04-15
6551,6551,editor,2025-10-12
6552,6552,,2025-10-27
6553,6553,editor,2025-09-14
6554,6554,viewer,2026-03-13
6555,6555,admin,2025-12-05
6556,6556,editor,2025-05-25
6557,6557,editor,2026-01-17
6558,6558,viewer,2026-01-24
6559,6559,editor,2025-08-02
6560,6560,viewer,2025-06-13
6561,6561,admin,2026-02-11
6562,6562,editor,2025-08-02
6563,6563,editor,2025-11-27
6564,6564,admin,2025-07-31
6565,6565,admin,2025-07-13
6566,6566,admin,2026-01-18
6567,6567,admin,2025-11-23
6568,6568,editor,2025-08-01
6569,6569,viewer,2025-05-28
6570,6570,viewer,2026-01-04
6571,6571,viewer,2025-12-23
6572,6572,editor,2025-04-14
6573,6573,viewer,2025-04-02
6574,6574,,2025-06-26
6575,6575,,2026-03-06
6576,6576,guest,2026-03-09
6577,6577,viewer,2026-02-15
6578,6578,,2025-05-20
6579,6579,viewer,2025-04-28
6580,6580,editor,2025-09-04
6581,6581,editor,2025-05-06
6582,6582,editor,2026-03-14
6583,6583,unknown,2025-05-30
6584,6584,editor,2026-03-07
6585,6585,,2025-07-22
6586,6586,guest,2026-01-23
6587,6587,guest,2025-07-01
6588,6588,editor,2025-08-02
6589,6589,viewer,2026-03-20
6590,6590,admin,2025-07-03
6591,6591,admin,2026-03-11
6592,6592,admin,2026-02-21
6593,6593,,2025-06-07
6594,6594,admin,2025-12-14
6595,6595,viewer,2026-01-14
6596,6596,admin,2025-12-15
6597,6597,admin,2025-04-22
6598,6598,editor,2025-09-08
6599,6599,admin,2025-08-04
6600,6600,editor,2025-07-28
6601,6601,unknown,2025-08-27
6602,6602,admin,2026-03-01
6603,6603,viewer,2025-05-04
6604,6604,viewer,2025-04-24
6605,6605,editor,2025-08-31
6606,6606,,2025-08-15
6607,6607,admin,2025-10-23
6608,6608,viewer,2025-06-25
6609,6609,,2025-05-10
6610,6610,admin,2026-03-16
6611,6611,invalid_role,2025-06-18
6612,6612,viewer,2025-10-30
6613,6613,admin,2025-05-20
6614,6614,editor,2025-04-30
6615,6615,viewer,2026-01-08
6616,6616,admin,2025-12-06
6617,6617,viewer,2025-05-19
6618,6618,,2025-06-06
6619,6619,admin,2025-04-16
6620,6620,,2025-11-21
6621,6621,admin,2025-09-15
6622,6622,editor,2025-09-05
6623,6623,guest,2026-03-26
6624,6624,,2025-08-14
6625,6625,,2025-07-21
6626,6626,,2025-05-11
6627,6627,admin,2026-01-11
6628,6628,editor,2025-06-14
6629,6629,viewer,2025-04-23
6630,6630,editor,2025-11-17
6631,6631,viewer,2025-11-05
6632,6632,viewer,2025-04-22
6633,6633,editor,2025-05-13
6634,6634,editor,2026-01-21
6635,6635,unknown,2025-10-14
6636,6636,admin,2025-06-16
6637,6637,viewer,2026-02-23
6638,6638,editor,2025-12-30
6639,6639,editor,2025-04-09
6640,6640,admin,2025-06-04
6641,6641,editor,2025-07-16
6642,6642,,2025-05-15
6643,6643,admin,2025-05-18
6644,6644,,2026-02-12
6645,6645,viewer,2025-09-17
6646,6646,editor,2026-03-29
6647,6647,viewer,2025-08-14
6648,6648,viewer,2025-10-23
6649,6649,admin,2025-08-13
6650,6650,viewer,2026-01-27
6651,6651,editor,2025-11-14
6652,6652,admin,2025-10-01
6653,6653,editor,2025-10-09
6654,6654,,2026-01-16
6655,6655,editor,2026-02-16
6656,6656,viewer,2025-09-04
6657,6657,viewer,2025-09-11
6658,6658,viewer,2025-11-30
6659,6659,viewer,2026-01-16
6660,6660,admin,2025-06-13
6661,6661,editor,2025-04-01
6662,6662,unknown,2026-01-19
6663,6663,admin,2026-03-27
6664,6664,viewer,2025-08-11
6665,6665,editor,2025-10-10
6666,6666,admin,2026-02-20
6667,6667,viewer,2025-05-29
6668,6668,viewer,2025-05-18
6669,6669,editor,2025-08-09
6670,6670,viewer,2025-10-25
6671,6671,admin,2025-07-15
6672,6672,guest,2025-04-26
6673,6673,editor,2025-11-10
6674,6674,invalid_role,2026-01-24
6675,6675,admin,2025-07-06
6676,6676,invalid_role,2026-01-03
6677,6677,admin,2026-01-03
6678,6678,editor,2026-03-26
6679,6679,viewer,2025-06-14
6680,6680,viewer,2025-06-19
6681,6681,,2026-02-14
6682,6682,viewer,2025-04-28
6683,6683,admin,2025-07-04
6684,6684,viewer,2025-06-25
6685,6685,admin,2026-02-01
6686,6686,viewer,2025-05-09
6687,6687,,2025-05-20
6688,6688,invalid_role,2025-07-01
6689,6689,viewer,2025-05-22
6690,6690,admin,2025-08-31
6691,6691,editor,2026-02-23
6692,6692,guest,2026-01-20
6693,6693,admin,2026-01-20
6694,6694,viewer,2026-01-07
6695,6695,admin,2025-11-27
6696,6696,admin,2025-12-24
6697,6697,admin,2026-01-01
6698,6698,admin,2025-04-07
6699,6699,admin,2025-10-25
6700,6700,editor,2026-02-24
6701,6701,admin,2026-03-26
6702,6702,viewer,2025-12-04
6703,6703,admin,2025-12-04
6704,6704,viewer,2025-12-07
6705,6705,viewer,2026-02-03
6706,6706,editor,2025-10-07
6707,6707,admin,2026-02-17
6708,6708,editor,2025-05-15
6709,6709,invalid_role,2025-08-17
6710,6710,admin,2025-08-12
6711,6711,viewer,2025-12-15
6712,6712,viewer,2026-02-17
6713,6713,,2025-11-19
6714,6714,admin,2025-04-25
6715,6715,admin,2025-08-24
6716,6716,editor,2025-11-04
6717,6717,guest,2025-08-18
6718,6718,invalid_role,2026-03-12
6719,6719,admin,2025-07-17
6720,6720,,2026-01-29
6721,6721,admin,2026-03-02
6722,6722,editor,2025-08-26
6723,6723,editor,2025-10-23
6724,6724,editor,2025-04-25
6725,6725,viewer,2025-11-27
6726,6726,viewer,2025-04-23
6727,6727,admin,2025-05-13
6728,6728,admin,2025-05-27
6729,6729,viewer,2025-06-12
6730,6730,admin,2026-03-15
6731,6731,editor,2026-01-22
6732,6732,admin,2026-02-11
6733,6733,admin,2025-06-15
6734,6734,editor,2025-10-18
6735,6735,,2025-12-07
6736,6736,admin,2026-03-04
6737,6737,viewer,2025-11-20
6738,6738,editor,2026-02-06
6739,6739,viewer,2026-01-03
6740,6740,viewer,2025-05-15
6741,6741,admin,2025-06-13
6742,6742,,2026-01-15
6743,6743,invalid_role,2026-03-13
6744,6744,,2025-07-09
6745,6745,viewer,2025-06-02
6746,6746,editor,2026-02-02
6747,6747,editor,2025-08-27
6748,6748,editor,2026-02-26
6749,6749,editor,2026-01-31
6750,6750,viewer,2025-06-26
6751,6751,editor,2025-08-07
6752,6752,editor,2025-05-01
6753,6753,invalid_role,2026-03-23
6754,6754,admin,2025-07-19
6755,6755,admin,2025-11-16
6756,6756,editor,2025-09-19
6757,6757,admin,2025-10-07
6758,6758,admin,2025-10-22
6759,6759,viewer,2026-03-01
6760,6760,viewer,2025-04-02
6761,6761,admin,2025-08-14
6762,6762,admin,2025-04-22
6763,6763,admin,2026-01-06
6764,6764,editor,2025-11-05
6765,6765,admin,2025-04-15
6766,6766,unknown,2025-07-25
6767,6767,editor,2025-04-16
6768,6768,editor,2025-07-14
6769,6769,invalid_role,2026-03-09
6770,6770,,2025-11-04
6771,6771,viewer,2025-11-10
6772,6772,viewer,2025-09-05
6773,6773,editor,2025-11-23
6774,6774,editor,2025-08-02
6775,6775,editor,2025-08-24
6776,6776,viewer,2025-08-13
6777,6777,viewer,2025-06-04
6778,6778,viewer,2025-07-09
6779,6779,admin,2025-10-15
6780,6780,,2025-10-18
6781,6781,editor,2025-09-04
6782,6782,viewer,2025-07-11
6783,6783,,2026-02-10
6784,6784,viewer,2025-05-29
6785,6785,viewer,2025-12-21
6786,6786,editor,2025-05-16
6787,6787,viewer,2025-08-05
6788,6788,admin,2025-05-09
6789,6789,,2025-10-21
6790,6790,viewer,2025-06-10
6791,6791,editor,2026-01-02
6792,6792,viewer,2025-09-04
6793,6793,unknown,2025-08-04
6794,6794,admin,2025-12-07
6795,6795,admin,2025-07-25
6796,6796,admin,2025-10-18
6797,6797,editor,2025-06-24
6798,6798,admin,2025-06-11
6799,6799,viewer,2026-02-08
6800,6800,editor,2025-11-30
6801,6801,guest,2025-09-30
6802,6802,editor,2026-01-06
6803,6803,viewer,2025-06-19
6804,6804,guest,2025-04-02
6805,6805,admin,2025-05-13
6806,6806,viewer,2026-02-11
6807,6807,admin,2025-11-29
6808,6808,guest,2025-10-26
6809,6809,,2025-12-26
6810,6810,admin,2025-03-30
6811,6811,admin,2025-07-29
6812,6812,editor,2026-02-19
6813,6813,unknown,2025-12-03
6814,6814,admin,2025-11-09
6815,6815,viewer,2025-08-16
6816,6816,editor,2025-12-11
6817,6817,viewer,2025-05-07
6818,6818,invalid_role,2026-03-18
6819,6819,viewer,2026-01-21
6820,6820,admin,2025-09-10
6821,6821,editor,2025-09-22
6822,6822,admin,2026-03-26
6823,6823,admin,2025-04-23
6824,6824,editor,2025-09-15
6825,6825,editor,2025-06-12
6826,6826,viewer,2025-09-14
6827,6827,viewer,2026-01-28
6828,6828,viewer,2025-08-06
6829,6829,viewer,2026-01-19
6830,6830,editor,2026-01-17
6831,6831,admin,2026-02-20
6832,6832,viewer,2025-06-26
6833,6833,admin,2026-03-24
6834,6834,,2026-03-07
6835,6835,editor,2025-08-21
6836,6836,viewer,2026-03-28
6837,6837,editor,2025-04-17
6838,6838,admin,2025-12-22
6839,6839,admin,2025-09-09
6840,6840,,2025-04-03
6841,6841,viewer,2025-05-08
6842,6842,admin,2026-01-18
6843,6843,editor,2025-08-08
6844,6844,guest,2025-08-21
6845,6845,editor,2025-11-04
6846,6846,viewer,2026-02-09
6847,6847,viewer,2025-07-05
6848,6848,admin,2025-10-25
6849,6849,viewer,2025-06-30
6850,6850,admin,2026-01-21
6851,6851,viewer,2025-05-16
6852,6852,viewer,2025-08-18
6853,6853,,2026-01-22
6854,6854,viewer,2025-10-20
6855,6855,admin,2025-06-19
6856,6856,admin,2025-11-14
6857,6857,,2025-05-31
6858,6858,editor,2025-07-20
6859,6859,unknown,2025-11-27
6860,6860,admin,2025-11-08
6861,6861,admin,2025-04-11
6862,6862,viewer,2026-03-28
6863,6863,admin,2025-10-23
6864,6864,viewer,2026-03-04
6865,6865,,2025-11-04
6866,6866,invalid_role,2025-10-06
6867,6867,guest,2025-12-19
6868,6868,viewer,2025-11-19
6869,6869,editor,2025-12-24
6870,6870,admin,2025-04-30
6871,6871,admin,2025-06-25
6872,6872,editor,2026-01-20
6873,6873,editor,2025-06-10
6874,6874,viewer,2025-10-29
6875,6875,editor,2026-02-20
6876,6876,editor,2025-05-04
6877,6877,viewer,2025-05-10
6878,6878,,2025-07-16
6879,6879,admin,2025-11-11
6880,6880,viewer,2025-04-21
6881,6881,editor,2026-03-20
6882,6882,admin,2026-02-18
6883,6883,admin,2025-04-23
6884,6884,viewer,2025-07-27
6885,6885,viewer,2025-04-28
6886,6886,viewer,2025-05-12
6887,6887,viewer,2026-02-03
6888,6888,viewer,2025-08-11
6889,6889,editor,2025-09-28
6890,6890,viewer,2025-10-25
6891,6891,admin,2025-07-23
6892,6892,viewer,2025-12-06
6893,6893,viewer,2025-04-13
6894,6894,editor,2025-11-26
6895,6895,viewer,2025-12-10
6896,6896,admin,2025-09-16
6897,6897,,2025-11-01
6898,6898,admin,2025-04-10
6899,6899,viewer,2025-07-30
6900,6900,editor,2025-08-21
6901,6901,viewer,2025-12-18
6902,6902,admin,2025-07-25
6903,6903,editor,2025-09-12
6904,6904,viewer,2025-04-29
6905,6905,editor,2026-01-30
6906,6906,editor,2025-11-28
6907,6907,,2025-10-12
6908,6908,admin,2025-10-06
6909,6909,admin,2026-03-15
6910,6910,editor,2025-07-04
6911,6911,admin,2025-11-27
6912,6912,editor,2025-10-22
6913,6913,guest,2025-04-17
6914,6914,editor,2026-02-05
6915,6915,admin,2025-12-31
6916,6916,viewer,2025-11-26
6917,6917,invalid_role,2025-11-06
6918,6918,viewer,2025-11-22
6919,6919,admin,2025-03-30
6920,6920,viewer,2025-10-28
6921,6921,admin,2025-05-01
6922,6922,guest,2025-07-28
6923,6923,admin,2025-05-16
6924,6924,viewer,2026-03-07
6925,6925,editor,2025-09-11
6926,6926,,2025-07-17
6927,6927,,2025-07-31
6928,6928,admin,2025-11-03
6929,6929,editor,2026-02-07
6930,6930,viewer,2025-09-23
6931,6931,admin,2025-09-18
6932,6932,admin,2025-06-30
6933,6933,viewer,2025-04-13
6934,6934,admin,2025-05-15
6935,6935,admin,2025-09-17
6936,6936,admin,2025-09-19
6937,6937,,2025-05-23
6938,6938,editor,2025-05-14
6939,6939,viewer,2026-01-14
6940,6940,editor,2026-03-27
6941,6941,admin,2025-11-28
6942,6942,viewer,2025-07-04
6943,6943,viewer,2025-12-23
6944,6944,guest,2025-06-11
6945,6945,editor,2025-11-19
6946,6946,,2026-02-15
6947,6947,editor,2025-10-01
6948,6948,admin,2025-09-21
6949,6949,editor,2025-12-24
6950,6950,admin,2025-09-05
6951,6951,editor,2025-05-14
6952,6952,unknown,2025-12-17
6953,6953,viewer,2025-12-03
6954,6954,unknown,2026-01-22
6955,6955,viewer,2025-09-08
6956,6956,admin,2025-12-09
6957,6957,viewer,2026-01-10
6958,6958,viewer,2026-01-19
6959,6959,admin,2025-04-01
6960,6960,admin,2026-03-23
6961,6961,admin,2025-08-20
6962,6962,admin,2025-11-17
6963,6963,unknown,2025-04-29
6964,6964,,2025-06-13
6965,6965,admin,2025-10-26
6966,6966,viewer,2025-08-06
6967,6967,admin,2025-07-09
6968,6968,unknown,2025-04-30
6969,6969,viewer,2025-06-06
6970,6970,viewer,2026-01-06
6971,6971,admin,2025-04-28
6972,6972,viewer,2025-10-26
6973,6973,,2025-09-06
6974,6974,admin,2025-06-21
6975,6975,viewer,2026-02-22
6976,6976,viewer,2025-08-24
6977,6977,editor,2025-06-04
6978,6978,,2025-06-22
6979,6979,admin,2025-07-01
6980,6980,viewer,2026-01-17
6981,6981,,2026-02-05
6982,6982,editor,2025-06-04
6983,6983,editor,2025-09-30
6984,6984,viewer,2025-11-07
6985,6985,editor,2025-11-17
6986,6986,viewer,2026-02-01
6987,6987,admin,2026-01-06
6988,6988,admin,2026-01-24
6989,6989,admin,2025-04-05
6990,6990,viewer,2025-05-25
6991,6991,viewer,2025-08-29
6992,6992,admin,2025-05-01
6993,6993,unknown,2026-03-19
6994,6994,editor,2025-03-30
6995,6995,viewer,2025-09-29
6996,6996,viewer,2025-07-26
6997,6997,admin,2025-10-24
6998,6998,editor,2025-12-09
6999,6999,editor,2025-04-19
7000,7000,editor,2025-08-12
7001,7001,guest,2025-05-27
7002,7002,editor,2025-06-13
7003,7003,,2026-03-29
7004,7004,admin,2026-01-31
7005,7005,viewer,2025-12-04
7006,7006,viewer,2026-02-18
7007,7007,viewer,2025-07-14
7008,7008,admin,2025-07-15
7009,7009,viewer,2025-04-20
7010,7010,,2025-08-10
7011,7011,admin,2026-01-07
7012,7012,,2026-03-15
7013,7013,viewer,2026-03-14
7014,7014,,2026-03-23
7015,7015,,2025-07-27
7016,7016,guest,2025-07-16
7017,7017,admin,2026-02-25
7018,7018,admin,2025-12-13
7019,7019,viewer,2025-08-05
7020,7020,viewer,2026-03-28
7021,7021,admin,2026-02-17
7022,7022,viewer,2025-07-30
7023,7023,editor,2025-10-28
7024,7024,unknown,2025-09-24
7025,7025,guest,2025-06-16
7026,7026,viewer,2026-03-02
7027,7027,viewer,2025-07-21
7028,7028,viewer,2025-11-12
7029,7029,editor,2026-01-21
7030,7030,invalid_role,2025-06-03
7031,7031,viewer,2026-03-03
7032,7032,viewer,2025-05-26
7033,7033,admin,2025-09-16
7034,7034,admin,2025-10-23
7035,7035,admin,2025-12-12
7036,7036,admin,2026-03-05
7037,7037,admin,2025-08-03
7038,7038,admin,2025-04-25
7039,7039,admin,2025-07-05
7040,7040,admin,2025-08-02
7041,7041,admin,2025-08-22
7042,7042,editor,2025-05-10
7043,7043,viewer,2026-03-19
7044,7044,admin,2025-10-30
7045,7045,unknown,2025-04-18
7046,7046,viewer,2025-09-08
7047,7047,viewer,2025-08-07
7048,7048,viewer,2025-10-22
7049,7049,admin,2025-11-19
7050,7050,admin,2025-08-02
7051,7051,admin,2025-08-29
7052,7052,viewer,2025-06-05
7053,7053,admin,2025-10-12
7054,7054,viewer,2026-03-02
7055,7055,viewer,2025-12-21
7056,7056,unknown,2025-05-09
7057,7057,viewer,2025-07-25
7058,7058,viewer,2025-05-07
7059,7059,viewer,2026-02-04
7060,7060,viewer,2026-01-03
7061,7061,admin,2025-09-19
7062,7062,editor,2026-02-25
7063,7063,viewer,2025-04-15
7064,7064,admin,2025-10-08
7065,7065,admin,2025-07-05
7066,7066,admin,2025-12-23
7067,7067,admin,2025-10-24
7068,7068,admin,2025-08-12
7069,7069,editor,2025-10-05
7070,7070,invalid_role,2026-02-21
7071,7071,unknown,2026-03-15
7072,7072,editor,2026-02-05
7073,7073,editor,2025-09-20
7074,7074,guest,2025-08-16
7075,7075,admin,2026-03-15
7076,7076,admin,2025-09-13
7077,7077,viewer,2025-04-17
7078,7078,editor,2025-04-05
7079,7079,editor,2025-08-11
7080,7080,viewer,2025-07-06
7081,7081,editor,2025-10-01
7082,7082,admin,2025-08-04
7083,7083,viewer,2025-07-18
7084,7084,viewer,2025-07-31
7085,7085,,2025-07-12
7086,7086,editor,2025-09-03
7087,7087,editor,2025-08-28
7088,7088,admin,2025-07-08
7089,7089,unknown,2025-09-01
7090,7090,editor,2025-09-02
7091,7091,viewer,2026-01-10
7092,7092,viewer,2025-12-15
7093,7093,editor,2025-12-03
7094,7094,invalid_role,2025-08-30
7095,7095,admin,2025-06-03
7096,7096,editor,2025-08-10
7097,7097,admin,2026-01-08
7098,7098,invalid_role,2025-06-17
7099,7099,editor,2025-06-13
7100,7100,admin,2025-06-19
7101,7101,,2025-06-05
7102,7102,editor,2025-10-07
7103,7103,,2025-10-07
7104,7104,viewer,2025-07-16
7105,7105,admin,2025-10-20
7106,7106,admin,2025-10-01
7107,7107,admin,2025-05-08
7108,7108,admin,2025-05-16
7109,7109,editor,2026-03-01
7110,7110,admin,2025-08-11
7111,7111,viewer,2025-06-08
7112,7112,editor,2025-08-06
7113,7113,admin,2025-08-24
7114,7114,,2025-09-13
7115,7115,,2025-04-20
7116,7116,,2026-02-22
7117,7117,unknown,2025-10-01
7118,7118,editor,2025-08-15
7119,7119,admin,2025-05-13
7120,7120,viewer,2026-01-24
7121,7121,viewer,2025-09-28
7122,7122,editor,2025-08-08
7123,7123,editor,2025-11-30
7124,7124,viewer,2026-01-07
7125,7125,admin,2026-01-09
7126,7126,viewer,2025-06-10
7127,7127,,2025-08-17
7128,7128,viewer,2025-08-19
7129,7129,viewer,2025-11-02
7130,7130,admin,2025-06-28
7131,7131,viewer,2026-02-24
7132,7132,viewer,2025-07-16
7133,7133,viewer,2025-08-13
7134,7134,viewer,2025-10-30
7135,7135,viewer,2025-10-19
7136,7136,editor,2025-11-23
7137,7137,editor,2025-04-15
7138,7138,admin,2025-04-12
7139,7139,,2025-04-07
7140,7140,viewer,2025-09-24
7141,7141,admin,2025-11-20
7142,7142,viewer,2025-11-22
7143,7143,viewer,2025-07-18
7144,7144,editor,2025-08-18
7145,7145,admin,2025-07-12
7146,7146,viewer,2026-03-06
7147,7147,viewer,2026-01-01
7148,7148,viewer,2026-02-12
7149,7149,unknown,2025-08-07
7150,7150,admin,2025-04-08
7151,7151,,2025-06-22
7152,7152,viewer,2026-02-01
7153,7153,editor,2025-08-27
7154,7154,admin,2025-07-14
7155,7155,,2025-11-13
7156,7156,admin,2025-04-13
7157,7157,admin,2025-09-08
7158,7158,invalid_role,2026-01-11
7159,7159,editor,2025-08-07
7160,7160,editor,2025-09-12
7161,7161,viewer,2025-11-23
7162,7162,viewer,2025-04-08
7163,7163,admin,2026-01-25
7164,7164,invalid_role,2025-07-26
7165,7165,editor,2025-11-15
7166,7166,,2025-05-17
7167,7167,viewer,2025-12-22
7168,7168,viewer,2025-10-10
7169,7169,admin,2025-08-04
7170,7170,admin,2025-11-14
7171,7171,editor,2026-03-12
7172,7172,editor,2025-12-28
7173,7173,,2026-03-20
7174,7174,admin,2025-05-06
7175,7175,admin,2025-08-27
7176,7176,admin,2025-12-23
7177,7177,editor,2025-09-08
7178,7178,admin,2025-04-04
7179,7179,guest,2026-03-03
7180,7180,guest,2025-10-27
7181,7181,editor,2026-02-21
7182,7182,editor,2025-07-21
7183,7183,editor,2026-02-19
7184,7184,unknown,2026-03-25
7185,7185,admin,2025-10-09
7186,7186,admin,2025-10-22
7187,7187,editor,2026-02-05
7188,7188,,2025-06-26
7189,7189,editor,2025-10-30
7190,7190,admin,2026-03-25
7191,7191,admin,2025-11-02
7192,7192,invalid_role,2025-07-23
7193,7193,viewer,2025-12-05
7194,7194,editor,2025-09-06
7195,7195,editor,2025-08-11
7196,7196,editor,2025-07-02
7197,7197,invalid_role,2025-04-26
7198,7198,admin,2025-08-23
7199,7199,viewer,2025-05-12
7200,7200,viewer,2025-10-23
7201,7201,invalid_role,2025-10-25
7202,7202,,2025-12-18
7203,7203,viewer,2026-03-20
7204,7204,editor,2026-03-28
7205,7205,guest,2025-05-23
7206,7206,viewer,2026-03-09
7207,7207,editor,2025-08-21
7208,7208,editor,2025-10-16
7209,7209,admin,2025-10-25
7210,7210,guest,2025-11-13
7211,7211,viewer,2025-06-25
7212,7212,editor,2025-10-11
7213,7213,,2026-01-18
7214,7214,admin,2025-10-16
7215,7215,editor,2026-03-21
7216,7216,viewer,2025-06-30
7217,7217,viewer,2025-04-26
7218,7218,admin,2025-10-12
7219,7219,admin,2025-05-06
7220,7220,editor,2026-02-14
7221,7221,editor,2025-10-04
7222,7222,viewer,2025-07-10
7223,7223,admin,2026-01-07
7224,7224,admin,2026-03-24
7225,7225,editor,2025-07-13
7226,7226,admin,2025-09-24
7227,7227,invalid_role,2025-05-27
7228,7228,editor,2025-04-26
7229,7229,,2025-08-29
7230,7230,admin,2026-02-05
7231,7231,viewer,2025-07-07
7232,7232,viewer,2025-12-18
7233,7233,,2025-11-07
7234,7234,invalid_role,2025-06-24
7235,7235,editor,2026-01-09
7236,7236,viewer,2026-03-02
7237,7237,admin,2026-03-26
7238,7238,editor,2025-11-06
7239,7239,editor,2025-12-09
7240,7240,viewer,2025-04-09
7241,7241,admin,2025-09-08
7242,7242,viewer,2025-12-05
7243,7243,admin,2025-12-31
7244,7244,admin,2025-05-18
7245,7245,admin,2025-04-19
7246,7246,admin,2025-05-19
7247,7247,admin,2026-03-25
7248,7248,editor,2025-10-05
7249,7249,,2025-08-06
7250,7250,guest,2025-06-20
7251,7251,editor,2026-02-27
7252,7252,admin,2025-07-06
7253,7253,admin,2025-12-23
7254,7254,admin,2025-06-26
7255,7255,invalid_role,2025-09-22
7256,7256,viewer,2025-04-16
7257,7257,editor,2025-08-18
7258,7258,viewer,2025-05-29
7259,7259,editor,2026-03-04
7260,7260,viewer,2025-11-30
7261,7261,invalid_role,2025-11-03
7262,7262,guest,2025-12-09
7263,7263,invalid_role,2025-07-15
7264,7264,admin,2025-10-30
7265,7265,admin,2025-12-07
7266,7266,admin,2025-04-09
7267,7267,admin,2025-11-17
7268,7268,admin,2025-05-13
7269,7269,editor,2026-02-17
7270,7270,editor,2026-01-22
7271,7271,viewer,2025-09-07
7272,7272,admin,2025-04-12
7273,7273,editor,2025-06-02
7274,7274,admin,2025-08-01
7275,7275,,2025-11-10
7276,7276,viewer,2025-07-27
7277,7277,unknown,2025-06-01
7278,7278,guest,2025-04-30
7279,7279,editor,2026-01-26
7280,7280,viewer,2025-07-03
7281,7281,editor,2025-10-11
7282,7282,editor,2025-06-28
7283,7283,unknown,2025-10-11
7284,7284,admin,2025-10-12
7285,7285,admin,2025-12-12
7286,7286,viewer,2025-12-20
7287,7287,viewer,2025-05-14
7288,7288,viewer,2025-08-06
7289,7289,,2025-05-06
7290,7290,admin,2025-10-16
7291,7291,viewer,2025-12-28
7292,7292,editor,2025-06-27
7293,7293,viewer,2025-09-03
7294,7294,,2025-08-16
7295,7295,unknown,2025-06-05
7296,7296,editor,2025-05-19
7297,7297,invalid_role,2025-09-10
7298,7298,viewer,2025-07-22
7299,7299,admin,2025-08-31
7300,7300,admin,2026-03-03
7301,7301,viewer,2025-12-23
7302,7302,viewer,2025-12-29
7303,7303,viewer,2025-07-12
7304,7304,viewer,2025-10-25
7305,7305,admin,2026-02-14
7306,7306,viewer,2025-12-05
7307,7307,viewer,2026-02-25
7308,7308,editor,2025-07-02
7309,7309,,2026-03-11
7310,7310,admin,2025-11-13
7311,7311,editor,2025-03-31
7312,7312,viewer,2025-08-01
7313,7313,viewer,2025-07-10
7314,7314,,2025-10-03
7315,7315,editor,2026-02-05
7316,7316,viewer,2025-04-10
7317,7317,editor,2025-04-29
7318,7318,admin,2026-02-26
7319,7319,admin,2025-09-29
7320,7320,editor,2025-09-16
7321,7321,editor,2025-11-19
7322,7322,viewer,2025-12-15
7323,7323,admin,2026-01-22
7324,7324,editor,2026-02-11
7325,7325,editor,2025-05-01
7326,7326,invalid_role,2025-04-03
7327,7327,admin,2026-01-09
7328,7328,invalid_role,2025-10-25
7329,7329,editor,2025-04-29
7330,7330,viewer,2026-01-12
7331,7331,editor,2026-02-22
7332,7332,admin,2025-08-26
7333,7333,admin,2026-03-28
7334,7334,admin,2025-11-19
7335,7335,editor,2026-01-11
7336,7336,editor,2025-11-11
7337,7337,admin,2025-09-22
7338,7338,editor,2025-10-08
7339,7339,viewer,2025-11-21
7340,7340,admin,2025-09-07
7341,7341,editor,2025-10-08
7342,7342,admin,2025-08-07
7343,7343,,2025-08-14
7344,7344,admin,2025-12-08
7345,7345,viewer,2025-12-17
7346,7346,,2026-02-07
7347,7347,invalid_role,2025-09-11
7348,7348,editor,2026-03-15
7349,7349,admin,2025-10-28
7350,7350,editor,2025-11-26
7351,7351,unknown,2025-12-18
7352,7352,editor,2026-02-16
7353,7353,viewer,2025-10-18
7354,7354,admin,2026-03-13
7355,7355,,2025-08-22
7356,7356,editor,2025-06-13
7357,7357,admin,2025-04-14
7358,7358,unknown,2025-06-30
7359,7359,viewer,2025-07-12
7360,7360,admin,2025-08-04
7361,7361,viewer,2025-07-24
7362,7362,editor,2025-07-25
7363,7363,unknown,2025-06-24
7364,7364,viewer,2025-09-21
7365,7365,editor,2025-08-20
7366,7366,admin,2026-03-09
7367,7367,,2025-09-04
7368,7368,admin,2025-06-01
7369,7369,editor,2025-08-07
7370,7370,admin,2025-06-24
7371,7371,viewer,2025-07-07
7372,7372,admin,2025-10-18
7373,7373,viewer,2025-04-29
7374,7374,viewer,2025-06-19
7375,7375,admin,2025-04-09
7376,7376,admin,2025-11-08
7377,7377,unknown,2025-03-31
7378,7378,viewer,2025-08-12
7379,7379,viewer,2026-01-11
7380,7380,admin,2025-07-16
7381,7381,editor,2025-03-30
7382,7382,viewer,2025-10-22
7383,7383,viewer,2025-06-13
7384,7384,viewer,2026-01-14
7385,7385,admin,2025-11-21
7386,7386,admin,2026-01-13
7387,7387,guest,2026-03-03
7388,7388,editor,2026-01-16
7389,7389,guest,2025-11-02
7390,7390,guest,2025-08-17
7391,7391,viewer,2025-08-10
7392,7392,invalid_role,2026-01-20
7393,7393,admin,2025-10-04
7394,7394,unknown,2026-01-22
7395,7395,viewer,2025-06-30
7396,7396,viewer,2025-04-07
7397,7397,editor,2026-03-25
7398,7398,invalid_role,2025-09-26
7399,7399,viewer,2025-06-12
7400,7400,admin,2026-03-22
7401,7401,admin,2025-11-20
7402,7402,viewer,2025-05-30
7403,7403,viewer,2025-09-20
7404,7404,viewer,2025-12-09
7405,7405,guest,2025-07-20
7406,7406,admin,2025-09-24
7407,7407,viewer,2025-06-03
7408,7408,editor,2026-03-22
7409,7409,viewer,2025-09-19
7410,7410,editor,2026-03-20
7411,7411,editor,2025-11-14
7412,7412,admin,2026-03-13
7413,7413,admin,2025-11-22
7414,7414,viewer,2025-12-07
7415,7415,editor,2025-08-11
7416,7416,editor,2025-06-23
7417,7417,admin,2025-11-17
7418,7418,editor,2026-01-19
7419,7419,editor,2025-06-10
7420,7420,viewer,2026-01-11
7421,7421,admin,2026-01-22
7422,7422,unknown,2025-07-28
7423,7423,admin,2025-10-19
7424,7424,editor,2025-10-24
7425,7425,unknown,2025-10-18
7426,7426,unknown,2025-06-13
7427,7427,viewer,2025-12-06
7428,7428,invalid_role,2025-12-31
7429,7429,viewer,2025-06-22
7430,7430,admin,2025-11-03
7431,7431,guest,2026-01-12
7432,7432,editor,2025-11-09
7433,7433,editor,2025-04-09
7434,7434,admin,2025-11-29
7435,7435,editor,2025-11-07
7436,7436,editor,2026-02-06
7437,7437,invalid_role,2026-03-08
7438,7438,viewer,2025-09-11
7439,7439,viewer,2025-09-22
7440,7440,,2026-03-25
7441,7441,admin,2026-02-24
7442,7442,viewer,2025-08-05
7443,7443,,2025-11-13
7444,7444,editor,2026-02-13
7445,7445,invalid_role,2026-02-16
7446,7446,guest,2025-05-04
7447,7447,viewer,2025-10-24
7448,7448,viewer,2026-01-01
7449,7449,admin,2025-07-14
7450,7450,editor,2026-02-05
7451,7451,guest,2025-10-20
7452,7452,viewer,2026-01-14
7453,7453,admin,2026-01-31
7454,7454,editor,2025-11-20
7455,7455,,2025-07-15
7456,7456,viewer,2025-04-27
7457,7457,editor,2026-02-07
7458,7458,viewer,2025-05-22
7459,7459,admin,2026-02-15
7460,7460,admin,2025-10-08
7461,7461,editor,2026-02-12
7462,7462,editor,2025-12-22
7463,7463,,2026-02-05
7464,7464,viewer,2026-02-12
7465,7465,admin,2025-10-24
7466,7466,editor,2025-09-29
7467,7467,admin,2026-01-11
7468,7468,admin,2025-12-22
7469,7469,,2025-07-31
7470,7470,admin,2025-12-13
7471,7471,editor,2025-04-02
7472,7472,editor,2025-04-24
7473,7473,viewer,2025-10-24
7474,7474,unknown,2026-01-09
7475,7475,viewer,2025-06-29
7476,7476,editor,2025-11-22
7477,7477,editor,2025-12-04
7478,7478,admin,2025-11-12
7479,7479,viewer,2025-08-13
7480,7480,,2025-07-18
7481,7481,editor,2025-12-25
7482,7482,unknown,2025-08-14
7483,7483,admin,2025-06-03
7484,7484,editor,2025-09-12
7485,7485,editor,2025-04-01
7486,7486,editor,2025-11-22
7487,7487,viewer,2026-01-18
7488,7488,admin,2025-10-07
7489,7489,viewer,2025-04-08
7490,7490,viewer,2025-08-28
7491,7491,unknown,2025-05-20
7492,7492,,2026-02-14
7493,7493,viewer,2025-12-29
7494,7494,viewer,2025-05-14
7495,7495,editor,2025-04-13
7496,7496,viewer,2025-09-21
7497,7497,,2025-12-08
7498,7498,viewer,2025-12-15
7499,7499,admin,2025-05-01
7500,7500,admin,2026-01-12
7501,7501,admin,2025-12-11
7502,7502,admin,2025-08-09
7503,7503,editor,2025-05-09
7504,7504,,2025-09-20
7505,7505,viewer,2026-02-09
7506,7506,editor,2025-09-03
7507,7507,admin,2026-03-04
7508,7508,editor,2026-03-29
7509,7509,admin,2025-11-03
7510,7510,admin,2026-02-26
7511,7511,,2025-06-21
7512,7512,admin,2026-01-27
7513,7513,editor,2026-01-11
7514,7514,editor,2025-09-27
7515,7515,editor,2025-05-07
7516,7516,editor,2026-03-25
7517,7517,admin,2025-10-04
7518,7518,viewer,2025-05-01
7519,7519,admin,2026-03-27
7520,7520,viewer,2025-06-26
7521,7521,admin,2025-07-05
7522,7522,editor,2026-01-23
7523,7523,admin,2025-05-23
7524,7524,admin,2025-08-04
7525,7525,editor,2025-04-11
7526,7526,,2026-03-29
7527,7527,,2026-02-21
7528,7528,editor,2025-08-01
7529,7529,admin,2026-01-29
7530,7530,editor,2026-02-12
7531,7531,invalid_role,2025-05-22
7532,7532,admin,2025-11-14
7533,7533,,2026-03-26
7534,7534,admin,2026-02-18
7535,7535,viewer,2025-07-27
7536,7536,editor,2026-01-24
7537,7537,editor,2025-05-07
7538,7538,viewer,2025-07-31
7539,7539,editor,2025-05-05
7540,7540,viewer,2026-03-22
7541,7541,editor,2026-03-02
7542,7542,invalid_role,2025-10-25
7543,7543,unknown,2025-08-25
7544,7544,unknown,2026-01-14
7545,7545,viewer,2025-11-08
7546,7546,admin,2025-05-05
7547,7547,guest,2026-01-31
7548,7548,admin,2025-04-09
7549,7549,viewer,2025-04-16
7550,7550,admin,2026-01-15
7551,7551,admin,2026-03-02
7552,7552,editor,2025-12-20
7553,7553,admin,2026-02-12
7554,7554,,2025-06-14
7555,7555,viewer,2025-08-24
7556,7556,viewer,2025-06-30
7557,7557,guest,2025-12-28
7558,7558,guest,2026-01-22
7559,7559,admin,2026-03-13
7560,7560,editor,2025-09-13
7561,7561,guest,2025-05-09
7562,7562,editor,2025-06-30
7563,7563,admin,2025-08-13
7564,7564,invalid_role,2025-06-05
7565,7565,editor,2025-07-06
7566,7566,editor,2025-10-24
7567,7567,editor,2025-07-18
7568,7568,guest,2025-05-04
7569,7569,viewer,2025-04-10
7570,7570,invalid_role,2025-04-07
7571,7571,unknown,2025-07-13
7572,7572,,2026-02-28
7573,7573,editor,2025-04-30
7574,7574,viewer,2026-01-03
7575,7575,editor,2026-01-27
7576,7576,viewer,2025-11-28
7577,7577,viewer,2025-07-28
7578,7578,viewer,2025-05-08
7579,7579,,2025-05-17
7580,7580,guest,2025-07-16
7581,7581,admin,2025-07-13
7582,7582,admin,2025-06-06
7583,7583,admin,2026-02-22
7584,7584,viewer,2025-07-30
7585,7585,unknown,2025-05-08
7586,7586,,2026-03-09
7587,7587,viewer,2026-03-16
7588,7588,viewer,2026-01-24
7589,7589,viewer,2025-06-13
7590,7590,viewer,2025-05-12
7591,7591,viewer,2025-07-12
7592,7592,editor,2025-11-07
7593,7593,unknown,2025-09-30
7594,7594,invalid_role,2026-02-24
7595,7595,viewer,2025-09-12
7596,7596,editor,2026-02-05
7597,7597,admin,2025-09-27
7598,7598,viewer,2025-06-04
7599,7599,viewer,2025-10-20
7600,7600,viewer,2025-11-07
7601,7601,viewer,2025-10-04
7602,7602,admin,2025-11-28
7603,7603,unknown,2026-02-24
7604,7604,admin,2026-02-05
7605,7605,admin,2025-09-06
7606,7606,editor,2025-04-19
7607,7607,editor,2026-01-27
7608,7608,admin,2026-03-06
7609,7609,viewer,2025-12-15
7610,7610,admin,2026-03-04
7611,7611,admin,2025-10-22
7612,7612,admin,2025-08-20
7613,7613,editor,2025-04-08
7614,7614,admin,2025-05-20
7615,7615,viewer,2025-05-19
7616,7616,admin,2025-09-22
7617,7617,editor,2025-07-31
7618,7618,admin,2025-07-01
7619,7619,admin,2025-11-17
7620,7620,guest,2025-11-12
7621,7621,editor,2025-06-25
7622,7622,admin,2025-10-23
7623,7623,editor,2025-08-06
7624,7624,unknown,2025-05-21
7625,7625,editor,2025-11-25
7626,7626,guest,2025-04-07
7627,7627,,2026-03-28
7628,7628,editor,2025-10-27
7629,7629,viewer,2025-05-11
7630,7630,invalid_role,2026-03-29
7631,7631,viewer,2025-12-13
7632,7632,unknown,2026-03-10
7633,7633,,2025-11-22
7634,7634,viewer,2025-09-22
7635,7635,guest,2025-11-11
7636,7636,,2025-05-27
7637,7637,editor,2025-07-21
7638,7638,,2025-11-03
7639,7639,,2025-10-24
7640,7640,editor,2025-04-23
7641,7641,viewer,2025-07-10
7642,7642,editor,2025-11-09
7643,7643,viewer,2025-10-14
7644,7644,guest,2026-02-14
7645,7645,admin,2026-01-31
7646,7646,guest,2025-09-14
7647,7647,editor,2025-11-07
7648,7648,editor,2025-10-08
7649,7649,,2025-06-25
7650,7650,editor,2025-09-08
7651,7651,invalid_role,2025-07-30
7652,7652,,2025-12-27
7653,7653,viewer,2025-09-05
7654,7654,editor,2026-02-09
7655,7655,,2025-06-25
7656,7656,viewer,2025-06-14
7657,7657,admin,2025-12-08
7658,7658,editor,2025-07-19
7659,7659,viewer,2026-03-26
7660,7660,unknown,2025-12-27
7661,7661,editor,2026-02-28
7662,7662,editor,2026-02-12
7663,7663,editor,2025-10-30
7664,7664,guest,2025-06-24
7665,7665,editor,2026-02-11
7666,7666,invalid_role,2025-04-02
7667,7667,admin,2025-05-15
7668,7668,viewer,2025-04-06
7669,7669,viewer,2026-03-16
7670,7670,editor,2025-12-18
7671,7671,editor,2025-12-31
7672,7672,admin,2025-05-24
7673,7673,editor,2026-02-10
7674,7674,admin,2026-03-17
7675,7675,admin,2025-10-25
7676,7676,editor,2026-03-24
7677,7677,viewer,2025-07-25
7678,7678,editor,2026-02-03
7679,7679,viewer,2025-09-10
7680,7680,viewer,2025-04-15
7681,7681,unknown,2025-10-19
7682,7682,admin,2025-12-30
7683,7683,editor,2025-09-19
7684,7684,admin,2025-08-16
7685,7685,admin,2025-07-20
7686,7686,viewer,2025-08-16
7687,7687,editor,2025-08-03
7688,7688,viewer,2025-08-10
7689,7689,unknown,2025-12-13
7690,7690,admin,2025-10-31
7691,7691,admin,2025-05-10
7692,7692,viewer,2025-12-30
7693,7693,editor,2025-09-02
7694,7694,viewer,2026-01-26
7695,7695,viewer,2025-05-16
7696,7696,editor,2025-10-24
7697,7697,invalid_role,2026-01-23
7698,7698,viewer,2025-04-22
7699,7699,viewer,2025-04-01
7700,7700,admin,2026-01-14
7701,7701,guest,2025-11-25
7702,7702,viewer,2025-08-11
7703,7703,editor,2025-08-26
7704,7704,editor,2025-10-29
7705,7705,viewer,2025-05-11
7706,7706,viewer,2026-02-13
7707,7707,invalid_role,2026-01-26
7708,7708,editor,2025-06-14
7709,7709,,2025-07-21
7710,7710,admin,2025-09-10
7711,7711,editor,2025-07-16
7712,7712,admin,2025-11-28
7713,7713,editor,2026-03-29
7714,7714,admin,2025-12-27
7715,7715,unknown,2025-06-14
7716,7716,,2025-04-22
7717,7717,admin,2025-07-20
7718,7718,guest,2026-01-18
7719,7719,admin,2026-03-29
7720,7720,admin,2025-09-11
7721,7721,admin,2025-05-17
7722,7722,,2025-07-02
7723,7723,editor,2025-10-15
7724,7724,admin,2025-11-25
7725,7725,invalid_role,2025-08-31
7726,7726,editor,2025-04-24
7727,7727,admin,2025-08-06
7728,7728,editor,2025-08-01
7729,7729,viewer,2026-03-26
7730,7730,editor,2026-02-24
7731,7731,editor,2025-08-16
7732,7732,,2025-08-17
7733,7733,admin,2025-06-06
7734,7734,guest,2025-05-20
7735,7735,editor,2025-05-15
7736,7736,admin,2025-06-30
7737,7737,admin,2026-01-09
7738,7738,viewer,2026-01-25
7739,7739,admin,2026-01-26
7740,7740,viewer,2025-10-26
7741,7741,viewer,2025-07-26
7742,7742,guest,2026-02-22
7743,7743,viewer,2026-01-26
7744,7744,admin,2025-11-01
7745,7745,unknown,2025-08-13
7746,7746,admin,2025-05-13
7747,7747,viewer,2025-04-24
7748,7748,viewer,2025-11-12
7749,7749,editor,2025-04-18
7750,7750,admin,2025-06-11
7751,7751,viewer,2025-07-08
7752,7752,invalid_role,2025-07-18
7753,7753,editor,2025-06-21
7754,7754,guest,2026-01-27
7755,7755,unknown,2026-03-27
7756,7756,,2025-05-18
7757,7757,viewer,2025-05-03
7758,7758,admin,2025-12-17
7759,7759,admin,2025-12-05
7760,7760,unknown,2025-10-02
7761,7761,viewer,2025-05-25
7762,7762,,2025-12-14
7763,7763,invalid_role,2026-02-19
7764,7764,viewer,2025-07-19
7765,7765,admin,2025-06-10
7766,7766,editor,2025-12-11
7767,7767,editor,2026-02-09
7768,7768,viewer,2025-10-05
7769,7769,admin,2026-03-18
7770,7770,unknown,2026-03-13
7771,7771,guest,2025-06-16
7772,7772,editor,2025-07-28
7773,7773,editor,2025-06-24
7774,7774,editor,2026-03-12
7775,7775,admin,2025-10-12
7776,7776,admin,2025-10-10
7777,7777,viewer,2025-12-24
7778,7778,admin,2025-10-05
7779,7779,viewer,2026-03-15
7780,7780,admin,2025-10-16
7781,7781,viewer,2025-05-18
7782,7782,editor,2026-03-11
7783,7783,editor,2025-08-04
7784,7784,viewer,2025-06-04
7785,7785,editor,2025-07-16
7786,7786,viewer,2025-08-06
7787,7787,editor,2025-11-30
7788,7788,editor,2025-07-18
7789,7789,unknown,2025-11-20
7790,7790,admin,2025-05-15
7791,7791,unknown,2025-05-20
7792,7792,admin,2025-04-09
7793,7793,invalid_role,2025-08-05
7794,7794,editor,2025-05-28
7795,7795,invalid_role,2025-10-05
7796,7796,editor,2025-09-03
7797,7797,editor,2025-10-21
7798,7798,viewer,2025-04-27
7799,7799,,2025-05-03
7800,7800,editor,2025-05-03
7801,7801,admin,2025-05-17
7802,7802,guest,2025-09-04
7803,7803,,2026-02-24
7804,7804,viewer,2026-03-21
7805,7805,admin,2025-12-07
7806,7806,viewer,2025-12-03
7807,7807,admin,2026-01-04
7808,7808,editor,2025-12-01
7809,7809,viewer,2025-11-04
7810,7810,editor,2026-03-24
7811,7811,viewer,2025-12-11
7812,7812,admin,2025-10-29
7813,7813,admin,2025-09-10
7814,7814,editor,2025-07-03
7815,7815,admin,2025-09-29
7816,7816,viewer,2025-07-16
7817,7817,admin,2025-12-27
7818,7818,editor,2025-07-31
7819,7819,editor,2025-04-17
7820,7820,admin,2025-09-29
7821,7821,admin,2025-08-07
7822,7822,editor,2026-03-18
7823,7823,editor,2026-01-15
7824,7824,admin,2025-05-13
7825,7825,viewer,2025-03-31
7826,7826,viewer,2025-11-03
7827,7827,admin,2025-09-03
7828,7828,admin,2026-02-02
7829,7829,viewer,2025-08-11
7830,7830,admin,2025-11-07
7831,7831,guest,2025-09-03
7832,7832,editor,2026-03-14
7833,7833,viewer,2025-09-28
7834,7834,viewer,2026-01-31
7835,7835,viewer,2025-11-08
7836,7836,admin,2026-02-20
7837,7837,viewer,2025-07-14
7838,7838,editor,2025-03-30
7839,7839,editor,2025-08-12
7840,7840,,2026-01-08
7841,7841,admin,2026-02-16
7842,7842,unknown,2025-11-02
7843,7843,editor,2025-10-25
7844,7844,admin,2025-11-22
7845,7845,viewer,2026-01-05
7846,7846,editor,2025-12-29
7847,7847,admin,2025-11-18
7848,7848,admin,2025-12-25
7849,7849,viewer,2025-06-02
7850,7850,viewer,2025-11-28
7851,7851,admin,2025-05-20
7852,7852,editor,2025-06-20
7853,7853,unknown,2025-12-19
7854,7854,viewer,2026-02-25
7855,7855,admin,2026-01-31
7856,7856,viewer,2025-03-31
7857,7857,admin,2025-06-23
7858,7858,viewer,2025-08-13
7859,7859,admin,2025-11-05
7860,7860,,2026-01-26
7861,7861,guest,2026-01-15
7862,7862,,2026-03-25
7863,7863,editor,2025-07-27
7864,7864,admin,2025-06-05
7865,7865,invalid_role,2025-11-25
7866,7866,invalid_role,2025-04-20
7867,7867,admin,2025-09-18
7868,7868,invalid_role,2026-02-08
7869,7869,editor,2025-08-28
7870,7870,admin,2025-04-11
7871,7871,admin,2025-12-15
7872,7872,viewer,2025-07-20
7873,7873,viewer,2025-04-27
7874,7874,,2026-03-15
7875,7875,editor,2026-03-17
7876,7876,viewer,2025-12-17
7877,7877,admin,2025-08-31
7878,7878,viewer,2026-01-06
7879,7879,editor,2026-01-07
7880,7880,unknown,2026-03-02
7881,7881,admin,2026-02-16
7882,7882,editor,2025-10-20
7883,7883,admin,2026-03-28
7884,7884,,2026-01-22
7885,7885,unknown,2026-03-05
7886,7886,admin,2025-10-25
7887,7887,editor,2025-05-15
7888,7888,admin,2025-09-26
7889,7889,viewer,2025-08-29
7890,7890,editor,2025-05-03
7891,7891,unknown,2026-03-23
7892,7892,unknown,2025-08-19
7893,7893,viewer,2025-06-05
7894,7894,admin,2025-11-05
7895,7895,admin,2025-06-01
7896,7896,viewer,2025-07-27
7897,7897,invalid_role,2025-11-15
7898,7898,admin,2026-02-14
7899,7899,viewer,2025-05-01
7900,7900,admin,2025-11-26
7901,7901,guest,2025-05-19
7902,7902,editor,2025-07-02
7903,7903,admin,2025-11-09
7904,7904,invalid_role,2025-12-12
7905,7905,admin,2025-04-15
7906,7906,guest,2026-03-01
7907,7907,unknown,2025-07-14
7908,7908,editor,2025-10-25
7909,7909,editor,2025-08-26
7910,7910,editor,2026-01-19
7911,7911,admin,2025-07-25
7912,7912,,2025-10-18
7913,7913,editor,2025-09-25
7914,7914,unknown,2025-12-13
7915,7915,viewer,2025-07-09
7916,7916,editor,2025-08-11
7917,7917,guest,2025-04-24
7918,7918,viewer,2025-10-06
7919,7919,editor,2026-03-05
7920,7920,editor,2025-12-18
7921,7921,viewer,2025-06-05
7922,7922,viewer,2025-10-19
7923,7923,viewer,2025-04-15
7924,7924,,2025-04-14
7925,7925,editor,2025-04-27
7926,7926,admin,2026-02-03
7927,7927,viewer,2026-02-03
7928,7928,editor,2026-03-20
7929,7929,admin,2025-05-25
7930,7930,editor,2025-09-27
7931,7931,editor,2025-10-11
7932,7932,viewer,2025-08-29
7933,7933,viewer,2025-12-06
7934,7934,viewer,2025-11-26
7935,7935,admin,2025-05-16
7936,7936,admin,2025-07-08
7937,7937,editor,2026-03-23
7938,7938,admin,2025-11-19
7939,7939,editor,2025-08-03
7940,7940,,2025-08-03
7941,7941,viewer,2025-12-11
7942,7942,,2025-11-08
7943,7943,viewer,2025-09-24
7944,7944,unknown,2025-11-12
7945,7945,editor,2025-08-07
7946,7946,admin,2025-08-01
7947,7947,admin,2025-12-05
7948,7948,editor,2025-08-28
7949,7949,unknown,2025-05-24
7950,7950,viewer,2025-10-24
7951,7951,viewer,2025-12-31
7952,7952,editor,2026-03-12
7953,7953,viewer,2026-02-01
7954,7954,admin,2025-11-25
7955,7955,editor,2025-04-27
7956,7956,editor,2025-08-20
7957,7957,admin,2025-09-14
7958,7958,editor,2026-03-04
7959,7959,invalid_role,2025-07-20
7960,7960,viewer,2025-06-04
7961,7961,viewer,2025-07-24
7962,7962,viewer,2026-02-03
7963,7963,admin,2025-11-18
7964,7964,,2025-05-09
7965,7965,viewer,2025-12-29
7966,7966,,2025-08-16
7967,7967,viewer,2025-07-07
7968,7968,,2025-11-25
7969,7969,editor,2025-07-22
7970,7970,admin,2025-05-23
7971,7971,admin,2025-09-04
7972,7972,admin,2025-04-24
7973,7973,guest,2025-09-14
7974,7974,admin,2025-11-15
7975,7975,viewer,2025-05-08
7976,7976,editor,2025-09-24
7977,7977,admin,2026-01-04
7978,7978,admin,2026-01-11
7979,7979,admin,2025-08-31
7980,7980,viewer,2026-03-05
7981,7981,admin,2025-08-15
7982,7982,admin,2025-04-13
7983,7983,admin,2026-03-15
7984,7984,editor,2025-12-27
7985,7985,admin,2025-07-01
7986,7986,unknown,2025-10-24
7987,7987,,2025-11-19
7988,7988,guest,2025-12-06
7989,7989,viewer,2025-11-08
7990,7990,admin,2025-10-05
7991,7991,editor,2025-09-29
7992,7992,admin,2025-06-21
7993,7993,editor,2025-07-03
7994,7994,viewer,2026-02-13
7995,7995,editor,2025-12-06
7996,7996,viewer,2025-08-16
7997,7997,,2025-10-23
7998,7998,editor,2025-09-09
7999,7999,viewer,2026-03-22
8000,8000,admin,2025-05-14
8001,8001,editor,2025-05-17
8002,8002,admin,2025-04-27
8003,8003,viewer,2026-02-27
8004,8004,editor,2025-04-30
8005,8005,guest,2025-04-07
8006,8006,admin,2025-11-22
8007,8007,viewer,2025-04-16
8008,8008,invalid_role,2025-12-06
8009,8009,admin,2025-05-21
8010,8010,editor,2025-07-21
8011,8011,viewer,2025-10-14
8012,8012,,2026-01-04
8013,8013,viewer,2025-10-16
8014,8014,editor,2025-09-08
8015,8015,viewer,2025-10-03
8016,8016,,2025-04-14
8017,8017,admin,2026-01-13
8018,8018,editor,2025-12-08
8019,8019,editor,2026-03-16
8020,8020,admin,2026-02-12
8021,8021,editor,2025-05-20
8022,8022,admin,2026-01-12
8023,8023,,2026-02-21
8024,8024,editor,2025-06-14
8025,8025,admin,2026-03-06
8026,8026,admin,2025-11-03
8027,8027,admin,2025-11-08
8028,8028,admin,2025-06-14
8029,8029,,2026-01-13
8030,8030,viewer,2026-02-05
8031,8031,admin,2025-07-15
8032,8032,,2025-11-25
8033,8033,,2025-12-19
8034,8034,admin,2025-06-01
8035,8035,admin,2026-02-10
8036,8036,editor,2025-10-02
8037,8037,admin,2025-10-31
8038,8038,invalid_role,2025-12-26
8039,8039,admin,2025-09-08
8040,8040,admin,2025-05-24
8041,8041,editor,2026-02-15
8042,8042,admin,2025-07-29
8043,8043,admin,2025-04-12
8044,8044,viewer,2025-12-07
8045,8045,editor,2025-05-07
8046,8046,unknown,2025-06-14
8047,8047,admin,2025-05-07
8048,8048,admin,2025-09-11
8049,8049,editor,2025-09-07
8050,8050,editor,2026-02-01
8051,8051,viewer,2026-03-19
8052,8052,admin,2025-08-04
8053,8053,unknown,2026-02-24
8054,8054,viewer,2025-05-09
8055,8055,editor,2025-11-23
8056,8056,viewer,2026-02-04
8057,8057,unknown,2026-03-12
8058,8058,editor,2026-01-29
8059,8059,unknown,2025-06-09
8060,8060,editor,2025-10-26
8061,8061,viewer,2025-08-12
8062,8062,editor,2025-05-01
8063,8063,editor,2025-04-25
8064,8064,guest,2025-10-02
8065,8065,editor,2025-07-31
8066,8066,invalid_role,2025-11-29
8067,8067,admin,2025-09-21
8068,8068,editor,2026-01-28
8069,8069,viewer,2026-02-07
8070,8070,editor,2025-09-10
8071,8071,editor,2026-01-31
8072,8072,admin,2025-04-11
8073,8073,admin,2026-01-10
8074,8074,,2026-02-16
8075,8075,invalid_role,2025-10-05
8076,8076,admin,2026-01-15
8077,8077,editor,2025-05-30
8078,8078,editor,2025-04-01
8079,8079,editor,2026-03-15
8080,8080,editor,2025-12-08
8081,8081,,2025-08-12
8082,8082,editor,2025-06-06
8083,8083,admin,2025-06-12
8084,8084,admin,2025-09-15
8085,8085,guest,2025-09-22
8086,8086,viewer,2026-01-07
8087,8087,editor,2025-05-03
8088,8088,editor,2025-04-09
8089,8089,viewer,2025-08-24
8090,8090,editor,2025-08-13
8091,8091,editor,2025-10-18
8092,8092,admin,2026-03-05
8093,8093,viewer,2025-12-18
8094,8094,admin,2025-11-15
8095,8095,editor,2025-04-29
8096,8096,admin,2026-01-20
8097,8097,admin,2026-03-20
8098,8098,unknown,2025-08-13
8099,8099,admin,2025-06-29
8100,8100,admin,2025-10-30
8101,8101,editor,2025-05-29
8102,8102,viewer,2025-12-06
8103,8103,viewer,2026-01-23
8104,8104,editor,2025-10-27
8105,8105,admin,2025-12-05
8106,8106,viewer,2025-04-18
8107,8107,unknown,2026-02-27
8108,8108,unknown,2025-08-31
8109,8109,admin,2025-09-20
8110,8110,viewer,2026-01-10
8111,8111,editor,2025-04-23
8112,8112,viewer,2025-08-02
8113,8113,,2025-09-13
8114,8114,viewer,2025-04-05
8115,8115,editor,2025-08-06
8116,8116,viewer,2025-12-18
8117,8117,viewer,2025-10-28
8118,8118,editor,2026-01-30
8119,8119,admin,2025-09-13
8120,8120,viewer,2025-09-14
8121,8121,admin,2025-05-31
8122,8122,,2025-05-24
8123,8123,admin,2025-07-13
8124,8124,viewer,2026-01-28
8125,8125,editor,2025-09-01
8126,8126,editor,2026-03-16
8127,8127,viewer,2025-11-15
8128,8128,viewer,2026-01-16
8129,8129,admin,2025-12-04
8130,8130,admin,2025-10-29
8131,8131,unknown,2025-07-04
8132,8132,unknown,2025-06-06
8133,8133,editor,2026-03-29
8134,8134,editor,2025-10-27
8135,8135,admin,2025-06-10
8136,8136,admin,2025-05-07
8137,8137,editor,2025-04-13
8138,8138,admin,2025-07-16
8139,8139,editor,2025-09-06
8140,8140,admin,2025-04-03
8141,8141,admin,2025-12-06
8142,8142,editor,2025-10-09
8143,8143,invalid_role,2025-10-09
8144,8144,admin,2025-04-30
8145,8145,viewer,2025-10-18
8146,8146,admin,2025-05-16
8147,8147,,2026-02-14
8148,8148,editor,2025-05-17
8149,8149,editor,2025-04-23
8150,8150,guest,2026-03-07
8151,8151,editor,2025-07-15
8152,8152,editor,2025-06-17
8153,8153,admin,2025-06-23
8154,8154,admin,2025-11-12
8155,8155,editor,2026-02-15
8156,8156,admin,2025-06-29
8157,8157,editor,2025-09-06
8158,8158,admin,2026-01-20
8159,8159,editor,2025-11-17
8160,8160,admin,2025-09-30
8161,8161,viewer,2026-03-18
8162,8162,editor,2025-05-14
8163,8163,editor,2025-06-08
8164,8164,editor,2025-08-12
8165,8165,admin,2025-09-20
8166,8166,viewer,2025-05-03
8167,8167,editor,2026-03-29
8168,8168,editor,2025-12-29
8169,8169,,2025-04-06
8170,8170,editor,2025-12-22
8171,8171,editor,2026-01-02
8172,8172,viewer,2025-11-03
8173,8173,unknown,2025-04-18
8174,8174,editor,2025-04-07
8175,8175,viewer,2025-06-17
8176,8176,viewer,2025-04-16
8177,8177,editor,2025-11-09
8178,8178,admin,2025-10-02
8179,8179,,2026-01-21
8180,8180,editor,2026-01-17
8181,8181,viewer,2025-05-05
8182,8182,viewer,2025-11-29
8183,8183,viewer,2026-03-29
8184,8184,viewer,2025-05-30
8185,8185,invalid_role,2025-12-06
8186,8186,editor,2025-05-13
8187,8187,editor,2025-04-30
8188,8188,editor,2025-12-31
8189,8189,viewer,2025-04-23
8190,8190,viewer,2026-01-01
8191,8191,editor,2025-12-19
8192,8192,editor,2025-12-18
8193,8193,guest,2025-06-05
8194,8194,admin,2025-04-06
8195,8195,,2026-01-08
8196,8196,editor,2026-01-12
8197,8197,guest,2026-03-17
8198,8198,editor,2026-02-24
8199,8199,admin,2025-06-08
8200,8200,guest,2025-07-17
8201,8201,admin,2025-08-31
8202,8202,admin,2025-09-07
8203,8203,invalid_role,2025-11-13
8204,8204,editor,2026-01-15
8205,8205,admin,2026-02-28
8206,8206,editor,2025-05-08
8207,8207,editor,2025-10-11
8208,8208,viewer,2025-09-24
8209,8209,admin,2025-06-13
8210,8210,viewer,2026-01-12
8211,8211,unknown,2025-06-08
8212,8212,viewer,2026-01-16
8213,8213,editor,2025-08-03
8214,8214,viewer,2026-02-23
8215,8215,editor,2025-12-08
8216,8216,,2025-12-05
8217,8217,viewer,2025-09-24
8218,8218,admin,2025-04-10
8219,8219,viewer,2026-03-15
8220,8220,editor,2025-08-02
8221,8221,invalid_role,2025-06-04
8222,8222,editor,2025-12-18
8223,8223,editor,2025-07-21
8224,8224,admin,2025-11-19
8225,8225,admin,2025-09-14
8226,8226,admin,2025-07-09
8227,8227,viewer,2025-09-18
8228,8228,guest,2026-02-10
8229,8229,editor,2025-06-13
8230,8230,invalid_role,2026-01-26
8231,8231,unknown,2025-09-16
8232,8232,unknown,2025-12-23
8233,8233,admin,2025-06-14
8234,8234,admin,2026-01-24
8235,8235,viewer,2025-04-09
8236,8236,viewer,2025-11-25
8237,8237,admin,2025-04-13
8238,8238,viewer,2025-07-20
8239,8239,editor,2025-12-04
8240,8240,viewer,2026-02-06
8241,8241,admin,2026-01-19
8242,8242,viewer,2025-04-28
8243,8243,admin,2026-02-11
8244,8244,unknown,2025-12-23
8245,8245,editor,2025-04-19
8246,8246,editor,2025-04-10
8247,8247,admin,2025-09-04
8248,8248,,2025-06-18
8249,8249,viewer,2025-09-10
8250,8250,editor,2025-08-06
8251,8251,,2026-01-20
8252,8252,invalid_role,2025-12-22
8253,8253,editor,2025-10-02
8254,8254,viewer,2025-10-12
8255,8255,editor,2025-09-28
8256,8256,editor,2026-01-03
8257,8257,viewer,2025-09-08
8258,8258,,2025-08-18
8259,8259,editor,2025-10-06
8260,8260,viewer,2025-11-25
8261,8261,invalid_role,2025-04-29
8262,8262,admin,2025-11-13
8263,8263,viewer,2025-05-15
8264,8264,viewer,2025-08-23
8265,8265,admin,2025-11-29
8266,8266,viewer,2025-05-20
8267,8267,editor,2025-11-05
8268,8268,viewer,2025-11-19
8269,8269,admin,2026-02-04
8270,8270,viewer,2025-05-03
8271,8271,editor,2025-03-30
8272,8272,admin,2025-07-26
8273,8273,unknown,2025-12-24
8274,8274,admin,2025-05-26
8275,8275,viewer,2025-07-01
8276,8276,admin,2025-05-30
8277,8277,editor,2025-08-13
8278,8278,unknown,2025-07-25
8279,8279,admin,2025-11-18
8280,8280,admin,2025-10-29
8281,8281,viewer,2025-11-06
8282,8282,admin,2025-04-06
8283,8283,editor,2025-06-23
8284,8284,admin,2025-04-06
8285,8285,admin,2026-03-13
8286,8286,viewer,2025-07-26
8287,8287,admin,2025-09-18
8288,8288,admin,2026-03-24
8289,8289,admin,2025-06-11
8290,8290,viewer,2025-11-26
8291,8291,unknown,2025-06-29
8292,8292,,2025-11-12
8293,8293,,2025-11-13
8294,8294,,2026-02-15
8295,8295,editor,2025-10-26
8296,8296,editor,2025-07-06
8297,8297,,2026-01-07
8298,8298,viewer,2025-06-16
8299,8299,viewer,2026-01-19
8300,8300,unknown,2025-06-16
8301,8301,admin,2025-07-30
8302,8302,invalid_role,2025-12-03
8303,8303,admin,2025-12-09
8304,8304,viewer,2025-10-13
8305,8305,viewer,2025-12-18
8306,8306,editor,2025-08-06
8307,8307,guest,2026-02-11
8308,8308,viewer,2025-04-16
8309,8309,guest,2025-08-23
8310,8310,admin,2026-02-25
8311,8311,admin,2025-08-06
8312,8312,admin,2026-01-21
8313,8313,viewer,2025-10-04
8314,8314,editor,2025-05-22
8315,8315,admin,2025-08-12
8316,8316,unknown,2025-11-16
8317,8317,admin,2025-11-04
8318,8318,admin,2025-06-10
8319,8319,editor,2025-12-15
8320,8320,editor,2025-08-18
8321,8321,admin,2025-05-17
8322,8322,viewer,2026-02-22
8323,8323,editor,2025-09-17
8324,8324,viewer,2025-12-14
8325,8325,unknown,2025-07-28
8326,8326,admin,2025-07-20
8327,8327,editor,2025-08-08
8328,8328,viewer,2025-07-17
8329,8329,admin,2025-04-29
8330,8330,admin,2026-01-26
8331,8331,guest,2025-10-27
8332,8332,admin,2026-02-23
8333,8333,viewer,2026-02-13
8334,8334,,2025-08-11
8335,8335,admin,2026-02-13
8336,8336,editor,2025-09-18
8337,8337,,2025-12-20
8338,8338,unknown,2025-04-30
8339,8339,editor,2026-01-12
8340,8340,admin,2025-08-25
8341,8341,editor,2026-03-05
8342,8342,admin,2025-09-05
8343,8343,,2025-11-22
8344,8344,viewer,2025-04-22
8345,8345,editor,2025-11-19
8346,8346,viewer,2025-05-21
8347,8347,editor,2025-04-25
8348,8348,editor,2026-01-27
8349,8349,guest,2025-03-31
8350,8350,admin,2025-10-19
8351,8351,viewer,2026-03-19
8352,8352,editor,2025-09-22
8353,8353,editor,2025-07-17
8354,8354,viewer,2025-09-04
8355,8355,admin,2026-03-14
8356,8356,admin,2026-02-19
8357,8357,editor,2026-03-17
8358,8358,admin,2025-06-15
8359,8359,editor,2025-11-16
8360,8360,editor,2025-10-10
8361,8361,viewer,2026-02-28
8362,8362,viewer,2025-11-06
8363,8363,unknown,2025-05-22
8364,8364,editor,2025-11-09
8365,8365,editor,2025-12-14
8366,8366,viewer,2025-10-06
8367,8367,editor,2025-07-26
8368,8368,admin,2025-10-22
8369,8369,viewer,2025-05-13
8370,8370,admin,2026-03-17
8371,8371,invalid_role,2025-07-01
8372,8372,guest,2025-06-24
8373,8373,editor,2025-11-11
8374,8374,viewer,2025-12-20
8375,8375,editor,2025-07-19
8376,8376,editor,2025-12-20
8377,8377,editor,2025-05-02
8378,8378,unknown,2025-07-08
8379,8379,admin,2025-09-30
8380,8380,admin,2026-02-25
8381,8381,admin,2025-06-21
8382,8382,admin,2026-01-20
8383,8383,admin,2025-06-20
8384,8384,viewer,2025-09-06
8385,8385,guest,2026-02-15
8386,8386,admin,2025-09-14
8387,8387,viewer,2026-02-17
8388,8388,editor,2025-06-02
8389,8389,admin,2025-08-09
8390,8390,editor,2025-08-14
8391,8391,admin,2026-01-04
8392,8392,editor,2025-07-25
8393,8393,viewer,2025-09-11
8394,8394,admin,2026-03-21
8395,8395,viewer,2025-12-19
8396,8396,editor,2025-07-17
8397,8397,admin,2026-03-22
8398,8398,admin,2025-08-24
8399,8399,viewer,2025-09-22
8400,8400,editor,2025-12-02
8401,8401,viewer,2025-05-17
8402,8402,viewer,2025-09-06
8403,8403,,2025-08-24
8404,8404,unknown,2026-01-25
8405,8405,invalid_role,2025-06-18
8406,8406,admin,2025-04-13
8407,8407,editor,2025-07-18
8408,8408,admin,2026-01-19
8409,8409,admin,2025-08-28
8410,8410,unknown,2025-05-10
8411,8411,admin,2025-06-25
8412,8412,admin,2025-04-11
8413,8413,editor,2025-08-28
8414,8414,editor,2026-02-09
8415,8415,,2025-11-20
8416,8416,,2025-11-17
8417,8417,,2026-03-18
8418,8418,viewer,2026-02-18
8419,8419,unknown,2026-01-27
8420,8420,admin,2025-04-30
8421,8421,editor,2026-02-03
8422,8422,admin,2026-03-26
8423,8423,viewer,2025-09-26
8424,8424,admin,2025-09-18
8425,8425,,2025-10-24
8426,8426,viewer,2025-03-31
8427,8427,editor,2026-03-07
8428,8428,,2025-08-31
8429,8429,viewer,2025-04-19
8430,8430,viewer,2025-12-29
8431,8431,editor,2025-06-16
8432,8432,editor,2025-08-22
8433,8433,viewer,2025-10-04
8434,8434,admin,2025-07-14
8435,8435,admin,2025-12-22
8436,8436,viewer,2025-10-03
8437,8437,invalid_role,2026-03-11
8438,8438,viewer,2026-01-01
8439,8439,viewer,2025-07-05
8440,8440,admin,2026-01-14
8441,8441,editor,2025-05-21
8442,8442,invalid_role,2025-11-20
8443,8443,editor,2025-10-22
8444,8444,editor,2025-09-02
8445,8445,viewer,2025-10-30
8446,8446,viewer,2025-07-27
8447,8447,editor,2025-06-04
8448,8448,admin,2026-03-06
8449,8449,viewer,2025-11-09
8450,8450,viewer,2025-07-23
8451,8451,viewer,2025-04-09
8452,8452,admin,2025-10-31
8453,8453,editor,2025-05-31
8454,8454,unknown,2025-08-02
8455,8455,admin,2025-07-18
8456,8456,viewer,2025-09-28
8457,8457,admin,2025-04-09
8458,8458,editor,2025-11-22
8459,8459,viewer,2025-10-02
8460,8460,editor,2025-08-01
8461,8461,,2025-12-06
8462,8462,guest,2025-09-06
8463,8463,admin,2026-02-15
8464,8464,viewer,2025-12-28
8465,8465,invalid_role,2025-06-29
8466,8466,editor,2025-12-30
8467,8467,,2025-12-23
8468,8468,viewer,2025-06-06
8469,8469,editor,2025-06-07
8470,8470,viewer,2025-08-08
8471,8471,editor,2026-01-30
8472,8472,admin,2025-04-30
8473,8473,editor,2026-03-19
8474,8474,viewer,2026-01-28
8475,8475,,2025-10-12
8476,8476,viewer,2025-07-16
8477,8477,viewer,2025-04-04
8478,8478,admin,2025-12-06
8479,8479,admin,2025-08-04
8480,8480,editor,2026-03-18
8481,8481,viewer,2025-09-20
8482,8482,admin,2025-05-13
8483,8483,viewer,2025-12-01
8484,8484,editor,2025-07-18
8485,8485,unknown,2025-10-30
8486,8486,admin,2025-04-12
8487,8487,admin,2025-07-07
8488,8488,editor,2025-03-30
8489,8489,guest,2025-07-08
8490,8490,admin,2025-04-22
8491,8491,admin,2025-10-25
8492,8492,admin,2026-03-23
8493,8493,editor,2025-05-16
8494,8494,viewer,2025-05-05
8495,8495,viewer,2025-10-03
8496,8496,admin,2025-04-23
8497,8497,admin,2025-04-25
8498,8498,admin,2025-10-15
8499,8499,guest,2025-11-07
8500,8500,viewer,2025-07-24
8501,8501,,2026-02-02
8502,8502,editor,2025-10-04
8503,8503,editor,2025-05-08
8504,8504,editor,2025-10-12
8505,8505,admin,2025-12-07
8506,8506,viewer,2025-06-15
8507,8507,unknown,2026-02-27
8508,8508,viewer,2025-07-07
8509,8509,admin,2025-10-05
8510,8510,editor,2025-12-14
8511,8511,editor,2025-05-17
8512,8512,editor,2025-04-01
8513,8513,viewer,2025-05-24
8514,8514,editor,2025-08-06
8515,8515,viewer,2025-11-10
8516,8516,admin,2026-03-14
8517,8517,viewer,2025-09-27
8518,8518,editor,2025-07-08
8519,8519,admin,2025-08-18
8520,8520,viewer,2025-12-06
8521,8521,guest,2025-05-18
8522,8522,admin,2025-09-05
8523,8523,admin,2026-01-10
8524,8524,editor,2025-10-02
8525,8525,editor,2025-12-02
8526,8526,admin,2025-06-12
8527,8527,viewer,2025-10-18
8528,8528,admin,2026-02-14
8529,8529,guest,2026-01-08
8530,8530,,2026-03-13
8531,8531,viewer,2025-12-01
8532,8532,admin,2025-05-27
8533,8533,viewer,2025-06-28
8534,8534,editor,2025-11-25
8535,8535,admin,2025-07-03
8536,8536,editor,2025-05-10
8537,8537,invalid_role,2025-09-25
8538,8538,,2025-11-11
8539,8539,admin,2025-04-28
8540,8540,admin,2025-09-25
8541,8541,admin,2025-07-29
8542,8542,admin,2025-08-14
8543,8543,viewer,2025-07-14
8544,8544,guest,2025-10-20
8545,8545,admin,2026-03-24
8546,8546,viewer,2025-07-28
8547,8547,admin,2025-05-11
8548,8548,editor,2025-06-28
8549,8549,,2025-07-23
8550,8550,admin,2025-05-17
8551,8551,editor,2025-11-21
8552,8552,unknown,2026-03-04
8553,8553,,2025-06-28
8554,8554,admin,2026-01-24
8555,8555,guest,2025-09-29
8556,8556,unknown,2025-10-27
8557,8557,,2025-07-20
8558,8558,editor,2025-05-27
8559,8559,admin,2025-11-09
8560,8560,guest,2025-07-02
8561,8561,editor,2025-11-26
8562,8562,editor,2025-10-27
8563,8563,,2025-12-12
8564,8564,admin,2025-06-15
8565,8565,editor,2025-09-01
8566,8566,,2025-12-21
8567,8567,editor,2025-04-16
8568,8568,editor,2025-05-12
8569,8569,editor,2025-12-12
8570,8570,admin,2025-05-07
8571,8571,admin,2025-06-28
8572,8572,editor,2025-09-30
8573,8573,viewer,2025-05-13
8574,8574,viewer,2025-10-22
8575,8575,invalid_role,2025-12-02
8576,8576,viewer,2025-06-27
8577,8577,admin,2025-05-05
8578,8578,viewer,2025-04-01
8579,8579,admin,2026-01-13
8580,8580,admin,2025-03-30
8581,8581,admin,2025-06-17
8582,8582,editor,2025-06-20
8583,8583,admin,2026-02-09
8584,8584,viewer,2026-02-14
8585,8585,viewer,2025-08-25
8586,8586,,2025-08-09
8587,8587,,2026-02-16
8588,8588,admin,2025-08-17
8589,8589,viewer,2025-11-12
8590,8590,viewer,2025-05-27
8591,8591,viewer,2025-09-01
8592,8592,admin,2025-09-09
8593,8593,editor,2025-11-04
8594,8594,viewer,2026-02-24
8595,8595,viewer,2026-01-11
8596,8596,admin,2025-12-26
8597,8597,unknown,2025-05-30
8598,8598,,2025-09-12
8599,8599,admin,2025-04-13
8600,8600,viewer,2025-07-30
8601,8601,guest,2026-01-05
8602,8602,unknown,2026-01-15
8603,8603,admin,2025-09-22
8604,8604,invalid_role,2025-04-06
8605,8605,admin,2026-03-22
8606,8606,editor,2025-04-01
8607,8607,admin,2025-05-24
8608,8608,viewer,2026-01-16
8609,8609,guest,2025-07-20
8610,8610,admin,2025-10-31
8611,8611,editor,2025-12-28
8612,8612,unknown,2026-03-06
8613,8613,editor,2026-03-20
8614,8614,unknown,2025-09-07
8615,8615,editor,2025-04-09
8616,8616,editor,2025-07-05
8617,8617,editor,2025-09-10
8618,8618,invalid_role,2025-11-28
8619,8619,admin,2025-07-20
8620,8620,invalid_role,2025-05-29
8621,8621,admin,2025-07-08
8622,8622,viewer,2025-04-27
8623,8623,viewer,2025-07-06
8624,8624,viewer,2025-10-28
8625,8625,editor,2025-04-17
8626,8626,admin,2025-10-11
8627,8627,,2025-07-23
8628,8628,invalid_role,2025-11-13
8629,8629,,2025-11-01
8630,8630,invalid_role,2026-01-29
8631,8631,,2025-09-08
8632,8632,guest,2025-03-30
8633,8633,,2025-06-18
8634,8634,admin,2025-10-19
8635,8635,editor,2026-01-03
8636,8636,editor,2025-08-24
8637,8637,guest,2025-08-21
8638,8638,invalid_role,2025-06-04
8639,8639,viewer,2025-06-06
8640,8640,editor,2026-01-31
8641,8641,editor,2025-09-29
8642,8642,admin,2026-02-16
8643,8643,viewer,2025-11-03
8644,8644,editor,2025-12-08
8645,8645,viewer,2025-09-23
8646,8646,,2025-05-10
8647,8647,admin,2025-12-09
8648,8648,viewer,2025-10-23
8649,8649,viewer,2025-04-24
8650,8650,admin,2025-09-15
8651,8651,,2026-02-24
8652,8652,,2026-01-30
8653,8653,,2025-11-09
8654,8654,viewer,2025-12-24
8655,8655,viewer,2025-08-26
8656,8656,editor,2026-03-21
8657,8657,admin,2025-05-20
8658,8658,admin,2025-09-22
8659,8659,editor,2025-05-30
8660,8660,unknown,2026-02-20
8661,8661,,2025-04-28
8662,8662,viewer,2025-05-28
8663,8663,viewer,2026-03-20
8664,8664,unknown,2025-08-17
8665,8665,unknown,2026-01-10
8666,8666,,2025-07-04
8667,8667,admin,2025-09-04
8668,8668,viewer,2025-12-06
8669,8669,invalid_role,2025-10-24
8670,8670,editor,2025-08-17
8671,8671,guest,2026-01-19
8672,8672,viewer,2025-04-18
8673,8673,viewer,2025-12-15
8674,8674,admin,2025-11-02
8675,8675,admin,2026-03-13
8676,8676,editor,2025-05-14
8677,8677,viewer,2025-10-14
8678,8678,editor,2026-01-03
8679,8679,admin,2025-09-17
8680,8680,viewer,2026-03-13
8681,8681,admin,2025-05-20
8682,8682,editor,2025-11-04
8683,8683,viewer,2025-04-20
8684,8684,admin,2025-06-20
8685,8685,viewer,2025-05-24
8686,8686,admin,2025-04-02
8687,8687,viewer,2025-06-01
8688,8688,editor,2025-05-30
8689,8689,admin,2026-01-18
8690,8690,editor,2025-12-01
8691,8691,admin,2026-01-23
8692,8692,editor,2026-01-01
8693,8693,,2025-11-21
8694,8694,editor,2025-05-02
8695,8695,admin,2026-01-08
8696,8696,admin,2025-08-16
8697,8697,viewer,2025-05-26
8698,8698,viewer,2026-03-06
8699,8699,viewer,2025-07-06
8700,8700,editor,2025-11-09
8701,8701,viewer,2025-12-27
8702,8702,admin,2026-02-14
8703,8703,editor,2026-03-14
8704,8704,editor,2025-09-07
8705,8705,unknown,2026-01-05
8706,8706,invalid_role,2025-09-16
8707,8707,viewer,2026-01-01
8708,8708,guest,2025-07-13
8709,8709,,2025-06-17
8710,8710,viewer,2025-11-15
8711,8711,admin,2025-11-02
8712,8712,viewer,2025-11-09
8713,8713,admin,2026-01-29
8714,8714,admin,2025-11-08
8715,8715,viewer,2025-09-25
8716,8716,admin,2026-03-16
8717,8717,editor,2025-11-28
8718,8718,,2025-09-10
8719,8719,guest,2025-04-23
8720,8720,,2026-01-17
8721,8721,guest,2026-02-05
8722,8722,viewer,2025-11-09
8723,8723,viewer,2025-04-29
8724,8724,viewer,2025-09-19
8725,8725,viewer,2026-02-07
8726,8726,admin,2025-09-04
8727,8727,unknown,2025-11-26
8728,8728,viewer,2026-03-27
8729,8729,admin,2025-08-03
8730,8730,viewer,2025-04-22
8731,8731,admin,2025-05-19
8732,8732,editor,2025-08-04
8733,8733,admin,2025-04-02
8734,8734,admin,2025-06-25
8735,8735,editor,2025-08-04
8736,8736,editor,2026-02-08
8737,8737,editor,2025-05-09
8738,8738,,2026-01-28
8739,8739,editor,2025-12-01
8740,8740,admin,2025-06-12
8741,8741,admin,2026-01-29
8742,8742,unknown,2026-02-28
8743,8743,editor,2025-10-19
8744,8744,admin,2025-12-06
8745,8745,editor,2025-05-22
8746,8746,viewer,2026-01-02
8747,8747,viewer,2025-12-03
8748,8748,admin,2025-07-08
8749,8749,guest,2025-10-27
8750,8750,viewer,2026-02-14
8751,8751,viewer,2025-11-12
8752,8752,guest,2026-01-15
8753,8753,admin,2025-10-19
8754,8754,viewer,2025-11-19
8755,8755,admin,2025-08-13
8756,8756,admin,2025-04-08
8757,8757,admin,2025-05-15
8758,8758,admin,2025-06-20
8759,8759,guest,2026-03-08
8760,8760,,2025-11-09
8761,8761,invalid_role,2026-02-01
8762,8762,admin,2025-09-04
8763,8763,invalid_role,2025-08-08
8764,8764,editor,2025-11-29
8765,8765,admin,2025-09-25
8766,8766,viewer,2025-08-15
8767,8767,admin,2026-01-26
8768,8768,admin,2026-03-22
8769,8769,admin,2026-03-12
8770,8770,viewer,2026-01-14
8771,8771,admin,2025-06-06
8772,8772,,2026-03-22
8773,8773,editor,2025-07-07
8774,8774,editor,2026-02-17
8775,8775,admin,2025-11-11
8776,8776,viewer,2025-12-17
8777,8777,admin,2025-08-04
8778,8778,guest,2026-03-25
8779,8779,admin,2025-06-16
8780,8780,admin,2025-04-01
8781,8781,guest,2025-08-02
8782,8782,editor,2025-08-20
8783,8783,editor,2026-01-14
8784,8784,admin,2025-09-18
8785,8785,,2026-03-28
8786,8786,admin,2026-01-23
8787,8787,editor,2025-05-05
8788,8788,admin,2025-07-03
8789,8789,admin,2025-05-26
8790,8790,admin,2025-04-21
8791,8791,admin,2025-10-10
8792,8792,editor,2025-12-15
8793,8793,viewer,2026-01-09
8794,8794,admin,2025-09-03
8795,8795,invalid_role,2026-02-02
8796,8796,,2026-01-13
8797,8797,admin,2025-08-16
8798,8798,viewer,2025-10-27
8799,8799,viewer,2025-04-05
8800,8800,editor,2026-03-20
8801,8801,viewer,2025-04-15
8802,8802,admin,2025-04-19
8803,8803,invalid_role,2025-08-10
8804,8804,guest,2025-04-20
8805,8805,viewer,2025-04-06
8806,8806,admin,2025-05-12
8807,8807,admin,2025-04-30
8808,8808,invalid_role,2025-04-22
8809,8809,,2026-01-27
8810,8810,editor,2025-03-31
8811,8811,editor,2025-12-24
8812,8812,unknown,2025-04-10
8813,8813,viewer,2025-05-23
8814,8814,viewer,2025-04-20
8815,8815,guest,2025-10-15
8816,8816,admin,2026-01-15
8817,8817,viewer,2026-02-25
8818,8818,viewer,2026-03-04
8819,8819,admin,2025-11-22
8820,8820,editor,2025-07-12
8821,8821,viewer,2025-06-23
8822,8822,editor,2025-09-17
8823,8823,unknown,2025-07-19
8824,8824,editor,2025-04-12
8825,8825,editor,2026-01-30
8826,8826,editor,2025-07-02
8827,8827,editor,2025-07-11
8828,8828,admin,2025-04-02
8829,8829,unknown,2025-12-23
8830,8830,admin,2026-02-14
8831,8831,viewer,2026-03-10
8832,8832,admin,2025-06-10
8833,8833,viewer,2025-07-30
8834,8834,viewer,2026-02-24
8835,8835,editor,2026-03-17
8836,8836,admin,2026-01-07
8837,8837,,2026-01-30
8838,8838,guest,2025-05-06
8839,8839,viewer,2026-03-15
8840,8840,editor,2025-07-11
8841,8841,,2025-05-14
8842,8842,viewer,2025-03-31
8843,8843,editor,2026-03-07
8844,8844,editor,2026-03-05
8845,8845,viewer,2026-02-28
8846,8846,viewer,2025-11-05
8847,8847,invalid_role,2026-01-28
8848,8848,admin,2025-09-27
8849,8849,editor,2026-01-01
8850,8850,editor,2025-11-23
8851,8851,admin,2025-10-31
8852,8852,viewer,2026-01-27
8853,8853,viewer,2025-03-30
8854,8854,viewer,2025-06-15
8855,8855,unknown,2025-06-28
8856,8856,editor,2026-01-31
8857,8857,,2025-12-21
8858,8858,,2026-01-04
8859,8859,,2025-04-19
8860,8860,viewer,2025-07-11
8861,8861,editor,2025-11-30
8862,8862,viewer,2026-03-01
8863,8863,admin,2025-11-25
8864,8864,viewer,2025-09-25
8865,8865,editor,2026-01-09
8866,8866,,2025-07-03
8867,8867,editor,2025-07-05
8868,8868,editor,2025-09-05
8869,8869,editor,2025-07-30
8870,8870,viewer,2025-11-15
8871,8871,admin,2025-08-30
8872,8872,viewer,2025-08-28
8873,8873,editor,2025-10-30
8874,8874,admin,2026-03-15
8875,8875,admin,2025-05-16
8876,8876,editor,2025-11-16
8877,8877,viewer,2025-08-10
8878,8878,admin,2025-10-07
8879,8879,editor,2026-03-15
8880,8880,admin,2025-11-01
8881,8881,viewer,2026-01-09
8882,8882,viewer,2025-04-04
8883,8883,editor,2025-04-25
8884,8884,,2026-02-07
8885,8885,admin,2025-04-16
8886,8886,admin,2026-01-20
8887,8887,viewer,2026-03-20
8888,8888,editor,2026-03-26
8889,8889,admin,2026-02-13
8890,8890,viewer,2025-09-07
8891,8891,admin,2025-09-21
8892,8892,viewer,2025-07-31
8893,8893,editor,2025-06-23
8894,8894,viewer,2026-01-11
8895,8895,admin,2025-11-18
8896,8896,unknown,2025-11-21
8897,8897,admin,2026-01-11
8898,8898,viewer,2025-05-16
8899,8899,admin,2025-06-21
8900,8900,editor,2025-06-01
8901,8901,,2025-12-24
8902,8902,admin,2025-06-03
8903,8903,admin,2026-01-17
8904,8904,admin,2026-02-17
8905,8905,editor,2025-06-19
8906,8906,viewer,2025-12-27
8907,8907,invalid_role,2026-01-06
8908,8908,editor,2025-07-07
8909,8909,editor,2025-09-05
8910,8910,editor,2025-12-07
8911,8911,admin,2025-08-08
8912,8912,editor,2025-09-08
8913,8913,editor,2026-03-16
8914,8914,admin,2025-11-18
8915,8915,editor,2026-01-24
8916,8916,viewer,2026-01-24
8917,8917,admin,2025-11-06
8918,8918,admin,2025-12-20
8919,8919,,2025-10-20
8920,8920,unknown,2025-07-07
8921,8921,guest,2025-04-24
8922,8922,editor,2025-10-19
8923,8923,editor,2025-05-12
8924,8924,editor,2025-10-15
8925,8925,viewer,2025-08-30
8926,8926,admin,2025-11-03
8927,8927,guest,2026-03-29
8928,8928,admin,2025-12-16
8929,8929,guest,2025-08-10
8930,8930,editor,2025-09-01
8931,8931,admin,2025-04-30
8932,8932,editor,2025-10-10
8933,8933,admin,2025-08-11
8934,8934,,2025-12-24
8935,8935,guest,2026-02-23
8936,8936,guest,2025-10-18
8937,8937,admin,2025-05-16
8938,8938,editor,2025-08-22
8939,8939,editor,2025-07-27
8940,8940,unknown,2026-03-09
8941,8941,unknown,2025-09-05
8942,8942,editor,2025-06-10
8943,8943,admin,2025-07-30
8944,8944,editor,2025-07-04
8945,8945,,2025-04-13
8946,8946,,2025-09-16
8947,8947,viewer,2026-02-17
8948,8948,viewer,2025-09-23
8949,8949,admin,2025-10-06
8950,8950,editor,2026-02-04
8951,8951,admin,2026-03-07
8952,8952,invalid_role,2025-07-18
8953,8953,viewer,2025-12-04
8954,8954,admin,2025-06-04
8955,8955,editor,2025-10-01
8956,8956,viewer,2025-05-22
8957,8957,viewer,2025-08-24
8958,8958,editor,2025-10-09
8959,8959,editor,2025-09-02
8960,8960,admin,2025-11-24
8961,8961,admin,2026-03-19
8962,8962,editor,2025-11-06
8963,8963,editor,2025-04-22
8964,8964,editor,2025-05-28
8965,8965,,2025-04-03
8966,8966,admin,2025-09-19
8967,8967,viewer,2025-08-23
8968,8968,viewer,2025-12-22
8969,8969,admin,2025-04-06
8970,8970,unknown,2026-02-06
8971,8971,editor,2025-10-01
8972,8972,guest,2025-10-02
8973,8973,admin,2025-10-15
8974,8974,viewer,2025-11-01
8975,8975,editor,2025-10-26
8976,8976,editor,2025-07-20
8977,8977,guest,2025-07-04
8978,8978,admin,2025-06-14
8979,8979,editor,2025-11-24
8980,8980,admin,2026-02-06
8981,8981,unknown,2025-10-24
8982,8982,admin,2026-01-31
8983,8983,viewer,2025-04-26
8984,8984,editor,2025-11-30
8985,8985,guest,2025-07-14
8986,8986,viewer,2025-04-11
8987,8987,viewer,2025-12-22
8988,8988,editor,2025-06-01
8989,8989,admin,2025-12-05
8990,8990,viewer,2025-09-26
8991,8991,admin,2025-10-14
8992,8992,editor,2025-11-04
8993,8993,viewer,2025-05-06
8994,8994,editor,2025-04-03
8995,8995,admin,2026-01-03
8996,8996,guest,2025-11-25
8997,8997,admin,2025-08-28
8998,8998,editor,2026-02-23
8999,8999,viewer,2026-02-03
9000,9000,viewer,2026-02-20
9001,9001,guest,2025-10-05
9002,9002,viewer,2025-10-12
9003,9003,admin,2025-04-01
9004,9004,admin,2025-06-22
9005,9005,unknown,2025-12-19
9006,9006,admin,2026-01-29
9007,9007,viewer,2025-10-23
9008,9008,editor,2025-09-25
9009,9009,editor,2025-08-22
9010,9010,editor,2025-11-09
9011,9011,editor,2025-06-17
9012,9012,editor,2025-09-08
9013,9013,,2025-04-19
9014,9014,viewer,2026-01-24
9015,9015,admin,2025-05-24
9016,9016,,2025-07-20
9017,9017,,2025-10-02
9018,9018,editor,2026-03-19
9019,9019,viewer,2025-10-02
9020,9020,editor,2025-06-30
9021,9021,admin,2025-11-23
9022,9022,admin,2025-08-06
9023,9023,editor,2025-06-14
9024,9024,admin,2026-01-09
9025,9025,,2026-03-06
9026,9026,admin,2025-11-20
9027,9027,editor,2026-02-24
9028,9028,admin,2026-03-23
9029,9029,admin,2025-04-18
9030,9030,admin,2025-07-24
9031,9031,editor,2026-03-05
9032,9032,viewer,2025-08-18
9033,9033,editor,2026-01-03
9034,9034,viewer,2026-01-21
9035,9035,viewer,2025-12-17
9036,9036,editor,2026-03-25
9037,9037,,2026-01-06
9038,9038,viewer,2025-11-04
9039,9039,editor,2025-04-06
9040,9040,viewer,2025-09-06
9041,9041,editor,2025-12-20
9042,9042,viewer,2025-09-23
9043,9043,editor,2025-04-11
9044,9044,editor,2025-05-24
9045,9045,viewer,2025-05-28
9046,9046,viewer,2026-02-17
9047,9047,editor,2025-11-19
9048,9048,admin,2026-02-25
9049,9049,editor,2025-06-02
9050,9050,viewer,2025-10-31
9051,9051,editor,2025-04-18
9052,9052,admin,2025-05-20
9053,9053,viewer,2025-06-16
9054,9054,admin,2025-06-17
9055,9055,viewer,2026-02-28
9056,9056,editor,2025-10-04
9057,9057,,2025-10-23
9058,9058,viewer,2025-05-24
9059,9059,editor,2025-09-17
9060,9060,editor,2025-05-31
9061,9061,viewer,2025-05-24
9062,9062,editor,2025-04-09
9063,9063,admin,2025-08-01
9064,9064,viewer,2025-08-11
9065,9065,,2025-06-05
9066,9066,guest,2025-06-02
9067,9067,editor,2025-06-17
9068,9068,unknown,2025-08-18
9069,9069,viewer,2026-01-03
9070,9070,admin,2025-08-24
9071,9071,viewer,2025-11-13
9072,9072,viewer,2025-10-13
9073,9073,,2026-03-24
9074,9074,,2025-09-06
9075,9075,editor,2026-02-24
9076,9076,invalid_role,2025-07-17
9077,9077,,2026-02-03
9078,9078,,2025-05-11
9079,9079,editor,2026-01-01
9080,9080,editor,2025-10-22
9081,9081,admin,2026-03-21
9082,9082,invalid_role,2025-11-04
9083,9083,admin,2025-06-01
9084,9084,viewer,2025-11-17
9085,9085,admin,2025-12-21
9086,9086,editor,2026-02-06
9087,9087,,2025-09-12
9088,9088,invalid_role,2025-05-24
9089,9089,viewer,2025-11-29
9090,9090,viewer,2025-09-24
9091,9091,editor,2025-12-14
9092,9092,,2025-07-22
9093,9093,editor,2026-01-17
9094,9094,editor,2026-02-20
9095,9095,admin,2026-01-17
9096,9096,viewer,2025-07-27
9097,9097,editor,2025-09-16
9098,9098,editor,2025-11-13
9099,9099,editor,2025-04-17
9100,9100,,2025-12-28
9101,9101,invalid_role,2025-11-03
9102,9102,invalid_role,2025-11-25
9103,9103,admin,2025-12-31
9104,9104,admin,2025-06-18
9105,9105,admin,2025-07-05
9106,9106,admin,2026-02-12
9107,9107,editor,2025-05-07
9108,9108,viewer,2025-10-20
9109,9109,viewer,2025-07-12
9110,9110,viewer,2025-07-29
9111,9111,viewer,2025-09-08
9112,9112,admin,2025-09-26
9113,9113,editor,2025-10-20
9114,9114,unknown,2025-08-02
9115,9115,admin,2025-11-24
9116,9116,admin,2025-08-01
9117,9117,admin,2025-09-19
9118,9118,viewer,2026-02-27
9119,9119,admin,2025-05-28
9120,9120,,2025-03-30
9121,9121,viewer,2025-06-27
9122,9122,unknown,2025-07-16
9123,9123,editor,2025-08-30
9124,9124,editor,2025-10-08
9125,9125,editor,2025-11-05
9126,9126,viewer,2026-01-19
9127,9127,viewer,2025-08-23
9128,9128,viewer,2025-06-13
9129,9129,admin,2025-09-19
9130,9130,editor,2026-02-26
9131,9131,admin,2025-08-27
9132,9132,viewer,2025-12-31
9133,9133,editor,2026-01-11
9134,9134,editor,2025-09-14
9135,9135,admin,2025-11-13
9136,9136,admin,2025-10-07
9137,9137,admin,2026-03-19
9138,9138,editor,2025-04-20
9139,9139,viewer,2025-06-08
9140,9140,viewer,2026-01-06
9141,9141,,2025-10-19
9142,9142,invalid_role,2025-07-07
9143,9143,editor,2026-02-11
9144,9144,viewer,2025-11-24
9145,9145,invalid_role,2025-09-04
9146,9146,admin,2026-01-11
9147,9147,admin,2025-11-07
9148,9148,viewer,2025-08-04
9149,9149,viewer,2025-10-29
9150,9150,editor,2025-04-24
9151,9151,editor,2025-05-05
9152,9152,,2025-07-04
9153,9153,admin,2025-12-08
9154,9154,guest,2025-08-07
9155,9155,,2025-10-27
9156,9156,admin,2025-08-06
9157,9157,admin,2026-02-08
9158,9158,,2025-10-19
9159,9159,viewer,2025-06-22
9160,9160,viewer,2026-01-17
9161,9161,admin,2026-02-22
9162,9162,editor,2025-04-12
9163,9163,admin,2025-04-09
9164,9164,viewer,2026-03-12
9165,9165,viewer,2026-02-11
9166,9166,editor,2025-11-13
9167,9167,editor,2025-06-01
9168,9168,editor,2025-07-02
9169,9169,viewer,2025-04-02
9170,9170,admin,2025-08-16
9171,9171,,2025-11-02
9172,9172,editor,2025-10-11
9173,9173,viewer,2025-06-08
9174,9174,viewer,2026-01-30
9175,9175,editor,2025-12-27
9176,9176,admin,2025-08-22
9177,9177,admin,2025-07-28
9178,9178,viewer,2025-08-27
9179,9179,editor,2025-12-26
9180,9180,editor,2025-12-11
9181,9181,editor,2025-07-15
9182,9182,,2026-03-28
9183,9183,editor,2026-01-05
9184,9184,,2025-07-07
9185,9185,editor,2025-05-06
9186,9186,viewer,2026-03-24
9187,9187,invalid_role,2025-12-12
9188,9188,admin,2025-06-23
9189,9189,admin,2025-06-06
9190,9190,viewer,2026-03-19
9191,9191,viewer,2025-05-17
9192,9192,viewer,2025-09-20
9193,9193,,2025-12-07
9194,9194,admin,2025-06-12
9195,9195,viewer,2026-01-10
9196,9196,admin,2026-01-18
9197,9197,,2025-12-16
9198,9198,unknown,2025-11-10
9199,9199,admin,2025-12-18
9200,9200,admin,2025-12-11
9201,9201,admin,2026-02-06
9202,9202,editor,2025-11-06
9203,9203,admin,2026-02-04
9204,9204,admin,2025-04-03
9205,9205,editor,2026-02-07
9206,9206,editor,2025-06-07
9207,9207,viewer,2025-06-17
9208,9208,viewer,2025-06-07
9209,9209,editor,2025-10-11
9210,9210,viewer,2025-06-17
9211,9211,,2025-04-07
9212,9212,editor,2025-11-10
9213,9213,editor,2025-10-11
9214,9214,editor,2025-11-14
9215,9215,admin,2026-01-01
9216,9216,editor,2025-10-22
9217,9217,editor,2025-05-25
9218,9218,admin,2025-05-24
9219,9219,invalid_role,2025-09-27
9220,9220,admin,2025-12-24
9221,9221,admin,2025-04-02
9222,9222,admin,2025-05-29
9223,9223,viewer,2025-08-04
9224,9224,admin,2025-09-28
9225,9225,editor,2026-02-10
9226,9226,invalid_role,2025-04-01
9227,9227,editor,2026-03-08
9228,9228,admin,2025-08-08
9229,9229,viewer,2026-02-15
9230,9230,editor,2026-02-28
9231,9231,admin,2026-01-27
9232,9232,editor,2025-10-23
9233,9233,viewer,2025-11-09
9234,9234,admin,2025-05-10
9235,9235,admin,2026-03-12
9236,9236,editor,2025-09-13
9237,9237,admin,2025-04-07
9238,9238,admin,2025-06-29
9239,9239,admin,2026-03-18
9240,9240,admin,2025-11-12
9241,9241,,2025-09-09
9242,9242,viewer,2025-12-24
9243,9243,,2026-03-04
9244,9244,admin,2026-03-16
9245,9245,admin,2025-09-12
9246,9246,viewer,2025-08-17
9247,9247,editor,2025-11-28
9248,9248,viewer,2025-09-22
9249,9249,,2025-12-16
9250,9250,admin,2025-07-20
9251,9251,viewer,2026-02-27
9252,9252,admin,2025-04-14
9253,9253,,2026-01-01
9254,9254,admin,2025-04-16
9255,9255,,2025-05-21
9256,9256,,2026-01-17
9257,9257,viewer,2026-02-07
9258,9258,admin,2025-05-23
9259,9259,admin,2025-09-24
9260,9260,admin,2025-09-02
9261,9261,editor,2025-08-22
9262,9262,editor,2026-03-04
9263,9263,editor,2025-06-11
9264,9264,invalid_role,2025-06-12
9265,9265,viewer,2026-01-08
9266,9266,editor,2025-05-06
9267,9267,admin,2025-06-13
9268,9268,viewer,2025-07-24
9269,9269,editor,2025-07-15
9270,9270,admin,2025-11-08
9271,9271,admin,2026-02-11
9272,9272,editor,2026-03-03
9273,9273,viewer,2025-11-16
9274,9274,admin,2025-07-13
9275,9275,admin,2026-03-08
9276,9276,viewer,2026-03-29
9277,9277,editor,2026-01-24
9278,9278,editor,2025-10-12
9279,9279,editor,2025-12-15
9280,9280,guest,2025-06-16
9281,9281,admin,2026-03-24
9282,9282,viewer,2025-09-11
9283,9283,guest,2025-06-15
9284,9284,viewer,2026-03-06
9285,9285,,2026-02-01
9286,9286,,2025-10-24
9287,9287,viewer,2025-04-07
9288,9288,admin,2025-09-08
9289,9289,editor,2025-10-23
9290,9290,admin,2025-10-17
9291,9291,editor,2025-07-18
9292,9292,editor,2026-03-23
9293,9293,guest,2025-06-23
9294,9294,editor,2025-11-02
9295,9295,editor,2026-03-12
9296,9296,editor,2025-04-03
9297,9297,admin,2026-01-11
9298,9298,admin,2026-01-23
9299,9299,editor,2025-08-05
9300,9300,viewer,2026-03-24
9301,9301,guest,2025-08-02
9302,9302,editor,2025-11-04
9303,9303,editor,2025-12-02
9304,9304,admin,2025-09-14
9305,9305,viewer,2026-02-12
9306,9306,,2025-10-08
9307,9307,,2026-02-26
9308,9308,admin,2025-11-30
9309,9309,invalid_role,2025-12-04
9310,9310,admin,2026-02-24
9311,9311,admin,2025-12-20
9312,9312,admin,2025-06-05
9313,9313,admin,2025-12-13
9314,9314,guest,2025-09-21
9315,9315,editor,2025-09-26
9316,9316,admin,2025-06-08
9317,9317,editor,2025-06-24
9318,9318,viewer,2026-03-09
9319,9319,viewer,2025-05-23
9320,9320,viewer,2025-11-30
9321,9321,viewer,2026-02-28
9322,9322,viewer,2026-01-30
9323,9323,admin,2025-05-26
9324,9324,editor,2025-09-12
9325,9325,editor,2025-06-13
9326,9326,admin,2026-02-22
9327,9327,admin,2025-07-07
9328,9328,viewer,2026-03-18
9329,9329,editor,2025-07-18
9330,9330,viewer,2025-10-01
9331,9331,editor,2025-09-05
9332,9332,editor,2025-10-30
9333,9333,editor,2025-10-04
9334,9334,guest,2025-04-10
9335,9335,viewer,2025-06-09
9336,9336,guest,2025-07-07
9337,9337,editor,2025-12-28
9338,9338,editor,2025-08-24
9339,9339,admin,2025-05-30
9340,9340,admin,2026-02-09
9341,9341,guest,2026-03-12
9342,9342,viewer,2025-06-27
9343,9343,invalid_role,2025-09-11
9344,9344,unknown,2025-07-23
9345,9345,editor,2025-12-05
9346,9346,viewer,2026-02-10
9347,9347,editor,2025-05-31
9348,9348,viewer,2025-11-16
9349,9349,editor,2025-04-06
9350,9350,viewer,2026-03-20
9351,9351,admin,2025-06-08
9352,9352,viewer,2025-04-15
9353,9353,invalid_role,2025-05-27
9354,9354,viewer,2026-03-18
9355,9355,unknown,2026-02-22
9356,9356,editor,2025-07-31
9357,9357,editor,2025-11-27
9358,9358,editor,2025-12-07
9359,9359,viewer,2025-04-22
9360,9360,editor,2026-02-25
9361,9361,guest,2026-01-18
9362,9362,editor,2025-10-20
9363,9363,viewer,2025-11-28
9364,9364,admin,2026-01-01
9365,9365,invalid_role,2025-08-15
9366,9366,,2026-02-09
9367,9367,admin,2025-12-06
9368,9368,viewer,2025-06-01
9369,9369,,2025-04-30
9370,9370,admin,2026-01-18
9371,9371,unknown,2026-01-09
9372,9372,editor,2025-07-05
9373,9373,editor,2025-07-08
9374,9374,admin,2025-09-13
9375,9375,admin,2025-06-25
9376,9376,editor,2025-06-28
9377,9377,viewer,2025-11-25
9378,9378,admin,2026-01-26
9379,9379,,2025-09-02
9380,9380,viewer,2026-01-16
9381,9381,admin,2025-07-02
9382,9382,viewer,2026-02-03
9383,9383,editor,2025-11-07
9384,9384,admin,2026-03-08
9385,9385,viewer,2025-11-19
9386,9386,admin,2026-01-21
9387,9387,viewer,2026-03-18
9388,9388,viewer,2025-10-13
9389,9389,,2026-02-07
9390,9390,viewer,2025-06-26
9391,9391,admin,2025-07-04
9392,9392,guest,2026-03-15
9393,9393,admin,2025-08-26
9394,9394,admin,2025-07-10
9395,9395,viewer,2025-07-25
9396,9396,admin,2025-09-20
9397,9397,,2026-01-21
9398,9398,admin,2025-09-02
9399,9399,viewer,2025-07-28
9400,9400,viewer,2025-06-06
9401,9401,guest,2025-07-17
9402,9402,viewer,2025-12-22
9403,9403,editor,2025-11-26
9404,9404,editor,2025-12-26
9405,9405,admin,2025-12-10
9406,9406,editor,2025-07-01
9407,9407,editor,2025-07-04
9408,9408,editor,2026-02-09
9409,9409,viewer,2025-04-03
9410,9410,,2025-05-20
9411,9411,invalid_role,2025-06-28
9412,9412,editor,2025-11-10
9413,9413,admin,2025-03-30
9414,9414,admin,2025-05-19
9415,9415,admin,2025-07-04
9416,9416,admin,2025-10-29
9417,9417,viewer,2026-02-24
9418,9418,admin,2025-05-28
9419,9419,viewer,2025-10-31
9420,9420,editor,2025-10-18
9421,9421,viewer,2025-04-15
9422,9422,admin,2026-03-20
9423,9423,editor,2025-09-08
9424,9424,admin,2025-05-10
9425,9425,viewer,2025-04-19
9426,9426,editor,2025-11-24
9427,9427,viewer,2025-07-11
9428,9428,guest,2025-12-24
9429,9429,viewer,2025-12-04
9430,9430,admin,2026-03-29
9431,9431,editor,2026-01-19
9432,9432,,2025-10-20
9433,9433,editor,2025-08-28
9434,9434,,2025-08-16
9435,9435,editor,2025-08-31
9436,9436,admin,2025-04-28
9437,9437,editor,2025-05-26
9438,9438,admin,2025-09-26
9439,9439,editor,2026-02-15
9440,9440,viewer,2025-04-26
9441,9441,editor,2025-08-09
9442,9442,editor,2025-07-23
9443,9443,editor,2025-08-13
9444,9444,editor,2025-06-07
9445,9445,admin,2025-08-04
9446,9446,editor,2025-06-02
9447,9447,editor,2025-12-13
9448,9448,admin,2025-08-05
9449,9449,guest,2026-01-27
9450,9450,admin,2025-03-31
9451,9451,admin,2025-06-18
9452,9452,admin,2026-02-17
9453,9453,editor,2025-05-08
9454,9454,admin,2025-09-22
9455,9455,viewer,2025-04-16
9456,9456,viewer,2025-11-20
9457,9457,viewer,2025-08-22
9458,9458,viewer,2026-01-26
9459,9459,viewer,2025-11-13
9460,9460,editor,2025-07-14
9461,9461,editor,2025-07-04
9462,9462,viewer,2025-12-20
9463,9463,editor,2025-12-16
9464,9464,viewer,2026-03-06
9465,9465,viewer,2025-12-08
9466,9466,viewer,2025-10-25
9467,9467,viewer,2025-12-29
9468,9468,editor,2025-05-03
9469,9469,,2025-04-25
9470,9470,viewer,2025-09-06
9471,9471,invalid_role,2025-08-22
9472,9472,editor,2025-04-27
9473,9473,unknown,2025-11-12
9474,9474,admin,2025-07-09
9475,9475,viewer,2025-12-10
9476,9476,viewer,2025-04-03
9477,9477,,2026-02-23
9478,9478,guest,2025-12-02
9479,9479,editor,2025-06-27
9480,9480,viewer,2025-10-04
9481,9481,viewer,2025-09-28
9482,9482,,2026-01-08
9483,9483,viewer,2025-06-09
9484,9484,viewer,2026-02-10
9485,9485,invalid_role,2025-07-10
9486,9486,editor,2025-11-05
9487,9487,admin,2026-01-27
9488,9488,admin,2025-12-21
9489,9489,editor,2025-07-23
9490,9490,viewer,2026-01-24
9491,9491,viewer,2025-04-03
9492,9492,admin,2025-06-27
9493,9493,editor,2025-04-10
9494,9494,viewer,2026-03-29
9495,9495,viewer,2025-09-13
9496,9496,viewer,2025-12-09
9497,9497,viewer,2025-10-09
9498,9498,editor,2025-05-24
9499,9499,,2026-02-14
9500,9500,admin,2026-01-31
9501,9501,admin,2025-10-16
9502,9502,editor,2025-06-25
9503,9503,,2025-07-25
9504,9504,editor,2025-04-13
9505,9505,viewer,2025-10-28
9506,9506,invalid_role,2025-11-13
9507,9507,viewer,2025-10-07
9508,9508,admin,2025-11-01
9509,9509,viewer,2026-01-02
9510,9510,admin,2025-09-21
9511,9511,viewer,2026-02-23
9512,9512,editor,2025-05-04
9513,9513,editor,2025-10-19
9514,9514,viewer,2025-08-19
9515,9515,viewer,2025-10-30
9516,9516,,2025-09-16
9517,9517,editor,2025-09-04
9518,9518,admin,2025-06-30
9519,9519,viewer,2026-03-24
9520,9520,unknown,2025-06-20
9521,9521,,2025-09-23
9522,9522,admin,2026-02-28
9523,9523,admin,2025-11-15
9524,9524,editor,2025-06-24
9525,9525,editor,2025-04-29
9526,9526,editor,2025-09-06
9527,9527,viewer,2025-05-02
9528,9528,editor,2025-08-25
9529,9529,viewer,2026-02-21
9530,9530,admin,2025-04-06
9531,9531,guest,2025-11-03
9532,9532,,2025-10-09
9533,9533,admin,2025-05-30
9534,9534,editor,2025-08-22
9535,9535,admin,2025-09-29
9536,9536,editor,2026-02-09
9537,9537,editor,2025-04-17
9538,9538,viewer,2025-05-22
9539,9539,,2025-12-25
9540,9540,,2025-12-14
9541,9541,editor,2025-08-16
9542,9542,editor,2025-10-23
9543,9543,admin,2025-08-30
9544,9544,admin,2025-08-22
9545,9545,viewer,2025-04-12
9546,9546,editor,2025-12-17
9547,9547,editor,2026-02-04
9548,9548,admin,2025-09-01
9549,9549,unknown,2025-09-09
9550,9550,editor,2026-01-02
9551,9551,invalid_role,2025-11-03
9552,9552,viewer,2026-03-07
9553,9553,editor,2025-12-02
9554,9554,guest,2025-10-04
9555,9555,admin,2025-08-18
9556,9556,editor,2025-04-02
9557,9557,editor,2025-06-07
9558,9558,viewer,2026-03-22
9559,9559,,2025-08-04
9560,9560,editor,2025-12-22
9561,9561,admin,2025-04-23
9562,9562,admin,2025-04-01
9563,9563,viewer,2026-01-24
9564,9564,unknown,2025-12-27
9565,9565,editor,2025-10-23
9566,9566,editor,2025-09-26
9567,9567,,2026-02-11
9568,9568,admin,2025-08-05
9569,9569,,2025-08-15
9570,9570,editor,2025-06-03
9571,9571,editor,2025-11-24
9572,9572,admin,2025-06-26
9573,9573,guest,2026-01-03
9574,9574,viewer,2025-11-17
9575,9575,viewer,2026-03-29
9576,9576,admin,2025-10-04
9577,9577,viewer,2025-12-11
9578,9578,admin,2025-05-10
9579,9579,guest,2025-12-07
9580,9580,admin,2025-06-11
9581,9581,,2025-03-31
9582,9582,editor,2025-12-17
9583,9583,editor,2025-08-27
9584,9584,admin,2025-10-22
9585,9585,viewer,2025-09-02
9586,9586,admin,2025-11-19
9587,9587,,2026-03-15
9588,9588,editor,2025-06-03
9589,9589,editor,2025-10-06
9590,9590,editor,2025-10-20
9591,9591,unknown,2025-12-14
9592,9592,admin,2026-02-22
9593,9593,viewer,2025-12-26
9594,9594,admin,2025-08-16
9595,9595,editor,2025-06-18
9596,9596,viewer,2026-01-01
9597,9597,admin,2025-10-09
9598,9598,editor,2026-03-18
9599,9599,viewer,2025-05-06
9600,9600,,2025-07-16
9601,9601,,2025-09-26
9602,9602,,2026-03-21
9603,9603,editor,2026-02-11
9604,9604,viewer,2026-03-04
9605,9605,guest,2026-03-20
9606,9606,viewer,2025-10-05
9607,9607,viewer,2025-12-19
9608,9608,editor,2025-11-21
9609,9609,admin,2025-09-06
9610,9610,editor,2025-08-24
9611,9611,editor,2026-01-29
9612,9612,editor,2025-04-01
9613,9613,viewer,2025-08-01
9614,9614,viewer,2025-10-08
9615,9615,viewer,2025-10-30
9616,9616,,2025-09-26
9617,9617,editor,2025-09-28
9618,9618,viewer,2025-11-02
9619,9619,viewer,2025-06-09
9620,9620,editor,2025-06-02
9621,9621,viewer,2025-09-17
9622,9622,guest,2025-05-26
9623,9623,editor,2026-03-05
9624,9624,viewer,2025-12-02
9625,9625,viewer,2025-07-03
9626,9626,unknown,2025-10-24
9627,9627,,2025-06-12
9628,9628,admin,2026-03-06
9629,9629,viewer,2025-06-15
9630,9630,admin,2025-04-30
9631,9631,admin,2025-05-24
9632,9632,editor,2025-08-12
9633,9633,admin,2026-02-20
9634,9634,invalid_role,2025-05-19
9635,9635,admin,2025-10-11
9636,9636,,2025-08-04
9637,9637,viewer,2025-07-13
9638,9638,viewer,2025-08-24
9639,9639,unknown,2025-11-09
9640,9640,viewer,2025-04-06
9641,9641,unknown,2025-08-21
9642,9642,viewer,2025-12-21
9643,9643,viewer,2025-12-03
9644,9644,editor,2025-09-10
9645,9645,editor,2025-06-08
9646,9646,admin,2025-09-09
9647,9647,viewer,2025-05-22
9648,9648,admin,2026-01-06
9649,9649,viewer,2025-12-11
9650,9650,editor,2025-04-07
9651,9651,editor,2026-02-17
9652,9652,admin,2025-08-18
9653,9653,viewer,2025-12-18
9654,9654,editor,2025-06-03
9655,9655,invalid_role,2025-11-20
9656,9656,editor,2025-10-17
9657,9657,viewer,2026-02-24
9658,9658,admin,2025-07-25
9659,9659,editor,2025-05-22
9660,9660,editor,2025-12-16
9661,9661,,2025-06-19
9662,9662,invalid_role,2025-11-24
9663,9663,admin,2025-10-01
9664,9664,viewer,2025-08-07
9665,9665,editor,2025-09-10
9666,9666,admin,2025-06-09
9667,9667,viewer,2025-12-15
9668,9668,editor,2025-04-19
9669,9669,admin,2026-03-20
9670,9670,editor,2025-05-05
9671,9671,viewer,2025-09-29
9672,9672,viewer,2025-04-18
9673,9673,viewer,2025-12-09
9674,9674,viewer,2025-12-04
9675,9675,,2025-11-29
9676,9676,editor,2025-07-18
9677,9677,admin,2025-08-03
9678,9678,admin,2025-05-12
9679,9679,viewer,2025-09-25
9680,9680,editor,2025-07-04
9681,9681,viewer,2025-09-15
9682,9682,editor,2025-05-04
9683,9683,admin,2025-04-09
9684,9684,viewer,2026-03-07
9685,9685,,2025-04-23
9686,9686,admin,2026-02-06
9687,9687,editor,2025-06-08
9688,9688,viewer,2025-09-24
9689,9689,admin,2025-10-19
9690,9690,invalid_role,2025-12-03
9691,9691,editor,2026-03-18
9692,9692,viewer,2025-09-11
9693,9693,viewer,2025-04-24
9694,9694,guest,2025-11-25
9695,9695,viewer,2025-08-26
9696,9696,unknown,2025-08-24
9697,9697,editor,2025-04-23
9698,9698,viewer,2026-01-21
9699,9699,admin,2025-11-05
9700,9700,viewer,2025-08-11
9701,9701,viewer,2025-05-08
9702,9702,editor,2025-07-27
9703,9703,viewer,2026-02-10
9704,9704,editor,2026-01-25
9705,9705,viewer,2025-09-30
9706,9706,viewer,2025-10-03
9707,9707,viewer,2025-05-06
9708,9708,guest,2026-01-14
9709,9709,viewer,2026-01-05
9710,9710,,2025-06-01
9711,9711,guest,2025-11-01
9712,9712,viewer,2025-08-24
9713,9713,admin,2026-01-31
9714,9714,editor,2025-11-18
9715,9715,editor,2025-05-12
9716,9716,editor,2025-11-19
9717,9717,,2025-07-27
9718,9718,guest,2025-07-23
9719,9719,editor,2025-08-16
9720,9720,editor,2025-11-28
9721,9721,editor,2026-02-19
9722,9722,editor,2025-09-24
9723,9723,viewer,2025-06-06
9724,9724,viewer,2026-01-31
9725,9725,editor,2025-07-10
9726,9726,editor,2025-11-28
9727,9727,,2025-10-10
9728,9728,editor,2025-11-24
9729,9729,viewer,2025-12-29
9730,9730,viewer,2025-10-05
9731,9731,editor,2025-08-25
9732,9732,admin,2025-12-15
9733,9733,editor,2025-03-31
9734,9734,admin,2025-05-14
9735,9735,admin,2025-04-18
9736,9736,admin,2026-01-28
9737,9737,editor,2025-12-07
9738,9738,admin,2026-01-07
9739,9739,,2025-10-29
9740,9740,editor,2025-08-18
9741,9741,admin,2025-04-26
9742,9742,guest,2025-04-17
9743,9743,editor,2025-10-08
9744,9744,viewer,2025-06-10
9745,9745,viewer,2026-02-13
9746,9746,admin,2025-04-07
9747,9747,unknown,2025-10-31
9748,9748,editor,2025-05-27
9749,9749,guest,2026-03-12
9750,9750,editor,2026-02-16
9751,9751,,2026-03-20
9752,9752,admin,2026-03-15
9753,9753,guest,2025-04-06
9754,9754,viewer,2025-07-23
9755,9755,guest,2025-04-05
9756,9756,editor,2025-04-08
9757,9757,editor,2025-06-15
9758,9758,,2025-04-13
9759,9759,viewer,2026-01-23
9760,9760,guest,2025-12-20
9761,9761,admin,2026-03-25
9762,9762,admin,2025-12-24
9763,9763,viewer,2025-12-05
9764,9764,editor,2025-08-17
9765,9765,viewer,2025-07-05
9766,9766,admin,2025-07-26
9767,9767,editor,2025-11-25
9768,9768,admin,2025-10-21
9769,9769,unknown,2026-03-20
9770,9770,admin,2025-11-08
9771,9771,editor,2025-10-08
9772,9772,admin,2025-06-28
9773,9773,unknown,2026-01-23
9774,9774,admin,2025-08-13
9775,9775,viewer,2026-01-18
9776,9776,,2025-07-30
9777,9777,guest,2026-01-19
9778,9778,admin,2025-08-08
9779,9779,editor,2025-10-04
9780,9780,viewer,2025-06-09
9781,9781,editor,2025-09-18
9782,9782,editor,2026-01-27
9783,9783,admin,2025-09-02
9784,9784,,2026-02-13
9785,9785,viewer,2025-05-15
9786,9786,viewer,2025-07-25
9787,9787,viewer,2025-11-12
9788,9788,unknown,2025-06-10
9789,9789,viewer,2025-10-22
9790,9790,viewer,2026-03-21
9791,9791,admin,2025-12-24
9792,9792,viewer,2025-09-18
9793,9793,,2025-09-21
9794,9794,viewer,2025-08-10
9795,9795,editor,2025-07-04
9796,9796,viewer,2026-01-06
9797,9797,admin,2025-07-10
9798,9798,,2026-03-13
9799,9799,admin,2026-01-30
9800,9800,admin,2025-07-01
9801,9801,editor,2025-07-18
9802,9802,editor,2025-11-25
9803,9803,viewer,2025-05-16
9804,9804,viewer,2026-02-11
9805,9805,,2026-03-10
9806,9806,viewer,2025-10-09
9807,9807,admin,2025-07-06
9808,9808,unknown,2025-07-25
9809,9809,viewer,2025-11-23
9810,9810,editor,2025-07-16
9811,9811,viewer,2025-08-31
9812,9812,unknown,2026-01-07
9813,9813,unknown,2025-05-19
9814,9814,editor,2025-05-25
9815,9815,viewer,2025-05-26
9816,9816,,2025-09-26
9817,9817,editor,2025-12-30
9818,9818,,2026-02-02
9819,9819,admin,2025-08-30
9820,9820,,2026-01-20
9821,9821,admin,2026-02-10
9822,9822,invalid_role,2025-09-30
9823,9823,viewer,2026-01-26
9824,9824,admin,2026-03-17
9825,9825,unknown,2025-04-16
9826,9826,editor,2025-07-23
9827,9827,editor,2026-02-20
9828,9828,admin,2025-10-02
9829,9829,,2025-07-06
9830,9830,,2025-06-22
9831,9831,admin,2025-07-28
9832,9832,unknown,2025-11-01
9833,9833,viewer,2026-03-25
9834,9834,admin,2026-03-09
9835,9835,viewer,2025-07-12
9836,9836,admin,2025-11-17
9837,9837,viewer,2025-12-03
9838,9838,editor,2025-06-25
9839,9839,viewer,2025-06-18
9840,9840,editor,2025-09-07
9841,9841,invalid_role,2025-08-20
9842,9842,viewer,2025-08-14
9843,9843,viewer,2026-03-14
9844,9844,editor,2025-06-03
9845,9845,editor,2026-03-06
9846,9846,editor,2025-12-17
9847,9847,editor,2026-02-18
9848,9848,admin,2025-03-30
9849,9849,viewer,2025-11-29
9850,9850,admin,2025-08-30
9851,9851,,2026-01-06
9852,9852,admin,2025-12-22
9853,9853,viewer,2026-03-02
9854,9854,admin,2025-11-23
9855,9855,admin,2025-04-28
9856,9856,,2025-04-05
9857,9857,editor,2026-03-29
9858,9858,editor,2026-02-02
9859,9859,editor,2025-05-09
9860,9860,editor,2026-03-26
9861,9861,invalid_role,2025-09-11
9862,9862,editor,2026-03-09
9863,9863,editor,2025-08-25
9864,9864,editor,2025-07-03
9865,9865,editor,2026-03-12
9866,9866,editor,2025-10-31
9867,9867,admin,2026-01-23
9868,9868,viewer,2026-02-24
9869,9869,admin,2025-12-19
9870,9870,viewer,2025-11-27
9871,9871,guest,2025-10-21
9872,9872,unknown,2025-04-16
9873,9873,editor,2025-08-26
9874,9874,editor,2025-08-15
9875,9875,unknown,2025-07-24
9876,9876,viewer,2025-05-22
9877,9877,admin,2025-08-21
9878,9878,editor,2025-10-28
9879,9879,editor,2025-04-01
9880,9880,editor,2025-12-30
9881,9881,viewer,2025-06-20
9882,9882,editor,2025-09-02
9883,9883,,2025-07-13
9884,9884,,2025-09-24
9885,9885,admin,2025-10-08
9886,9886,viewer,2025-09-13
9887,9887,admin,2025-06-22
9888,9888,admin,2025-09-30
9889,9889,guest,2025-09-09
9890,9890,viewer,2025-06-29
9891,9891,admin,2025-07-21
9892,9892,viewer,2025-11-16
9893,9893,viewer,2025-09-19
9894,9894,admin,2026-01-26
9895,9895,unknown,2025-09-09
9896,9896,viewer,2025-05-21
9897,9897,editor,2025-07-01
9898,9898,admin,2025-09-23
9899,9899,viewer,2026-03-28
9900,9900,editor,2026-03-17
9901,9901,viewer,2025-04-06
9902,9902,viewer,2025-11-24
9903,9903,,2025-12-15
9904,9904,editor,2025-10-04
9905,9905,viewer,2025-05-29
9906,9906,admin,2025-12-13
9907,9907,editor,2025-06-17
9908,9908,guest,2026-02-12
9909,9909,,2025-10-10
9910,9910,viewer,2026-02-10
9911,9911,viewer,2026-03-01
9912,9912,viewer,2025-06-05
9913,9913,viewer,2025-08-18
9914,9914,viewer,2025-10-24
9915,9915,,2026-03-18
9916,9916,admin,2025-06-05
9917,9917,viewer,2025-05-30
9918,9918,admin,2026-01-24
9919,9919,,2025-09-09
9920,9920,viewer,2025-11-12
9921,9921,admin,2025-05-24
9922,9922,admin,2025-11-11
9923,9923,admin,2026-01-28
9924,9924,unknown,2025-04-05
9925,9925,viewer,2025-10-28
9926,9926,,2025-08-01
9927,9927,editor,2025-07-24
9928,9928,editor,2025-06-30
9929,9929,editor,2025-08-28
9930,9930,admin,2025-09-26
9931,9931,invalid_role,2026-02-24
9932,9932,admin,2026-01-28
9933,9933,viewer,2025-06-18
9934,9934,,2025-12-11
9935,9935,viewer,2025-05-19
9936,9936,editor,2025-09-15
9937,9937,admin,2025-07-20
9938,9938,admin,2025-05-09
9939,9939,,2025-11-27
9940,9940,editor,2025-11-24
9941,9941,admin,2025-07-22
9942,9942,admin,2025-10-16
9943,9943,viewer,2025-11-08
9944,9944,,2025-07-31
9945,9945,admin,2025-12-05
9946,9946,viewer,2025-09-16
9947,9947,admin,2025-11-15
9948,9948,viewer,2026-03-01
9949,9949,editor,2025-08-13
9950,9950,admin,2025-04-26
9951,9951,viewer,2025-04-04
9952,9952,editor,2025-07-16
9953,9953,admin,2026-01-23
9954,9954,guest,2025-07-16
9955,9955,guest,2025-11-16
9956,9956,,2025-07-22
9957,9957,,2026-02-01
9958,9958,viewer,2026-01-06
9959,9959,admin,2025-03-31
9960,9960,viewer,2025-10-10
9961,9961,admin,2026-01-18
9962,9962,viewer,2025-06-11
9963,9963,admin,2026-03-03
9964,9964,unknown,2025-06-18
9965,9965,viewer,2026-03-21
9966,9966,admin,2026-03-08
9967,9967,viewer,2025-07-10
9968,9968,invalid_role,2025-09-23
9969,9969,viewer,2025-09-04
9970,9970,,2025-04-28
9971,9971,guest,2025-11-24
9972,9972,,2025-10-18
9973,9973,viewer,2026-02-10
9974,9974,viewer,2025-12-01
9975,9975,viewer,2025-03-30
9976,9976,viewer,2026-02-05
9977,9977,editor,2025-06-23
9978,9978,viewer,2025-08-09
9979,9979,admin,2025-08-08
9980,9980,viewer,2025-08-07
9981,9981,editor,2026-01-25
9982,9982,editor,2026-03-21
9983,9983,admin,2025-04-08
9984,9984,viewer,2026-01-23
9985,9985,admin,2025-12-16
9986,9986,,2025-07-11
9987,9987,editor,2025-09-10
9988,9988,,2025-12-15
9989,9989,viewer,2025-04-09
9990,9990,admin,2025-04-28
9991,9991,editor,2025-06-24
9992,9992,editor,2025-05-11
9993,9993,admin,2025-09-11
9994,9994,admin,2026-02-23
9995,9995,guest,2025-10-26
9996,9996,admin,2026-02-09
9997,9997,editor,2025-09-16
9998,9998,editor,2025-07-27
9999,9999,,2025-10-07
10000,10000,,2025-09-20
10001,10001,viewer,2025-09-19
10002,10002,admin,2025-05-02
10003,10003,,2025-12-31
10004,10004,viewer,2025-07-20
10005,10005,,2026-01-20
10006,10006,admin,2025-07-15
10007,10007,viewer,2025-12-26
10008,10008,admin,2025-08-15
10009,10009,editor,2026-03-28
10010,10010,viewer,2026-01-10
10011,10011,admin,2026-01-15
10012,10012,admin,2025-05-04
10013,10013,viewer,2026-02-12
10014,10014,viewer,2025-05-04
10015,10015,viewer,2025-07-15
10016,10016,admin,2025-07-14
10017,10017,editor,2026-03-25
10018,10018,editor,2026-01-09
10019,10019,viewer,2025-11-04
10020,10020,admin,2025-07-19
10021,10021,editor,2026-01-07
10022,10022,editor,2025-05-24
10023,10023,admin,2026-02-21
10024,10024,editor,2026-01-30
10025,10025,unknown,2025-04-19
10026,10026,editor,2025-11-21
10027,10027,admin,2026-02-22
10028,10028,editor,2025-06-02
10029,10029,editor,2025-11-03
10030,10030,editor,2025-05-09
10031,10031,editor,2025-07-12
10032,10032,viewer,2026-01-21
10033,10033,invalid_role,2025-07-03
10034,10034,viewer,2026-01-29
10035,10035,viewer,2025-12-18
10036,10036,admin,2026-02-23
10037,10037,editor,2025-09-30
10038,10038,,2025-08-16
10039,10039,viewer,2025-11-14
10040,10040,unknown,2026-02-16
10041,10041,editor,2025-12-05
10042,10042,viewer,2025-10-27
10043,10043,viewer,2025-06-29
10044,10044,admin,2025-08-05
10045,10045,invalid_role,2025-09-07
10046,10046,viewer,2025-07-01
10047,10047,viewer,2025-07-28
10048,10048,viewer,2026-03-22
10049,10049,invalid_role,2025-09-16
10050,10050,viewer,2026-01-22
10051,10051,,2025-07-20
10052,10052,editor,2025-12-28
10053,10053,admin,2025-09-29
10054,10054,editor,2025-12-19
10055,10055,invalid_role,2025-07-11
10056,10056,,2025-08-03
10057,10057,,2025-05-13
10058,10058,admin,2025-04-18
10059,10059,guest,2025-07-01
10060,10060,admin,2025-05-12
10061,10061,viewer,2025-12-04
10062,10062,editor,2025-05-24
10063,10063,,2026-01-20
10064,10064,guest,2026-02-23
10065,10065,viewer,2025-08-14
10066,10066,editor,2025-08-10
10067,10067,editor,2025-07-01
10068,10068,editor,2025-09-22
10069,10069,guest,2025-09-07
10070,10070,viewer,2025-10-31
10071,10071,viewer,2025-12-09
10072,10072,viewer,2026-01-14
10073,10073,admin,2026-02-19
10074,10074,viewer,2025-12-15
10075,10075,admin,2025-05-25
10076,10076,viewer,2026-02-06
10077,10077,editor,2025-07-01
10078,10078,editor,2026-03-06
10079,10079,editor,2025-12-05
10080,10080,admin,2026-02-25
10081,10081,unknown,2025-05-06
10082,10082,,2025-07-04
10083,10083,admin,2025-09-26
10084,10084,editor,2025-11-25
10085,10085,editor,2026-01-15
10086,10086,viewer,2025-06-11
10087,10087,viewer,2026-01-03
10088,10088,editor,2025-06-01
10089,10089,viewer,2025-08-02
10090,10090,admin,2025-07-06
10091,10091,,2025-05-12
10092,10092,,2025-10-03
10093,10093,editor,2025-04-18
10094,10094,viewer,2025-06-21
10095,10095,viewer,2025-12-04
10096,10096,invalid_role,2025-07-20
10097,10097,invalid_role,2026-01-30
10098,10098,viewer,2025-03-31
10099,10099,viewer,2025-07-09
10100,10100,viewer,2025-06-28
10101,10101,admin,2026-02-18
10102,10102,editor,2025-04-20
10103,10103,editor,2026-03-28
10104,10104,viewer,2025-10-03
10105,10105,viewer,2025-09-18
10106,10106,viewer,2025-11-22
10107,10107,invalid_role,2025-05-05
10108,10108,editor,2025-08-12
10109,10109,admin,2025-04-19
10110,10110,admin,2025-09-19
10111,10111,editor,2025-09-30
10112,10112,editor,2025-04-09
10113,10113,guest,2025-07-08
10114,10114,admin,2025-10-15
10115,10115,invalid_role,2025-09-19
10116,10116,viewer,2025-08-23
10117,10117,guest,2025-05-23
10118,10118,editor,2026-03-13
10119,10119,viewer,2025-05-06
10120,10120,admin,2025-07-29
10121,10121,viewer,2025-07-10
10122,10122,editor,2025-09-09
10123,10123,viewer,2026-02-27
10124,10124,admin,2025-10-03
10125,10125,unknown,2025-06-23
10126,10126,,2026-02-15
10127,10127,editor,2025-09-05
10128,10128,viewer,2025-05-16
10129,10129,,2025-04-05
10130,10130,,2025-06-06
10131,10131,editor,2026-03-23
10132,10132,editor,2026-03-25
10133,10133,viewer,2025-09-20
10134,10134,editor,2026-01-16
10135,10135,editor,2026-01-20
10136,10136,admin,2025-05-14
10137,10137,,2025-12-26
10138,10138,invalid_role,2025-06-28
10139,10139,editor,2025-04-29
10140,10140,editor,2025-04-09
10141,10141,,2025-11-23
10142,10142,,2025-04-07
10143,10143,admin,2025-07-06
10144,10144,editor,2025-05-31
10145,10145,invalid_role,2025-04-26
10146,10146,invalid_role,2025-03-31
10147,10147,viewer,2025-11-21
10148,10148,editor,2025-12-29
10149,10149,viewer,2025-10-17
10150,10150,viewer,2025-04-11
10151,10151,admin,2025-11-08
10152,10152,guest,2026-03-23
10153,10153,unknown,2026-01-31
10154,10154,viewer,2025-08-12
10155,10155,editor,2025-12-01
10156,10156,editor,2025-09-16
10157,10157,editor,2026-01-05
10158,10158,admin,2026-03-01
10159,10159,admin,2025-06-03
10160,10160,editor,2025-08-07
10161,10161,admin,2025-06-23
10162,10162,admin,2025-11-15
10163,10163,admin,2026-03-13
10164,10164,editor,2026-03-08
10165,10165,viewer,2026-03-15
10166,10166,,2025-04-23
10167,10167,unknown,2025-09-04
10168,10168,,2025-08-11
10169,10169,admin,2025-11-08
10170,10170,invalid_role,2025-12-04
10171,10171,editor,2025-11-25
10172,10172,admin,2025-06-24
10173,10173,editor,2025-07-04
10174,10174,viewer,2025-12-20
10175,10175,editor,2025-04-04
10176,10176,admin,2025-12-17
10177,10177,editor,2025-10-30
10178,10178,viewer,2025-11-20
10179,10179,viewer,2025-10-07
10180,10180,invalid_role,2026-03-22
10181,10181,viewer,2025-10-24
10182,10182,viewer,2025-06-16
10183,10183,editor,2025-10-11
10184,10184,admin,2025-10-02
10185,10185,unknown,2025-06-25
10186,10186,,2025-12-22
10187,10187,editor,2025-05-18
10188,10188,viewer,2025-07-11
10189,10189,admin,2026-01-15
10190,10190,editor,2025-07-23
10191,10191,invalid_role,2025-12-12
10192,10192,admin,2025-12-05
10193,10193,editor,2025-10-15
10194,10194,viewer,2025-06-13
10195,10195,editor,2025-11-17
10196,10196,editor,2025-04-25
10197,10197,viewer,2025-09-25
10198,10198,admin,2026-02-05
10199,10199,viewer,2025-09-09
10200,10200,editor,2026-03-13
10201,10201,admin,2026-01-30
10202,10202,editor,2025-04-13
10203,10203,editor,2025-12-23
10204,10204,invalid_role,2025-09-24
10205,10205,viewer,2025-11-16
10206,10206,viewer,2025-10-06
10207,10207,editor,2025-12-15
10208,10208,editor,2025-04-12
10209,10209,editor,2025-10-05
10210,10210,editor,2025-09-17
10211,10211,admin,2026-01-03
10212,10212,editor,2025-09-22
10213,10213,editor,2026-02-01
10214,10214,admin,2026-01-15
10215,10215,,2026-01-20
10216,10216,,2025-09-27
10217,10217,viewer,2025-12-08
10218,10218,editor,2025-07-24
10219,10219,admin,2025-11-28
10220,10220,viewer,2026-03-10
10221,10221,unknown,2025-04-28
10222,10222,,2025-07-31
10223,10223,admin,2026-02-17
10224,10224,viewer,2025-07-12
10225,10225,viewer,2026-01-09
10226,10226,editor,2026-03-22
10227,10227,editor,2025-11-12
10228,10228,admin,2025-09-26
10229,10229,editor,2026-03-05
10230,10230,unknown,2025-09-01
10231,10231,editor,2025-05-04
10232,10232,admin,2025-08-17
10233,10233,editor,2025-08-28
10234,10234,,2025-06-02
10235,10235,viewer,2025-10-25
10236,10236,admin,2025-09-11
10237,10237,,2025-09-21
10238,10238,editor,2025-04-22
10239,10239,viewer,2026-03-09
10240,10240,viewer,2025-05-07
10241,10241,viewer,2026-03-02
10242,10242,,2025-12-29
10243,10243,editor,2026-01-08
10244,10244,editor,2025-07-13
10245,10245,,2025-07-06
10246,10246,admin,2025-04-06
10247,10247,admin,2025-05-04
10248,10248,viewer,2026-02-23
10249,10249,admin,2025-08-06
10250,10250,admin,2025-12-10
10251,10251,editor,2025-09-11
10252,10252,editor,2025-07-01
10253,10253,viewer,2025-06-14
10254,10254,,2025-07-03
10255,10255,editor,2025-07-16
10256,10256,,2025-06-11
10257,10257,viewer,2025-09-10
10258,10258,editor,2025-04-01
10259,10259,admin,2025-06-27
10260,10260,admin,2026-01-02
10261,10261,editor,2026-03-09
10262,10262,viewer,2025-09-04
10263,10263,viewer,2025-10-16
10264,10264,editor,2026-02-01
10265,10265,viewer,2025-05-18
10266,10266,,2025-10-03
10267,10267,viewer,2025-10-10
10268,10268,admin,2025-12-12
10269,10269,editor,2025-08-01
10270,10270,admin,2025-05-16
10271,10271,viewer,2026-02-03
10272,10272,guest,2025-10-22
10273,10273,admin,2025-07-07
10274,10274,admin,2025-06-24
10275,10275,editor,2025-05-26
10276,10276,viewer,2025-10-25
10277,10277,viewer,2025-05-20
10278,10278,,2025-12-23
10279,10279,admin,2025-04-08
10280,10280,admin,2026-02-17
10281,10281,admin,2025-06-28
10282,10282,admin,2025-05-30
10283,10283,viewer,2025-06-14
10284,10284,editor,2025-10-30
10285,10285,editor,2025-08-19
10286,10286,admin,2025-08-30
10287,10287,viewer,2025-10-25
10288,10288,admin,2025-07-06
10289,10289,viewer,2025-11-14
10290,10290,editor,2025-07-12
10291,10291,editor,2025-12-25
10292,10292,viewer,2025-10-12
10293,10293,viewer,2026-02-28
10294,10294,admin,2025-12-09
10295,10295,,2025-08-25
10296,10296,,2026-03-16
10297,10297,editor,2025-12-20
10298,10298,editor,2026-03-25
10299,10299,viewer,2025-09-14
10300,10300,viewer,2025-08-15
10301,10301,viewer,2025-08-31
10302,10302,invalid_role,2025-08-22
10303,10303,admin,2026-03-07
10304,10304,guest,2026-01-11
10305,10305,admin,2026-01-16
10306,10306,unknown,2026-01-04
10307,10307,editor,2025-06-28
10308,10308,,2025-07-03
10309,10309,editor,2026-03-18
10310,10310,,2026-02-18
10311,10311,,2025-04-16
10312,10312,editor,2025-08-10
10313,10313,viewer,2025-06-02
10314,10314,invalid_role,2025-11-06
10315,10315,editor,2025-10-03
10316,10316,editor,2025-05-04
10317,10317,admin,2026-03-07
10318,10318,viewer,2025-05-31
10319,10319,viewer,2025-12-31
10320,10320,editor,2025-09-23
10321,10321,,2025-06-23
10322,10322,unknown,2025-12-18
10323,10323,admin,2025-04-12
10324,10324,admin,2025-11-16
10325,10325,editor,2025-09-29
10326,10326,,2025-05-18
10327,10327,viewer,2026-03-09
10328,10328,,2025-10-12
10329,10329,editor,2025-11-21
10330,10330,admin,2026-03-20
10331,10331,,2025-05-25
10332,10332,viewer,2026-01-28
10333,10333,guest,2026-01-26
10334,10334,editor,2025-12-03
10335,10335,admin,2025-07-18
10336,10336,admin,2025-06-14
10337,10337,editor,2026-02-24
10338,10338,admin,2026-03-14
10339,10339,viewer,2026-02-13
10340,10340,editor,2025-04-23
10341,10341,viewer,2025-04-27
10342,10342,editor,2025-11-15
10343,10343,admin,2025-12-25
10344,10344,editor,2025-04-17
10345,10345,unknown,2025-09-01
10346,10346,viewer,2025-05-05
10347,10347,viewer,2025-07-05
10348,10348,unknown,2026-03-05
10349,10349,admin,2025-08-29
10350,10350,unknown,2025-07-24
10351,10351,viewer,2025-10-11
10352,10352,viewer,2025-05-25
10353,10353,admin,2026-01-17
10354,10354,,2025-05-19
10355,10355,editor,2026-02-24
10356,10356,invalid_role,2025-12-17
10357,10357,invalid_role,2025-10-02
10358,10358,editor,2025-07-19
10359,10359,viewer,2026-01-23
10360,10360,editor,2025-05-08
10361,10361,editor,2025-09-18
10362,10362,viewer,2025-04-27
10363,10363,admin,2026-01-10
10364,10364,admin,2025-11-10
10365,10365,,2025-06-19
10366,10366,viewer,2025-10-10
10367,10367,admin,2026-01-12
10368,10368,editor,2025-08-16
10369,10369,viewer,2025-09-27
10370,10370,viewer,2025-09-02
10371,10371,viewer,2025-11-12
10372,10372,editor,2025-07-07
10373,10373,viewer,2025-06-06
10374,10374,viewer,2025-07-25
10375,10375,editor,2025-04-02
10376,10376,unknown,2025-05-13
10377,10377,editor,2025-10-20
10378,10378,viewer,2026-01-11
10379,10379,editor,2025-07-08
10380,10380,admin,2025-10-22
10381,10381,admin,2025-04-20
10382,10382,viewer,2025-07-21
10383,10383,viewer,2025-08-09
10384,10384,viewer,2025-11-12
10385,10385,admin,2025-08-16
10386,10386,editor,2025-09-04
10387,10387,admin,2025-05-17
10388,10388,editor,2026-02-28
10389,10389,editor,2025-05-12
10390,10390,viewer,2026-03-22
10391,10391,editor,2026-01-31
10392,10392,viewer,2026-02-28
10393,10393,viewer,2026-01-30
10394,10394,admin,2025-08-06
10395,10395,admin,2026-03-24
10396,10396,viewer,2025-08-14
10397,10397,editor,2025-08-22
10398,10398,viewer,2025-11-05
10399,10399,editor,2025-10-24
10400,10400,viewer,2025-04-06
10401,10401,admin,2025-05-05
10402,10402,viewer,2025-06-04
10403,10403,editor,2025-11-27
10404,10404,viewer,2026-01-09
10405,10405,,2026-01-29
10406,10406,editor,2025-10-01
10407,10407,admin,2025-05-18
10408,10408,editor,2025-12-16
10409,10409,admin,2026-01-13
10410,10410,editor,2025-12-15
10411,10411,admin,2025-04-04
10412,10412,viewer,2025-05-19
10413,10413,viewer,2025-10-22
10414,10414,editor,2026-01-23
10415,10415,viewer,2025-04-29
10416,10416,viewer,2025-12-15
10417,10417,editor,2026-01-02
10418,10418,editor,2025-09-26
10419,10419,editor,2025-12-20
10420,10420,unknown,2026-03-16
10421,10421,admin,2026-02-09
10422,10422,viewer,2026-03-06
10423,10423,viewer,2025-12-26
10424,10424,viewer,2025-08-28
10425,10425,viewer,2025-11-02
10426,10426,admin,2025-10-16
10427,10427,unknown,2025-04-01
10428,10428,editor,2026-01-22
10429,10429,admin,2026-03-18
10430,10430,viewer,2025-10-27
10431,10431,editor,2025-11-30
10432,10432,editor,2025-12-18
10433,10433,guest,2025-06-29
10434,10434,viewer,2025-04-26
10435,10435,admin,2026-02-08
10436,10436,viewer,2025-05-28
10437,10437,guest,2026-01-03
10438,10438,editor,2025-06-27
10439,10439,admin,2025-04-02
10440,10440,viewer,2025-05-12
10441,10441,,2026-03-13
10442,10442,admin,2025-07-06
10443,10443,invalid_role,2025-06-10
10444,10444,admin,2025-08-03
10445,10445,admin,2026-02-05
10446,10446,admin,2025-08-22
10447,10447,viewer,2026-03-03
10448,10448,admin,2026-01-02
10449,10449,guest,2025-07-05
10450,10450,admin,2025-12-13
10451,10451,viewer,2025-09-29
10452,10452,admin,2025-08-18
10453,10453,admin,2025-12-11
10454,10454,editor,2026-01-11
10455,10455,guest,2026-01-29
10456,10456,viewer,2025-10-21
10457,10457,editor,2026-01-18
10458,10458,viewer,2026-01-30
10459,10459,viewer,2026-03-18
10460,10460,admin,2025-06-22
10461,10461,admin,2026-02-09
10462,10462,editor,2026-03-23
10463,10463,editor,2025-08-18
10464,10464,admin,2025-10-17
10465,10465,invalid_role,2025-07-03
10466,10466,viewer,2026-02-26
10467,10467,editor,2025-11-19
10468,10468,viewer,2025-06-26
10469,10469,,2025-08-02
10470,10470,admin,2026-03-06
10471,10471,,2025-12-14
10472,10472,admin,2025-06-29
10473,10473,viewer,2025-09-17
10474,10474,invalid_role,2025-07-06
10475,10475,admin,2025-06-07
10476,10476,admin,2025-04-25
10477,10477,admin,2025-07-12
10478,10478,,2025-10-05
10479,10479,viewer,2025-05-21
10480,10480,viewer,2026-01-15
10481,10481,,2026-01-07
10482,10482,viewer,2025-04-30
10483,10483,viewer,2026-02-09
10484,10484,admin,2025-12-27
10485,10485,admin,2026-01-05
10486,10486,invalid_role,2025-05-17
10487,10487,admin,2025-10-24
10488,10488,editor,2026-01-27
10489,10489,invalid_role,2025-07-15
10490,10490,,2026-02-21
10491,10491,editor,2025-11-20
10492,10492,unknown,2026-03-23
10493,10493,admin,2026-03-09
10494,10494,viewer,2025-12-04
10495,10495,admin,2025-08-26
10496,10496,viewer,2025-06-21
10497,10497,admin,2025-06-15
10498,10498,editor,2025-12-15
10499,10499,editor,2025-07-20
10500,10500,admin,2025-04-27
10501,10501,unknown,2025-07-09
10502,10502,viewer,2025-09-20
10503,10503,editor,2025-11-24
10504,10504,editor,2026-03-27
10505,10505,viewer,2026-02-20
10506,10506,viewer,2026-02-24
10507,10507,,2025-11-24
10508,10508,admin,2025-08-16
10509,10509,admin,2026-02-02
10510,10510,admin,2025-07-07
10511,10511,admin,2025-05-08
10512,10512,admin,2026-02-01
10513,10513,editor,2025-12-21
10514,10514,admin,2025-10-14
10515,10515,editor,2025-11-21
10516,10516,editor,2025-12-13
10517,10517,viewer,2025-09-10
10518,10518,viewer,2025-06-27
10519,10519,unknown,2025-11-28
10520,10520,invalid_role,2025-08-02
10521,10521,admin,2026-03-18
10522,10522,viewer,2025-05-13
10523,10523,admin,2025-09-03
10524,10524,editor,2025-05-20
10525,10525,viewer,2025-10-07
10526,10526,,2025-04-03
10527,10527,admin,2025-05-24
10528,10528,admin,2025-07-10
10529,10529,admin,2025-04-18
10530,10530,editor,2025-11-04
10531,10531,editor,2025-07-09
10532,10532,unknown,2025-09-18
10533,10533,viewer,2025-07-17
10534,10534,unknown,2025-06-01
10535,10535,editor,2025-06-18
10536,10536,admin,2025-10-19
10537,10537,,2025-06-30
10538,10538,viewer,2026-03-04
10539,10539,admin,2025-09-28
10540,10540,admin,2026-02-14
10541,10541,editor,2025-05-29
10542,10542,editor,2026-03-18
10543,10543,admin,2025-08-04
10544,10544,editor,2025-09-19
10545,10545,viewer,2025-07-02
10546,10546,viewer,2025-04-06
10547,10547,viewer,2025-07-07
10548,10548,admin,2026-02-22
10549,10549,viewer,2025-06-03
10550,10550,viewer,2026-03-16
10551,10551,viewer,2026-03-23
10552,10552,editor,2025-12-28
10553,10553,editor,2025-12-26
10554,10554,admin,2026-03-01
10555,10555,viewer,2025-04-15
10556,10556,editor,2026-03-07
10557,10557,editor,2025-06-18
10558,10558,admin,2025-09-12
10559,10559,editor,2025-04-01
10560,10560,viewer,2025-04-08
10561,10561,viewer,2025-08-24
10562,10562,admin,2026-03-23
10563,10563,viewer,2026-02-21
10564,10564,editor,2026-03-17
10565,10565,editor,2026-03-22
10566,10566,editor,2025-09-23
10567,10567,viewer,2026-02-08
10568,10568,viewer,2025-12-03
10569,10569,admin,2026-03-05
10570,10570,editor,2025-06-13
10571,10571,admin,2025-10-21
10572,10572,viewer,2025-11-16
10573,10573,viewer,2025-12-06
10574,10574,viewer,2025-04-30
10575,10575,viewer,2026-01-04
10576,10576,viewer,2025-08-08
10577,10577,viewer,2025-11-23
10578,10578,viewer,2026-03-14
10579,10579,admin,2025-12-11
10580,10580,viewer,2025-10-05
10581,10581,editor,2025-07-17
10582,10582,viewer,2025-12-25
10583,10583,,2025-09-05
10584,10584,,2025-09-07
10585,10585,editor,2025-11-14
10586,10586,admin,2025-04-26
10587,10587,admin,2025-08-17
10588,10588,viewer,2026-02-08
10589,10589,,2025-06-28
10590,10590,viewer,2025-07-02
10591,10591,admin,2025-11-20
10592,10592,unknown,2025-07-03
10593,10593,editor,2025-03-31
10594,10594,invalid_role,2026-01-07
10595,10595,admin,2025-08-25
10596,10596,invalid_role,2025-10-25
10597,10597,viewer,2025-12-22
10598,10598,editor,2026-01-05
10599,10599,editor,2026-01-15
10600,10600,unknown,2025-12-16
10601,10601,admin,2026-02-28
10602,10602,admin,2026-03-15
10603,10603,viewer,2026-03-22
10604,10604,admin,2025-07-26
10605,10605,viewer,2025-11-17
10606,10606,,2026-02-05
10607,10607,editor,2025-07-11
10608,10608,editor,2025-11-05
10609,10609,editor,2025-12-17
10610,10610,editor,2025-05-25
10611,10611,viewer,2025-08-31
10612,10612,viewer,2026-01-19
10613,10613,unknown,2025-10-05
10614,10614,editor,2025-10-01
10615,10615,editor,2025-04-25
10616,10616,unknown,2025-06-18
10617,10617,,2025-11-09
10618,10618,viewer,2026-01-16
10619,10619,viewer,2025-07-24
10620,10620,viewer,2025-09-12
10621,10621,,2025-12-07
10622,10622,,2025-06-17
10623,10623,admin,2025-09-14
10624,10624,admin,2025-10-14
10625,10625,viewer,2026-03-25
10626,10626,admin,2025-05-19
10627,10627,viewer,2025-12-13
10628,10628,viewer,2026-02-26
10629,10629,viewer,2026-03-28
10630,10630,editor,2025-05-11
10631,10631,viewer,2025-07-20
10632,10632,editor,2026-03-02
10633,10633,admin,2026-01-03
10634,10634,admin,2025-05-09
10635,10635,editor,2025-12-10
10636,10636,editor,2026-03-07
10637,10637,admin,2025-05-21
10638,10638,viewer,2025-11-23
10639,10639,admin,2025-06-04
10640,10640,editor,2026-02-18
10641,10641,viewer,2026-01-21
10642,10642,editor,2025-12-25
10643,10643,viewer,2025-10-03
10644,10644,admin,2026-01-12
10645,10645,editor,2025-09-10
10646,10646,editor,2025-11-30
10647,10647,editor,2026-02-09
10648,10648,viewer,2025-06-24
10649,10649,admin,2026-02-17
10650,10650,unknown,2025-07-07
10651,10651,admin,2025-09-14
10652,10652,viewer,2025-06-22
10653,10653,editor,2025-09-04
10654,10654,viewer,2025-09-01
10655,10655,unknown,2025-12-22
10656,10656,admin,2025-04-25
10657,10657,editor,2025-05-12
10658,10658,invalid_role,2026-01-26
10659,10659,admin,2025-08-06
10660,10660,editor,2025-10-30
10661,10661,viewer,2025-07-25
10662,10662,admin,2025-08-30
10663,10663,viewer,2025-09-07
10664,10664,editor,2025-04-12
10665,10665,admin,2025-07-20
10666,10666,admin,2025-12-06
10667,10667,viewer,2026-01-21
10668,10668,editor,2026-01-08
10669,10669,,2025-12-13
10670,10670,invalid_role,2025-05-22
10671,10671,viewer,2025-05-29
10672,10672,viewer,2025-09-12
10673,10673,guest,2025-05-06
10674,10674,viewer,2025-08-13
10675,10675,guest,2025-12-28
10676,10676,editor,2026-01-29
10677,10677,admin,2025-05-04
10678,10678,admin,2025-04-09
10679,10679,viewer,2025-08-03
10680,10680,editor,2025-10-08
10681,10681,viewer,2025-09-02
10682,10682,editor,2025-12-19
10683,10683,admin,2026-03-19
10684,10684,editor,2025-09-24
10685,10685,editor,2025-08-24
10686,10686,editor,2025-10-22
10687,10687,invalid_role,2025-05-15
10688,10688,admin,2026-03-04
10689,10689,editor,2026-01-15
10690,10690,admin,2025-09-27
10691,10691,viewer,2025-07-18
10692,10692,admin,2025-05-25
10693,10693,editor,2026-01-21
10694,10694,invalid_role,2025-07-18
10695,10695,editor,2025-12-06
10696,10696,viewer,2026-03-21
10697,10697,viewer,2026-02-17
10698,10698,viewer,2025-04-17
10699,10699,guest,2025-11-04
10700,10700,,2025-06-23
10701,10701,viewer,2025-07-24
10702,10702,viewer,2025-08-16
10703,10703,editor,2025-05-17
10704,10704,viewer,2025-09-24
10705,10705,viewer,2025-04-30
10706,10706,editor,2026-03-03
10707,10707,unknown,2026-02-21
10708,10708,,2025-10-03
10709,10709,viewer,2025-11-15
10710,10710,admin,2026-03-07
10711,10711,editor,2025-05-07
10712,10712,admin,2025-07-09
10713,10713,admin,2025-09-21
10714,10714,admin,2025-07-14
10715,10715,viewer,2025-08-27
10716,10716,viewer,2025-06-19
10717,10717,admin,2025-11-22
10718,10718,viewer,2025-10-14
10719,10719,editor,2025-11-27
10720,10720,viewer,2025-12-14
10721,10721,viewer,2026-02-22
10722,10722,viewer,2025-04-21
10723,10723,editor,2025-07-14
10724,10724,editor,2025-08-25
10725,10725,editor,2026-03-03
10726,10726,editor,2025-10-02
10727,10727,editor,2025-04-19
10728,10728,editor,2025-07-02
10729,10729,editor,2025-07-28
10730,10730,unknown,2025-08-18
10731,10731,invalid_role,2025-04-04
10732,10732,admin,2025-05-26
10733,10733,admin,2025-06-15
10734,10734,admin,2025-09-07
10735,10735,admin,2026-01-07
10736,10736,viewer,2025-03-31
10737,10737,admin,2025-11-06
10738,10738,admin,2025-09-13
10739,10739,unknown,2025-05-11
10740,10740,,2025-07-25
10741,10741,viewer,2026-01-03
10742,10742,unknown,2025-06-02
10743,10743,editor,2025-09-13
10744,10744,admin,2025-05-26
10745,10745,admin,2026-01-13
10746,10746,viewer,2025-11-28
10747,10747,editor,2025-08-17
10748,10748,viewer,2025-06-23
10749,10749,viewer,2025-06-20
10750,10750,viewer,2025-08-24
10751,10751,viewer,2025-07-23
10752,10752,,2026-03-12
10753,10753,viewer,2026-01-24
10754,10754,viewer,2026-01-05
10755,10755,invalid_role,2025-12-19
10756,10756,editor,2025-12-06
10757,10757,admin,2025-04-11
10758,10758,,2025-04-17
10759,10759,editor,2025-05-20
10760,10760,admin,2025-07-02
10761,10761,viewer,2025-10-21
10762,10762,editor,2025-07-08
10763,10763,viewer,2026-01-27
10764,10764,viewer,2025-04-09
10765,10765,editor,2026-01-05
10766,10766,editor,2025-12-29
10767,10767,viewer,2025-12-29
10768,10768,editor,2025-08-26
10769,10769,viewer,2025-08-01
10770,10770,admin,2025-06-18
10771,10771,viewer,2025-08-24
10772,10772,admin,2025-04-25
10773,10773,admin,2025-05-23
10774,10774,invalid_role,2025-05-31
10775,10775,admin,2025-10-14
10776,10776,editor,2025-05-03
10777,10777,guest,2025-11-14
10778,10778,editor,2025-09-28
10779,10779,admin,2025-11-17
10780,10780,editor,2025-09-21
10781,10781,admin,2025-06-11
10782,10782,viewer,2025-06-24
10783,10783,unknown,2025-12-13
10784,10784,editor,2025-08-22
10785,10785,viewer,2025-09-09
10786,10786,editor,2025-10-09
10787,10787,viewer,2025-04-28
10788,10788,editor,2025-07-09
10789,10789,viewer,2025-06-14
10790,10790,unknown,2025-08-24
10791,10791,,2026-01-11
10792,10792,editor,2025-12-08
10793,10793,viewer,2025-09-14
10794,10794,viewer,2025-09-02
10795,10795,editor,2025-04-21
10796,10796,admin,2025-06-06
10797,10797,,2025-08-04
10798,10798,viewer,2025-04-03
10799,10799,admin,2025-09-27
10800,10800,viewer,2025-12-30
10801,10801,admin,2025-12-02
10802,10802,editor,2025-09-02
10803,10803,,2025-09-25
10804,10804,admin,2025-12-24
10805,10805,admin,2025-04-30
10806,10806,admin,2026-03-11
10807,10807,viewer,2025-10-26
10808,10808,viewer,2025-05-25
10809,10809,viewer,2026-01-08
10810,10810,editor,2025-11-16
10811,10811,admin,2025-06-07
10812,10812,admin,2026-02-05
10813,10813,editor,2025-12-22
10814,10814,editor,2025-07-02
10815,10815,unknown,2026-01-15
10816,10816,viewer,2025-04-02
10817,10817,viewer,2026-01-17
10818,10818,editor,2026-01-01
10819,10819,editor,2025-08-06
10820,10820,viewer,2025-05-23
10821,10821,editor,2025-04-06
10822,10822,,2026-03-29
10823,10823,,2026-01-24
10824,10824,admin,2026-02-16
10825,10825,editor,2025-07-11
10826,10826,admin,2026-03-18
10827,10827,viewer,2026-02-18
10828,10828,viewer,2025-07-13
10829,10829,admin,2025-08-05
10830,10830,editor,2026-03-25
10831,10831,viewer,2025-07-14
10832,10832,editor,2025-05-10
10833,10833,editor,2026-01-24
10834,10834,admin,2025-07-28
10835,10835,admin,2025-05-10
10836,10836,viewer,2025-09-10
10837,10837,admin,2025-10-27
10838,10838,admin,2025-09-19
10839,10839,editor,2025-12-23
10840,10840,admin,2025-11-01
10841,10841,guest,2025-10-10
10842,10842,,2025-06-03
10843,10843,unknown,2026-02-08
10844,10844,editor,2026-01-16
10845,10845,admin,2025-09-27
10846,10846,editor,2025-04-17
10847,10847,admin,2025-08-25
10848,10848,admin,2025-11-27
10849,10849,editor,2025-06-13
10850,10850,,2026-01-21
10851,10851,editor,2025-09-30
10852,10852,editor,2025-06-19
10853,10853,admin,2025-10-04
10854,10854,admin,2025-11-26
10855,10855,admin,2025-11-30
10856,10856,,2026-02-21
10857,10857,admin,2025-12-08
10858,10858,editor,2026-01-31
10859,10859,viewer,2025-08-25
10860,10860,editor,2025-07-27
10861,10861,viewer,2025-05-09
10862,10862,viewer,2025-03-30
10863,10863,viewer,2025-06-10
10864,10864,,2025-11-02
10865,10865,editor,2025-11-21
10866,10866,viewer,2026-03-29
10867,10867,admin,2025-12-23
10868,10868,unknown,2025-10-20
10869,10869,admin,2026-01-07
10870,10870,invalid_role,2025-08-02
10871,10871,viewer,2026-03-16
10872,10872,editor,2025-05-26
10873,10873,,2026-02-19
10874,10874,admin,2025-11-03
10875,10875,editor,2026-01-05
10876,10876,admin,2025-05-23
10877,10877,viewer,2026-02-27
10878,10878,admin,2025-07-20
10879,10879,admin,2026-03-22
10880,10880,admin,2025-11-22
10881,10881,viewer,2025-07-16
10882,10882,editor,2025-08-16
10883,10883,admin,2025-06-01
10884,10884,unknown,2025-08-18
10885,10885,viewer,2025-05-30
10886,10886,,2025-09-01
10887,10887,invalid_role,2025-09-28
10888,10888,editor,2026-02-18
10889,10889,editor,2026-01-01
10890,10890,viewer,2025-10-02
10891,10891,editor,2025-05-10
10892,10892,viewer,2025-06-05
10893,10893,admin,2025-07-23
10894,10894,editor,2025-09-27
10895,10895,editor,2025-10-10
10896,10896,viewer,2025-11-22
10897,10897,guest,2025-07-24
10898,10898,viewer,2025-11-22
10899,10899,viewer,2025-10-31
10900,10900,invalid_role,2026-02-11
10901,10901,admin,2025-11-16
10902,10902,editor,2025-04-21
10903,10903,viewer,2025-06-10
10904,10904,invalid_role,2025-07-28
10905,10905,viewer,2026-02-14
10906,10906,viewer,2025-11-28
10907,10907,admin,2026-01-19
10908,10908,viewer,2025-12-18
10909,10909,viewer,2025-10-16
10910,10910,editor,2025-04-26
10911,10911,admin,2025-12-08
10912,10912,admin,2025-11-20
10913,10913,viewer,2025-09-17
10914,10914,admin,2026-02-15
10915,10915,admin,2025-12-31
10916,10916,admin,2025-07-02
10917,10917,admin,2025-09-04
10918,10918,viewer,2025-11-10
10919,10919,admin,2026-01-26
10920,10920,viewer,2026-02-26
10921,10921,viewer,2026-01-17
10922,10922,admin,2025-09-13
10923,10923,admin,2026-03-19
10924,10924,viewer,2025-08-16
10925,10925,viewer,2025-10-14
10926,10926,viewer,2025-05-20
10927,10927,,2025-06-24
10928,10928,admin,2025-05-17
10929,10929,admin,2025-08-20
10930,10930,admin,2025-05-14
10931,10931,,2025-08-30
10932,10932,invalid_role,2026-02-15
10933,10933,editor,2026-01-09
10934,10934,viewer,2025-09-27
10935,10935,admin,2025-12-05
10936,10936,admin,2026-01-31
10937,10937,admin,2025-04-10
10938,10938,,2025-11-06
10939,10939,,2025-08-15
10940,10940,admin,2025-06-04
10941,10941,,2025-04-04
10942,10942,viewer,2026-02-06
10943,10943,admin,2025-12-17
10944,10944,invalid_role,2025-09-30
10945,10945,editor,2025-12-23
10946,10946,admin,2025-07-16
10947,10947,viewer,2025-08-07
10948,10948,,2025-08-16
10949,10949,viewer,2025-12-06
10950,10950,admin,2025-11-17
10951,10951,admin,2025-09-06
10952,10952,,2025-04-12
10953,10953,viewer,2026-01-08
10954,10954,viewer,2025-07-12
10955,10955,editor,2025-12-23
10956,10956,viewer,2025-10-01
10957,10957,viewer,2025-10-02
10958,10958,viewer,2025-09-18
10959,10959,viewer,2026-01-25
10960,10960,admin,2025-08-03
10961,10961,viewer,2025-12-24
10962,10962,editor,2025-10-13
10963,10963,admin,2025-04-15
10964,10964,viewer,2025-04-19
10965,10965,admin,2025-11-10
10966,10966,admin,2025-08-05
10967,10967,viewer,2025-07-27
10968,10968,admin,2025-04-04
10969,10969,viewer,2025-10-26
10970,10970,,2025-05-30
10971,10971,admin,2025-04-22
10972,10972,editor,2025-04-13
10973,10973,admin,2025-05-13
10974,10974,admin,2025-04-09
10975,10975,editor,2025-12-09
10976,10976,viewer,2025-06-27
10977,10977,admin,2025-05-17
10978,10978,admin,2025-09-17
10979,10979,admin,2025-11-26
10980,10980,admin,2025-06-23
10981,10981,admin,2025-07-15
10982,10982,viewer,2026-01-26
10983,10983,viewer,2025-04-12
10984,10984,editor,2025-11-04
10985,10985,editor,2026-03-01
10986,10986,viewer,2025-12-02
10987,10987,editor,2025-07-17
10988,10988,viewer,2025-12-28
10989,10989,,2026-02-24
10990,10990,admin,2025-04-19
10991,10991,admin,2025-03-30
10992,10992,editor,2026-01-08
10993,10993,guest,2025-05-15
10994,10994,,2025-12-21
10995,10995,editor,2026-01-08
10996,10996,admin,2025-04-02
10997,10997,admin,2025-06-04
10998,10998,viewer,2025-10-18
10999,10999,editor,2025-04-09
11000,11000,editor,2025-10-05
11001,11001,viewer,2025-12-21
11002,11002,editor,2025-07-17
11003,11003,admin,2025-11-10
11004,11004,unknown,2025-12-25
11005,11005,editor,2025-12-17
11006,11006,admin,2026-01-13
11007,11007,,2026-03-05
11008,11008,unknown,2025-04-02
11009,11009,admin,2025-12-12
11010,11010,guest,2025-08-04
11011,11011,,2026-01-31
11012,11012,viewer,2026-03-16
11013,11013,guest,2026-02-27
11014,11014,admin,2025-08-14
11015,11015,admin,2026-02-14
11016,11016,guest,2025-06-05
11017,11017,guest,2025-10-21
11018,11018,admin,2026-03-09
11019,11019,admin,2025-05-04
11020,11020,editor,2025-08-11
11021,11021,admin,2026-02-17
11022,11022,viewer,2026-03-26
11023,11023,admin,2025-11-11
11024,11024,viewer,2025-05-21
11025,11025,editor,2025-07-28
11026,11026,editor,2025-11-23
11027,11027,viewer,2025-10-01
11028,11028,admin,2025-12-18
11029,11029,viewer,2026-01-02
11030,11030,guest,2025-07-03
11031,11031,viewer,2025-11-26
11032,11032,editor,2026-01-03
11033,11033,,2025-10-18
11034,11034,viewer,2025-11-10
11035,11035,editor,2026-01-29
11036,11036,,2026-03-11
11037,11037,,2025-04-08
11038,11038,editor,2026-02-17
11039,11039,viewer,2026-02-21
11040,11040,invalid_role,2026-01-23
11041,11041,editor,2025-09-19
11042,11042,admin,2026-02-01
11043,11043,admin,2025-07-20
11044,11044,editor,2025-07-28
11045,11045,admin,2025-07-01
11046,11046,admin,2025-09-24
11047,11047,invalid_role,2025-06-25
11048,11048,invalid_role,2025-11-07
11049,11049,admin,2026-03-06
11050,11050,editor,2025-09-11
11051,11051,viewer,2026-02-03
11052,11052,editor,2025-06-14
11053,11053,viewer,2025-04-21
11054,11054,viewer,2025-10-09
11055,11055,guest,2026-01-07
11056,11056,editor,2025-03-30
11057,11057,editor,2026-01-14
11058,11058,editor,2025-06-29
11059,11059,viewer,2025-05-26
11060,11060,viewer,2025-07-23
11061,11061,editor,2025-04-16
11062,11062,admin,2025-04-25
11063,11063,editor,2025-06-06
11064,11064,editor,2025-09-28
11065,11065,editor,2025-06-16
11066,11066,editor,2026-01-29
11067,11067,viewer,2026-03-05
11068,11068,editor,2025-04-18
11069,11069,editor,2026-02-01
11070,11070,editor,2025-10-22
11071,11071,invalid_role,2026-02-09
11072,11072,admin,2026-02-10
11073,11073,admin,2025-07-02
11074,11074,unknown,2025-08-14
11075,11075,viewer,2025-08-21
11076,11076,invalid_role,2026-02-05
11077,11077,admin,2025-05-17
11078,11078,admin,2025-09-18
11079,11079,admin,2025-06-25
11080,11080,viewer,2026-02-28
11081,11081,invalid_role,2025-09-11
11082,11082,admin,2026-01-19
11083,11083,viewer,2025-07-16
11084,11084,admin,2025-12-08
11085,11085,admin,2025-08-12
11086,11086,viewer,2026-02-22
11087,11087,admin,2025-11-21
11088,11088,viewer,2026-02-17
11089,11089,admin,2025-08-21
11090,11090,editor,2025-12-30
11091,11091,guest,2025-06-26
11092,11092,admin,2025-04-10
11093,11093,invalid_role,2026-02-17
11094,11094,editor,2026-03-25
11095,11095,admin,2026-03-28
11096,11096,invalid_role,2025-05-19
11097,11097,admin,2025-09-17
11098,11098,viewer,2026-01-13
11099,11099,editor,2025-11-22
11100,11100,admin,2025-07-08
11101,11101,editor,2025-10-31
11102,11102,admin,2025-12-17
11103,11103,viewer,2025-04-12
11104,11104,viewer,2025-09-22
11105,11105,viewer,2025-10-14
11106,11106,admin,2025-12-15
11107,11107,admin,2025-05-06
11108,11108,,2025-10-17
11109,11109,admin,2025-12-25
11110,11110,admin,2025-07-17
11111,11111,editor,2025-09-18
11112,11112,,2025-12-16
11113,11113,,2025-11-01
11114,11114,guest,2025-12-19
11115,11115,admin,2025-08-28
11116,11116,viewer,2025-11-07
11117,11117,editor,2025-09-25
11118,11118,editor,2025-12-18
11119,11119,viewer,2025-08-01
11120,11120,invalid_role,2025-10-02
11121,11121,invalid_role,2025-06-22
11122,11122,editor,2026-02-01
11123,11123,admin,2026-01-31
11124,11124,admin,2025-04-04
11125,11125,viewer,2026-03-26
11126,11126,viewer,2026-03-03
11127,11127,admin,2025-05-06
11128,11128,guest,2025-09-25
11129,11129,editor,2025-06-20
11130,11130,admin,2026-03-26
11131,11131,admin,2025-05-02
11132,11132,admin,2026-01-19
11133,11133,editor,2025-10-01
11134,11134,admin,2025-09-05
11135,11135,,2025-09-16
11136,11136,viewer,2025-04-24
11137,11137,viewer,2025-05-01
11138,11138,editor,2025-09-06
11139,11139,admin,2025-08-02
11140,11140,admin,2025-12-15
11141,11141,admin,2026-03-07
11142,11142,editor,2025-04-11
11143,11143,editor,2025-09-12
11144,11144,admin,2025-11-23
11145,11145,unknown,2025-06-15
11146,11146,viewer,2026-01-18
11147,11147,unknown,2026-01-28
11148,11148,admin,2026-03-23
11149,11149,viewer,2026-03-22
11150,11150,editor,2025-05-22
11151,11151,editor,2025-04-21
11152,11152,editor,2026-03-05
11153,11153,editor,2025-08-08
11154,11154,admin,2026-01-12
11155,11155,admin,2025-12-25
11156,11156,admin,2025-10-30
11157,11157,admin,2025-07-08
11158,11158,editor,2026-01-27
11159,11159,editor,2025-12-13
11160,11160,viewer,2025-06-20
11161,11161,editor,2025-07-07
11162,11162,viewer,2025-06-26
11163,11163,editor,2026-01-25
11164,11164,editor,2025-04-30
11165,11165,viewer,2025-10-27
11166,11166,invalid_role,2025-07-12
11167,11167,editor,2026-02-03
11168,11168,viewer,2025-08-17
11169,11169,editor,2025-06-23
11170,11170,viewer,2025-11-03
11171,11171,editor,2025-12-30
11172,11172,admin,2026-01-17
11173,11173,admin,2025-06-26
11174,11174,viewer,2025-12-14
11175,11175,viewer,2025-07-20
11176,11176,,2026-03-05
11177,11177,guest,2025-11-10
11178,11178,invalid_role,2025-04-07
11179,11179,,2026-02-15
11180,11180,,2025-11-01
11181,11181,viewer,2025-09-26
11182,11182,viewer,2025-04-14
11183,11183,unknown,2025-06-11
11184,11184,viewer,2025-08-03
11185,11185,editor,2025-07-03
11186,11186,unknown,2025-09-22
11187,11187,editor,2025-04-02
11188,11188,viewer,2026-02-17
11189,11189,admin,2025-06-11
11190,11190,,2025-12-30
11191,11191,editor,2025-04-06
11192,11192,viewer,2025-11-30
11193,11193,viewer,2025-11-08
11194,11194,editor,2025-11-12
11195,11195,viewer,2025-09-22
11196,11196,viewer,2025-06-30
11197,11197,viewer,2025-09-06
11198,11198,viewer,2026-01-23
11199,11199,admin,2025-09-17
11200,11200,,2025-10-23
11201,11201,unknown,2025-06-14
11202,11202,viewer,2026-01-24
11203,11203,viewer,2026-02-14
11204,11204,viewer,2026-01-11
11205,11205,editor,2025-09-26
11206,11206,viewer,2025-09-25
11207,11207,guest,2025-09-04
11208,11208,guest,2025-08-21
11209,11209,viewer,2025-12-24
11210,11210,admin,2025-04-04
11211,11211,admin,2025-12-11
11212,11212,editor,2025-10-21
11213,11213,viewer,2025-04-30
11214,11214,,2025-12-25
11215,11215,viewer,2025-09-12
11216,11216,editor,2025-05-15
11217,11217,viewer,2025-08-14
11218,11218,viewer,2025-11-25
11219,11219,invalid_role,2025-11-13
11220,11220,invalid_role,2026-03-08
11221,11221,editor,2026-01-31
11222,11222,unknown,2025-10-28
11223,11223,viewer,2025-11-25
11224,11224,editor,2025-07-15
11225,11225,admin,2025-04-13
11226,11226,viewer,2025-10-05
11227,11227,editor,2025-08-16
11228,11228,viewer,2026-03-15
11229,11229,editor,2025-09-02
11230,11230,unknown,2025-12-01
11231,11231,editor,2025-10-29
11232,11232,viewer,2025-11-08
11233,11233,viewer,2025-10-31
11234,11234,,2026-01-16
11235,11235,editor,2025-09-13
11236,11236,viewer,2026-02-14
11237,11237,admin,2026-02-27
11238,11238,viewer,2025-05-16
11239,11239,viewer,2025-12-06
11240,11240,viewer,2025-11-10
11241,11241,viewer,2025-09-09
11242,11242,unknown,2025-07-30
11243,11243,admin,2025-12-28
11244,11244,viewer,2025-05-29
11245,11245,editor,2025-07-14
11246,11246,invalid_role,2025-08-07
11247,11247,guest,2025-09-04
11248,11248,,2025-08-06
11249,11249,,2025-08-10
11250,11250,editor,2025-08-13
11251,11251,admin,2025-10-12
11252,11252,viewer,2025-12-05
11253,11253,,2025-07-15
11254,11254,editor,2026-03-26
11255,11255,admin,2026-01-12
11256,11256,viewer,2026-02-02
11257,11257,viewer,2025-06-17
11258,11258,editor,2025-08-13
11259,11259,viewer,2025-10-26
11260,11260,admin,2025-06-18
11261,11261,admin,2025-05-29
11262,11262,viewer,2025-11-09
11263,11263,viewer,2025-11-09
11264,11264,viewer,2025-06-26
11265,11265,editor,2025-04-19
11266,11266,editor,2025-09-01
11267,11267,invalid_role,2025-04-08
11268,11268,invalid_role,2025-07-16
11269,11269,admin,2025-06-01
11270,11270,,2026-02-13
11271,11271,admin,2025-09-09
11272,11272,editor,2025-07-25
11273,11273,viewer,2025-05-08
11274,11274,editor,2025-12-07
11275,11275,editor,2025-04-08
11276,11276,editor,2025-05-23
11277,11277,viewer,2025-11-12
11278,11278,admin,2025-12-30
11279,11279,admin,2025-04-27
11280,11280,editor,2025-05-02
11281,11281,viewer,2025-11-16
11282,11282,editor,2026-02-06
11283,11283,editor,2025-04-18
11284,11284,admin,2025-05-26
11285,11285,editor,2026-01-18
11286,11286,,2026-01-05
11287,11287,invalid_role,2025-08-17
11288,11288,viewer,2025-12-24
11289,11289,viewer,2026-03-15
11290,11290,viewer,2025-06-09
11291,11291,editor,2025-07-06
11292,11292,,2025-09-20
11293,11293,,2025-05-06
11294,11294,editor,2026-01-17
11295,11295,editor,2026-01-09
11296,11296,unknown,2026-01-19
11297,11297,editor,2026-03-02
11298,11298,viewer,2026-03-10
11299,11299,invalid_role,2025-09-23
11300,11300,editor,2025-05-21
11301,11301,viewer,2026-01-13
11302,11302,admin,2025-08-10
11303,11303,editor,2025-04-19
11304,11304,viewer,2026-03-09
11305,11305,admin,2026-01-12
11306,11306,editor,2025-12-12
11307,11307,admin,2025-10-01
11308,11308,viewer,2026-03-05
11309,11309,viewer,2025-10-29
11310,11310,admin,2025-07-03
11311,11311,admin,2026-01-12
11312,11312,admin,2025-06-09
11313,11313,admin,2026-03-25
11314,11314,editor,2026-01-02
11315,11315,viewer,2025-10-02
11316,11316,viewer,2025-04-02
11317,11317,editor,2026-02-07
11318,11318,editor,2026-03-02
11319,11319,editor,2025-11-08
11320,11320,editor,2025-09-11
11321,11321,admin,2025-07-24
11322,11322,invalid_role,2025-11-06
11323,11323,viewer,2026-01-18
11324,11324,editor,2025-10-28
11325,11325,admin,2025-08-12
11326,11326,editor,2025-08-02
11327,11327,viewer,2025-05-18
11328,11328,,2025-09-22
11329,11329,viewer,2025-10-17
11330,11330,invalid_role,2026-01-18
11331,11331,unknown,2025-05-08
11332,11332,viewer,2025-11-21
11333,11333,editor,2025-12-18
11334,11334,viewer,2025-05-02
11335,11335,viewer,2025-06-12
11336,11336,viewer,2025-07-31
11337,11337,admin,2025-10-30
11338,11338,viewer,2025-10-26
11339,11339,editor,2025-06-25
11340,11340,admin,2025-06-28
11341,11341,viewer,2025-09-10
11342,11342,guest,2025-12-02
11343,11343,,2025-05-16
11344,11344,editor,2025-05-04
11345,11345,admin,2026-01-03
11346,11346,editor,2025-06-15
11347,11347,guest,2025-09-03
11348,11348,editor,2026-02-07
11349,11349,admin,2025-04-27
11350,11350,guest,2025-10-03
11351,11351,viewer,2026-03-03
11352,11352,guest,2025-09-22
11353,11353,viewer,2025-09-01
11354,11354,editor,2025-10-27
11355,11355,admin,2025-06-27
11356,11356,,2025-04-05
11357,11357,admin,2025-06-19
11358,11358,editor,2025-06-19
11359,11359,viewer,2026-01-25
11360,11360,admin,2025-07-15
11361,11361,invalid_role,2025-12-17
11362,11362,viewer,2025-07-16
11363,11363,editor,2025-05-11
11364,11364,editor,2026-03-03
11365,11365,admin,2025-04-28
11366,11366,editor,2025-05-20
11367,11367,guest,2025-07-27
11368,11368,editor,2025-08-05
11369,11369,editor,2025-05-02
11370,11370,viewer,2026-01-12
11371,11371,admin,2025-04-19
11372,11372,viewer,2025-10-08
11373,11373,admin,2025-08-29
11374,11374,viewer,2025-10-14
11375,11375,,2026-01-27
11376,11376,editor,2025-07-03
11377,11377,editor,2025-06-02
11378,11378,admin,2025-04-19
11379,11379,,2026-02-04
11380,11380,guest,2026-03-10
11381,11381,viewer,2025-06-02
11382,11382,viewer,2025-05-20
11383,11383,viewer,2025-12-09
11384,11384,admin,2025-06-30
11385,11385,viewer,2025-10-10
11386,11386,editor,2025-05-20
11387,11387,editor,2025-07-01
11388,11388,viewer,2026-02-28
11389,11389,viewer,2025-11-02
11390,11390,editor,2025-11-24
11391,11391,admin,2025-09-15
11392,11392,viewer,2025-04-13
11393,11393,viewer,2025-11-02
11394,11394,editor,2025-04-18
11395,11395,editor,2025-12-28
11396,11396,viewer,2025-09-01
11397,11397,admin,2025-08-16
11398,11398,editor,2026-02-27
11399,11399,editor,2025-11-07
11400,11400,viewer,2025-09-05
11401,11401,guest,2026-01-18
11402,11402,editor,2026-03-19
11403,11403,viewer,2025-04-15
11404,11404,invalid_role,2026-02-08
11405,11405,admin,2025-08-29
11406,11406,admin,2025-07-10
11407,11407,guest,2025-04-05
11408,11408,viewer,2025-12-23
11409,11409,viewer,2025-12-16
11410,11410,viewer,2026-03-03
11411,11411,editor,2025-09-28
11412,11412,viewer,2025-11-01
11413,11413,guest,2025-04-12
11414,11414,editor,2025-09-24
11415,11415,admin,2025-06-01
11416,11416,admin,2025-10-27
11417,11417,viewer,2025-09-21
11418,11418,admin,2025-10-23
11419,11419,editor,2025-10-02
11420,11420,viewer,2025-11-29
11421,11421,viewer,2025-07-30
11422,11422,,2026-03-26
11423,11423,editor,2025-11-16
11424,11424,admin,2025-07-11
11425,11425,admin,2025-04-07
11426,11426,admin,2025-09-04
11427,11427,unknown,2025-11-26
11428,11428,,2026-02-17
11429,11429,admin,2025-08-22
11430,11430,viewer,2025-10-05
11431,11431,guest,2025-11-01
11432,11432,,2025-12-01
11433,11433,viewer,2025-12-17
11434,11434,invalid_role,2025-06-30
11435,11435,viewer,2025-07-13
11436,11436,admin,2025-08-09
11437,11437,viewer,2025-10-09
11438,11438,viewer,2026-01-21
11439,11439,admin,2025-04-04
11440,11440,viewer,2026-03-17
11441,11441,,2026-03-23
11442,11442,viewer,2025-07-25
11443,11443,,2025-08-01
11444,11444,admin,2025-11-14
11445,11445,admin,2026-02-01
11446,11446,unknown,2025-11-22
11447,11447,editor,2025-10-26
11448,11448,viewer,2025-11-05
11449,11449,admin,2025-12-23
11450,11450,admin,2026-02-28
11451,11451,viewer,2025-09-05
11452,11452,admin,2025-04-25
11453,11453,editor,2025-09-21
11454,11454,admin,2025-09-12
11455,11455,admin,2025-09-19
11456,11456,admin,2026-02-26
11457,11457,viewer,2026-03-20
11458,11458,editor,2025-06-13
11459,11459,viewer,2025-11-01
11460,11460,admin,2026-01-17
11461,11461,guest,2026-03-23
11462,11462,editor,2025-05-31
11463,11463,admin,2025-08-25
11464,11464,,2026-03-17
11465,11465,admin,2026-01-16
11466,11466,,2025-04-26
11467,11467,viewer,2025-04-05
11468,11468,editor,2025-10-29
11469,11469,editor,2026-01-11
11470,11470,viewer,2025-11-18
11471,11471,admin,2025-05-09
11472,11472,editor,2025-06-11
11473,11473,editor,2025-08-06
11474,11474,,2025-12-12
11475,11475,unknown,2025-06-20
11476,11476,viewer,2025-06-25
11477,11477,admin,2025-11-04
11478,11478,editor,2025-04-03
11479,11479,viewer,2025-08-20
11480,11480,editor,2025-08-13
11481,11481,editor,2025-04-23
11482,11482,unknown,2026-02-11
11483,11483,unknown,2025-06-23
11484,11484,admin,2025-11-23
11485,11485,admin,2026-02-12
11486,11486,invalid_role,2025-09-05
11487,11487,editor,2025-12-18
11488,11488,editor,2026-01-02
11489,11489,,2025-09-09
11490,11490,admin,2025-10-22
11491,11491,admin,2025-12-18
11492,11492,admin,2025-06-04
11493,11493,editor,2026-02-21
11494,11494,editor,2025-12-17
11495,11495,viewer,2025-04-09
11496,11496,editor,2025-05-06
11497,11497,viewer,2025-07-14
11498,11498,admin,2025-07-04
11499,11499,admin,2025-12-07
11500,11500,editor,2025-04-14
11501,11501,viewer,2025-09-23
11502,11502,viewer,2025-06-03
11503,11503,editor,2025-07-17
11504,11504,editor,2025-12-02
11505,11505,admin,2025-08-08
11506,11506,editor,2025-07-27
11507,11507,unknown,2026-03-01
11508,11508,admin,2025-04-21
11509,11509,editor,2025-10-03
11510,11510,invalid_role,2025-06-20
11511,11511,editor,2026-03-06
11512,11512,editor,2026-02-20
11513,11513,editor,2025-06-21
11514,11514,editor,2025-07-29
11515,11515,editor,2026-02-20
11516,11516,admin,2025-06-11
11517,11517,admin,2025-07-06
11518,11518,admin,2025-06-23
11519,11519,,2026-01-13
11520,11520,editor,2026-01-06
11521,11521,editor,2025-10-09
11522,11522,viewer,2025-12-08
11523,11523,admin,2025-04-10
11524,11524,editor,2025-06-24
11525,11525,editor,2025-09-02
11526,11526,viewer,2025-08-25
11527,11527,editor,2025-04-06
11528,11528,editor,2026-01-08
11529,11529,,2025-08-26
11530,11530,admin,2025-05-17
11531,11531,viewer,2025-10-24
11532,11532,admin,2026-03-07
11533,11533,admin,2025-06-23
11534,11534,viewer,2025-06-20
11535,11535,admin,2025-10-28
11536,11536,admin,2025-08-14
11537,11537,invalid_role,2025-09-29
11538,11538,editor,2025-08-20
11539,11539,viewer,2025-05-14
11540,11540,viewer,2025-09-24
11541,11541,viewer,2025-05-17
11542,11542,viewer,2025-09-05
11543,11543,,2025-05-17
11544,11544,guest,2025-07-07
11545,11545,editor,2025-10-19
11546,11546,admin,2026-02-06
11547,11547,admin,2025-06-20
11548,11548,viewer,2026-02-20
11549,11549,editor,2025-07-21
11550,11550,,2025-11-18
11551,11551,viewer,2025-06-16
11552,11552,viewer,2025-11-23
11553,11553,admin,2025-04-16
11554,11554,editor,2025-12-09
11555,11555,viewer,2025-12-19
11556,11556,,2025-09-21
11557,11557,viewer,2025-08-27
11558,11558,viewer,2025-07-24
11559,11559,editor,2025-04-23
11560,11560,admin,2025-04-17
11561,11561,viewer,2026-02-27
11562,11562,viewer,2025-05-10
11563,11563,guest,2025-07-21
11564,11564,editor,2025-12-22
11565,11565,,2025-08-20
11566,11566,admin,2025-05-18
11567,11567,,2025-10-16
11568,11568,unknown,2025-10-14
11569,11569,viewer,2025-04-12
11570,11570,viewer,2026-03-03
11571,11571,editor,2025-06-16
11572,11572,editor,2025-06-09
11573,11573,unknown,2025-10-17
11574,11574,admin,2025-04-11
11575,11575,,2025-11-23
11576,11576,editor,2025-07-23
11577,11577,admin,2025-11-25
11578,11578,editor,2025-11-19
11579,11579,editor,2026-03-16
11580,11580,viewer,2025-07-23
11581,11581,viewer,2026-03-02
11582,11582,editor,2025-11-08
11583,11583,editor,2026-01-08
11584,11584,admin,2025-12-12
11585,11585,admin,2025-10-24
11586,11586,admin,2025-12-30
11587,11587,unknown,2026-02-05
11588,11588,viewer,2025-06-25
11589,11589,,2025-10-02
11590,11590,guest,2025-12-10
11591,11591,viewer,2025-04-26
11592,11592,,2026-02-14
11593,11593,editor,2025-06-08
11594,11594,admin,2025-11-30
11595,11595,editor,2025-08-15
11596,11596,,2025-08-11
11597,11597,admin,2026-03-12
11598,11598,editor,2025-09-13
11599,11599,viewer,2025-08-17
11600,11600,editor,2025-11-12
11601,11601,unknown,2026-03-04
11602,11602,admin,2026-01-07
11603,11603,viewer,2026-02-15
11604,11604,editor,2025-10-26
11605,11605,editor,2025-08-03
11606,11606,editor,2025-08-30
11607,11607,viewer,2025-12-02
11608,11608,viewer,2025-07-31
11609,11609,admin,2025-12-26
11610,11610,viewer,2025-04-26
11611,11611,admin,2025-12-01
11612,11612,editor,2026-01-20
11613,11613,viewer,2025-05-20
11614,11614,invalid_role,2025-05-10
11615,11615,viewer,2026-01-04
11616,11616,admin,2025-10-19
11617,11617,guest,2025-09-08
11618,11618,editor,2025-08-20
11619,11619,admin,2025-05-03
11620,11620,admin,2025-05-31
11621,11621,admin,2025-08-30
11622,11622,viewer,2025-10-21
11623,11623,admin,2026-01-20
11624,11624,editor,2025-06-18
11625,11625,admin,2025-05-08
11626,11626,,2025-06-30
11627,11627,viewer,2025-05-15
11628,11628,editor,2025-12-31
11629,11629,editor,2026-03-05
11630,11630,,2025-06-02
11631,11631,viewer,2025-08-17
11632,11632,admin,2025-06-10
11633,11633,editor,2026-03-01
11634,11634,admin,2026-03-28
11635,11635,editor,2025-04-30
11636,11636,editor,2025-11-16
11637,11637,viewer,2025-12-27
11638,11638,admin,2025-12-14
11639,11639,editor,2025-12-27
11640,11640,editor,2026-01-14
11641,11641,editor,2025-08-26
11642,11642,invalid_role,2026-03-04
11643,11643,viewer,2026-01-15
11644,11644,admin,2026-01-07
11645,11645,,2025-10-31
11646,11646,viewer,2026-02-01
11647,11647,guest,2025-08-15
11648,11648,guest,2026-01-02
11649,11649,viewer,2026-02-07
11650,11650,viewer,2025-09-25
11651,11651,editor,2025-09-12
11652,11652,editor,2025-07-13
11653,11653,,2026-02-06
11654,11654,viewer,2025-12-20
11655,11655,viewer,2025-12-05
11656,11656,viewer,2025-10-25
11657,11657,viewer,2025-05-03
11658,11658,admin,2025-11-25
11659,11659,admin,2025-05-14
11660,11660,viewer,2025-09-08
11661,11661,viewer,2025-04-07
11662,11662,editor,2026-03-09
11663,11663,viewer,2025-12-09
11664,11664,editor,2025-09-28
11665,11665,editor,2025-11-06
11666,11666,viewer,2025-12-20
11667,11667,,2025-10-01
11668,11668,guest,2026-02-15
11669,11669,admin,2025-06-27
11670,11670,admin,2025-09-08
11671,11671,editor,2025-09-20
11672,11672,editor,2025-11-04
11673,11673,admin,2025-09-15
11674,11674,viewer,2025-12-02
11675,11675,admin,2025-08-16
11676,11676,editor,2025-12-07
11677,11677,admin,2025-06-15
11678,11678,,2025-08-17
11679,11679,admin,2025-10-12
11680,11680,editor,2026-02-13
11681,11681,admin,2025-10-25
11682,11682,editor,2025-04-22
11683,11683,admin,2025-11-18
11684,11684,viewer,2026-02-25
11685,11685,admin,2025-10-13
11686,11686,admin,2025-04-17
11687,11687,editor,2026-03-08
11688,11688,editor,2026-01-19
11689,11689,admin,2025-12-08
11690,11690,viewer,2025-05-21
11691,11691,viewer,2025-06-20
11692,11692,viewer,2025-10-23
11693,11693,editor,2026-02-21
11694,11694,editor,2025-06-18
11695,11695,editor,2025-05-05
11696,11696,unknown,2025-09-30
11697,11697,admin,2025-09-25
11698,11698,editor,2026-03-16
11699,11699,admin,2026-03-03
11700,11700,invalid_role,2025-05-06
11701,11701,admin,2025-07-26
11702,11702,admin,2025-09-05
11703,11703,viewer,2025-10-21
11704,11704,admin,2026-02-18
11705,11705,editor,2026-03-05
11706,11706,editor,2025-05-04
11707,11707,editor,2025-12-31
11708,11708,viewer,2025-04-27
11709,11709,,2025-09-13
11710,11710,unknown,2025-04-06
11711,11711,,2025-08-25
11712,11712,admin,2026-02-22
11713,11713,editor,2026-03-08
11714,11714,admin,2026-03-01
11715,11715,viewer,2025-07-20
11716,11716,editor,2026-03-12
11717,11717,viewer,2025-10-10
11718,11718,admin,2025-10-24
11719,11719,editor,2025-05-31
11720,11720,guest,2025-08-25
11721,11721,editor,2025-05-04
11722,11722,viewer,2025-11-06
11723,11723,admin,2026-01-14
11724,11724,admin,2026-02-01
11725,11725,admin,2025-12-13
11726,11726,editor,2025-09-04
11727,11727,unknown,2025-04-02
11728,11728,viewer,2026-01-04
11729,11729,viewer,2025-11-30
11730,11730,editor,2026-01-10
11731,11731,viewer,2025-03-30
11732,11732,viewer,2025-09-25
11733,11733,guest,2025-07-14
11734,11734,admin,2026-03-04
11735,11735,viewer,2025-05-27
11736,11736,admin,2026-01-22
11737,11737,admin,2026-02-11
11738,11738,,2025-09-21
11739,11739,,2025-07-28
11740,11740,editor,2026-01-16
11741,11741,viewer,2026-02-12
11742,11742,viewer,2025-08-05
11743,11743,editor,2026-02-10
11744,11744,guest,2025-10-16
11745,11745,editor,2025-05-24
11746,11746,viewer,2025-08-01
11747,11747,viewer,2025-04-25
11748,11748,admin,2025-06-27
11749,11749,admin,2026-01-27
11750,11750,admin,2026-03-03
11751,11751,admin,2025-10-21
11752,11752,,2025-09-03
11753,11753,admin,2025-12-26
11754,11754,admin,2026-03-17
11755,11755,viewer,2026-02-26
11756,11756,editor,2025-10-13
11757,11757,viewer,2026-02-03
11758,11758,viewer,2025-10-26
11759,11759,editor,2025-11-27
11760,11760,editor,2025-12-07
11761,11761,admin,2026-03-18
11762,11762,editor,2025-11-16
11763,11763,guest,2025-06-24
11764,11764,viewer,2025-12-23
11765,11765,viewer,2025-05-17
11766,11766,invalid_role,2025-09-23
11767,11767,viewer,2025-09-01
11768,11768,viewer,2026-03-01
11769,11769,viewer,2025-06-16
11770,11770,editor,2025-10-24
11771,11771,invalid_role,2025-07-02
11772,11772,editor,2025-12-20
11773,11773,editor,2025-04-29
11774,11774,guest,2025-12-04
11775,11775,editor,2025-05-02
11776,11776,editor,2025-07-03
11777,11777,editor,2025-05-20
11778,11778,admin,2025-10-18
11779,11779,viewer,2026-02-02
11780,11780,viewer,2025-10-07
11781,11781,admin,2025-10-01
11782,11782,admin,2025-09-08
11783,11783,viewer,2025-07-19
11784,11784,unknown,2025-06-16
11785,11785,editor,2025-08-07
11786,11786,viewer,2025-08-15
11787,11787,invalid_role,2025-12-16
11788,11788,invalid_role,2025-10-11
11789,11789,admin,2026-03-28
11790,11790,viewer,2025-09-18
11791,11791,admin,2025-08-25
11792,11792,,2025-06-09
11793,11793,viewer,2025-04-17
11794,11794,admin,2025-12-24
11795,11795,viewer,2026-01-26
11796,11796,viewer,2025-12-17
11797,11797,viewer,2025-06-29
11798,11798,viewer,2025-11-16
11799,11799,editor,2025-05-21
11800,11800,admin,2025-04-28
11801,11801,,2025-07-19
11802,11802,admin,2025-10-22
11803,11803,viewer,2025-06-12
11804,11804,editor,2025-07-01
11805,11805,viewer,2025-07-27
11806,11806,viewer,2025-08-26
11807,11807,admin,2025-08-17
11808,11808,,2026-01-23
11809,11809,admin,2026-03-01
11810,11810,editor,2025-10-11
11811,11811,unknown,2026-01-12
11812,11812,invalid_role,2025-12-04
11813,11813,admin,2026-01-18
11814,11814,admin,2025-09-09
11815,11815,viewer,2025-11-17
11816,11816,editor,2025-12-24
11817,11817,admin,2025-04-18
11818,11818,admin,2025-05-28
11819,11819,admin,2025-11-10
11820,11820,editor,2026-02-03
11821,11821,viewer,2026-03-28
11822,11822,viewer,2026-01-04
11823,11823,editor,2025-10-14
11824,11824,viewer,2025-12-15
11825,11825,unknown,2025-06-28
11826,11826,editor,2025-04-27
11827,11827,admin,2025-12-02
11828,11828,invalid_role,2026-01-01
11829,11829,editor,2025-09-16
11830,11830,editor,2025-09-05
11831,11831,guest,2026-03-12
11832,11832,viewer,2025-12-30
11833,11833,,2025-10-02
11834,11834,unknown,2025-09-15
11835,11835,,2025-08-15
11836,11836,editor,2025-11-01
11837,11837,admin,2025-04-21
11838,11838,editor,2025-12-01
11839,11839,viewer,2025-09-08
11840,11840,admin,2025-05-29
11841,11841,viewer,2025-11-29
11842,11842,admin,2025-10-10
11843,11843,editor,2025-10-30
11844,11844,,2025-10-02
11845,11845,admin,2026-03-19
11846,11846,viewer,2025-04-10
11847,11847,guest,2025-11-26
11848,11848,viewer,2025-10-03
11849,11849,admin,2025-07-12
11850,11850,viewer,2025-12-15
11851,11851,viewer,2025-12-23
11852,11852,editor,2026-01-13
11853,11853,editor,2025-11-20
11854,11854,viewer,2025-11-05
11855,11855,editor,2026-03-28
11856,11856,viewer,2025-11-19
11857,11857,viewer,2025-07-06
11858,11858,admin,2025-08-18
11859,11859,editor,2025-04-10
11860,11860,viewer,2025-07-24
11861,11861,admin,2025-06-03
11862,11862,admin,2025-05-25
11863,11863,viewer,2025-12-13
11864,11864,admin,2025-09-07
11865,11865,invalid_role,2025-09-25
11866,11866,editor,2025-04-18
11867,11867,guest,2025-12-20
11868,11868,editor,2026-03-22
11869,11869,editor,2025-11-09
11870,11870,admin,2026-03-28
11871,11871,admin,2025-08-09
11872,11872,unknown,2025-08-14
11873,11873,,2025-05-30
11874,11874,invalid_role,2025-05-18
11875,11875,admin,2026-02-05
11876,11876,unknown,2025-10-03
11877,11877,viewer,2025-11-19
11878,11878,,2025-10-04
11879,11879,viewer,2025-04-12
11880,11880,viewer,2025-08-26
11881,11881,viewer,2026-02-27
11882,11882,admin,2025-12-30
11883,11883,viewer,2026-02-08
11884,11884,editor,2025-10-11
11885,11885,editor,2025-05-02
11886,11886,editor,2025-10-01
11887,11887,unknown,2025-11-09
11888,11888,editor,2025-11-15
11889,11889,editor,2025-04-05
11890,11890,unknown,2025-12-14
11891,11891,viewer,2025-07-18
11892,11892,admin,2026-02-19
11893,11893,editor,2025-07-08
11894,11894,admin,2025-05-17
11895,11895,editor,2025-08-30
11896,11896,editor,2026-03-04
11897,11897,viewer,2025-12-24
11898,11898,viewer,2025-07-12
11899,11899,viewer,2025-07-05
11900,11900,editor,2025-07-23
11901,11901,admin,2025-04-21
11902,11902,editor,2025-08-07
11903,11903,editor,2025-12-06
11904,11904,admin,2025-09-16
11905,11905,viewer,2025-07-08
11906,11906,editor,2026-01-14
11907,11907,editor,2025-07-05
11908,11908,admin,2025-06-01
11909,11909,viewer,2025-10-17
11910,11910,,2025-08-19
11911,11911,invalid_role,2025-05-07
11912,11912,admin,2025-12-19
11913,11913,editor,2025-06-11
11914,11914,editor,2026-01-09
11915,11915,admin,2025-06-08
11916,11916,editor,2025-11-14
11917,11917,admin,2025-10-14
11918,11918,viewer,2025-05-12
11919,11919,editor,2025-10-18
11920,11920,editor,2025-07-20
11921,11921,editor,2025-12-07
11922,11922,admin,2025-07-24
11923,11923,viewer,2025-09-12
11924,11924,viewer,2025-04-08
11925,11925,admin,2025-06-16
11926,11926,editor,2025-05-28
11927,11927,unknown,2025-10-25
11928,11928,admin,2025-12-25
11929,11929,editor,2026-03-03
11930,11930,editor,2026-01-29
11931,11931,editor,2025-04-03
11932,11932,invalid_role,2025-12-02
11933,11933,viewer,2025-04-01
11934,11934,admin,2025-09-07
11935,11935,viewer,2025-09-01
11936,11936,viewer,2025-07-30
11937,11937,admin,2026-01-30
11938,11938,admin,2025-06-04
11939,11939,admin,2025-07-14
11940,11940,editor,2025-07-31
11941,11941,admin,2025-08-07
11942,11942,viewer,2026-01-25
11943,11943,editor,2025-09-25
11944,11944,admin,2025-04-27
11945,11945,viewer,2025-07-19
11946,11946,editor,2025-08-27
11947,11947,admin,2025-06-06
11948,11948,invalid_role,2025-11-06
11949,11949,unknown,2025-04-23
11950,11950,editor,2025-04-30
11951,11951,editor,2026-01-13
11952,11952,admin,2026-02-17
11953,11953,,2025-12-06
11954,11954,editor,2026-01-17
11955,11955,admin,2025-08-18
11956,11956,admin,2026-03-22
11957,11957,viewer,2025-09-25
11958,11958,viewer,2025-09-23
11959,11959,viewer,2025-09-22
11960,11960,viewer,2025-06-13
11961,11961,admin,2025-12-30
11962,11962,guest,2026-03-15
11963,11963,editor,2025-06-14
11964,11964,editor,2025-05-15
11965,11965,viewer,2025-10-22
11966,11966,admin,2025-04-30
11967,11967,admin,2025-05-02
11968,11968,editor,2026-01-11
11969,11969,editor,2025-04-11
11970,11970,editor,2026-01-14
11971,11971,admin,2026-01-27
11972,11972,editor,2026-03-27
11973,11973,viewer,2026-01-31
11974,11974,invalid_role,2025-08-20
11975,11975,viewer,2026-02-10
11976,11976,unknown,2025-09-22
11977,11977,invalid_role,2025-12-16
11978,11978,viewer,2026-03-23
11979,11979,editor,2025-09-08
11980,11980,admin,2025-12-03
11981,11981,editor,2025-06-01
11982,11982,admin,2026-03-22
11983,11983,viewer,2026-03-20
11984,11984,,2025-11-09
11985,11985,editor,2025-07-01
11986,11986,viewer,2025-05-05
11987,11987,admin,2026-01-02
11988,11988,editor,2025-06-10
11989,11989,admin,2025-10-15
11990,11990,invalid_role,2025-05-03
11991,11991,admin,2026-01-16
11992,11992,viewer,2025-10-16
11993,11993,editor,2025-08-25
11994,11994,editor,2025-08-30
11995,11995,,2026-02-27
11996,11996,viewer,2025-05-07
11997,11997,viewer,2025-05-31
11998,11998,guest,2025-06-03
11999,11999,,2025-10-22
12000,12000,viewer,2026-01-02
12001,12001,admin,2026-01-14
12002,12002,admin,2026-02-17
12003,12003,admin,2025-09-01
12004,12004,,2026-02-23
12005,12005,editor,2025-04-27
12006,12006,viewer,2025-09-23
12007,12007,admin,2025-04-25
12008,12008,guest,2025-10-10
12009,12009,viewer,2026-01-08
12010,12010,,2025-03-31
12011,12011,editor,2025-12-31
12012,12012,viewer,2025-10-04
12013,12013,viewer,2026-01-24
12014,12014,viewer,2025-10-26
12015,12015,editor,2026-01-10
12016,12016,editor,2025-11-23
12017,12017,viewer,2025-09-05
12018,12018,admin,2026-03-05
12019,12019,editor,2025-06-17
12020,12020,viewer,2026-02-12
12021,12021,admin,2025-11-07
12022,12022,admin,2026-01-24
12023,12023,viewer,2025-07-30
12024,12024,admin,2026-02-01
12025,12025,admin,2025-07-02
12026,12026,editor,2025-09-28
12027,12027,editor,2025-11-21
12028,12028,viewer,2025-10-03
12029,12029,editor,2025-12-22
12030,12030,editor,2025-07-02
12031,12031,admin,2025-05-17
12032,12032,invalid_role,2025-04-04
12033,12033,admin,2026-01-07
12034,12034,admin,2026-02-22
12035,12035,invalid_role,2025-05-15
12036,12036,admin,2025-05-23
12037,12037,viewer,2025-10-04
12038,12038,admin,2025-05-10
12039,12039,admin,2026-01-25
12040,12040,admin,2026-01-06
12041,12041,viewer,2026-01-26
12042,12042,admin,2025-05-31
12043,12043,guest,2025-08-10
12044,12044,admin,2026-01-23
12045,12045,admin,2025-08-23
12046,12046,editor,2025-04-15
12047,12047,viewer,2025-04-01
12048,12048,viewer,2025-04-02
12049,12049,viewer,2025-09-06
12050,12050,admin,2025-05-31
12051,12051,viewer,2026-03-02
12052,12052,viewer,2025-05-17
12053,12053,editor,2025-05-26
12054,12054,admin,2025-09-22
12055,12055,editor,2025-12-03
12056,12056,editor,2025-04-12
12057,12057,,2025-06-22
12058,12058,viewer,2026-01-04
12059,12059,editor,2025-09-08
12060,12060,viewer,2025-07-20
12061,12061,viewer,2026-03-28
12062,12062,editor,2025-08-25
12063,12063,admin,2025-05-12
12064,12064,admin,2025-09-04
12065,12065,viewer,2026-03-16
12066,12066,admin,2026-03-19
12067,12067,unknown,2025-10-13
12068,12068,editor,2025-06-17
12069,12069,viewer,2025-11-01
12070,12070,,2025-12-21
12071,12071,viewer,2026-03-11
12072,12072,viewer,2025-11-27
12073,12073,viewer,2026-03-21
12074,12074,viewer,2025-10-08
12075,12075,editor,2026-01-05
12076,12076,,2026-01-31
12077,12077,unknown,2025-07-05
12078,12078,viewer,2026-01-14
12079,12079,admin,2026-02-17
12080,12080,editor,2026-02-06
12081,12081,editor,2025-08-28
12082,12082,admin,2026-03-07
12083,12083,viewer,2025-11-25
12084,12084,,2025-10-16
12085,12085,editor,2025-11-17
12086,12086,editor,2026-03-14
12087,12087,viewer,2026-01-13
12088,12088,admin,2025-12-21
12089,12089,guest,2025-07-19
12090,12090,editor,2025-06-02
12091,12091,guest,2025-10-06
12092,12092,,2026-01-29
12093,12093,admin,2026-02-16
12094,12094,admin,2025-05-13
12095,12095,,2025-09-16
12096,12096,guest,2025-05-28
12097,12097,viewer,2026-01-16
12098,12098,viewer,2025-04-01
12099,12099,,2025-07-11
12100,12100,viewer,2025-05-18
12101,12101,viewer,2026-03-08
12102,12102,invalid_role,2025-07-20
12103,12103,editor,2025-06-29
12104,12104,admin,2025-04-27
12105,12105,viewer,2026-01-25
12106,12106,admin,2025-07-16
12107,12107,viewer,2026-02-23
12108,12108,editor,2025-12-18
12109,12109,editor,2025-05-01
12110,12110,viewer,2025-08-01
12111,12111,viewer,2026-01-24
12112,12112,unknown,2025-12-12
12113,12113,viewer,2025-10-04
12114,12114,guest,2025-05-31
12115,12115,editor,2026-03-07
12116,12116,invalid_role,2025-06-03
12117,12117,guest,2025-10-26
12118,12118,editor,2025-12-15
12119,12119,editor,2025-10-02
12120,12120,admin,2025-04-13
12121,12121,editor,2025-08-27
12122,12122,viewer,2025-12-24
12123,12123,admin,2025-05-29
12124,12124,viewer,2025-09-11
12125,12125,editor,2025-11-29
12126,12126,admin,2025-09-06
12127,12127,viewer,2026-02-05
12128,12128,editor,2025-12-15
12129,12129,viewer,2025-06-20
12130,12130,admin,2025-05-08
12131,12131,,2025-05-01
12132,12132,editor,2026-01-25
12133,12133,invalid_role,2025-06-02
12134,12134,viewer,2025-10-24
12135,12135,viewer,2025-11-26
12136,12136,editor,2025-04-03
12137,12137,editor,2025-05-07
12138,12138,admin,2025-09-29
12139,12139,admin,2025-06-06
12140,12140,,2025-08-02
12141,12141,,2025-06-01
12142,12142,viewer,2025-10-02
12143,12143,,2025-03-30
12144,12144,viewer,2025-05-01
12145,12145,admin,2026-01-28
12146,12146,viewer,2025-07-04
12147,12147,,2025-07-25
12148,12148,,2026-01-05
12149,12149,editor,2025-09-23
12150,12150,admin,2026-01-27
12151,12151,unknown,2025-08-18
12152,12152,,2025-11-30
12153,12153,viewer,2025-06-20
12154,12154,viewer,2025-09-03
12155,12155,admin,2025-11-10
12156,12156,viewer,2025-06-29
12157,12157,,2026-01-13
12158,12158,viewer,2026-02-10
12159,12159,admin,2026-02-27
12160,12160,editor,2025-09-21
12161,12161,guest,2025-08-30
12162,12162,admin,2025-05-19
12163,12163,viewer,2025-04-04
12164,12164,viewer,2025-04-30
12165,12165,editor,2025-05-14
12166,12166,editor,2025-11-21
12167,12167,viewer,2025-07-14
12168,12168,editor,2025-05-30
12169,12169,editor,2025-10-13
12170,12170,guest,2025-05-08
12171,12171,,2025-10-13
12172,12172,admin,2025-08-08
12173,12173,viewer,2025-04-15
12174,12174,viewer,2025-04-16
12175,12175,admin,2026-01-24
12176,12176,editor,2025-04-16
12177,12177,admin,2026-02-08
12178,12178,viewer,2025-07-29
12179,12179,viewer,2026-03-23
12180,12180,admin,2026-02-18
12181,12181,admin,2025-12-12
12182,12182,editor,2026-03-05
12183,12183,editor,2025-07-18
12184,12184,viewer,2026-02-23
12185,12185,admin,2025-11-16
12186,12186,viewer,2025-08-26
12187,12187,viewer,2025-09-05
12188,12188,admin,2026-01-08
12189,12189,admin,2025-12-08
12190,12190,editor,2025-11-27
12191,12191,editor,2025-04-16
12192,12192,editor,2025-09-25
12193,12193,editor,2025-04-27
12194,12194,admin,2025-11-06
12195,12195,editor,2025-12-08
12196,12196,invalid_role,2025-10-16
12197,12197,admin,2025-07-05
12198,12198,admin,2026-03-04
12199,12199,viewer,2025-12-15
12200,12200,viewer,2025-07-28
12201,12201,editor,2026-01-04
12202,12202,editor,2025-12-19
12203,12203,viewer,2025-04-18
12204,12204,viewer,2026-03-24
12205,12205,,2025-03-30
12206,12206,editor,2026-03-27
12207,12207,unknown,2026-02-08
12208,12208,viewer,2025-12-12
12209,12209,invalid_role,2025-07-06
12210,12210,admin,2025-10-13
12211,12211,viewer,2025-12-01
12212,12212,viewer,2025-12-24
12213,12213,admin,2025-11-11
12214,12214,admin,2025-10-07
12215,12215,admin,2025-10-29
12216,12216,invalid_role,2025-11-01
12217,12217,admin,2025-12-10
12218,12218,editor,2025-09-10
12219,12219,viewer,2025-12-27
12220,12220,viewer,2025-12-03
12221,12221,,2025-05-11
12222,12222,viewer,2026-01-06
12223,12223,unknown,2025-04-19
12224,12224,admin,2026-01-26
12225,12225,admin,2025-06-07
12226,12226,editor,2026-02-04
12227,12227,editor,2026-02-07
12228,12228,editor,2026-02-18
12229,12229,editor,2025-09-26
12230,12230,viewer,2025-09-16
12231,12231,editor,2025-11-25
12232,12232,,2025-08-09
12233,12233,admin,2025-08-20
12234,12234,viewer,2025-09-06
12235,12235,admin,2025-11-09
12236,12236,admin,2025-08-04
12237,12237,editor,2026-01-01
12238,12238,admin,2025-12-20
12239,12239,editor,2026-03-08
12240,12240,admin,2025-08-29
12241,12241,viewer,2025-11-13
12242,12242,,2025-10-03
12243,12243,viewer,2025-06-12
12244,12244,admin,2025-08-27
12245,12245,admin,2025-04-14
12246,12246,editor,2025-11-28
12247,12247,admin,2025-09-13
12248,12248,invalid_role,2025-11-28
12249,12249,editor,2025-07-21
12250,12250,admin,2025-07-03
12251,12251,admin,2026-03-07
12252,12252,editor,2025-05-02
12253,12253,guest,2025-06-23
12254,12254,editor,2026-01-10
12255,12255,admin,2025-08-15
12256,12256,admin,2025-05-08
12257,12257,admin,2026-02-14
12258,12258,admin,2025-06-06
12259,12259,admin,2025-05-10
12260,12260,unknown,2025-03-30
12261,12261,editor,2025-06-20
12262,12262,editor,2025-12-07
12263,12263,invalid_role,2025-07-15
12264,12264,admin,2025-10-24
12265,12265,,2026-02-28
12266,12266,viewer,2025-08-24
12267,12267,guest,2025-12-08
12268,12268,admin,2025-11-20
12269,12269,viewer,2025-11-04
12270,12270,admin,2025-11-19
12271,12271,editor,2026-01-20
12272,12272,viewer,2026-03-10
12273,12273,editor,2025-09-19
12274,12274,guest,2026-02-06
12275,12275,editor,2025-12-20
12276,12276,unknown,2025-12-13
12277,12277,viewer,2025-11-29
12278,12278,admin,2025-09-03
12279,12279,viewer,2025-11-03
12280,12280,editor,2025-11-22
12281,12281,editor,2026-03-15
12282,12282,admin,2026-01-24
12283,12283,viewer,2026-01-19
12284,12284,,2025-11-28
12285,12285,viewer,2025-06-22
12286,12286,guest,2025-12-16
12287,12287,admin,2025-08-23
12288,12288,editor,2025-05-25
12289,12289,editor,2025-04-24
12290,12290,admin,2025-06-29
12291,12291,editor,2025-09-20
12292,12292,unknown,2026-03-21
12293,12293,editor,2025-09-27
12294,12294,admin,2025-05-25
12295,12295,admin,2025-11-23
12296,12296,viewer,2025-07-02
12297,12297,editor,2025-07-02
12298,12298,admin,2025-12-26
12299,12299,viewer,2025-10-15
12300,12300,,2026-02-01
12301,12301,admin,2025-11-26
12302,12302,admin,2026-03-13
12303,12303,viewer,2026-01-06
12304,12304,viewer,2025-10-27
12305,12305,admin,2026-02-27
12306,12306,editor,2025-08-08
12307,12307,admin,2026-01-27
12308,12308,admin,2025-05-03
12309,12309,admin,2025-09-03
12310,12310,editor,2025-05-04
12311,12311,editor,2025-07-29
12312,12312,editor,2025-09-26
12313,12313,editor,2025-12-20
12314,12314,admin,2025-12-05
12315,12315,editor,2025-10-22
12316,12316,viewer,2026-03-29
12317,12317,admin,2025-07-12
12318,12318,viewer,2025-05-24
12319,12319,admin,2025-10-10
12320,12320,editor,2025-08-15
12321,12321,guest,2025-04-03
12322,12322,,2025-09-16
12323,12323,editor,2025-09-21
12324,12324,,2025-08-08
12325,12325,admin,2025-04-08
12326,12326,admin,2025-04-19
12327,12327,editor,2025-04-16
12328,12328,viewer,2025-05-03
12329,12329,admin,2025-04-05
12330,12330,admin,2025-09-13
12331,12331,editor,2025-07-25
12332,12332,editor,2026-03-28
12333,12333,admin,2025-06-06
12334,12334,editor,2026-03-12
12335,12335,,2026-02-23
12336,12336,viewer,2026-02-16
12337,12337,admin,2025-11-27
12338,12338,admin,2026-02-07
12339,12339,viewer,2025-12-21
12340,12340,,2025-05-25
12341,12341,editor,2025-06-01
12342,12342,editor,2025-08-22
12343,12343,viewer,2025-10-18
12344,12344,viewer,2025-09-13
12345,12345,viewer,2026-03-12
12346,12346,admin,2025-06-03
12347,12347,admin,2025-07-22
12348,12348,unknown,2025-11-28
12349,12349,guest,2025-06-20
12350,12350,,2025-06-13
12351,12351,invalid_role,2025-06-21
12352,12352,admin,2026-02-28
12353,12353,editor,2025-09-25
12354,12354,viewer,2025-04-02
12355,12355,editor,2026-02-04
12356,12356,admin,2026-03-10
12357,12357,viewer,2025-06-01
12358,12358,viewer,2025-06-12
12359,12359,editor,2025-04-30
12360,12360,guest,2025-09-21
12361,12361,admin,2025-11-09
12362,12362,admin,2025-08-10
12363,12363,viewer,2025-08-13
12364,12364,invalid_role,2025-12-02
12365,12365,editor,2025-10-11
12366,12366,editor,2026-01-23
12367,12367,unknown,2025-12-19
12368,12368,viewer,2025-10-03
12369,12369,editor,2025-09-07
12370,12370,admin,2026-01-23
12371,12371,admin,2025-12-20
12372,12372,,2025-11-23
12373,12373,admin,2026-01-30
12374,12374,guest,2025-06-19
12375,12375,,2025-11-07
12376,12376,viewer,2025-12-23
12377,12377,editor,2025-11-11
12378,12378,admin,2025-05-30
12379,12379,editor,2025-08-11
12380,12380,admin,2025-06-15
12381,12381,editor,2025-04-03
12382,12382,unknown,2025-11-05
12383,12383,editor,2025-12-12
12384,12384,viewer,2025-07-07
12385,12385,viewer,2026-01-25
12386,12386,,2026-01-08
12387,12387,editor,2025-10-19
12388,12388,viewer,2026-02-21
12389,12389,editor,2025-11-04
12390,12390,editor,2025-11-24
12391,12391,admin,2026-03-03
12392,12392,editor,2025-07-27
12393,12393,admin,2025-07-20
12394,12394,guest,2025-10-14
12395,12395,,2025-06-03
12396,12396,,2025-08-23
12397,12397,viewer,2025-07-21
12398,12398,editor,2026-03-27
12399,12399,invalid_role,2025-10-19
12400,12400,editor,2025-12-04
12401,12401,viewer,2025-11-03
12402,12402,admin,2025-08-06
12403,12403,viewer,2025-08-17
12404,12404,editor,2025-05-11
12405,12405,editor,2025-12-10
12406,12406,editor,2025-05-10
12407,12407,editor,2026-01-03
12408,12408,unknown,2025-07-16
12409,12409,editor,2025-05-01
12410,12410,admin,2025-11-22
12411,12411,viewer,2025-10-14
12412,12412,admin,2025-12-30
12413,12413,admin,2026-01-13
12414,12414,viewer,2025-05-03
12415,12415,,2026-02-27
12416,12416,invalid_role,2025-10-04
12417,12417,admin,2025-12-20
12418,12418,admin,2026-03-02
12419,12419,admin,2025-06-23
12420,12420,admin,2026-01-26
12421,12421,unknown,2025-09-09
12422,12422,editor,2026-02-24
12423,12423,invalid_role,2025-05-16
12424,12424,,2026-02-23
12425,12425,viewer,2025-05-02
12426,12426,editor,2025-08-31
12427,12427,viewer,2025-06-19
12428,12428,viewer,2025-04-10
12429,12429,admin,2025-06-04
12430,12430,,2025-10-31
12431,12431,admin,2025-05-04
12432,12432,viewer,2025-08-21
12433,12433,editor,2025-10-21
12434,12434,viewer,2025-08-17
12435,12435,viewer,2025-09-21
12436,12436,admin,2025-12-10
12437,12437,invalid_role,2025-10-02
12438,12438,editor,2025-04-26
12439,12439,viewer,2025-05-16
12440,12440,editor,2025-06-21
12441,12441,viewer,2025-11-14
12442,12442,viewer,2025-05-22
12443,12443,admin,2025-08-10
12444,12444,invalid_role,2026-01-23
12445,12445,admin,2026-01-14
12446,12446,guest,2025-08-30
12447,12447,editor,2026-03-16
12448,12448,viewer,2026-01-15
12449,12449,viewer,2025-06-29
12450,12450,viewer,2025-09-07
12451,12451,viewer,2025-10-19
12452,12452,admin,2025-08-11
12453,12453,viewer,2025-07-12
12454,12454,editor,2026-03-28
12455,12455,editor,2026-02-05
12456,12456,admin,2025-09-30
12457,12457,admin,2025-10-13
12458,12458,viewer,2025-06-04
12459,12459,,2026-02-04
12460,12460,editor,2025-11-14
12461,12461,editor,2025-11-07
12462,12462,editor,2025-05-19
12463,12463,editor,2025-10-10
12464,12464,viewer,2025-09-22
12465,12465,editor,2025-09-07
12466,12466,guest,2026-01-04
12467,12467,admin,2025-10-24
12468,12468,editor,2026-03-12
12469,12469,editor,2025-09-10
12470,12470,editor,2026-02-02
12471,12471,viewer,2026-01-16
12472,12472,admin,2025-11-29
12473,12473,viewer,2025-06-23
12474,12474,admin,2026-02-17
12475,12475,invalid_role,2025-06-30
12476,12476,admin,2025-12-01
12477,12477,editor,2025-12-22
12478,12478,editor,2025-08-28
12479,12479,guest,2025-06-18
12480,12480,viewer,2026-03-16
12481,12481,admin,2025-11-30
12482,12482,viewer,2025-10-04
12483,12483,,2025-12-01
12484,12484,invalid_role,2025-06-25
12485,12485,editor,2025-12-27
12486,12486,admin,2025-07-07
12487,12487,editor,2025-08-16
12488,12488,viewer,2026-03-11
12489,12489,viewer,2025-05-08
12490,12490,,2025-05-01
12491,12491,admin,2026-02-23
12492,12492,admin,2025-11-09
12493,12493,admin,2025-08-30
12494,12494,editor,2025-06-24
12495,12495,,2025-11-23
12496,12496,viewer,2025-10-22
12497,12497,viewer,2025-06-22
12498,12498,,2026-03-22
12499,12499,viewer,2025-07-03
12500,12500,editor,2025-09-04
12501,12501,editor,2026-01-05
12502,12502,,2026-01-05
12503,12503,editor,2025-06-18
12504,12504,editor,2025-12-14
12505,12505,admin,2025-06-24
12506,12506,viewer,2025-05-15
12507,12507,viewer,2026-01-12
12508,12508,editor,2025-08-20
12509,12509,editor,2026-01-30
12510,12510,admin,2025-09-02
12511,12511,admin,2026-03-07
12512,12512,viewer,2025-06-28
12513,12513,viewer,2025-03-30
12514,12514,editor,2025-07-17
12515,12515,viewer,2025-04-15
12516,12516,admin,2025-10-26
12517,12517,editor,2025-09-14
12518,12518,viewer,2025-07-31
12519,12519,guest,2026-03-26
12520,12520,admin,2025-06-13
12521,12521,admin,2026-03-27
12522,12522,viewer,2025-05-31
12523,12523,viewer,2025-06-23
12524,12524,admin,2025-04-27
12525,12525,admin,2026-02-26
12526,12526,admin,2025-07-16
12527,12527,admin,2025-06-29
12528,12528,admin,2026-01-14
12529,12529,viewer,2025-10-23
12530,12530,editor,2025-10-28
12531,12531,admin,2025-08-10
12532,12532,guest,2026-03-29
12533,12533,viewer,2025-05-14
12534,12534,guest,2025-05-13
12535,12535,viewer,2025-06-05
12536,12536,viewer,2026-02-17
12537,12537,editor,2026-02-13
12538,12538,,2025-10-28
12539,12539,admin,2025-11-18
12540,12540,,2025-10-23
12541,12541,viewer,2026-01-03
12542,12542,viewer,2026-03-08
12543,12543,viewer,2025-11-08
12544,12544,viewer,2026-03-27
12545,12545,viewer,2025-09-20
12546,12546,viewer,2026-01-21
12547,12547,,2026-02-13
12548,12548,editor,2025-07-24
12549,12549,admin,2025-04-14
12550,12550,admin,2025-06-28
12551,12551,unknown,2026-01-29
12552,12552,admin,2025-12-31
12553,12553,admin,2025-04-02
12554,12554,admin,2025-05-19
12555,12555,editor,2026-01-03
12556,12556,viewer,2026-03-22
12557,12557,editor,2025-11-09
12558,12558,admin,2025-04-27
12559,12559,viewer,2025-04-07
12560,12560,admin,2025-06-18
12561,12561,editor,2025-12-30
12562,12562,editor,2025-04-14
12563,12563,viewer,2026-02-28
12564,12564,admin,2026-01-30
12565,12565,viewer,2025-07-09
12566,12566,editor,2025-11-16
12567,12567,admin,2025-05-12
12568,12568,admin,2026-02-02
12569,12569,,2025-10-10
12570,12570,editor,2026-01-23
12571,12571,editor,2026-01-13
12572,12572,admin,2025-11-16
12573,12573,admin,2025-05-07
12574,12574,editor,2025-06-18
12575,12575,editor,2026-03-01
12576,12576,editor,2025-06-19
12577,12577,editor,2025-04-08
12578,12578,editor,2025-04-18
12579,12579,editor,2025-11-29
12580,12580,,2025-09-13
12581,12581,admin,2026-03-09
12582,12582,editor,2025-06-03
12583,12583,editor,2025-09-23
12584,12584,editor,2025-04-05
12585,12585,,2025-11-28
12586,12586,editor,2026-01-07
12587,12587,,2025-12-28
12588,12588,editor,2026-02-03
12589,12589,editor,2025-07-29
12590,12590,viewer,2025-07-02
12591,12591,,2025-10-27
12592,12592,editor,2026-03-08
12593,12593,admin,2025-04-15
12594,12594,viewer,2025-09-05
12595,12595,viewer,2025-10-30
12596,12596,editor,2025-03-30
12597,12597,editor,2025-09-22
12598,12598,,2026-03-27
12599,12599,viewer,2025-05-11
12600,12600,viewer,2025-06-09
12601,12601,admin,2025-10-21
12602,12602,admin,2025-07-29
12603,12603,admin,2025-12-04
12604,12604,viewer,2025-11-06
12605,12605,viewer,2025-09-08
12606,12606,viewer,2025-11-06
12607,12607,viewer,2026-02-10
12608,12608,viewer,2026-02-02
12609,12609,,2026-01-31
12610,12610,admin,2026-01-09
12611,12611,,2026-02-14
12612,12612,viewer,2025-06-28
12613,12613,viewer,2025-09-14
12614,12614,viewer,2025-07-08
12615,12615,admin,2025-10-06
12616,12616,,2025-08-12
12617,12617,viewer,2025-07-27
12618,12618,,2025-09-28
12619,12619,,2025-08-12
12620,12620,admin,2025-08-30
12621,12621,viewer,2025-05-16
12622,12622,viewer,2025-09-13
12623,12623,editor,2026-02-16
12624,12624,viewer,2025-04-12
12625,12625,editor,2025-10-28
12626,12626,viewer,2025-08-10
12627,12627,admin,2025-10-31
12628,12628,viewer,2026-02-17
12629,12629,viewer,2025-06-16
12630,12630,viewer,2026-01-18
12631,12631,viewer,2025-04-29
12632,12632,viewer,2026-01-24
12633,12633,editor,2025-05-05
12634,12634,,2025-04-05
12635,12635,admin,2025-07-26
12636,12636,,2026-01-23
12637,12637,viewer,2026-02-04
12638,12638,admin,2025-07-17
12639,12639,viewer,2026-02-04
12640,12640,viewer,2025-12-04
12641,12641,admin,2026-02-10
12642,12642,admin,2025-09-03
12643,12643,editor,2025-06-09
12644,12644,editor,2025-08-12
12645,12645,guest,2025-12-21
12646,12646,editor,2025-09-28
12647,12647,,2025-07-17
12648,12648,admin,2025-08-12
12649,12649,,2025-08-03
12650,12650,invalid_role,2025-08-06
12651,12651,viewer,2025-05-31
12652,12652,unknown,2025-08-18
12653,12653,guest,2025-11-30
12654,12654,unknown,2026-02-04
12655,12655,invalid_role,2025-10-19
12656,12656,editor,2025-08-05
12657,12657,viewer,2025-04-07
12658,12658,admin,2025-12-08
12659,12659,admin,2025-05-29
12660,12660,editor,2025-12-05
12661,12661,admin,2025-12-13
12662,12662,viewer,2025-05-23
12663,12663,viewer,2025-08-03
12664,12664,viewer,2026-02-04
12665,12665,viewer,2026-01-22
12666,12666,editor,2025-07-19
12667,12667,guest,2025-05-05
12668,12668,guest,2025-09-06
12669,12669,viewer,2025-07-20
12670,12670,viewer,2026-03-17
12671,12671,viewer,2026-03-16
12672,12672,unknown,2026-03-29
12673,12673,admin,2025-06-02
12674,12674,viewer,2025-08-04
12675,12675,unknown,2025-06-08
12676,12676,,2025-11-06
12677,12677,invalid_role,2026-02-21
12678,12678,editor,2025-08-29
12679,12679,viewer,2025-06-02
12680,12680,viewer,2026-03-08
12681,12681,admin,2025-08-06
12682,12682,viewer,2025-10-27
12683,12683,editor,2025-08-23
12684,12684,editor,2026-01-28
12685,12685,admin,2025-11-17
12686,12686,,2025-06-23
12687,12687,editor,2025-11-13
12688,12688,viewer,2025-05-15
12689,12689,guest,2025-09-28
12690,12690,admin,2025-09-12
12691,12691,,2025-04-02
12692,12692,editor,2025-08-10
12693,12693,,2025-09-12
12694,12694,invalid_role,2025-07-06
12695,12695,viewer,2025-04-24
12696,12696,viewer,2026-02-02
12697,12697,guest,2025-10-22
12698,12698,editor,2026-03-03
12699,12699,admin,2025-05-14
12700,12700,editor,2026-01-23
12701,12701,unknown,2025-11-01
12702,12702,viewer,2025-07-29
12703,12703,admin,2025-07-05
12704,12704,admin,2026-03-11
12705,12705,viewer,2026-03-24
12706,12706,viewer,2025-04-16
12707,12707,guest,2026-01-28
12708,12708,invalid_role,2025-07-12
12709,12709,editor,2025-12-26
12710,12710,viewer,2025-04-05
12711,12711,viewer,2025-06-22
12712,12712,invalid_role,2025-09-20
12713,12713,viewer,2025-06-29
12714,12714,,2025-05-29
12715,12715,admin,2025-04-09
12716,12716,guest,2025-08-03
12717,12717,editor,2025-06-15
12718,12718,guest,2026-02-17
12719,12719,,2025-09-01
12720,12720,editor,2026-03-29
12721,12721,,2025-09-29
12722,12722,viewer,2025-04-07
12723,12723,viewer,2025-06-11
12724,12724,admin,2025-10-28
12725,12725,editor,2025-11-20
12726,12726,unknown,2025-08-24
12727,12727,editor,2026-02-17
12728,12728,admin,2026-03-28
12729,12729,viewer,2026-03-29
12730,12730,admin,2025-07-30
12731,12731,admin,2025-05-01
12732,12732,,2025-07-22
12733,12733,admin,2025-12-12
12734,12734,viewer,2025-12-20
12735,12735,viewer,2025-12-03
12736,12736,viewer,2025-10-21
12737,12737,editor,2025-09-16
12738,12738,,2025-06-05
12739,12739,viewer,2026-01-19
12740,12740,editor,2025-04-11
12741,12741,invalid_role,2026-02-14
12742,12742,admin,2026-01-21
12743,12743,,2025-10-15
12744,12744,editor,2026-01-10
12745,12745,admin,2025-09-24
12746,12746,editor,2025-06-14
12747,12747,viewer,2026-02-26
12748,12748,viewer,2025-05-06
12749,12749,viewer,2026-02-08
12750,12750,admin,2026-03-12
12751,12751,viewer,2025-06-06
12752,12752,,2026-02-20
12753,12753,guest,2026-02-26
12754,12754,editor,2025-11-25
12755,12755,,2025-07-06
12756,12756,editor,2025-10-07
12757,12757,admin,2025-07-10
12758,12758,admin,2025-12-13
12759,12759,admin,2025-10-30
12760,12760,viewer,2025-05-08
12761,12761,unknown,2025-07-09
12762,12762,invalid_role,2025-05-16
12763,12763,viewer,2026-01-11
12764,12764,viewer,2025-05-30
12765,12765,admin,2025-07-12
12766,12766,,2025-07-17
12767,12767,editor,2025-10-12
12768,12768,admin,2025-12-07
12769,12769,invalid_role,2025-12-29
12770,12770,admin,2026-01-21
12771,12771,unknown,2025-08-09
12772,12772,editor,2026-02-14
12773,12773,,2026-03-04
12774,12774,admin,2025-12-24
12775,12775,editor,2025-06-30
12776,12776,editor,2025-06-18
12777,12777,admin,2025-08-31
12778,12778,editor,2025-09-21
12779,12779,editor,2025-10-10
12780,12780,editor,2025-12-24
12781,12781,,2025-12-12
12782,12782,,2025-07-07
12783,12783,viewer,2025-07-20
12784,12784,admin,2026-03-15
12785,12785,admin,2025-06-24
12786,12786,admin,2025-06-27
12787,12787,viewer,2025-11-19
12788,12788,viewer,2025-10-17
12789,12789,admin,2026-03-29
12790,12790,admin,2025-03-30
12791,12791,editor,2025-06-07
12792,12792,viewer,2025-12-23
12793,12793,editor,2025-07-18
12794,12794,viewer,2025-11-03
12795,12795,viewer,2025-11-15
12796,12796,viewer,2025-08-12
12797,12797,viewer,2026-01-17
12798,12798,viewer,2025-07-27
12799,12799,unknown,2026-03-10
12800,12800,viewer,2026-01-06
12801,12801,admin,2026-03-29
12802,12802,guest,2026-02-23
12803,12803,unknown,2026-03-16
12804,12804,editor,2025-08-09
12805,12805,admin,2025-12-27
12806,12806,editor,2026-02-05
12807,12807,admin,2025-08-11
12808,12808,admin,2025-06-08
12809,12809,viewer,2026-01-24
12810,12810,editor,2025-06-17
12811,12811,editor,2025-09-21
12812,12812,admin,2025-12-29
12813,12813,admin,2025-07-25
12814,12814,viewer,2026-02-03
12815,12815,editor,2025-08-28
12816,12816,viewer,2025-06-14
12817,12817,editor,2025-12-14
12818,12818,invalid_role,2025-04-23
12819,12819,editor,2025-08-14
12820,12820,viewer,2025-09-28
12821,12821,editor,2026-02-05
12822,12822,viewer,2025-04-12
12823,12823,invalid_role,2026-03-10
12824,12824,,2025-12-17
12825,12825,,2025-08-07
12826,12826,editor,2025-10-23
12827,12827,guest,2025-08-26
12828,12828,editor,2026-02-10
12829,12829,viewer,2025-04-30
12830,12830,editor,2025-09-02
12831,12831,viewer,2025-10-10
12832,12832,invalid_role,2025-09-25
12833,12833,viewer,2025-06-25
12834,12834,viewer,2026-03-25
12835,12835,editor,2025-05-06
12836,12836,invalid_role,2026-03-04
12837,12837,admin,2026-02-24
12838,12838,viewer,2025-05-07
12839,12839,guest,2025-05-15
12840,12840,viewer,2025-06-23
12841,12841,admin,2025-07-05
12842,12842,invalid_role,2026-03-20
12843,12843,editor,2026-01-09
12844,12844,admin,2026-01-30
12845,12845,admin,2025-06-08
12846,12846,editor,2025-05-03
12847,12847,,2026-02-01
12848,12848,invalid_role,2025-06-03
12849,12849,editor,2025-08-07
12850,12850,editor,2025-10-18
12851,12851,editor,2026-02-06
12852,12852,editor,2025-10-27
12853,12853,editor,2026-03-11
12854,12854,admin,2025-06-15
12855,12855,admin,2025-04-06
12856,12856,unknown,2025-06-13
12857,12857,unknown,2025-09-27
12858,12858,viewer,2025-05-17
12859,12859,admin,2025-10-24
12860,12860,editor,2025-12-11
12861,12861,,2025-07-28
12862,12862,,2025-11-10
12863,12863,editor,2025-08-30
12864,12864,admin,2025-09-22
12865,12865,admin,2025-05-23
12866,12866,editor,2026-01-22
12867,12867,guest,2025-12-09
12868,12868,,2025-08-31
12869,12869,,2025-09-18
12870,12870,viewer,2025-09-06
12871,12871,viewer,2025-09-06
12872,12872,editor,2025-10-22
12873,12873,,2026-01-08
12874,12874,,2026-02-19
12875,12875,guest,2025-07-19
12876,12876,editor,2025-06-27
12877,12877,admin,2025-06-19
12878,12878,editor,2025-05-10
12879,12879,editor,2026-02-22
12880,12880,,2025-12-15
12881,12881,admin,2025-12-12
12882,12882,admin,2026-03-10
12883,12883,viewer,2025-04-17
12884,12884,invalid_role,2025-09-16
12885,12885,viewer,2026-01-17
12886,12886,admin,2025-04-18
12887,12887,guest,2025-05-06
12888,12888,invalid_role,2026-02-08
12889,12889,viewer,2026-02-28
12890,12890,editor,2025-05-08
12891,12891,editor,2026-02-14
12892,12892,editor,2025-10-14
12893,12893,viewer,2026-02-15
12894,12894,,2026-01-21
12895,12895,editor,2025-06-27
12896,12896,editor,2026-02-20
12897,12897,viewer,2026-02-09
12898,12898,viewer,2026-02-11
12899,12899,admin,2025-10-27
12900,12900,admin,2025-04-06
12901,12901,admin,2025-10-12
12902,12902,viewer,2025-07-11
12903,12903,guest,2025-07-20
12904,12904,editor,2025-04-16
12905,12905,invalid_role,2026-02-15
12906,12906,editor,2025-11-04
12907,12907,admin,2026-03-13
12908,12908,editor,2025-08-07
12909,12909,admin,2025-07-13
12910,12910,viewer,2025-10-28
12911,12911,viewer,2025-09-24
12912,12912,viewer,2025-06-25
12913,12913,admin,2025-11-28
12914,12914,viewer,2025-07-05
12915,12915,editor,2025-04-22
12916,12916,admin,2025-11-24
12917,12917,admin,2025-09-24
12918,12918,,2025-11-27
12919,12919,admin,2025-07-12
12920,12920,,2026-01-10
12921,12921,viewer,2025-12-02
12922,12922,editor,2025-06-29
12923,12923,viewer,2026-02-28
12924,12924,editor,2025-06-22
12925,12925,admin,2025-10-07
12926,12926,unknown,2025-08-13
12927,12927,editor,2025-12-15
12928,12928,admin,2025-12-24
12929,12929,viewer,2026-03-23
12930,12930,unknown,2025-06-13
12931,12931,admin,2025-11-24
12932,12932,admin,2025-06-03
12933,12933,editor,2025-04-13
12934,12934,admin,2026-02-12
12935,12935,editor,2026-03-01
12936,12936,editor,2025-06-26
12937,12937,,2025-07-26
12938,12938,editor,2025-11-01
12939,12939,invalid_role,2026-03-26
12940,12940,viewer,2025-11-02
12941,12941,editor,2025-09-16
12942,12942,guest,2026-02-07
12943,12943,viewer,2025-04-16
12944,12944,viewer,2025-04-29
12945,12945,editor,2025-04-20
12946,12946,editor,2025-05-03
12947,12947,viewer,2026-02-23
12948,12948,editor,2025-11-04
12949,12949,viewer,2025-05-24
12950,12950,viewer,2025-12-20
12951,12951,editor,2026-01-20
12952,12952,editor,2025-04-19
12953,12953,invalid_role,2026-03-18
12954,12954,editor,2025-08-02
12955,12955,viewer,2025-11-20
12956,12956,guest,2025-04-26
12957,12957,viewer,2026-03-06
12958,12958,viewer,2025-04-26
12959,12959,viewer,2025-11-12
12960,12960,viewer,2025-04-16
12961,12961,viewer,2025-11-21
12962,12962,,2025-12-30
12963,12963,admin,2025-11-28
12964,12964,admin,2025-09-23
12965,12965,admin,2025-08-07
12966,12966,admin,2025-09-01
12967,12967,admin,2026-01-15
12968,12968,viewer,2025-04-28
12969,12969,invalid_role,2025-09-08
12970,12970,invalid_role,2025-05-03
12971,12971,,2026-02-03
12972,12972,viewer,2025-09-07
12973,12973,admin,2025-05-04
12974,12974,editor,2025-07-01
12975,12975,viewer,2025-11-13
12976,12976,,2025-05-09
12977,12977,,2025-04-05
12978,12978,viewer,2026-01-20
12979,12979,unknown,2025-09-19
12980,12980,viewer,2025-08-19
12981,12981,editor,2026-03-08
12982,12982,invalid_role,2025-06-20
12983,12983,editor,2025-12-23
12984,12984,viewer,2025-11-28
12985,12985,editor,2025-10-02
12986,12986,viewer,2026-02-25
12987,12987,,2026-01-05
12988,12988,admin,2025-12-19
12989,12989,admin,2026-01-03
12990,12990,admin,2025-09-08
12991,12991,editor,2025-10-16
12992,12992,viewer,2025-07-15
12993,12993,editor,2025-04-30
12994,12994,,2025-08-03
12995,12995,invalid_role,2025-04-25
12996,12996,admin,2026-03-27
12997,12997,viewer,2025-11-23
12998,12998,guest,2025-12-19
12999,12999,unknown,2026-02-17
13000,13000,viewer,2025-09-23
13001,13001,editor,2026-02-18
13002,13002,viewer,2025-07-18
13003,13003,viewer,2025-05-29
13004,13004,admin,2026-01-12
13005,13005,guest,2025-09-30
13006,13006,admin,2026-01-04
13007,13007,editor,2025-05-05
13008,13008,editor,2025-09-26
13009,13009,invalid_role,2025-06-18
13010,13010,viewer,2025-08-30
13011,13011,editor,2025-06-16
13012,13012,unknown,2025-04-17
13013,13013,unknown,2025-10-08
13014,13014,unknown,2026-03-28
13015,13015,viewer,2026-01-03
13016,13016,editor,2026-03-28
13017,13017,editor,2026-03-22
13018,13018,admin,2025-12-01
13019,13019,editor,2025-10-03
13020,13020,invalid_role,2025-11-21
13021,13021,,2025-07-27
13022,13022,admin,2025-09-21
13023,13023,editor,2025-12-18
13024,13024,viewer,2025-07-10
13025,13025,viewer,2025-12-06
13026,13026,admin,2026-03-29
13027,13027,admin,2025-04-15
13028,13028,admin,2026-01-25
13029,13029,viewer,2025-08-16
13030,13030,guest,2025-10-28
13031,13031,viewer,2026-02-24
13032,13032,editor,2025-10-30
13033,13033,viewer,2025-04-02
13034,13034,editor,2025-07-08
13035,13035,viewer,2026-02-20
13036,13036,admin,2026-01-06
13037,13037,invalid_role,2025-04-15
13038,13038,editor,2025-09-28
13039,13039,editor,2025-11-11
13040,13040,admin,2025-10-26
13041,13041,editor,2025-11-16
13042,13042,viewer,2025-12-06
13043,13043,editor,2025-06-24
13044,13044,editor,2026-01-28
13045,13045,admin,2026-03-18
13046,13046,viewer,2025-06-27
13047,13047,editor,2025-11-26
13048,13048,editor,2025-12-07
13049,13049,editor,2025-10-13
13050,13050,guest,2026-02-08
13051,13051,admin,2025-07-15
13052,13052,admin,2025-09-06
13053,13053,viewer,2026-01-12
13054,13054,,2026-03-24
13055,13055,editor,2025-11-30
13056,13056,viewer,2025-05-20
13057,13057,admin,2026-01-11
13058,13058,viewer,2025-10-02
13059,13059,viewer,2025-05-04
13060,13060,editor,2025-05-30
13061,13061,guest,2025-04-23
13062,13062,viewer,2026-03-09
13063,13063,admin,2025-04-10
13064,13064,admin,2025-09-12
13065,13065,admin,2026-02-04
13066,13066,viewer,2025-04-14
13067,13067,admin,2025-09-04
13068,13068,editor,2025-10-03
13069,13069,viewer,2025-12-24
13070,13070,admin,2025-10-05
13071,13071,editor,2025-05-21
13072,13072,editor,2025-12-27
13073,13073,editor,2026-01-02
13074,13074,editor,2025-05-31
13075,13075,editor,2025-12-28
13076,13076,viewer,2025-05-02
13077,13077,admin,2025-11-08
13078,13078,editor,2025-07-09
13079,13079,guest,2026-03-21
13080,13080,viewer,2025-08-24
13081,13081,viewer,2026-01-23
13082,13082,editor,2026-02-03
13083,13083,admin,2025-06-21
13084,13084,editor,2025-05-07
13085,13085,viewer,2025-07-01
13086,13086,editor,2025-10-30
13087,13087,viewer,2025-10-14
13088,13088,guest,2026-01-14
13089,13089,editor,2025-09-11
13090,13090,editor,2025-07-31
13091,13091,admin,2025-04-19
13092,13092,editor,2025-04-04
13093,13093,,2025-07-01
13094,13094,admin,2025-06-29
13095,13095,editor,2025-11-27
13096,13096,viewer,2026-03-15
13097,13097,admin,2025-06-07
13098,13098,editor,2025-06-23
13099,13099,,2025-05-01
13100,13100,editor,2025-11-14
13101,13101,viewer,2025-05-17
13102,13102,viewer,2025-10-31
13103,13103,editor,2025-10-03
13104,13104,viewer,2026-02-03
13105,13105,viewer,2025-09-27
13106,13106,unknown,2025-12-10
13107,13107,editor,2025-12-09
13108,13108,admin,2025-06-12
13109,13109,editor,2025-04-07
13110,13110,admin,2025-11-07
13111,13111,editor,2025-06-25
13112,13112,viewer,2025-04-27
13113,13113,viewer,2025-07-14
13114,13114,viewer,2025-10-26
13115,13115,admin,2026-01-06
13116,13116,viewer,2025-12-25
13117,13117,viewer,2025-10-15
13118,13118,editor,2025-10-11
13119,13119,viewer,2025-12-09
13120,13120,editor,2025-10-29
13121,13121,editor,2025-07-21
13122,13122,viewer,2025-12-21
13123,13123,unknown,2025-04-15
13124,13124,viewer,2025-11-21
13125,13125,editor,2026-03-12
13126,13126,viewer,2026-03-11
13127,13127,viewer,2025-06-07
13128,13128,editor,2025-04-27
13129,13129,,2025-05-09
13130,13130,,2025-10-10
13131,13131,editor,2025-12-27
13132,13132,admin,2025-05-07
13133,13133,editor,2025-08-21
13134,13134,editor,2025-04-17
13135,13135,admin,2025-09-17
13136,13136,viewer,2025-11-10
13137,13137,viewer,2025-12-20
13138,13138,admin,2025-12-01
13139,13139,viewer,2025-07-03
13140,13140,admin,2025-10-11
13141,13141,unknown,2025-05-20
13142,13142,viewer,2025-08-23
13143,13143,viewer,2025-06-12
13144,13144,invalid_role,2025-04-15
13145,13145,editor,2025-12-23
13146,13146,viewer,2026-01-13
13147,13147,admin,2026-01-09
13148,13148,admin,2025-11-29
13149,13149,viewer,2025-05-18
13150,13150,admin,2025-09-24
13151,13151,viewer,2025-05-01
13152,13152,editor,2025-05-11
13153,13153,editor,2025-04-26
13154,13154,editor,2025-09-27
13155,13155,admin,2026-01-23
13156,13156,viewer,2025-11-20
13157,13157,viewer,2025-08-04
13158,13158,admin,2026-01-24
13159,13159,viewer,2025-10-21
13160,13160,editor,2025-04-16
13161,13161,viewer,2025-09-11
13162,13162,viewer,2025-07-27
13163,13163,editor,2025-11-13
13164,13164,viewer,2025-09-17
13165,13165,editor,2025-08-13
13166,13166,admin,2025-08-04
13167,13167,unknown,2026-03-05
13168,13168,admin,2026-02-10
13169,13169,editor,2025-04-18
13170,13170,admin,2025-07-02
13171,13171,editor,2025-08-18
13172,13172,editor,2025-05-03
13173,13173,admin,2025-06-01
13174,13174,viewer,2025-12-18
13175,13175,editor,2025-06-06
13176,13176,,2025-12-19
13177,13177,admin,2025-07-01
13178,13178,editor,2025-07-11
13179,13179,admin,2026-02-12
13180,13180,admin,2026-03-11
13181,13181,admin,2025-05-22
13182,13182,admin,2025-09-03
13183,13183,viewer,2025-09-11
13184,13184,viewer,2026-01-24
13185,13185,admin,2025-08-02
13186,13186,editor,2026-03-18
13187,13187,editor,2025-12-09
13188,13188,admin,2026-03-07
13189,13189,editor,2025-09-19
13190,13190,,2025-12-15
13191,13191,viewer,2025-08-30
13192,13192,invalid_role,2025-04-15
13193,13193,editor,2025-11-25
13194,13194,viewer,2025-06-23
13195,13195,editor,2026-02-19
13196,13196,viewer,2025-10-27
13197,13197,admin,2025-10-02
13198,13198,,2025-12-24
13199,13199,viewer,2025-07-06
13200,13200,admin,2025-12-21
13201,13201,admin,2026-03-14
13202,13202,admin,2025-12-08
13203,13203,,2025-05-02
13204,13204,admin,2025-12-09
13205,13205,viewer,2025-05-20
13206,13206,admin,2025-08-13
13207,13207,viewer,2025-10-02
13208,13208,viewer,2025-07-12
13209,13209,viewer,2026-01-30
13210,13210,viewer,2026-03-01
13211,13211,editor,2025-10-26
13212,13212,editor,2026-01-07
13213,13213,editor,2025-11-19
13214,13214,viewer,2025-04-09
13215,13215,,2025-04-09
13216,13216,editor,2025-10-23
13217,13217,viewer,2026-01-13
13218,13218,admin,2025-10-06
13219,13219,admin,2025-08-30
13220,13220,admin,2025-10-12
13221,13221,admin,2026-02-24
13222,13222,editor,2025-07-25
13223,13223,viewer,2025-12-24
13224,13224,admin,2025-05-29
13225,13225,,2025-11-26
13226,13226,editor,2025-09-03
13227,13227,viewer,2025-05-25
13228,13228,editor,2025-05-22
13229,13229,admin,2025-08-14
13230,13230,editor,2025-08-20
13231,13231,viewer,2025-09-02
13232,13232,viewer,2026-03-20
13233,13233,,2025-12-17
13234,13234,admin,2025-09-12
13235,13235,admin,2026-01-01
13236,13236,,2025-12-23
13237,13237,editor,2026-01-05
13238,13238,viewer,2025-06-07
13239,13239,admin,2025-10-16
13240,13240,editor,2025-04-09
13241,13241,viewer,2025-09-25
13242,13242,viewer,2026-01-02
13243,13243,admin,2026-03-24
13244,13244,viewer,2025-11-19
13245,13245,guest,2025-09-19
13246,13246,editor,2025-05-12
13247,13247,editor,2026-01-19
13248,13248,,2026-02-09
13249,13249,admin,2026-01-24
13250,13250,unknown,2025-05-22
13251,13251,admin,2025-05-21
13252,13252,admin,2025-11-10
13253,13253,viewer,2026-01-09
13254,13254,,2025-11-10
13255,13255,admin,2025-08-03
13256,13256,viewer,2026-03-25
13257,13257,viewer,2026-03-29
13258,13258,admin,2025-12-20
13259,13259,editor,2025-12-21
13260,13260,admin,2025-07-17
13261,13261,editor,2025-04-04
13262,13262,admin,2025-08-28
13263,13263,,2025-11-13
13264,13264,viewer,2025-09-30
13265,13265,viewer,2025-11-22
13266,13266,admin,2025-10-03
13267,13267,viewer,2025-04-06
13268,13268,editor,2026-02-11
13269,13269,admin,2025-11-28
13270,13270,invalid_role,2026-01-12
13271,13271,editor,2025-12-24
13272,13272,unknown,2025-11-18
13273,13273,editor,2025-09-13
13274,13274,,2025-05-06
13275,13275,unknown,2025-06-14
13276,13276,admin,2026-01-27
13277,13277,viewer,2025-12-20
13278,13278,viewer,2025-10-14
13279,13279,editor,2026-01-02
13280,13280,editor,2026-03-11
13281,13281,admin,2025-10-27
13282,13282,viewer,2025-10-30
13283,13283,editor,2025-10-04
13284,13284,admin,2025-09-21
13285,13285,admin,2025-04-11
13286,13286,editor,2025-09-29
13287,13287,admin,2025-04-24
13288,13288,admin,2025-06-24
13289,13289,viewer,2025-12-25
13290,13290,admin,2025-07-11
13291,13291,viewer,2025-07-11
13292,13292,unknown,2025-06-02
13293,13293,invalid_role,2025-11-05
13294,13294,viewer,2025-05-07
13295,13295,viewer,2025-07-31
13296,13296,guest,2025-09-06
13297,13297,invalid_role,2025-07-21
13298,13298,,2025-12-21
13299,13299,admin,2025-10-14
13300,13300,viewer,2026-01-10
13301,13301,admin,2025-06-29
13302,13302,,2025-07-10
13303,13303,viewer,2026-01-21
13304,13304,editor,2025-10-18
13305,13305,admin,2025-04-18
13306,13306,admin,2026-03-26
13307,13307,editor,2025-09-07
13308,13308,admin,2025-09-05
13309,13309,invalid_role,2025-12-14
13310,13310,admin,2025-11-28
13311,13311,,2026-01-22
13312,13312,editor,2025-11-06
13313,13313,admin,2026-03-29
13314,13314,admin,2025-10-13
13315,13315,guest,2025-05-16
13316,13316,admin,2025-08-25
13317,13317,admin,2025-12-30
13318,13318,admin,2025-07-16
13319,13319,editor,2025-11-24
13320,13320,admin,2026-03-13
13321,13321,viewer,2025-04-13
13322,13322,viewer,2025-09-23
13323,13323,viewer,2026-01-12
13324,13324,admin,2025-08-07
13325,13325,viewer,2026-03-27
13326,13326,viewer,2025-06-04
13327,13327,editor,2026-03-26
13328,13328,admin,2025-10-18
13329,13329,admin,2025-10-23
13330,13330,editor,2025-07-08
13331,13331,viewer,2025-09-25
13332,13332,admin,2025-06-20
13333,13333,viewer,2025-07-04
13334,13334,admin,2026-01-23
13335,13335,editor,2025-09-07
13336,13336,unknown,2025-04-14
13337,13337,editor,2025-09-01
13338,13338,editor,2025-12-13
13339,13339,editor,2026-03-25
13340,13340,admin,2025-07-22
13341,13341,editor,2026-02-08
13342,13342,admin,2025-05-11
13343,13343,editor,2025-07-29
13344,13344,viewer,2025-06-20
13345,13345,admin,2026-02-06
13346,13346,editor,2025-09-02
13347,13347,admin,2026-03-17
13348,13348,admin,2025-08-24
13349,13349,admin,2025-09-22
13350,13350,unknown,2025-09-28
13351,13351,editor,2025-11-26
13352,13352,editor,2025-07-22
13353,13353,viewer,2025-09-20
13354,13354,,2025-05-08
13355,13355,editor,2025-06-25
13356,13356,,2025-09-10
13357,13357,guest,2025-03-30
13358,13358,editor,2025-05-26
13359,13359,admin,2025-08-13
13360,13360,viewer,2025-11-30
13361,13361,admin,2025-05-05
13362,13362,viewer,2025-08-24
13363,13363,guest,2025-08-18
13364,13364,admin,2025-10-28
13365,13365,viewer,2025-10-02
13366,13366,viewer,2026-02-16
13367,13367,,2025-06-07
13368,13368,editor,2025-05-16
13369,13369,editor,2025-04-16
13370,13370,editor,2025-10-12
13371,13371,viewer,2025-06-19
13372,13372,admin,2026-02-15
13373,13373,admin,2025-08-16
13374,13374,editor,2025-06-26
13375,13375,viewer,2025-04-18
13376,13376,admin,2025-04-05
13377,13377,admin,2026-01-12
13378,13378,editor,2026-01-22
13379,13379,viewer,2026-02-25
13380,13380,invalid_role,2025-09-23
13381,13381,editor,2025-11-14
13382,13382,editor,2025-09-27
13383,13383,editor,2025-05-19
13384,13384,editor,2025-05-29
13385,13385,editor,2026-03-25
13386,13386,admin,2025-05-28
13387,13387,viewer,2025-12-06
13388,13388,editor,2026-01-17
13389,13389,admin,2025-07-29
13390,13390,editor,2026-02-01
13391,13391,editor,2025-11-07
13392,13392,viewer,2025-06-01
13393,13393,viewer,2025-10-22
13394,13394,admin,2025-10-20
13395,13395,guest,2025-08-04
13396,13396,admin,2025-10-04
13397,13397,viewer,2026-02-27
13398,13398,viewer,2026-03-02
13399,13399,admin,2025-04-22
13400,13400,editor,2025-08-03
13401,13401,admin,2026-01-24
13402,13402,guest,2025-11-24
13403,13403,viewer,2026-02-22
13404,13404,,2025-09-28
13405,13405,admin,2025-04-02
13406,13406,admin,2025-05-20
13407,13407,viewer,2026-01-01
13408,13408,viewer,2025-09-14
13409,13409,editor,2025-07-25
13410,13410,editor,2025-06-13
13411,13411,,2025-11-05
13412,13412,editor,2025-07-03
13413,13413,editor,2025-12-25
13414,13414,editor,2025-10-31
13415,13415,editor,2025-05-08
13416,13416,viewer,2025-04-15
13417,13417,editor,2025-09-17
13418,13418,viewer,2026-03-23
13419,13419,admin,2025-08-12
13420,13420,viewer,2025-04-09
13421,13421,,2025-09-11
13422,13422,viewer,2025-12-19
13423,13423,viewer,2026-01-06
13424,13424,,2025-10-05
13425,13425,unknown,2026-01-18
13426,13426,viewer,2026-01-13
13427,13427,,2026-01-04
13428,13428,admin,2025-08-03
13429,13429,unknown,2025-07-19
13430,13430,editor,2026-03-17
13431,13431,admin,2026-01-11
13432,13432,admin,2026-01-27
13433,13433,editor,2025-08-28
13434,13434,editor,2025-06-08
13435,13435,viewer,2025-06-17
13436,13436,viewer,2025-10-25
13437,13437,editor,2025-08-27
13438,13438,admin,2026-01-21
13439,13439,invalid_role,2026-02-08
13440,13440,guest,2025-12-26
13441,13441,unknown,2025-05-07
13442,13442,viewer,2025-09-24
13443,13443,admin,2026-01-04
13444,13444,admin,2026-01-26
13445,13445,admin,2026-03-02
13446,13446,admin,2025-04-07
13447,13447,invalid_role,2026-01-07
13448,13448,admin,2025-06-07
13449,13449,admin,2025-10-15
13450,13450,editor,2026-03-07
13451,13451,,2025-07-13
13452,13452,admin,2025-07-30
13453,13453,admin,2025-05-18
13454,13454,editor,2025-09-09
13455,13455,viewer,2026-03-13
13456,13456,,2025-07-14
13457,13457,admin,2026-02-05
13458,13458,editor,2025-07-15
13459,13459,editor,2026-01-05
13460,13460,editor,2025-11-21
13461,13461,editor,2025-11-08
13462,13462,admin,2025-04-14
13463,13463,unknown,2025-12-23
13464,13464,editor,2025-06-18
13465,13465,editor,2025-09-10
13466,13466,admin,2025-09-09
13467,13467,editor,2025-05-03
13468,13468,editor,2026-01-27
13469,13469,admin,2026-03-07
13470,13470,editor,2025-08-10
13471,13471,invalid_role,2025-09-21
13472,13472,viewer,2025-09-14
13473,13473,,2025-05-12
13474,13474,viewer,2025-10-14
13475,13475,editor,2025-05-24
13476,13476,,2026-02-15
13477,13477,unknown,2025-08-10
13478,13478,viewer,2025-06-07
13479,13479,admin,2025-11-06
13480,13480,viewer,2025-09-29
13481,13481,editor,2026-02-04
13482,13482,editor,2025-09-02
13483,13483,admin,2025-05-10
13484,13484,admin,2025-12-23
13485,13485,editor,2025-11-30
13486,13486,invalid_role,2026-02-05
13487,13487,admin,2025-04-26
13488,13488,invalid_role,2026-03-25
13489,13489,viewer,2025-07-09
13490,13490,admin,2025-11-23
13491,13491,admin,2025-08-12
13492,13492,unknown,2025-12-09
13493,13493,admin,2025-06-16
13494,13494,viewer,2025-09-03
13495,13495,,2026-02-10
13496,13496,admin,2025-11-02
13497,13497,invalid_role,2026-01-21
13498,13498,admin,2025-04-13
13499,13499,viewer,2025-08-30
13500,13500,editor,2025-10-22
13501,13501,viewer,2025-06-18
13502,13502,admin,2025-10-01
13503,13503,,2025-04-03
13504,13504,viewer,2025-05-23
13505,13505,editor,2025-08-28
13506,13506,admin,2025-11-30
13507,13507,viewer,2026-03-04
13508,13508,editor,2026-03-02
13509,13509,editor,2025-06-01
13510,13510,editor,2025-04-10
13511,13511,editor,2025-07-28
13512,13512,viewer,2026-03-03
13513,13513,editor,2025-06-04
13514,13514,admin,2026-03-03
13515,13515,admin,2025-05-27
13516,13516,viewer,2025-07-20
13517,13517,viewer,2025-08-09
13518,13518,,2025-05-07
13519,13519,editor,2025-12-10
13520,13520,admin,2025-11-15
13521,13521,admin,2025-10-01
13522,13522,viewer,2025-05-22
13523,13523,invalid_role,2026-01-29
13524,13524,admin,2026-01-14
13525,13525,admin,2025-04-20
13526,13526,,2025-07-09
13527,13527,admin,2025-08-28
13528,13528,admin,2025-08-09
13529,13529,invalid_role,2026-03-10
13530,13530,viewer,2025-12-27
13531,13531,invalid_role,2025-06-29
13532,13532,viewer,2025-05-25
13533,13533,,2025-12-26
13534,13534,invalid_role,2025-10-22
13535,13535,unknown,2025-11-30
13536,13536,editor,2026-02-21
13537,13537,invalid_role,2025-09-06
13538,13538,,2025-04-26
13539,13539,editor,2025-12-25
13540,13540,editor,2026-01-16
13541,13541,admin,2025-11-04
13542,13542,editor,2025-06-24
13543,13543,admin,2025-06-07
13544,13544,viewer,2025-05-17
13545,13545,editor,2026-03-08
13546,13546,viewer,2026-01-22
13547,13547,admin,2025-08-19
13548,13548,viewer,2025-11-21
13549,13549,admin,2025-12-12
13550,13550,admin,2025-07-31
13551,13551,,2026-01-03
13552,13552,viewer,2025-12-02
13553,13553,viewer,2025-08-10
13554,13554,editor,2025-05-05
13555,13555,admin,2025-06-23
13556,13556,guest,2025-06-11
13557,13557,,2025-08-30
13558,13558,editor,2025-04-25
13559,13559,admin,2025-05-07
13560,13560,viewer,2025-11-02
13561,13561,viewer,2025-12-11
13562,13562,admin,2025-11-28
13563,13563,editor,2025-06-09
13564,13564,admin,2025-07-11
13565,13565,editor,2025-12-05
13566,13566,viewer,2025-04-05
13567,13567,admin,2026-03-21
13568,13568,guest,2026-01-02
13569,13569,editor,2025-11-02
13570,13570,viewer,2026-01-05
13571,13571,guest,2025-07-29
13572,13572,editor,2025-12-17
13573,13573,editor,2025-06-18
13574,13574,admin,2025-09-19
13575,13575,admin,2025-05-29
13576,13576,viewer,2025-11-04
13577,13577,viewer,2025-08-24
13578,13578,editor,2026-02-18
13579,13579,viewer,2025-04-30
13580,13580,viewer,2025-11-09
13581,13581,admin,2025-04-22
13582,13582,viewer,2025-04-22
13583,13583,viewer,2025-06-06
13584,13584,admin,2025-10-01
13585,13585,viewer,2025-07-04
13586,13586,admin,2025-05-04
13587,13587,editor,2026-02-08
13588,13588,unknown,2025-11-19
13589,13589,editor,2025-10-02
13590,13590,editor,2026-03-28
13591,13591,admin,2026-03-29
13592,13592,viewer,2026-03-28
13593,13593,admin,2025-04-20
13594,13594,,2026-03-27
13595,13595,admin,2025-07-24
13596,13596,viewer,2026-03-03
13597,13597,viewer,2025-12-01
13598,13598,admin,2026-03-24
13599,13599,editor,2025-06-25
13600,13600,admin,2026-02-02
13601,13601,editor,2026-03-04
13602,13602,admin,2026-02-17
13603,13603,admin,2025-12-21
13604,13604,unknown,2025-12-19
13605,13605,editor,2025-11-22
13606,13606,viewer,2025-08-24
13607,13607,viewer,2025-09-11
13608,13608,admin,2026-02-18
13609,13609,viewer,2025-09-17
13610,13610,viewer,2026-03-26
13611,13611,admin,2026-03-17
13612,13612,viewer,2025-07-12
13613,13613,admin,2025-09-27
13614,13614,editor,2025-08-10
13615,13615,viewer,2025-08-05
13616,13616,,2025-11-14
13617,13617,admin,2025-10-23
13618,13618,editor,2025-05-05
13619,13619,editor,2026-01-05
13620,13620,unknown,2025-10-03
13621,13621,viewer,2025-12-04
13622,13622,,2025-03-30
13623,13623,editor,2025-05-05
13624,13624,viewer,2026-02-24
13625,13625,viewer,2025-09-16
13626,13626,viewer,2025-06-17
13627,13627,viewer,2025-06-22
13628,13628,,2026-03-11
13629,13629,admin,2025-06-28
13630,13630,editor,2025-05-06
13631,13631,,2026-01-27
13632,13632,viewer,2025-09-07
13633,13633,editor,2025-07-30
13634,13634,admin,2025-07-22
13635,13635,viewer,2026-01-06
13636,13636,,2025-07-12
13637,13637,viewer,2026-02-26
13638,13638,viewer,2025-10-25
13639,13639,editor,2025-12-05
13640,13640,viewer,2026-03-11
13641,13641,viewer,2025-10-01
13642,13642,guest,2025-07-11
13643,13643,unknown,2025-09-05
13644,13644,admin,2025-11-30
13645,13645,editor,2025-12-29
13646,13646,admin,2025-05-06
13647,13647,editor,2025-08-26
13648,13648,guest,2025-04-08
13649,13649,admin,2025-05-16
13650,13650,admin,2025-09-04
13651,13651,guest,2025-12-16
13652,13652,admin,2025-04-10
13653,13653,admin,2026-03-09
13654,13654,,2025-08-01
13655,13655,editor,2025-06-08
13656,13656,,2026-01-21
13657,13657,admin,2025-09-03
13658,13658,editor,2026-02-01
13659,13659,invalid_role,2025-04-11
13660,13660,admin,2025-11-09
13661,13661,admin,2026-03-25
13662,13662,,2025-09-13
13663,13663,admin,2025-12-25
13664,13664,,2025-10-12
13665,13665,viewer,2025-08-22
13666,13666,admin,2025-08-06
13667,13667,unknown,2025-03-30
13668,13668,editor,2025-04-03
13669,13669,invalid_role,2026-01-03
13670,13670,editor,2026-02-04
13671,13671,viewer,2025-08-12
13672,13672,,2025-11-07
13673,13673,editor,2026-02-06
13674,13674,admin,2026-03-19
13675,13675,admin,2025-10-27
13676,13676,viewer,2026-03-08
13677,13677,editor,2025-07-11
13678,13678,admin,2025-07-05
13679,13679,viewer,2026-03-22
13680,13680,guest,2026-02-11
13681,13681,viewer,2025-08-27
13682,13682,editor,2025-04-20
13683,13683,admin,2025-08-16
13684,13684,admin,2026-01-08
13685,13685,admin,2025-05-23
13686,13686,editor,2025-08-26
13687,13687,viewer,2025-10-10
13688,13688,guest,2026-03-12
13689,13689,viewer,2025-03-30
13690,13690,viewer,2025-11-21
13691,13691,admin,2026-02-24
13692,13692,viewer,2025-09-09
13693,13693,editor,2025-09-11
13694,13694,editor,2025-11-07
13695,13695,,2025-09-05
13696,13696,admin,2025-11-20
13697,13697,admin,2025-12-02
13698,13698,editor,2025-11-04
13699,13699,editor,2025-12-07
13700,13700,editor,2025-11-15
13701,13701,admin,2025-05-14
13702,13702,viewer,2026-03-28
13703,13703,unknown,2026-02-03
13704,13704,viewer,2026-03-08
13705,13705,viewer,2025-09-21
13706,13706,viewer,2026-02-12
13707,13707,admin,2025-11-21
13708,13708,viewer,2025-04-05
13709,13709,viewer,2025-06-08
13710,13710,admin,2025-11-29
13711,13711,unknown,2025-06-18
13712,13712,editor,2025-07-19
13713,13713,admin,2025-12-11
13714,13714,,2025-06-04
13715,13715,,2025-11-25
13716,13716,admin,2025-05-17
13717,13717,invalid_role,2025-09-15
13718,13718,viewer,2025-05-12
13719,13719,viewer,2026-01-02
13720,13720,editor,2025-11-24
13721,13721,editor,2025-04-04
13722,13722,admin,2025-11-05
13723,13723,editor,2026-03-10
13724,13724,editor,2025-11-10
13725,13725,viewer,2025-08-13
13726,13726,invalid_role,2025-10-19
13727,13727,viewer,2025-04-14
13728,13728,editor,2025-04-28
13729,13729,admin,2026-03-06
13730,13730,unknown,2025-08-29
13731,13731,editor,2025-11-12
13732,13732,viewer,2026-03-25
13733,13733,editor,2025-12-16
13734,13734,guest,2026-01-28
13735,13735,admin,2026-03-15
13736,13736,unknown,2025-10-23
13737,13737,editor,2025-12-04
13738,13738,viewer,2025-11-01
13739,13739,editor,2025-06-04
13740,13740,editor,2025-08-27
13741,13741,editor,2025-05-21
13742,13742,invalid_role,2025-07-14
13743,13743,,2025-05-21
13744,13744,admin,2026-01-15
13745,13745,editor,2025-11-19
13746,13746,admin,2026-03-06
13747,13747,viewer,2026-01-09
13748,13748,viewer,2025-12-28
13749,13749,admin,2025-10-20
13750,13750,viewer,2025-12-17
13751,13751,admin,2025-06-19
13752,13752,,2025-05-20
13753,13753,editor,2025-12-14
13754,13754,editor,2025-11-28
13755,13755,admin,2025-10-15
13756,13756,viewer,2025-09-13
13757,13757,viewer,2025-12-25
13758,13758,editor,2025-10-07
13759,13759,editor,2025-09-25
13760,13760,viewer,2025-12-08
13761,13761,admin,2025-10-30
13762,13762,editor,2025-11-18
13763,13763,,2026-01-26
13764,13764,admin,2026-01-10
13765,13765,admin,2025-05-02
13766,13766,viewer,2026-01-31
13767,13767,editor,2026-03-02
13768,13768,editor,2025-09-20
13769,13769,viewer,2025-07-26
13770,13770,admin,2026-01-02
13771,13771,viewer,2025-06-22
13772,13772,viewer,2025-10-27
13773,13773,viewer,2026-01-12
13774,13774,viewer,2025-05-04
13775,13775,,2025-04-19
13776,13776,editor,2025-10-07
13777,13777,,2025-07-15
13778,13778,viewer,2025-04-13
13779,13779,editor,2025-10-19
13780,13780,invalid_role,2025-07-24
13781,13781,editor,2026-02-21
13782,13782,viewer,2025-12-25
13783,13783,viewer,2026-02-25
13784,13784,admin,2025-07-25
13785,13785,viewer,2025-06-15
13786,13786,viewer,2025-04-24
13787,13787,admin,2025-07-08
13788,13788,editor,2025-08-25
13789,13789,admin,2025-07-04
13790,13790,editor,2025-12-01
13791,13791,editor,2025-06-26
13792,13792,admin,2025-06-27
13793,13793,viewer,2025-10-18
13794,13794,viewer,2025-09-28
13795,13795,editor,2026-02-20
13796,13796,editor,2025-11-23
13797,13797,editor,2025-11-08
13798,13798,viewer,2025-10-16
13799,13799,viewer,2025-05-12
13800,13800,,2026-02-10
13801,13801,,2025-11-15
13802,13802,admin,2025-07-18
13803,13803,unknown,2025-10-02
13804,13804,viewer,2025-08-02
13805,13805,admin,2025-07-20
13806,13806,admin,2025-03-31
13807,13807,,2025-05-14
13808,13808,admin,2025-05-15
13809,13809,admin,2025-09-07
13810,13810,invalid_role,2025-11-02
13811,13811,editor,2025-06-24
13812,13812,,2025-07-03
13813,13813,viewer,2025-08-31
13814,13814,editor,2025-05-24
13815,13815,editor,2025-05-07
13816,13816,viewer,2025-04-22
13817,13817,,2026-02-07
13818,13818,viewer,2025-11-28
13819,13819,viewer,2025-05-06
13820,13820,admin,2026-01-20
13821,13821,admin,2025-05-20
13822,13822,admin,2026-01-03
13823,13823,admin,2025-04-01
13824,13824,viewer,2025-10-29
13825,13825,viewer,2025-07-18
13826,13826,admin,2026-03-25
13827,13827,,2025-08-25
13828,13828,,2025-10-05
13829,13829,viewer,2025-07-27
13830,13830,,2025-12-10
13831,13831,editor,2026-01-23
13832,13832,admin,2026-01-11
13833,13833,viewer,2025-09-02
13834,13834,editor,2025-04-11
13835,13835,viewer,2026-01-05
13836,13836,editor,2025-12-02
13837,13837,,2025-12-21
13838,13838,guest,2025-12-28
13839,13839,,2025-09-24
13840,13840,viewer,2025-06-15
13841,13841,admin,2025-08-14
13842,13842,viewer,2026-01-06
13843,13843,editor,2025-11-12
13844,13844,editor,2025-07-07
13845,13845,editor,2025-10-21
13846,13846,admin,2025-04-18
13847,13847,guest,2025-12-07
13848,13848,viewer,2025-05-13
13849,13849,viewer,2025-11-17
13850,13850,editor,2025-07-10
13851,13851,guest,2025-11-22
13852,13852,admin,2025-07-22
13853,13853,viewer,2026-02-05
13854,13854,editor,2025-06-05
13855,13855,editor,2026-03-22
13856,13856,editor,2025-04-19
13857,13857,editor,2025-06-07
13858,13858,editor,2025-08-31
13859,13859,viewer,2025-07-01
13860,13860,viewer,2025-06-26
13861,13861,viewer,2026-01-14
13862,13862,editor,2025-04-14
13863,13863,viewer,2025-10-17
13864,13864,viewer,2025-10-27
13865,13865,invalid_role,2025-11-12
13866,13866,,2025-07-07
13867,13867,editor,2026-01-04
13868,13868,admin,2025-08-13
13869,13869,viewer,2025-12-11
13870,13870,editor,2025-07-01
13871,13871,editor,2025-06-01
13872,13872,admin,2025-12-25
13873,13873,viewer,2026-02-21
13874,13874,admin,2025-10-26
13875,13875,editor,2026-02-08
13876,13876,admin,2026-03-04
13877,13877,admin,2025-04-29
13878,13878,unknown,2026-03-20
13879,13879,admin,2025-11-29
13880,13880,admin,2025-10-17
13881,13881,,2025-08-10
13882,13882,editor,2026-01-24
13883,13883,editor,2025-09-06
13884,13884,admin,2026-02-10
13885,13885,,2026-02-17
13886,13886,viewer,2025-05-15
13887,13887,admin,2025-07-01
13888,13888,unknown,2025-07-14
13889,13889,editor,2026-03-04
13890,13890,editor,2025-07-05
13891,13891,viewer,2026-02-18
13892,13892,guest,2025-12-31
13893,13893,editor,2025-08-14
13894,13894,admin,2025-11-17
13895,13895,,2026-01-20
13896,13896,admin,2025-12-18
13897,13897,guest,2025-12-06
13898,13898,admin,2025-09-04
13899,13899,admin,2025-09-27
13900,13900,admin,2025-07-19
13901,13901,viewer,2025-05-08
13902,13902,viewer,2025-09-03
13903,13903,editor,2025-12-23
13904,13904,editor,2026-01-18
13905,13905,viewer,2025-05-01
13906,13906,,2025-08-27
13907,13907,viewer,2025-09-13
13908,13908,admin,2025-04-15
13909,13909,viewer,2025-05-25
13910,13910,admin,2025-07-19
13911,13911,viewer,2025-06-29
13912,13912,admin,2025-11-06
13913,13913,admin,2025-11-12
13914,13914,viewer,2025-05-01
13915,13915,editor,2025-07-20
13916,13916,editor,2025-12-20
13917,13917,admin,2025-07-13
13918,13918,admin,2025-09-17
13919,13919,viewer,2025-07-08
13920,13920,editor,2025-07-27
13921,13921,editor,2026-03-09
13922,13922,admin,2025-05-08
13923,13923,admin,2025-10-28
13924,13924,viewer,2025-09-21
13925,13925,editor,2025-07-07
13926,13926,viewer,2026-03-08
13927,13927,admin,2025-11-03
13928,13928,viewer,2025-06-17
13929,13929,viewer,2025-04-17
13930,13930,admin,2025-09-04
13931,13931,viewer,2025-06-03
13932,13932,viewer,2025-05-12
13933,13933,viewer,2025-09-02
13934,13934,,2025-06-07
13935,13935,unknown,2026-01-02
13936,13936,admin,2025-09-02
13937,13937,viewer,2026-01-18
13938,13938,admin,2025-04-11
13939,13939,viewer,2025-11-18
13940,13940,admin,2025-07-04
13941,13941,admin,2025-11-10
13942,13942,editor,2025-05-01
13943,13943,admin,2025-06-18
13944,13944,,2025-07-07
13945,13945,,2025-09-26
13946,13946,admin,2025-09-26
13947,13947,admin,2026-03-01
13948,13948,viewer,2025-04-17
13949,13949,viewer,2025-09-21
13950,13950,admin,2025-12-08
13951,13951,viewer,2025-06-13
13952,13952,,2025-12-02
13953,13953,editor,2026-02-20
13954,13954,admin,2025-04-03
13955,13955,viewer,2025-10-30
13956,13956,editor,2026-01-14
13957,13957,editor,2025-08-09
13958,13958,invalid_role,2025-04-18
13959,13959,editor,2026-02-20
13960,13960,,2026-03-11
13961,13961,,2026-01-20
13962,13962,unknown,2025-12-03
13963,13963,editor,2025-12-27
13964,13964,,2025-12-27
13965,13965,admin,2026-02-15
13966,13966,editor,2025-11-18
13967,13967,editor,2025-11-10
13968,13968,viewer,2025-05-21
13969,13969,viewer,2026-03-19
13970,13970,admin,2025-06-18
13971,13971,editor,2025-08-13
13972,13972,admin,2026-02-21
13973,13973,admin,2026-02-28
13974,13974,,2025-11-02
13975,13975,viewer,2026-02-14
13976,13976,editor,2025-08-05
13977,13977,admin,2025-07-02
13978,13978,guest,2026-01-18
13979,13979,editor,2025-08-16
13980,13980,viewer,2025-07-22
13981,13981,admin,2026-01-07
13982,13982,viewer,2025-12-12
13983,13983,,2025-08-29
13984,13984,viewer,2025-11-19
13985,13985,editor,2025-10-07
13986,13986,,2025-12-11
13987,13987,viewer,2025-07-29
13988,13988,viewer,2025-07-11
13989,13989,editor,2026-02-06
13990,13990,unknown,2026-03-12
13991,13991,admin,2025-10-02
13992,13992,viewer,2026-02-08
13993,13993,editor,2025-10-14
13994,13994,invalid_role,2025-09-29
13995,13995,viewer,2025-10-26
13996,13996,editor,2025-07-07
13997,13997,viewer,2025-12-06
13998,13998,editor,2025-09-11
13999,13999,viewer,2025-11-02
14000,14000,editor,2025-10-17
14001,14001,,2025-11-06
14002,14002,viewer,2025-12-04
14003,14003,viewer,2025-12-25
14004,14004,viewer,2025-12-22
14005,14005,unknown,2025-09-22
14006,14006,invalid_role,2025-08-22
14007,14007,viewer,2025-12-27
14008,14008,guest,2025-10-06
14009,14009,admin,2025-11-21
14010,14010,admin,2025-04-12
14011,14011,admin,2026-01-06
14012,14012,viewer,2026-02-01
14013,14013,viewer,2025-08-30
14014,14014,editor,2025-09-26
14015,14015,viewer,2025-05-14
14016,14016,admin,2025-06-28
14017,14017,,2025-12-30
14018,14018,viewer,2025-10-29
14019,14019,admin,2026-01-15
14020,14020,editor,2025-06-11
14021,14021,editor,2025-12-05
14022,14022,editor,2025-11-16
14023,14023,admin,2025-06-12
14024,14024,admin,2025-08-12
14025,14025,editor,2025-10-08
14026,14026,invalid_role,2026-03-28
14027,14027,admin,2025-08-13
14028,14028,,2025-11-24
14029,14029,unknown,2025-11-24
14030,14030,admin,2025-04-04
14031,14031,admin,2025-10-08
14032,14032,admin,2025-10-21
14033,14033,admin,2025-10-05
14034,14034,editor,2025-09-03
14035,14035,viewer,2025-11-23
14036,14036,editor,2025-04-23
14037,14037,,2025-08-04
14038,14038,editor,2025-10-18
14039,14039,editor,2025-12-19
14040,14040,viewer,2025-12-01
14041,14041,admin,2025-12-10
14042,14042,viewer,2025-07-08
14043,14043,admin,2026-02-27
14044,14044,admin,2025-04-30
14045,14045,guest,2025-10-26
14046,14046,,2025-05-24
14047,14047,viewer,2026-03-24
14048,14048,viewer,2025-11-26
14049,14049,viewer,2025-08-08
14050,14050,admin,2025-10-05
14051,14051,editor,2025-05-11
14052,14052,editor,2025-11-24
14053,14053,invalid_role,2026-02-19
14054,14054,editor,2025-08-29
14055,14055,editor,2026-03-22
14056,14056,,2026-03-14
14057,14057,viewer,2025-05-10
14058,14058,viewer,2025-08-02
14059,14059,viewer,2025-12-23
14060,14060,editor,2025-06-18
14061,14061,admin,2025-11-14
14062,14062,editor,2025-11-23
14063,14063,viewer,2025-11-03
14064,14064,admin,2025-06-14
14065,14065,editor,2026-03-22
14066,14066,editor,2025-12-25
14067,14067,,2025-10-05
14068,14068,editor,2025-10-04
14069,14069,,2026-03-13
14070,14070,admin,2025-04-08
14071,14071,,2025-03-30
14072,14072,admin,2025-12-28
14073,14073,admin,2025-05-14
14074,14074,editor,2025-10-06
14075,14075,viewer,2025-07-08
14076,14076,guest,2026-01-28
14077,14077,guest,2025-10-05
14078,14078,unknown,2025-08-12
14079,14079,,2026-03-20
14080,14080,unknown,2025-04-03
14081,14081,editor,2025-12-24
14082,14082,viewer,2025-03-30
14083,14083,editor,2025-04-16
14084,14084,viewer,2026-02-18
14085,14085,guest,2025-10-09
14086,14086,,2025-09-09
14087,14087,viewer,2025-05-11
14088,14088,viewer,2026-03-09
14089,14089,unknown,2025-12-25
14090,14090,invalid_role,2026-01-30
14091,14091,editor,2025-09-05
14092,14092,editor,2025-08-10
14093,14093,viewer,2025-09-23
14094,14094,editor,2026-02-23
14095,14095,admin,2025-05-17
14096,14096,viewer,2026-01-02
14097,14097,editor,2025-09-16
14098,14098,editor,2026-03-23
14099,14099,viewer,2025-12-09
14100,14100,viewer,2025-08-17
14101,14101,viewer,2025-04-20
14102,14102,admin,2026-01-19
14103,14103,admin,2025-11-29
14104,14104,guest,2025-07-11
14105,14105,editor,2025-07-28
14106,14106,,2025-04-19
14107,14107,viewer,2025-08-06
14108,14108,admin,2026-03-14
14109,14109,viewer,2025-09-08
14110,14110,editor,2025-09-19
14111,14111,admin,2026-01-11
14112,14112,admin,2026-03-01
14113,14113,admin,2025-08-26
14114,14114,editor,2025-06-24
14115,14115,unknown,2025-08-29
14116,14116,guest,2025-07-23
14117,14117,editor,2026-02-28
14118,14118,invalid_role,2025-12-31
14119,14119,admin,2025-10-28
14120,14120,editor,2025-09-22
14121,14121,,2025-09-03
14122,14122,editor,2025-11-27
14123,14123,viewer,2026-01-20
14124,14124,viewer,2025-04-03
14125,14125,invalid_role,2026-02-28
14126,14126,viewer,2025-09-12
14127,14127,editor,2026-01-23
14128,14128,admin,2026-02-06
14129,14129,viewer,2026-02-21
14130,14130,editor,2026-01-16
14131,14131,admin,2026-02-04
14132,14132,editor,2026-03-22
14133,14133,editor,2025-07-03
14134,14134,admin,2025-11-01
14135,14135,viewer,2026-01-08
14136,14136,unknown,2025-10-09
14137,14137,editor,2025-09-10
14138,14138,viewer,2025-08-11
14139,14139,admin,2025-05-02
14140,14140,unknown,2025-10-27
14141,14141,unknown,2025-12-19
14142,14142,admin,2025-07-23
14143,14143,viewer,2026-02-24
14144,14144,admin,2026-03-25
14145,14145,viewer,2025-12-02
14146,14146,admin,2025-11-25
14147,14147,editor,2025-06-03
14148,14148,admin,2025-11-03
14149,14149,admin,2025-07-03
14150,14150,admin,2025-06-05
14151,14151,viewer,2025-05-25
14152,14152,admin,2025-05-01
14153,14153,unknown,2025-07-17
14154,14154,admin,2025-10-14
14155,14155,unknown,2025-05-07
14156,14156,viewer,2025-07-10
14157,14157,editor,2026-03-01
14158,14158,viewer,2025-05-17
14159,14159,viewer,2025-09-28
14160,14160,unknown,2025-08-17
14161,14161,viewer,2026-02-22
14162,14162,viewer,2025-05-11
14163,14163,editor,2025-08-07
14164,14164,admin,2025-06-01
14165,14165,viewer,2025-10-19
14166,14166,admin,2025-06-30
14167,14167,viewer,2025-11-26
14168,14168,editor,2025-06-12
14169,14169,admin,2025-05-26
14170,14170,editor,2025-07-19
14171,14171,editor,2025-12-22
14172,14172,admin,2025-06-10
14173,14173,admin,2025-09-09
14174,14174,viewer,2026-02-15
14175,14175,admin,2025-08-07
14176,14176,admin,2026-02-25
14177,14177,admin,2025-07-30
14178,14178,viewer,2025-12-14
14179,14179,admin,2026-03-23
14180,14180,editor,2025-12-16
14181,14181,viewer,2025-04-12
14182,14182,editor,2025-12-06
14183,14183,editor,2026-01-19
14184,14184,viewer,2025-07-15
14185,14185,editor,2025-06-10
14186,14186,admin,2026-02-06
14187,14187,viewer,2025-12-11
14188,14188,admin,2025-10-27
14189,14189,admin,2026-01-10
14190,14190,guest,2025-10-10
14191,14191,editor,2026-01-28
14192,14192,editor,2025-04-15
14193,14193,admin,2026-03-08
14194,14194,editor,2025-06-04
14195,14195,,2025-05-05
14196,14196,admin,2025-09-07
14197,14197,guest,2026-02-16
14198,14198,editor,2026-02-15
14199,14199,admin,2026-03-16
14200,14200,editor,2026-03-04
14201,14201,viewer,2025-07-14
14202,14202,viewer,2025-06-07
14203,14203,admin,2026-01-21
14204,14204,editor,2025-12-27
14205,14205,viewer,2025-11-17
14206,14206,editor,2025-12-30
14207,14207,admin,2025-08-02
14208,14208,editor,2026-01-03
14209,14209,admin,2025-08-12
14210,14210,,2025-09-20
14211,14211,viewer,2025-12-16
14212,14212,editor,2026-01-02
14213,14213,admin,2025-12-03
14214,14214,admin,2025-05-31
14215,14215,admin,2025-11-09
14216,14216,admin,2025-12-23
14217,14217,admin,2025-12-01
14218,14218,editor,2025-03-31
14219,14219,editor,2025-09-24
14220,14220,,2025-12-07
14221,14221,admin,2025-04-30
14222,14222,admin,2025-10-10
14223,14223,invalid_role,2025-08-04
14224,14224,admin,2025-07-26
14225,14225,,2025-06-18
14226,14226,editor,2025-04-20
14227,14227,viewer,2025-08-03
14228,14228,,2025-07-20
14229,14229,editor,2025-11-20
14230,14230,editor,2026-02-19
14231,14231,viewer,2026-01-10
14232,14232,editor,2025-12-31
14233,14233,editor,2026-03-28
14234,14234,admin,2025-04-13
14235,14235,invalid_role,2025-12-17
14236,14236,unknown,2026-01-05
14237,14237,admin,2025-08-31
14238,14238,,2025-12-30
14239,14239,editor,2026-01-30
14240,14240,viewer,2025-11-15
14241,14241,editor,2026-01-13
14242,14242,admin,2026-02-14
14243,14243,editor,2025-05-03
14244,14244,guest,2025-07-03
14245,14245,admin,2025-09-06
14246,14246,viewer,2025-05-21
14247,14247,,2025-10-02
14248,14248,editor,2025-11-02
14249,14249,editor,2025-04-16
14250,14250,admin,2025-11-19
14251,14251,viewer,2025-11-02
14252,14252,admin,2025-07-23
14253,14253,admin,2025-07-23
14254,14254,viewer,2025-05-29
14255,14255,editor,2025-12-05
14256,14256,admin,2025-04-01
14257,14257,editor,2025-08-20
14258,14258,admin,2025-12-25
14259,14259,admin,2025-06-20
14260,14260,,2025-04-28
14261,14261,admin,2025-12-12
14262,14262,viewer,2025-09-26
14263,14263,editor,2025-09-09
14264,14264,unknown,2025-07-15
14265,14265,admin,2025-11-09
14266,14266,admin,2025-11-03
14267,14267,viewer,2026-03-19
14268,14268,admin,2025-04-14
14269,14269,viewer,2025-05-12
14270,14270,editor,2025-10-29
14271,14271,invalid_role,2025-10-06
14272,14272,admin,2025-11-26
14273,14273,viewer,2025-11-19
14274,14274,viewer,2026-02-27
14275,14275,viewer,2025-09-26
14276,14276,admin,2025-09-20
14277,14277,editor,2025-07-03
14278,14278,guest,2026-03-21
14279,14279,viewer,2026-02-02
14280,14280,viewer,2025-10-03
14281,14281,editor,2025-04-08
14282,14282,admin,2025-07-04
14283,14283,editor,2025-12-04
14284,14284,editor,2025-09-09
14285,14285,editor,2025-06-30
14286,14286,viewer,2025-09-19
14287,14287,viewer,2025-09-17
14288,14288,editor,2025-03-30
14289,14289,editor,2025-06-11
14290,14290,viewer,2025-04-28
14291,14291,viewer,2025-09-11
14292,14292,viewer,2025-08-20
14293,14293,admin,2025-11-24
14294,14294,,2026-03-16
14295,14295,editor,2026-02-11
14296,14296,invalid_role,2025-08-14
14297,14297,admin,2025-10-16
14298,14298,editor,2026-01-08
14299,14299,admin,2025-09-09
14300,14300,viewer,2025-08-25
14301,14301,admin,2025-09-16
14302,14302,editor,2025-09-11
14303,14303,editor,2025-09-06
14304,14304,unknown,2025-04-12
14305,14305,guest,2025-06-28
14306,14306,admin,2025-07-06
14307,14307,viewer,2025-07-30
14308,14308,admin,2025-08-17
14309,14309,editor,2025-05-30
14310,14310,editor,2025-05-05
14311,14311,admin,2026-02-12
14312,14312,admin,2025-07-07
14313,14313,editor,2025-08-13
14314,14314,editor,2026-03-07
14315,14315,editor,2025-11-24
14316,14316,editor,2026-01-16
14317,14317,editor,2026-03-22
14318,14318,editor,2025-09-12
14319,14319,,2025-11-15
14320,14320,viewer,2026-02-22
14321,14321,editor,2026-03-11
14322,14322,viewer,2025-09-20
14323,14323,viewer,2026-01-15
14324,14324,viewer,2025-10-01
14325,14325,,2025-05-30
14326,14326,editor,2025-12-26
14327,14327,editor,2025-08-25
14328,14328,guest,2025-07-07
14329,14329,admin,2025-05-21
14330,14330,invalid_role,2025-05-22
14331,14331,editor,2025-10-15
14332,14332,viewer,2026-02-25
14333,14333,editor,2025-08-28
14334,14334,viewer,2026-03-11
14335,14335,admin,2025-07-05
14336,14336,admin,2025-05-25
14337,14337,editor,2026-03-24
14338,14338,editor,2025-05-07
14339,14339,admin,2025-12-02
14340,14340,admin,2025-09-24
14341,14341,viewer,2026-03-14
14342,14342,editor,2025-10-28
14343,14343,admin,2025-11-23
14344,14344,editor,2025-09-06
14345,14345,admin,2025-07-08
14346,14346,guest,2025-11-06
14347,14347,editor,2026-02-27
14348,14348,,2026-01-30
14349,14349,editor,2025-07-29
14350,14350,viewer,2025-11-29
14351,14351,admin,2025-10-10
14352,14352,admin,2025-12-07
14353,14353,editor,2025-04-05
14354,14354,admin,2025-07-01
14355,14355,admin,2025-05-01
14356,14356,viewer,2025-07-24
14357,14357,,2025-08-22
14358,14358,admin,2026-01-07
14359,14359,editor,2025-05-16
14360,14360,editor,2025-09-28
14361,14361,guest,2026-03-05
14362,14362,invalid_role,2025-06-08
14363,14363,guest,2026-03-23
14364,14364,viewer,2025-06-05
14365,14365,invalid_role,2026-03-29
14366,14366,editor,2026-02-19
14367,14367,viewer,2026-02-17
14368,14368,viewer,2025-09-27
14369,14369,editor,2025-08-06
14370,14370,admin,2026-01-26
14371,14371,viewer,2025-12-22
14372,14372,viewer,2025-04-24
14373,14373,admin,2025-09-11
14374,14374,editor,2026-03-11
14375,14375,,2025-07-12
14376,14376,editor,2025-08-29
14377,14377,viewer,2025-12-22
14378,14378,editor,2025-06-17
14379,14379,invalid_role,2025-05-31
14380,14380,viewer,2026-03-21
14381,14381,viewer,2026-01-05
14382,14382,unknown,2026-03-17
14383,14383,unknown,2025-05-02
14384,14384,admin,2025-11-29
14385,14385,viewer,2026-01-29
14386,14386,invalid_role,2025-08-15
14387,14387,editor,2025-10-29
14388,14388,viewer,2025-05-28
14389,14389,viewer,2026-02-28
14390,14390,viewer,2025-05-26
14391,14391,invalid_role,2025-08-08
14392,14392,editor,2025-06-29
14393,14393,viewer,2025-10-03
14394,14394,editor,2025-10-31
14395,14395,,2025-12-06
14396,14396,editor,2026-03-14
14397,14397,viewer,2026-03-07
14398,14398,admin,2026-03-24
14399,14399,editor,2025-12-07
14400,14400,editor,2025-04-25
14401,14401,editor,2025-12-10
14402,14402,admin,2025-04-12
14403,14403,unknown,2026-01-09
14404,14404,admin,2025-06-23
14405,14405,admin,2025-09-16
14406,14406,guest,2025-05-25
14407,14407,admin,2026-03-03
14408,14408,admin,2025-09-26
14409,14409,editor,2025-12-22
14410,14410,editor,2025-04-19
14411,14411,admin,2025-12-28
14412,14412,admin,2025-04-29
14413,14413,editor,2025-09-12
14414,14414,editor,2025-05-21
14415,14415,admin,2026-03-23
14416,14416,admin,2025-07-23
14417,14417,viewer,2025-09-12
14418,14418,admin,2026-01-04
14419,14419,editor,2025-10-17
14420,14420,editor,2025-06-04
14421,14421,editor,2025-04-16
14422,14422,admin,2025-09-18
14423,14423,viewer,2025-11-22
14424,14424,editor,2025-08-10
14425,14425,viewer,2026-01-01
14426,14426,invalid_role,2025-10-31
14427,14427,unknown,2025-05-01
14428,14428,editor,2026-02-23
14429,14429,admin,2025-11-24
14430,14430,editor,2025-07-14
14431,14431,admin,2025-06-08
14432,14432,editor,2026-02-22
14433,14433,admin,2025-07-15
14434,14434,,2026-02-14
14435,14435,viewer,2025-09-26
14436,14436,,2025-10-10
14437,14437,admin,2025-08-19
14438,14438,guest,2025-10-14
14439,14439,editor,2025-06-14
14440,14440,editor,2026-01-14
14441,14441,viewer,2025-09-08
14442,14442,editor,2025-08-05
14443,14443,admin,2026-01-03
14444,14444,editor,2025-12-08
14445,14445,admin,2025-09-30
14446,14446,admin,2025-10-19
14447,14447,viewer,2025-06-25
14448,14448,viewer,2025-09-11
14449,14449,editor,2026-02-10
14450,14450,editor,2025-04-29
14451,14451,,2026-01-14
14452,14452,editor,2025-04-22
14453,14453,editor,2026-01-20
14454,14454,viewer,2026-01-26
14455,14455,editor,2025-05-19
14456,14456,viewer,2026-01-01
14457,14457,viewer,2025-07-16
14458,14458,guest,2025-09-16
14459,14459,invalid_role,2026-03-03
14460,14460,guest,2025-08-17
14461,14461,viewer,2025-06-22
14462,14462,editor,2025-07-25
14463,14463,admin,2025-11-17
14464,14464,,2026-01-13
14465,14465,viewer,2026-03-02
14466,14466,admin,2025-08-18
14467,14467,viewer,2026-02-27
14468,14468,admin,2025-11-19
14469,14469,,2025-07-30
14470,14470,,2025-06-27
14471,14471,viewer,2025-12-19
14472,14472,viewer,2025-08-07
14473,14473,admin,2025-06-02
14474,14474,admin,2025-10-17
14475,14475,guest,2026-03-21
14476,14476,admin,2025-05-27
14477,14477,editor,2025-12-29
14478,14478,editor,2025-07-19
14479,14479,admin,2026-01-14
14480,14480,,2026-03-17
14481,14481,editor,2025-07-24
14482,14482,viewer,2025-07-02
14483,14483,,2026-01-24
14484,14484,viewer,2025-06-17
14485,14485,admin,2025-06-11
14486,14486,editor,2026-02-04
14487,14487,editor,2025-07-19
14488,14488,,2025-07-11
14489,14489,editor,2025-06-14
14490,14490,admin,2025-06-23
14491,14491,admin,2025-07-17
14492,14492,invalid_role,2026-03-19
14493,14493,guest,2026-03-03
14494,14494,editor,2025-10-29
14495,14495,,2026-03-02
14496,14496,editor,2025-10-18
14497,14497,admin,2026-03-01
14498,14498,viewer,2025-12-17
14499,14499,admin,2025-08-29
14500,14500,guest,2025-10-28
14501,14501,admin,2025-05-04
14502,14502,,2025-12-24
14503,14503,guest,2025-06-12
14504,14504,admin,2025-10-17
14505,14505,editor,2025-11-17
14506,14506,editor,2025-08-24
14507,14507,editor,2026-02-28
14508,14508,admin,2025-12-13
14509,14509,editor,2025-04-13
14510,14510,guest,2025-10-02
14511,14511,viewer,2025-08-06
14512,14512,invalid_role,2025-11-11
14513,14513,unknown,2025-08-15
14514,14514,editor,2025-05-21
14515,14515,editor,2025-04-21
14516,14516,,2025-08-04
14517,14517,admin,2026-01-21
14518,14518,viewer,2026-01-18
14519,14519,viewer,2025-11-24
14520,14520,admin,2025-12-11
14521,14521,viewer,2025-11-20
14522,14522,admin,2025-12-16
14523,14523,guest,2025-07-23
14524,14524,,2025-10-27
14525,14525,,2025-07-12
14526,14526,viewer,2026-03-23
14527,14527,viewer,2025-12-31
14528,14528,viewer,2026-01-02
14529,14529,viewer,2025-11-07
14530,14530,editor,2025-11-15
14531,14531,editor,2025-09-29
14532,14532,viewer,2025-09-27
14533,14533,unknown,2025-05-31
14534,14534,admin,2025-11-06
14535,14535,editor,2025-12-18
14536,14536,viewer,2025-04-08
14537,14537,viewer,2025-10-29
14538,14538,unknown,2025-07-21
14539,14539,admin,2025-12-14
14540,14540,viewer,2025-08-31
14541,14541,viewer,2026-02-08
14542,14542,viewer,2025-10-02
14543,14543,editor,2026-01-10
14544,14544,admin,2025-10-30
14545,14545,editor,2026-01-03
14546,14546,viewer,2026-03-11
14547,14547,editor,2025-09-07
14548,14548,admin,2025-04-29
14549,14549,admin,2025-07-16
14550,14550,editor,2025-07-07
14551,14551,viewer,2025-06-27
14552,14552,viewer,2026-02-04
14553,14553,editor,2025-05-27
14554,14554,admin,2025-09-16
14555,14555,viewer,2026-02-24
14556,14556,viewer,2025-10-29
14557,14557,editor,2026-02-28
14558,14558,invalid_role,2025-12-27
14559,14559,viewer,2025-10-30
14560,14560,,2025-07-22
14561,14561,guest,2025-04-22
14562,14562,admin,2025-09-30
14563,14563,editor,2026-01-01
14564,14564,admin,2025-05-05
14565,14565,viewer,2025-08-08
14566,14566,admin,2026-03-05
14567,14567,admin,2025-09-16
14568,14568,admin,2026-01-20
14569,14569,admin,2025-07-18
14570,14570,,2026-02-03
14571,14571,admin,2026-01-19
14572,14572,editor,2026-01-18
14573,14573,admin,2026-01-03
14574,14574,viewer,2026-02-28
14575,14575,admin,2026-01-06
14576,14576,,2025-06-24
14577,14577,viewer,2026-02-05
14578,14578,editor,2025-06-18
14579,14579,admin,2025-04-12
14580,14580,editor,2025-11-26
14581,14581,viewer,2026-02-15
14582,14582,admin,2026-02-25
14583,14583,editor,2025-12-31
14584,14584,editor,2025-12-14
14585,14585,viewer,2026-02-21
14586,14586,admin,2026-03-14
14587,14587,admin,2025-09-20
14588,14588,viewer,2025-07-04
14589,14589,viewer,2025-10-28
14590,14590,viewer,2025-05-16
14591,14591,viewer,2025-09-23
14592,14592,admin,2025-07-31
14593,14593,admin,2025-08-17
14594,14594,guest,2025-08-03
14595,14595,viewer,2025-08-01
14596,14596,viewer,2025-10-26
14597,14597,admin,2025-11-29
14598,14598,editor,2025-10-09
14599,14599,guest,2025-04-09
14600,14600,viewer,2025-07-17
14601,14601,viewer,2025-09-06
14602,14602,unknown,2025-11-28
14603,14603,admin,2026-02-20
14604,14604,unknown,2026-03-11
14605,14605,editor,2025-09-09
14606,14606,guest,2026-01-07
14607,14607,viewer,2025-08-15
14608,14608,admin,2025-09-16
14609,14609,admin,2025-12-27
14610,14610,editor,2025-04-24
14611,14611,viewer,2025-11-28
14612,14612,admin,2025-10-18
14613,14613,viewer,2025-11-09
14614,14614,admin,2026-01-29
14615,14615,admin,2025-10-09
14616,14616,editor,2025-10-07
14617,14617,editor,2025-11-21
14618,14618,viewer,2025-08-28
14619,14619,viewer,2026-01-12
14620,14620,admin,2026-03-29
14621,14621,editor,2025-09-29
14622,14622,editor,2026-01-08
14623,14623,,2026-03-05
14624,14624,admin,2025-05-22
14625,14625,editor,2025-10-13
14626,14626,viewer,2025-10-06
14627,14627,viewer,2025-09-25
14628,14628,,2026-01-02
14629,14629,,2025-12-02
14630,14630,admin,2025-07-17
14631,14631,viewer,2025-07-25
14632,14632,admin,2026-03-20
14633,14633,viewer,2025-11-30
14634,14634,editor,2026-01-08
14635,14635,viewer,2026-03-19
14636,14636,viewer,2025-04-09
14637,14637,editor,2026-01-08
14638,14638,editor,2025-12-30
14639,14639,viewer,2025-12-15
14640,14640,viewer,2025-07-14
14641,14641,viewer,2025-05-05
14642,14642,admin,2025-04-28
14643,14643,admin,2025-05-18
14644,14644,viewer,2025-04-28
14645,14645,,2025-07-20
14646,14646,viewer,2025-08-20
14647,14647,admin,2025-11-01
14648,14648,editor,2025-04-29
14649,14649,viewer,2025-06-15
14650,14650,viewer,2025-11-02
14651,14651,viewer,2025-05-04
14652,14652,admin,2025-05-25
14653,14653,editor,2025-04-12
14654,14654,editor,2025-07-12
14655,14655,editor,2025-04-22
14656,14656,admin,2026-02-13
14657,14657,admin,2025-08-01
14658,14658,editor,2025-11-11
14659,14659,invalid_role,2026-02-22
14660,14660,viewer,2025-12-09
14661,14661,editor,2025-06-30
14662,14662,editor,2025-07-21
14663,14663,viewer,2026-02-01
14664,14664,editor,2025-04-13
14665,14665,editor,2025-10-14
14666,14666,admin,2025-11-08
14667,14667,editor,2025-08-26
14668,14668,editor,2025-06-21
14669,14669,editor,2025-07-25
14670,14670,viewer,2026-02-04
14671,14671,editor,2025-10-17
14672,14672,editor,2025-04-12
14673,14673,invalid_role,2025-07-12
14674,14674,viewer,2025-10-14
14675,14675,unknown,2025-05-04
14676,14676,admin,2025-09-08
14677,14677,admin,2025-10-02
14678,14678,editor,2025-07-03
14679,14679,,2025-10-14
14680,14680,admin,2025-09-19
14681,14681,admin,2025-07-16
14682,14682,editor,2025-08-03
14683,14683,editor,2025-07-08
14684,14684,,2025-07-16
14685,14685,viewer,2025-04-21
14686,14686,invalid_role,2025-07-30
14687,14687,editor,2025-10-07
14688,14688,viewer,2025-06-22
14689,14689,viewer,2025-09-04
14690,14690,viewer,2025-12-28
14691,14691,unknown,2026-03-04
14692,14692,admin,2025-10-15
14693,14693,admin,2025-08-22
14694,14694,editor,2025-09-26
14695,14695,invalid_role,2025-04-29
14696,14696,admin,2025-12-08
14697,14697,editor,2025-07-11
14698,14698,unknown,2025-10-26
14699,14699,unknown,2025-10-24
14700,14700,admin,2025-12-24
14701,14701,viewer,2026-03-10
14702,14702,,2025-10-14
14703,14703,viewer,2025-10-16
14704,14704,viewer,2025-10-24
14705,14705,editor,2025-05-03
14706,14706,admin,2025-07-12
14707,14707,viewer,2025-11-21
14708,14708,admin,2025-09-17
14709,14709,,2025-07-20
14710,14710,editor,2025-05-29
14711,14711,editor,2025-07-10
14712,14712,editor,2026-01-03
14713,14713,,2025-03-31
14714,14714,unknown,2025-04-02
14715,14715,editor,2025-04-01
14716,14716,admin,2025-07-19
14717,14717,viewer,2026-02-02
14718,14718,editor,2026-01-18
14719,14719,editor,2025-10-11
14720,14720,viewer,2025-11-20
14721,14721,viewer,2025-08-01
14722,14722,editor,2026-01-30
14723,14723,,2025-09-26
14724,14724,viewer,2025-10-03
14725,14725,editor,2025-11-02
14726,14726,viewer,2025-12-24
14727,14727,guest,2025-05-03
14728,14728,viewer,2025-09-06
14729,14729,viewer,2025-05-21
14730,14730,viewer,2025-05-03
14731,14731,editor,2026-02-08
14732,14732,viewer,2025-09-06
14733,14733,,2025-08-26
14734,14734,admin,2026-03-03
14735,14735,unknown,2025-11-27
14736,14736,admin,2025-12-28
14737,14737,editor,2025-11-06
14738,14738,viewer,2025-11-10
14739,14739,admin,2026-02-13
14740,14740,editor,2026-02-14
14741,14741,viewer,2025-04-26
14742,14742,admin,2025-06-28
14743,14743,admin,2025-11-09
14744,14744,editor,2026-01-22
14745,14745,admin,2026-02-02
14746,14746,admin,2025-08-25
14747,14747,viewer,2025-06-04
14748,14748,,2025-05-13
14749,14749,editor,2026-02-01
14750,14750,editor,2026-01-03
14751,14751,admin,2025-05-21
14752,14752,viewer,2026-03-27
14753,14753,,2025-06-21
14754,14754,viewer,2025-12-31
14755,14755,unknown,2025-07-05
14756,14756,unknown,2025-07-14
14757,14757,editor,2025-07-30
14758,14758,editor,2026-03-20
14759,14759,editor,2025-05-31
14760,14760,editor,2025-06-27
14761,14761,editor,2026-03-11
14762,14762,editor,2025-10-18
14763,14763,,2025-08-11
14764,14764,unknown,2025-08-26
14765,14765,invalid_role,2025-10-03
14766,14766,admin,2026-01-13
14767,14767,viewer,2025-11-15
14768,14768,editor,2025-07-10
14769,14769,admin,2025-04-19
14770,14770,editor,2025-07-09
14771,14771,,2025-06-29
14772,14772,viewer,2026-02-25
14773,14773,admin,2025-09-09
14774,14774,admin,2025-06-19
14775,14775,,2026-03-22
14776,14776,viewer,2025-12-26
14777,14777,admin,2026-03-22
14778,14778,editor,2026-03-18
14779,14779,viewer,2025-04-06
14780,14780,editor,2025-10-08
14781,14781,guest,2026-03-23
14782,14782,admin,2025-06-07
14783,14783,unknown,2026-03-27
14784,14784,admin,2026-01-09
14785,14785,guest,2025-10-06
14786,14786,viewer,2025-10-30
14787,14787,editor,2026-02-07
14788,14788,admin,2025-04-25
14789,14789,editor,2025-10-28
14790,14790,viewer,2025-10-01
14791,14791,editor,2025-07-03
14792,14792,viewer,2026-01-23
14793,14793,viewer,2025-04-20
14794,14794,editor,2025-09-01
14795,14795,admin,2025-05-20
14796,14796,,2025-05-11
14797,14797,viewer,2025-07-11
14798,14798,viewer,2025-04-15
14799,14799,admin,2025-04-25
14800,14800,editor,2025-11-13
14801,14801,editor,2026-03-13
14802,14802,viewer,2025-12-07
14803,14803,editor,2025-04-10
14804,14804,viewer,2025-06-27
14805,14805,viewer,2025-06-24
14806,14806,viewer,2025-12-24
14807,14807,,2025-08-13
14808,14808,,2025-10-18
14809,14809,viewer,2025-10-22
14810,14810,viewer,2025-05-14
14811,14811,editor,2026-03-04
14812,14812,editor,2025-11-21
14813,14813,,2025-04-18
14814,14814,viewer,2026-01-08
14815,14815,editor,2025-06-03
14816,14816,admin,2025-06-23
14817,14817,viewer,2025-10-05
14818,14818,admin,2025-06-01
14819,14819,viewer,2025-07-28
14820,14820,editor,2026-02-09
14821,14821,viewer,2025-11-17
14822,14822,viewer,2025-05-27
14823,14823,admin,2025-06-26
14824,14824,viewer,2025-07-21
14825,14825,admin,2026-03-09
14826,14826,guest,2026-03-27
14827,14827,unknown,2026-01-17
14828,14828,viewer,2025-08-22
14829,14829,viewer,2026-01-12
14830,14830,admin,2025-11-04
14831,14831,admin,2025-05-28
14832,14832,editor,2025-10-01
14833,14833,editor,2025-05-02
14834,14834,admin,2026-03-24
14835,14835,viewer,2025-10-18
14836,14836,viewer,2026-03-21
14837,14837,viewer,2025-11-12
14838,14838,guest,2025-10-29
14839,14839,,2026-02-16
14840,14840,admin,2025-08-04
14841,14841,invalid_role,2025-05-16
14842,14842,viewer,2025-04-21
14843,14843,unknown,2025-12-20
14844,14844,guest,2025-08-02
14845,14845,viewer,2025-08-06
14846,14846,admin,2025-09-19
14847,14847,viewer,2025-06-14
14848,14848,editor,2025-12-21
14849,14849,viewer,2025-10-06
14850,14850,viewer,2025-05-17
14851,14851,editor,2025-08-03
14852,14852,editor,2025-04-19
14853,14853,editor,2025-11-07
14854,14854,viewer,2025-08-09
14855,14855,unknown,2025-11-27
14856,14856,editor,2025-05-21
14857,14857,viewer,2025-04-16
14858,14858,editor,2025-09-18
14859,14859,admin,2025-08-13
14860,14860,admin,2025-06-20
14861,14861,guest,2026-01-08
14862,14862,admin,2026-03-12
14863,14863,admin,2025-12-19
14864,14864,editor,2026-03-01
14865,14865,viewer,2025-10-17
14866,14866,admin,2026-01-02
14867,14867,viewer,2025-09-09
14868,14868,admin,2025-12-24
14869,14869,viewer,2025-09-23
14870,14870,admin,2026-01-27
14871,14871,admin,2026-02-06
14872,14872,viewer,2025-05-17
14873,14873,admin,2025-03-30
14874,14874,admin,2026-01-25
14875,14875,admin,2025-10-26
14876,14876,editor,2025-10-30
14877,14877,admin,2025-08-12
14878,14878,admin,2025-09-11
14879,14879,editor,2026-01-25
14880,14880,admin,2025-10-19
14881,14881,unknown,2025-04-18
14882,14882,,2026-03-20
14883,14883,,2026-03-13
14884,14884,viewer,2025-07-06
14885,14885,,2026-03-05
14886,14886,editor,2025-12-16
14887,14887,viewer,2026-03-22
14888,14888,editor,2025-07-30
14889,14889,admin,2025-08-15
14890,14890,editor,2026-03-03
14891,14891,invalid_role,2025-12-13
14892,14892,guest,2025-06-09
14893,14893,unknown,2025-09-09
14894,14894,admin,2025-11-10
14895,14895,viewer,2025-10-12
14896,14896,,2025-06-22
14897,14897,admin,2026-03-28
14898,14898,admin,2025-05-18
14899,14899,editor,2025-05-31
14900,14900,,2025-10-19
14901,14901,admin,2025-05-14
14902,14902,viewer,2026-03-10
14903,14903,editor,2025-08-07
14904,14904,editor,2026-02-17
14905,14905,viewer,2025-12-21
14906,14906,editor,2026-01-08
14907,14907,viewer,2026-01-15
14908,14908,guest,2025-04-21
14909,14909,viewer,2025-12-21
14910,14910,editor,2025-10-20
14911,14911,editor,2026-01-18
14912,14912,admin,2025-10-23
14913,14913,viewer,2025-05-26
14914,14914,admin,2026-02-08
14915,14915,viewer,2025-10-21
14916,14916,admin,2025-05-28
14917,14917,editor,2025-06-20
14918,14918,unknown,2025-04-17
14919,14919,viewer,2025-08-05
14920,14920,admin,2025-11-26
14921,14921,,2025-11-26
14922,14922,editor,2026-01-02
14923,14923,admin,2025-04-04
14924,14924,editor,2026-03-21
14925,14925,viewer,2025-10-15
14926,14926,admin,2025-10-14
14927,14927,viewer,2025-08-31
14928,14928,viewer,2025-12-09
14929,14929,admin,2026-02-25
14930,14930,viewer,2025-09-04
14931,14931,admin,2025-07-30
14932,14932,admin,2025-08-01
14933,14933,,2026-01-19
14934,14934,editor,2025-11-04
14935,14935,admin,2025-06-02
14936,14936,,2026-02-10
14937,14937,,2026-02-13
14938,14938,admin,2025-09-14
14939,14939,editor,2026-01-22
14940,14940,editor,2026-03-19
14941,14941,guest,2025-10-08
14942,14942,admin,2025-08-11
14943,14943,editor,2025-09-11
14944,14944,admin,2025-04-25
14945,14945,viewer,2026-01-29
14946,14946,viewer,2025-12-31
14947,14947,unknown,2025-06-25
14948,14948,unknown,2025-09-11
14949,14949,editor,2025-08-30
14950,14950,editor,2025-09-16
14951,14951,editor,2026-02-22
14952,14952,admin,2025-09-07
14953,14953,admin,2026-02-16
14954,14954,viewer,2025-11-01
14955,14955,editor,2025-06-09
14956,14956,,2025-06-12
14957,14957,unknown,2025-07-08
14958,14958,editor,2025-11-02
14959,14959,viewer,2025-05-13
14960,14960,invalid_role,2026-03-18
14961,14961,admin,2025-05-15
14962,14962,editor,2025-12-26
14963,14963,editor,2026-01-19
14964,14964,editor,2026-02-21
14965,14965,guest,2025-11-12
14966,14966,admin,2025-04-02
14967,14967,viewer,2025-05-27
14968,14968,,2026-03-02
14969,14969,editor,2026-02-28
14970,14970,admin,2025-04-13
14971,14971,editor,2025-03-31
14972,14972,viewer,2026-02-05
14973,14973,guest,2025-06-18
14974,14974,admin,2026-01-14
14975,14975,admin,2025-11-25
14976,14976,editor,2025-12-04
14977,14977,editor,2025-11-05
14978,14978,admin,2025-04-01
14979,14979,viewer,2025-08-24
14980,14980,viewer,2026-02-22
14981,14981,guest,2025-12-13
14982,14982,admin,2025-12-27
14983,14983,viewer,2025-08-21
14984,14984,editor,2025-08-11
14985,14985,editor,2025-06-14
14986,14986,editor,2026-02-11
14987,14987,viewer,2025-08-17
14988,14988,viewer,2025-11-13
14989,14989,admin,2025-05-04
14990,14990,invalid_role,2025-08-04
14991,14991,viewer,2025-08-31
14992,14992,editor,2025-11-15
14993,14993,viewer,2025-05-17
14994,14994,,2025-11-04
14995,14995,admin,2025-08-01
14996,14996,admin,2026-02-06
14997,14997,admin,2025-07-18
14998,14998,unknown,2025-08-21
14999,14999,admin,2025-08-30
15000,15000,,2025-05-12
15001,15001,,2025-07-09
15002,15002,editor,2025-10-09
15003,15003,editor,2025-07-17
15004,15004,editor,2025-10-10
15005,15005,,2025-07-03
15006,15006,admin,2025-10-28
15007,15007,editor,2025-05-08
15008,15008,admin,2025-11-21
15009,15009,editor,2025-08-27
15010,15010,viewer,2025-11-25
15011,15011,admin,2025-04-18
15012,15012,viewer,2025-04-24
15013,15013,viewer,2026-01-15
15014,15014,admin,2025-10-26
15015,15015,viewer,2025-04-15
15016,15016,editor,2025-09-05
15017,15017,admin,2025-10-03
15018,15018,editor,2026-03-05
15019,15019,admin,2026-02-12
15020,15020,viewer,2025-09-14
15021,15021,viewer,2026-02-19
15022,15022,editor,2025-10-01
15023,15023,viewer,2025-11-23
15024,15024,viewer,2025-10-21
15025,15025,admin,2025-06-03
15026,15026,guest,2025-11-30
15027,15027,invalid_role,2025-08-08
15028,15028,viewer,2025-04-23
15029,15029,,2025-05-11
15030,15030,editor,2026-03-21
15031,15031,unknown,2025-05-05
15032,15032,viewer,2025-11-16
15033,15033,admin,2025-07-18
15034,15034,viewer,2025-12-18
15035,15035,invalid_role,2025-08-24
15036,15036,admin,2025-10-06
15037,15037,viewer,2025-05-17
15038,15038,editor,2025-09-13
15039,15039,editor,2025-09-21
15040,15040,viewer,2025-12-10
15041,15041,editor,2025-05-06
15042,15042,admin,2025-11-19
15043,15043,admin,2025-11-22
15044,15044,editor,2025-12-20
15045,15045,admin,2026-02-20
15046,15046,viewer,2026-01-06
15047,15047,editor,2025-12-17
15048,15048,,2026-01-08
15049,15049,editor,2025-08-14
15050,15050,editor,2025-11-10
15051,15051,admin,2026-01-27
15052,15052,viewer,2025-12-23
15053,15053,admin,2025-10-15
15054,15054,,2026-01-26
15055,15055,viewer,2025-05-20
15056,15056,editor,2025-05-26
15057,15057,editor,2026-02-18
15058,15058,invalid_role,2026-02-12
15059,15059,invalid_role,2026-01-09
15060,15060,invalid_role,2025-11-18
15061,15061,viewer,2026-01-07
15062,15062,admin,2025-04-07
15063,15063,admin,2025-06-06
15064,15064,unknown,2025-08-01
15065,15065,viewer,2025-09-08
15066,15066,viewer,2025-08-18
15067,15067,viewer,2025-07-19
15068,15068,viewer,2025-11-10
15069,15069,,2025-09-23
15070,15070,viewer,2025-10-08
15071,15071,editor,2026-02-10
15072,15072,unknown,2025-03-31
15073,15073,admin,2026-02-18
15074,15074,viewer,2025-06-12
15075,15075,viewer,2025-11-02
15076,15076,admin,2025-11-05
15077,15077,viewer,2025-05-08
15078,15078,admin,2025-04-21
15079,15079,admin,2025-10-04
15080,15080,admin,2025-10-20
15081,15081,editor,2025-04-26
15082,15082,guest,2025-10-17
15083,15083,admin,2025-11-27
15084,15084,invalid_role,2025-10-11
15085,15085,viewer,2025-05-27
15086,15086,guest,2025-08-18
15087,15087,viewer,2025-04-16
15088,15088,viewer,2025-05-23
15089,15089,editor,2026-02-02
15090,15090,guest,2025-11-29
15091,15091,editor,2025-09-17
15092,15092,guest,2025-04-18
15093,15093,,2025-11-19
15094,15094,viewer,2025-04-01
15095,15095,viewer,2025-08-14
15096,15096,viewer,2025-09-22
15097,15097,editor,2025-10-09
15098,15098,,2026-01-11
15099,15099,admin,2025-04-14
15100,15100,admin,2025-10-05
15101,15101,invalid_role,2025-08-28
15102,15102,unknown,2025-07-13
15103,15103,viewer,2026-02-05
15104,15104,editor,2025-06-01
15105,15105,editor,2025-04-27
15106,15106,unknown,2025-07-08
15107,15107,admin,2025-04-23
15108,15108,admin,2025-05-03
15109,15109,admin,2026-01-04
15110,15110,viewer,2025-06-09
15111,15111,viewer,2026-03-21
15112,15112,admin,2025-09-25
15113,15113,admin,2025-03-31
15114,15114,invalid_role,2025-03-31
15115,15115,admin,2026-03-13
15116,15116,viewer,2025-06-19
15117,15117,viewer,2025-07-10
15118,15118,unknown,2025-12-16
15119,15119,viewer,2025-05-17
15120,15120,viewer,2025-09-30
15121,15121,viewer,2025-09-20
15122,15122,editor,2025-11-11
15123,15123,,2025-06-24
15124,15124,viewer,2026-01-10
15125,15125,editor,2025-12-17
15126,15126,guest,2025-05-21
15127,15127,editor,2025-08-06
15128,15128,editor,2025-11-02
15129,15129,viewer,2025-05-17
15130,15130,invalid_role,2025-05-25
15131,15131,editor,2026-03-22
15132,15132,editor,2025-12-06
15133,15133,invalid_role,2025-10-05
15134,15134,editor,2026-02-06
15135,15135,admin,2026-02-05
15136,15136,editor,2025-06-11
15137,15137,viewer,2026-02-08
15138,15138,admin,2026-03-13
15139,15139,viewer,2025-06-18
15140,15140,admin,2025-09-13
15141,15141,editor,2025-04-30
15142,15142,guest,2025-07-03
15143,15143,editor,2025-09-21
15144,15144,editor,2026-02-11
15145,15145,,2025-05-05
15146,15146,,2025-12-11
15147,15147,editor,2025-04-21
15148,15148,viewer,2025-08-07
15149,15149,admin,2025-11-16
15150,15150,,2026-01-25
15151,15151,admin,2025-04-18
15152,15152,admin,2025-05-14
15153,15153,admin,2025-04-18
15154,15154,admin,2025-05-09
15155,15155,viewer,2026-01-20
15156,15156,viewer,2025-08-07
15157,15157,invalid_role,2025-10-04
15158,15158,admin,2025-10-16
15159,15159,editor,2026-01-31
15160,15160,admin,2025-11-06
15161,15161,unknown,2025-12-11
15162,15162,editor,2026-01-29
15163,15163,editor,2025-04-16
15164,15164,viewer,2025-09-15
15165,15165,invalid_role,2025-11-15
15166,15166,viewer,2025-10-17
15167,15167,editor,2026-02-05
15168,15168,viewer,2025-08-09
15169,15169,admin,2025-08-25
15170,15170,editor,2025-05-20
15171,15171,editor,2025-12-29
15172,15172,viewer,2025-06-29
15173,15173,admin,2025-08-28
15174,15174,,2025-06-27
15175,15175,editor,2025-04-24
15176,15176,admin,2025-07-05
15177,15177,editor,2026-03-14
15178,15178,viewer,2025-06-08
15179,15179,editor,2026-03-03
15180,15180,viewer,2025-07-20
15181,15181,admin,2025-08-12
15182,15182,editor,2025-09-27
15183,15183,editor,2025-06-12
15184,15184,viewer,2026-03-21
15185,15185,unknown,2025-12-04
15186,15186,viewer,2025-09-24
15187,15187,,2025-04-03
15188,15188,editor,2026-01-20
15189,15189,admin,2025-06-12
15190,15190,guest,2025-12-07
15191,15191,editor,2025-06-25
15192,15192,viewer,2025-05-16
15193,15193,admin,2025-04-18
15194,15194,editor,2026-03-19
15195,15195,editor,2026-03-16
15196,15196,editor,2025-10-18
15197,15197,viewer,2026-03-20
15198,15198,viewer,2026-02-24
15199,15199,viewer,2026-01-29
15200,15200,viewer,2025-11-28
15201,15201,viewer,2025-10-27
15202,15202,editor,2026-01-01
15203,15203,editor,2026-02-08
15204,15204,viewer,2026-03-01
15205,15205,viewer,2025-04-07
15206,15206,,2025-08-21
15207,15207,,2026-01-11
15208,15208,viewer,2025-06-19
15209,15209,viewer,2026-03-07
15210,15210,viewer,2025-04-23
15211,15211,admin,2025-12-24
15212,15212,unknown,2026-02-28
15213,15213,,2025-12-17
15214,15214,admin,2025-11-01
15215,15215,unknown,2025-11-01
15216,15216,editor,2025-09-21
15217,15217,viewer,2025-06-01
15218,15218,viewer,2025-05-02
15219,15219,editor,2025-08-06
15220,15220,,2025-10-13
15221,15221,admin,2026-01-14
15222,15222,viewer,2025-05-15
15223,15223,admin,2026-01-23
15224,15224,admin,2026-02-22
15225,15225,viewer,2026-01-15
15226,15226,viewer,2025-05-03
15227,15227,editor,2025-11-08
15228,15228,viewer,2025-07-20
15229,15229,viewer,2025-09-22
15230,15230,editor,2026-01-06
15231,15231,admin,2025-12-21
15232,15232,admin,2026-03-23
15233,15233,unknown,2025-12-29
15234,15234,viewer,2025-05-12
15235,15235,admin,2026-01-17
15236,15236,editor,2025-10-30
15237,15237,admin,2026-02-14
15238,15238,invalid_role,2025-10-24
15239,15239,guest,2025-08-12
15240,15240,admin,2026-02-19
15241,15241,editor,2025-06-04
15242,15242,viewer,2025-08-29
15243,15243,admin,2025-12-05
15244,15244,editor,2026-03-11
15245,15245,viewer,2026-02-16
15246,15246,editor,2025-06-10
15247,15247,,2026-03-19
15248,15248,viewer,2025-07-08
15249,15249,unknown,2025-05-30
15250,15250,,2025-09-06
15251,15251,viewer,2025-12-06
15252,15252,editor,2026-03-15
15253,15253,viewer,2025-07-06
15254,15254,admin,2025-04-19
15255,15255,editor,2026-03-15
15256,15256,editor,2025-05-15
15257,15257,viewer,2026-03-01
15258,15258,,2025-09-14
15259,15259,editor,2025-05-25
15260,15260,editor,2025-07-05
15261,15261,admin,2025-04-30
15262,15262,,2025-04-16
15263,15263,viewer,2025-07-04
15264,15264,viewer,2026-01-25
15265,15265,,2025-12-03
15266,15266,admin,2026-03-03
15267,15267,viewer,2025-10-14
15268,15268,editor,2026-01-20
15269,15269,viewer,2026-01-10
15270,15270,viewer,2025-06-07
15271,15271,admin,2025-07-22
15272,15272,admin,2025-11-21
15273,15273,admin,2025-09-17
15274,15274,admin,2025-12-11
15275,15275,admin,2026-02-13
15276,15276,admin,2025-05-25
15277,15277,viewer,2025-06-11
15278,15278,viewer,2025-04-21
15279,15279,editor,2025-11-22
15280,15280,admin,2025-04-14
15281,15281,editor,2025-07-05
15282,15282,viewer,2025-04-27
15283,15283,admin,2025-08-05
15284,15284,viewer,2025-06-19
15285,15285,editor,2025-10-12
15286,15286,viewer,2026-02-23
15287,15287,,2026-02-06
15288,15288,guest,2025-07-12
15289,15289,guest,2025-05-06
15290,15290,guest,2025-06-11
15291,15291,,2025-06-01
15292,15292,viewer,2025-06-14
15293,15293,,2026-02-17
15294,15294,editor,2025-05-09
15295,15295,viewer,2025-12-18
15296,15296,admin,2026-01-15
15297,15297,editor,2025-08-15
15298,15298,viewer,2025-06-09
15299,15299,unknown,2026-02-22
15300,15300,editor,2026-01-12
15301,15301,editor,2025-11-29
15302,15302,viewer,2025-12-11
15303,15303,viewer,2025-07-04
15304,15304,editor,2025-12-30
15305,15305,admin,2025-04-14
15306,15306,admin,2025-06-10
15307,15307,guest,2026-01-25
15308,15308,,2025-07-16
15309,15309,editor,2025-11-03
15310,15310,viewer,2026-03-11
15311,15311,editor,2025-11-05
15312,15312,editor,2025-06-09
15313,15313,editor,2025-12-25
15314,15314,editor,2025-08-26
15315,15315,editor,2025-10-15
15316,15316,editor,2025-09-04
15317,15317,admin,2025-10-23
15318,15318,admin,2026-03-22
15319,15319,editor,2025-04-04
15320,15320,editor,2025-09-23
15321,15321,viewer,2025-09-04
15322,15322,,2025-10-04
15323,15323,editor,2026-03-01
15324,15324,guest,2025-07-08
15325,15325,editor,2025-10-11
15326,15326,viewer,2025-06-16
15327,15327,viewer,2025-09-01
15328,15328,editor,2025-10-14
15329,15329,admin,2025-04-08
15330,15330,admin,2025-07-01
15331,15331,admin,2025-06-27
15332,15332,editor,2026-03-22
15333,15333,unknown,2025-08-19
15334,15334,admin,2025-08-25
15335,15335,editor,2025-09-28
15336,15336,admin,2026-02-24
15337,15337,editor,2025-09-16
15338,15338,editor,2025-12-04
15339,15339,editor,2025-06-10
15340,15340,viewer,2025-08-11
15341,15341,editor,2025-08-24
15342,15342,viewer,2025-11-23
15343,15343,editor,2025-10-30
15344,15344,unknown,2026-01-29
15345,15345,editor,2025-07-13
15346,15346,admin,2025-10-05
15347,15347,guest,2026-01-25
15348,15348,editor,2026-01-05
15349,15349,unknown,2026-01-31
15350,15350,unknown,2025-09-28
15351,15351,editor,2026-03-16
15352,15352,editor,2026-01-15
15353,15353,admin,2025-08-14
15354,15354,viewer,2025-10-03
15355,15355,viewer,2025-03-30
15356,15356,,2025-07-09
15357,15357,viewer,2026-03-17
15358,15358,editor,2025-08-20
15359,15359,guest,2025-05-09
15360,15360,admin,2026-03-16
15361,15361,viewer,2025-11-15
15362,15362,viewer,2025-06-25
15363,15363,admin,2025-05-31
15364,15364,viewer,2025-12-08
15365,15365,admin,2026-02-07
15366,15366,viewer,2025-05-23
15367,15367,editor,2025-11-20
15368,15368,editor,2025-05-03
15369,15369,editor,2025-05-05
15370,15370,invalid_role,2025-09-12
15371,15371,viewer,2025-10-29
15372,15372,editor,2025-08-15
15373,15373,editor,2025-12-15
15374,15374,viewer,2025-12-21
15375,15375,viewer,2026-01-31
15376,15376,,2025-09-16
15377,15377,editor,2025-08-18
15378,15378,admin,2025-07-25
15379,15379,,2025-07-09
15380,15380,editor,2026-02-26
15381,15381,admin,2026-02-14
15382,15382,,2025-11-07
15383,15383,viewer,2026-02-12
15384,15384,editor,2025-05-19
15385,15385,viewer,2025-06-13
15386,15386,unknown,2025-06-20
15387,15387,viewer,2025-06-18
15388,15388,viewer,2025-10-05
15389,15389,viewer,2025-11-10
15390,15390,viewer,2025-08-31
15391,15391,editor,2025-04-14
15392,15392,guest,2025-10-16
15393,15393,,2025-11-16
15394,15394,,2025-10-31
15395,15395,viewer,2025-08-19
15396,15396,viewer,2025-05-13
15397,15397,editor,2025-11-17
15398,15398,admin,2026-01-24
15399,15399,invalid_role,2025-11-27
15400,15400,viewer,2026-01-28
15401,15401,viewer,2025-09-27
15402,15402,viewer,2025-06-06
15403,15403,,2026-03-05
15404,15404,admin,2026-02-27
15405,15405,admin,2025-06-19
15406,15406,admin,2026-02-14
15407,15407,guest,2025-05-14
15408,15408,invalid_role,2025-11-29
15409,15409,admin,2026-02-25
15410,15410,admin,2025-07-23
15411,15411,viewer,2025-07-24
15412,15412,editor,2025-12-28
15413,15413,admin,2025-06-12
15414,15414,viewer,2026-03-21
15415,15415,guest,2025-11-17
15416,15416,editor,2025-09-25
15417,15417,editor,2026-02-04
15418,15418,viewer,2025-09-01
15419,15419,viewer,2026-02-22
15420,15420,admin,2025-09-13
15421,15421,admin,2025-08-02
15422,15422,,2025-11-03
15423,15423,viewer,2025-04-15
15424,15424,viewer,2025-07-29
15425,15425,editor,2025-07-08
15426,15426,editor,2025-08-15
15427,15427,admin,2025-04-12
15428,15428,admin,2025-04-25
15429,15429,admin,2025-12-04
15430,15430,admin,2026-02-04
15431,15431,admin,2025-06-02
15432,15432,invalid_role,2025-12-20
15433,15433,unknown,2026-02-01
15434,15434,editor,2025-09-16
15435,15435,viewer,2025-09-06
15436,15436,editor,2025-12-27
15437,15437,editor,2025-07-06
15438,15438,viewer,2025-09-04
15439,15439,editor,2025-12-10
15440,15440,,2026-02-27
15441,15441,viewer,2026-01-03
15442,15442,admin,2025-11-18
15443,15443,,2025-07-06
15444,15444,admin,2026-01-14
15445,15445,unknown,2025-04-29
15446,15446,editor,2026-02-23
15447,15447,invalid_role,2025-12-02
15448,15448,editor,2025-06-08
15449,15449,invalid_role,2026-02-11
15450,15450,,2025-08-07
15451,15451,viewer,2025-09-05
15452,15452,admin,2025-09-06
15453,15453,viewer,2025-09-09
15454,15454,,2025-05-21
15455,15455,viewer,2025-07-07
15456,15456,guest,2025-09-04
15457,15457,editor,2025-05-29
15458,15458,admin,2026-02-17
15459,15459,admin,2026-02-01
15460,15460,unknown,2026-03-08
15461,15461,viewer,2025-04-26
15462,15462,admin,2025-04-22
15463,15463,admin,2026-02-19
15464,15464,viewer,2025-04-09
15465,15465,invalid_role,2025-08-05
15466,15466,editor,2025-10-16
15467,15467,editor,2025-11-19
15468,15468,invalid_role,2025-05-05
15469,15469,viewer,2026-02-17
15470,15470,editor,2025-11-17
15471,15471,admin,2025-05-24
15472,15472,admin,2025-06-05
15473,15473,editor,2026-02-10
15474,15474,admin,2025-11-26
15475,15475,admin,2025-05-26
15476,15476,,2025-04-18
15477,15477,unknown,2025-10-13
15478,15478,,2025-05-23
15479,15479,viewer,2025-12-09
15480,15480,admin,2025-08-30
15481,15481,viewer,2025-06-19
15482,15482,editor,2026-01-31
15483,15483,editor,2026-01-10
15484,15484,viewer,2025-04-24
15485,15485,editor,2025-04-28
15486,15486,admin,2026-03-04
15487,15487,editor,2025-12-20
15488,15488,editor,2025-07-22
15489,15489,viewer,2025-11-02
15490,15490,admin,2025-07-27
15491,15491,admin,2025-05-01
15492,15492,editor,2025-11-20
15493,15493,admin,2025-08-05
15494,15494,viewer,2025-10-25
15495,15495,unknown,2025-10-11
15496,15496,admin,2025-04-02
15497,15497,editor,2025-04-25
15498,15498,admin,2026-01-25
15499,15499,admin,2025-12-01
15500,15500,admin,2025-12-05
15501,15501,editor,2026-02-28
15502,15502,editor,2025-04-23
15503,15503,,2025-06-10
15504,15504,viewer,2025-05-16
15505,15505,editor,2026-01-10
15506,15506,admin,2025-12-28
15507,15507,admin,2025-11-18
15508,15508,admin,2025-09-22
15509,15509,viewer,2026-01-07
15510,15510,viewer,2025-12-06
15511,15511,viewer,2025-05-08
15512,15512,editor,2025-06-14
15513,15513,admin,2025-07-03
15514,15514,editor,2026-02-15
15515,15515,guest,2025-10-30
15516,15516,admin,2025-11-20
15517,15517,,2025-12-27
15518,15518,viewer,2025-06-30
15519,15519,admin,2026-01-20
15520,15520,editor,2026-01-19
15521,15521,editor,2025-06-22
15522,15522,viewer,2025-08-28
15523,15523,,2025-08-20
15524,15524,editor,2025-09-07
15525,15525,viewer,2025-04-22
15526,15526,admin,2025-10-03
15527,15527,viewer,2025-12-03
15528,15528,editor,2025-09-25
15529,15529,viewer,2025-08-26
15530,15530,editor,2025-07-21
15531,15531,admin,2025-07-02
15532,15532,viewer,2026-03-04
15533,15533,viewer,2025-08-25
15534,15534,viewer,2025-09-23
15535,15535,,2025-05-08
15536,15536,admin,2025-09-20
15537,15537,admin,2025-11-12
15538,15538,admin,2026-03-16
15539,15539,editor,2025-08-25
15540,15540,admin,2026-01-21
15541,15541,admin,2025-03-30
15542,15542,admin,2026-01-19
15543,15543,,2025-11-25
15544,15544,editor,2025-05-26
15545,15545,editor,2026-01-14
15546,15546,editor,2026-02-25
15547,15547,invalid_role,2026-03-16
15548,15548,viewer,2025-07-19
15549,15549,admin,2025-06-11
15550,15550,viewer,2025-12-01
15551,15551,admin,2026-03-23
15552,15552,editor,2026-02-08
15553,15553,admin,2025-09-24
15554,15554,editor,2025-06-10
15555,15555,editor,2025-10-07
15556,15556,editor,2025-12-11
15557,15557,admin,2025-04-23
15558,15558,unknown,2025-04-23
15559,15559,editor,2025-08-21
15560,15560,viewer,2025-06-04
15561,15561,editor,2025-07-06
15562,15562,guest,2026-02-23
15563,15563,editor,2025-07-14
15564,15564,editor,2025-09-15
15565,15565,,2025-12-22
15566,15566,editor,2025-04-15
15567,15567,invalid_role,2025-12-23
15568,15568,admin,2025-12-12
15569,15569,editor,2025-12-04
15570,15570,admin,2026-01-31
15571,15571,admin,2025-04-08
15572,15572,viewer,2025-09-03
15573,15573,viewer,2026-03-25
15574,15574,viewer,2025-10-26
15575,15575,editor,2025-07-08
15576,15576,viewer,2025-07-01
15577,15577,editor,2025-10-03
15578,15578,admin,2025-10-27
15579,15579,editor,2026-02-12
15580,15580,viewer,2026-03-13
15581,15581,invalid_role,2025-04-03
15582,15582,editor,2025-05-12
15583,15583,admin,2026-03-22
15584,15584,,2025-08-10
15585,15585,,2025-10-06
15586,15586,viewer,2025-04-19
15587,15587,unknown,2025-04-06
15588,15588,admin,2025-08-01
15589,15589,invalid_role,2025-10-01
15590,15590,editor,2026-02-22
15591,15591,editor,2025-08-05
15592,15592,viewer,2025-04-14
15593,15593,viewer,2026-02-16
15594,15594,admin,2025-05-30
15595,15595,admin,2026-02-05
15596,15596,,2025-09-02
15597,15597,editor,2025-07-24
15598,15598,editor,2025-10-08
15599,15599,editor,2025-09-19
15600,15600,,2026-01-04
15601,15601,viewer,2025-04-05
15602,15602,guest,2025-11-02
15603,15603,admin,2025-06-17
15604,15604,admin,2025-12-24
15605,15605,,2025-09-12
15606,15606,,2025-11-25
15607,15607,editor,2025-03-30
15608,15608,admin,2025-09-16
15609,15609,editor,2025-12-18
15610,15610,viewer,2025-05-10
15611,15611,editor,2026-02-04
15612,15612,editor,2025-07-20
15613,15613,,2025-12-25
15614,15614,,2025-10-17
15615,15615,admin,2025-07-25
15616,15616,viewer,2025-08-13
15617,15617,admin,2026-03-04
15618,15618,,2026-03-08
15619,15619,unknown,2025-09-01
15620,15620,editor,2025-05-10
15621,15621,viewer,2025-07-03
15622,15622,viewer,2025-05-10
15623,15623,admin,2026-03-10
15624,15624,viewer,2026-03-20
15625,15625,viewer,2026-02-23
15626,15626,admin,2026-03-29
15627,15627,viewer,2025-09-29
15628,15628,unknown,2025-11-05
15629,15629,editor,2026-03-11
15630,15630,editor,2025-09-27
15631,15631,editor,2025-11-28
15632,15632,,2025-09-30
15633,15633,editor,2025-06-12
15634,15634,admin,2025-04-18
15635,15635,editor,2025-08-04
15636,15636,admin,2025-05-14
15637,15637,viewer,2025-10-30
15638,15638,editor,2025-05-27
15639,15639,editor,2025-04-22
15640,15640,admin,2025-09-14
15641,15641,editor,2026-03-29
15642,15642,admin,2025-09-10
15643,15643,editor,2026-02-20
15644,15644,editor,2025-11-27
15645,15645,viewer,2025-08-10
15646,15646,admin,2025-09-15
15647,15647,viewer,2026-03-15
15648,15648,viewer,2025-05-06
15649,15649,viewer,2025-08-20
15650,15650,invalid_role,2025-05-05
15651,15651,editor,2025-07-11
15652,15652,admin,2025-10-06
15653,15653,editor,2025-05-18
15654,15654,admin,2026-02-05
15655,15655,admin,2025-08-10
15656,15656,admin,2025-06-27
15657,15657,admin,2025-11-01
15658,15658,,2025-04-06
15659,15659,viewer,2025-10-12
15660,15660,admin,2025-10-13
15661,15661,admin,2026-01-13
15662,15662,admin,2025-12-07
15663,15663,editor,2025-09-23
15664,15664,editor,2025-10-12
15665,15665,editor,2026-01-21
15666,15666,invalid_role,2025-04-08
15667,15667,admin,2025-10-13
15668,15668,admin,2025-12-10
15669,15669,editor,2025-06-28
15670,15670,unknown,2025-05-22
15671,15671,viewer,2025-11-30
15672,15672,viewer,2025-09-07
15673,15673,admin,2026-02-22
15674,15674,admin,2026-01-24
15675,15675,viewer,2026-03-23
15676,15676,editor,2025-07-26
15677,15677,,2026-03-21
15678,15678,editor,2025-06-28
15679,15679,viewer,2025-05-20
15680,15680,viewer,2025-07-19
15681,15681,editor,2025-09-27
15682,15682,editor,2026-01-30
15683,15683,invalid_role,2025-12-18
15684,15684,editor,2025-09-22
15685,15685,editor,2025-06-05
15686,15686,admin,2025-04-21
15687,15687,admin,2025-05-19
15688,15688,viewer,2025-08-01
15689,15689,admin,2025-11-13
15690,15690,,2026-01-05
15691,15691,,2025-11-02
15692,15692,admin,2025-04-01
15693,15693,editor,2025-06-18
15694,15694,viewer,2025-05-09
15695,15695,admin,2025-07-05
15696,15696,editor,2026-02-24
15697,15697,,2025-07-06
15698,15698,admin,2025-12-25
15699,15699,editor,2025-06-29
15700,15700,viewer,2025-05-16
15701,15701,admin,2025-12-08
15702,15702,viewer,2025-05-21
15703,15703,viewer,2025-11-26
15704,15704,,2025-06-18
15705,15705,editor,2025-05-22
15706,15706,viewer,2025-06-05
15707,15707,editor,2025-07-28
15708,15708,editor,2025-07-16
15709,15709,admin,2026-02-13
15710,15710,guest,2026-02-21
15711,15711,editor,2025-04-10
15712,15712,unknown,2026-02-11
15713,15713,viewer,2025-04-22
15714,15714,admin,2025-11-13
15715,15715,editor,2025-07-11
15716,15716,viewer,2025-12-05
15717,15717,viewer,2026-03-06
15718,15718,admin,2025-07-21
15719,15719,,2025-05-24
15720,15720,viewer,2026-03-27
15721,15721,editor,2025-08-14
15722,15722,,2026-01-01
15723,15723,admin,2025-04-16
15724,15724,viewer,2025-09-15
15725,15725,editor,2025-11-18
15726,15726,editor,2025-08-21
15727,15727,viewer,2025-12-31
15728,15728,viewer,2025-08-28
15729,15729,viewer,2025-06-15
15730,15730,viewer,2025-12-02
15731,15731,editor,2025-05-01
15732,15732,editor,2026-01-07
15733,15733,admin,2026-03-26
15734,15734,guest,2025-04-14
15735,15735,admin,2025-07-28
15736,15736,,2025-07-13
15737,15737,guest,2025-09-25
15738,15738,editor,2025-06-22
15739,15739,admin,2025-11-19
15740,15740,admin,2025-04-07
15741,15741,editor,2026-01-16
15742,15742,viewer,2025-05-06
15743,15743,admin,2025-04-28
15744,15744,editor,2026-01-16
15745,15745,guest,2026-02-24
15746,15746,viewer,2025-05-12
15747,15747,editor,2025-10-27
15748,15748,editor,2026-02-25
15749,15749,admin,2026-01-11
15750,15750,editor,2025-09-15
15751,15751,viewer,2025-10-13
15752,15752,,2025-06-05
15753,15753,admin,2026-02-23
15754,15754,invalid_role,2025-10-01
15755,15755,editor,2025-03-31
15756,15756,editor,2025-10-03
15757,15757,editor,2025-05-09
15758,15758,unknown,2025-12-17
15759,15759,,2025-10-18
15760,15760,guest,2026-01-29
15761,15761,viewer,2026-02-12
15762,15762,viewer,2025-12-27
15763,15763,editor,2025-03-31
15764,15764,editor,2025-10-27
15765,15765,editor,2025-04-13
15766,15766,admin,2026-02-08
15767,15767,unknown,2025-06-30
15768,15768,editor,2025-05-08
15769,15769,editor,2025-04-26
15770,15770,admin,2025-05-28
15771,15771,editor,2025-10-27
15772,15772,viewer,2026-02-13
15773,15773,viewer,2025-06-26
15774,15774,viewer,2025-10-02
15775,15775,admin,2025-11-30
15776,15776,editor,2025-09-19
15777,15777,editor,2025-10-13
15778,15778,editor,2025-12-11
15779,15779,invalid_role,2026-03-10
15780,15780,editor,2025-10-08
15781,15781,,2025-12-15
15782,15782,unknown,2025-05-16
15783,15783,editor,2025-11-05
15784,15784,invalid_role,2025-06-18
15785,15785,admin,2025-04-14
15786,15786,,2026-03-21
15787,15787,viewer,2026-02-16
15788,15788,admin,2025-05-14
15789,15789,editor,2025-07-12
15790,15790,,2025-08-20
15791,15791,editor,2025-12-18
15792,15792,admin,2026-03-27
15793,15793,viewer,2025-07-29
15794,15794,admin,2025-12-31
15795,15795,viewer,2025-07-12
15796,15796,viewer,2026-02-26
15797,15797,guest,2025-07-05
15798,15798,viewer,2025-06-27
15799,15799,editor,2025-12-23
15800,15800,editor,2025-07-20
15801,15801,viewer,2025-07-13
15802,15802,viewer,2026-02-09
15803,15803,admin,2025-05-10
15804,15804,admin,2025-08-21
15805,15805,editor,2026-02-10
15806,15806,admin,2026-02-22
15807,15807,admin,2025-06-21
15808,15808,viewer,2025-09-18
15809,15809,admin,2025-10-06
15810,15810,editor,2025-12-21
15811,15811,guest,2025-09-24
15812,15812,viewer,2025-07-28
15813,15813,editor,2026-02-28
15814,15814,unknown,2025-10-20
15815,15815,editor,2026-02-17
15816,15816,unknown,2025-10-07
15817,15817,editor,2025-04-09
15818,15818,viewer,2025-07-15
15819,15819,viewer,2025-06-19
15820,15820,editor,2025-10-13
15821,15821,editor,2025-12-29
15822,15822,admin,2025-12-27
15823,15823,viewer,2025-06-26
15824,15824,viewer,2025-04-05
15825,15825,admin,2025-09-05
15826,15826,viewer,2025-10-17
15827,15827,viewer,2025-10-08
15828,15828,editor,2025-10-17
15829,15829,admin,2025-10-31
15830,15830,admin,2025-09-27
15831,15831,viewer,2025-04-15
15832,15832,admin,2025-06-26
15833,15833,admin,2025-11-14
15834,15834,editor,2025-07-25
15835,15835,,2025-04-01
15836,15836,admin,2025-06-15
15837,15837,,2025-06-28
15838,15838,admin,2025-11-25
15839,15839,editor,2025-10-19
15840,15840,editor,2025-04-22
15841,15841,guest,2025-11-27
15842,15842,admin,2025-08-01
15843,15843,viewer,2025-08-16
15844,15844,admin,2025-07-26
15845,15845,admin,2025-07-11
15846,15846,admin,2026-02-24
15847,15847,editor,2025-10-07
15848,15848,admin,2025-12-12
15849,15849,viewer,2025-06-11
15850,15850,editor,2026-02-07
15851,15851,editor,2026-03-25
15852,15852,editor,2025-05-11
15853,15853,,2025-11-02
15854,15854,editor,2025-10-25
15855,15855,admin,2025-11-03
15856,15856,viewer,2025-04-08
15857,15857,viewer,2025-10-05
15858,15858,viewer,2025-08-31
15859,15859,viewer,2025-11-25
15860,15860,viewer,2025-09-19
15861,15861,admin,2025-12-19
15862,15862,unknown,2025-04-17
15863,15863,admin,2025-06-05
15864,15864,admin,2026-01-05
15865,15865,,2025-09-09
15866,15866,viewer,2025-04-17
15867,15867,viewer,2025-09-03
15868,15868,guest,2025-08-01
15869,15869,,2025-09-25
15870,15870,editor,2025-11-02
15871,15871,unknown,2025-05-11
15872,15872,editor,2026-01-14
15873,15873,admin,2025-04-06
15874,15874,editor,2025-07-05
15875,15875,editor,2025-12-28
15876,15876,viewer,2025-08-28
15877,15877,admin,2025-11-14
15878,15878,admin,2025-04-16
15879,15879,viewer,2026-01-28
15880,15880,invalid_role,2025-04-27
15881,15881,viewer,2025-12-26
15882,15882,admin,2025-10-30
15883,15883,editor,2025-09-25
15884,15884,admin,2026-02-20
15885,15885,editor,2026-01-10
15886,15886,admin,2025-06-06
15887,15887,viewer,2025-11-26
15888,15888,admin,2025-05-25
15889,15889,admin,2025-08-30
15890,15890,viewer,2026-01-22
15891,15891,admin,2025-07-29
15892,15892,viewer,2025-12-16
15893,15893,viewer,2025-06-30
15894,15894,viewer,2026-03-09
15895,15895,unknown,2025-06-01
15896,15896,viewer,2025-04-09
15897,15897,,2026-03-03
15898,15898,admin,2026-02-04
15899,15899,viewer,2025-06-03
15900,15900,admin,2025-08-14
15901,15901,viewer,2026-01-11
15902,15902,admin,2026-01-05
15903,15903,,2025-08-03
15904,15904,,2025-12-21
15905,15905,viewer,2025-11-18
15906,15906,editor,2025-04-01
15907,15907,viewer,2025-06-12
15908,15908,guest,2025-06-10
15909,15909,invalid_role,2025-08-02
15910,15910,viewer,2025-05-01
15911,15911,editor,2025-08-02
15912,15912,viewer,2026-01-23
15913,15913,viewer,2026-03-28
15914,15914,editor,2025-04-19
15915,15915,viewer,2025-05-16
15916,15916,viewer,2025-07-06
15917,15917,editor,2026-03-25
15918,15918,viewer,2025-12-18
15919,15919,admin,2025-08-13
15920,15920,admin,2025-05-21
15921,15921,editor,2026-01-05
15922,15922,invalid_role,2025-08-18
15923,15923,admin,2025-04-21
15924,15924,editor,2025-11-09
15925,15925,guest,2025-11-30
15926,15926,viewer,2025-10-07
15927,15927,editor,2025-09-18
15928,15928,invalid_role,2025-04-21
15929,15929,editor,2025-08-10
15930,15930,admin,2026-01-03
15931,15931,viewer,2025-12-10
15932,15932,editor,2025-10-19
15933,15933,editor,2025-10-06
15934,15934,viewer,2025-06-19
15935,15935,viewer,2026-01-08
15936,15936,admin,2026-03-05
15937,15937,admin,2025-10-09
15938,15938,editor,2025-10-21
15939,15939,viewer,2025-05-02
15940,15940,guest,2025-06-24
15941,15941,,2025-11-24
15942,15942,editor,2026-03-20
15943,15943,invalid_role,2025-08-18
15944,15944,admin,2026-01-19
15945,15945,admin,2026-02-07
15946,15946,editor,2026-02-02
15947,15947,admin,2025-11-30
15948,15948,unknown,2025-07-09
15949,15949,editor,2025-09-13
15950,15950,viewer,2026-01-28
15951,15951,invalid_role,2025-06-04
15952,15952,unknown,2026-02-20
15953,15953,admin,2025-07-26
15954,15954,invalid_role,2025-09-24
15955,15955,,2025-11-13
15956,15956,,2025-12-04
15957,15957,admin,2026-03-17
15958,15958,viewer,2025-09-16
15959,15959,guest,2025-07-01
15960,15960,editor,2025-08-23
15961,15961,viewer,2025-12-19
15962,15962,admin,2025-10-11
15963,15963,guest,2026-03-10
15964,15964,,2025-12-03
15965,15965,editor,2026-02-01
15966,15966,,2025-04-08
15967,15967,admin,2025-06-23
15968,15968,editor,2026-03-24
15969,15969,viewer,2025-05-13
15970,15970,editor,2026-01-18
15971,15971,admin,2025-09-24
15972,15972,viewer,2026-01-08
15973,15973,viewer,2025-10-17
15974,15974,admin,2025-07-19
15975,15975,viewer,2026-02-14
15976,15976,admin,2025-12-28
15977,15977,viewer,2025-05-07
15978,15978,editor,2025-04-22
15979,15979,admin,2025-10-03
15980,15980,editor,2025-07-28
15981,15981,viewer,2025-08-11
15982,15982,editor,2025-07-17
15983,15983,viewer,2025-04-20
15984,15984,,2025-10-05
15985,15985,unknown,2025-11-10
15986,15986,editor,2025-10-03
15987,15987,editor,2025-06-28
15988,15988,editor,2025-07-01
15989,15989,admin,2025-12-02
15990,15990,editor,2025-12-21
15991,15991,viewer,2025-08-13
15992,15992,admin,2026-02-26
15993,15993,admin,2025-05-17
15994,15994,admin,2026-01-13
15995,15995,viewer,2025-09-09
15996,15996,viewer,2025-10-10
15997,15997,guest,2025-12-22
15998,15998,editor,2026-02-19
15999,15999,admin,2025-04-02
16000,16000,unknown,2026-01-01
16001,16001,editor,2025-05-14
16002,16002,,2025-07-29
16003,16003,guest,2025-12-24
16004,16004,admin,2025-08-27
16005,16005,admin,2025-04-30
16006,16006,editor,2025-10-03
16007,16007,invalid_role,2025-06-20
16008,16008,viewer,2025-07-04
16009,16009,unknown,2025-08-08
16010,16010,admin,2025-06-18
16011,16011,viewer,2025-09-24
16012,16012,viewer,2026-01-15
16013,16013,,2025-12-13
16014,16014,admin,2025-12-20
16015,16015,,2025-10-20
16016,16016,viewer,2025-07-22
16017,16017,guest,2025-06-13
16018,16018,invalid_role,2026-01-24
16019,16019,viewer,2026-01-11
16020,16020,editor,2025-10-06
16021,16021,editor,2025-05-07
16022,16022,admin,2025-10-03
16023,16023,admin,2025-09-27
16024,16024,viewer,2025-05-07
16025,16025,editor,2025-10-05
16026,16026,,2025-10-09
16027,16027,editor,2025-05-03
16028,16028,,2026-03-01
16029,16029,viewer,2026-03-13
16030,16030,editor,2025-07-29
16031,16031,editor,2025-06-08
16032,16032,editor,2025-09-16
16033,16033,viewer,2025-11-06
16034,16034,unknown,2025-05-09
16035,16035,editor,2025-10-17
16036,16036,viewer,2025-08-25
16037,16037,admin,2025-05-18
16038,16038,viewer,2025-09-27
16039,16039,editor,2025-05-31
16040,16040,invalid_role,2025-04-28
16041,16041,invalid_role,2025-09-13
16042,16042,admin,2025-09-29
16043,16043,unknown,2025-10-29
16044,16044,editor,2025-08-12
16045,16045,viewer,2025-06-26
16046,16046,editor,2026-01-22
16047,16047,viewer,2025-07-31
16048,16048,admin,2026-03-07
16049,16049,editor,2025-07-27
16050,16050,viewer,2025-12-14
16051,16051,viewer,2026-02-28
16052,16052,admin,2026-01-30
16053,16053,editor,2025-09-08
16054,16054,admin,2026-02-01
16055,16055,viewer,2026-01-24
16056,16056,unknown,2025-08-30
16057,16057,admin,2025-09-30
16058,16058,viewer,2026-03-05
16059,16059,admin,2025-08-13
16060,16060,editor,2026-03-13
16061,16061,viewer,2025-07-24
16062,16062,editor,2025-12-21
16063,16063,editor,2026-03-03
16064,16064,,2026-03-21
16065,16065,editor,2025-09-29
16066,16066,guest,2025-08-16
16067,16067,editor,2025-12-13
16068,16068,admin,2026-03-17
16069,16069,editor,2025-12-26
16070,16070,admin,2025-09-14
16071,16071,,2025-04-24
16072,16072,invalid_role,2025-06-15
16073,16073,viewer,2025-06-02
16074,16074,admin,2026-02-03
16075,16075,admin,2025-08-11
16076,16076,guest,2025-12-17
16077,16077,admin,2025-08-31
16078,16078,editor,2025-06-09
16079,16079,admin,2026-03-15
16080,16080,admin,2025-09-13
16081,16081,editor,2025-08-31
16082,16082,editor,2025-06-08
16083,16083,viewer,2025-10-15
16084,16084,viewer,2025-05-03
16085,16085,editor,2025-06-09
16086,16086,admin,2025-05-02
16087,16087,admin,2026-01-09
16088,16088,viewer,2025-04-26
16089,16089,,2025-10-19
16090,16090,viewer,2025-04-30
16091,16091,guest,2026-03-17
16092,16092,,2025-06-23
16093,16093,viewer,2026-01-20
16094,16094,,2025-07-21
16095,16095,admin,2025-12-21
16096,16096,viewer,2025-10-08
16097,16097,admin,2025-07-26
16098,16098,invalid_role,2025-07-09
16099,16099,editor,2025-04-16
16100,16100,editor,2025-04-12
16101,16101,editor,2025-09-02
16102,16102,admin,2026-02-28
16103,16103,,2026-01-22
16104,16104,invalid_role,2026-03-09
16105,16105,guest,2026-01-13
16106,16106,editor,2025-06-21
16107,16107,viewer,2025-09-15
16108,16108,guest,2025-04-20
16109,16109,viewer,2025-09-08
16110,16110,admin,2025-09-24
16111,16111,invalid_role,2025-05-26
16112,16112,guest,2025-12-19
16113,16113,editor,2025-03-30
16114,16114,,2025-08-23
16115,16115,editor,2025-11-24
16116,16116,,2026-03-16
16117,16117,,2025-04-04
16118,16118,editor,2025-08-26
16119,16119,editor,2026-01-18
16120,16120,,2025-05-22
16121,16121,viewer,2025-07-14
16122,16122,viewer,2025-08-24
16123,16123,editor,2025-08-19
16124,16124,editor,2025-12-27
16125,16125,guest,2026-02-05
16126,16126,viewer,2026-02-21
16127,16127,admin,2026-03-02
16128,16128,viewer,2026-02-21
16129,16129,editor,2026-01-24
16130,16130,editor,2025-06-18
16131,16131,viewer,2026-03-06
16132,16132,admin,2026-03-05
16133,16133,editor,2025-12-28
16134,16134,admin,2026-03-09
16135,16135,admin,2025-09-28
16136,16136,admin,2025-04-17
16137,16137,viewer,2025-05-09
16138,16138,editor,2026-03-10
16139,16139,editor,2025-04-21
16140,16140,guest,2025-07-03
16141,16141,invalid_role,2026-02-24
16142,16142,viewer,2025-06-24
16143,16143,editor,2025-08-08
16144,16144,editor,2025-05-22
16145,16145,editor,2026-02-08
16146,16146,,2025-05-30
16147,16147,admin,2025-04-23
16148,16148,editor,2025-12-20
16149,16149,editor,2025-08-04
16150,16150,admin,2025-10-23
16151,16151,admin,2025-07-11
16152,16152,editor,2026-01-26
16153,16153,,2026-01-24
16154,16154,viewer,2025-05-22
16155,16155,editor,2025-04-24
16156,16156,unknown,2025-07-04
16157,16157,invalid_role,2025-04-05
16158,16158,,2025-11-23
16159,16159,viewer,2025-08-16
16160,16160,editor,2025-05-04
16161,16161,admin,2025-10-24
16162,16162,editor,2025-09-02
16163,16163,admin,2025-08-28
16164,16164,invalid_role,2025-07-17
16165,16165,unknown,2025-10-12
16166,16166,editor,2025-11-01
16167,16167,editor,2026-01-08
16168,16168,admin,2026-03-01
16169,16169,editor,2025-06-17
16170,16170,editor,2025-07-24
16171,16171,viewer,2025-08-23
16172,16172,editor,2025-06-13
16173,16173,viewer,2026-01-13
16174,16174,editor,2025-05-03
16175,16175,unknown,2026-03-02
16176,16176,admin,2025-04-20
16177,16177,,2025-09-15
16178,16178,admin,2025-09-01
16179,16179,admin,2025-06-11
16180,16180,editor,2026-01-22
16181,16181,,2025-04-23
16182,16182,,2025-07-11
16183,16183,unknown,2025-06-24
16184,16184,viewer,2025-09-29
16185,16185,viewer,2026-01-04
16186,16186,,2025-04-28
16187,16187,viewer,2025-08-10
16188,16188,editor,2026-02-24
16189,16189,admin,2025-08-29
16190,16190,admin,2025-09-03
16191,16191,editor,2025-08-17
16192,16192,admin,2025-09-16
16193,16193,viewer,2026-01-25
16194,16194,guest,2025-10-08
16195,16195,,2025-05-31
16196,16196,invalid_role,2025-09-19
16197,16197,admin,2025-10-14
16198,16198,admin,2025-04-22
16199,16199,editor,2026-02-12
16200,16200,admin,2025-09-21
16201,16201,admin,2025-11-12
16202,16202,guest,2025-07-28
16203,16203,guest,2025-12-17
16204,16204,,2025-07-03
16205,16205,viewer,2025-09-28
16206,16206,admin,2026-01-10
16207,16207,unknown,2025-09-09
16208,16208,editor,2025-07-21
16209,16209,admin,2025-05-27
16210,16210,editor,2025-07-15
16211,16211,,2025-11-27
16212,16212,admin,2025-11-10
16213,16213,editor,2025-08-02
16214,16214,editor,2025-08-22
16215,16215,editor,2025-09-20
16216,16216,,2026-02-10
16217,16217,,2026-02-03
16218,16218,viewer,2026-02-15
16219,16219,,2026-02-27
16220,16220,viewer,2025-11-18
16221,16221,editor,2025-09-17
16222,16222,editor,2026-03-23
16223,16223,admin,2025-11-13
16224,16224,viewer,2026-01-04
16225,16225,editor,2026-03-19
16226,16226,editor,2025-12-10
16227,16227,viewer,2025-06-07
16228,16228,viewer,2025-04-06
16229,16229,editor,2025-08-28
16230,16230,editor,2025-09-19
16231,16231,unknown,2025-12-30
16232,16232,editor,2025-04-22
16233,16233,viewer,2025-09-12
16234,16234,admin,2026-03-26
16235,16235,editor,2026-02-03
16236,16236,viewer,2025-07-06
16237,16237,editor,2026-02-14
16238,16238,admin,2026-01-25
16239,16239,viewer,2025-09-20
16240,16240,,2025-06-15
16241,16241,admin,2025-11-11
16242,16242,editor,2025-04-09
16243,16243,viewer,2025-06-30
16244,16244,editor,2025-06-07
16245,16245,editor,2025-04-21
16246,16246,viewer,2025-08-27
16247,16247,editor,2026-03-28
16248,16248,unknown,2025-09-22
16249,16249,,2025-11-05
16250,16250,invalid_role,2026-03-22
16251,16251,,2025-11-13
16252,16252,editor,2025-04-09
16253,16253,viewer,2026-02-09
16254,16254,editor,2025-04-29
16255,16255,admin,2025-05-23
16256,16256,admin,2025-11-18
16257,16257,admin,2026-02-01
16258,16258,editor,2025-10-31
16259,16259,admin,2026-01-01
16260,16260,viewer,2026-03-17
16261,16261,editor,2025-10-26
16262,16262,editor,2026-01-24
16263,16263,admin,2026-02-07
16264,16264,editor,2025-08-16
16265,16265,viewer,2026-01-11
16266,16266,viewer,2026-02-15
16267,16267,editor,2025-04-22
16268,16268,admin,2025-10-22
16269,16269,editor,2025-09-30
16270,16270,editor,2025-04-12
16271,16271,viewer,2025-07-16
16272,16272,admin,2025-11-07
16273,16273,viewer,2025-10-05
16274,16274,admin,2025-12-26
16275,16275,,2025-10-14
16276,16276,editor,2026-03-29
16277,16277,,2026-02-03
16278,16278,admin,2025-07-26
16279,16279,editor,2025-11-24
16280,16280,viewer,2026-03-01
16281,16281,admin,2025-10-31
16282,16282,viewer,2025-05-12
16283,16283,unknown,2025-05-25
16284,16284,viewer,2025-04-21
16285,16285,viewer,2026-02-17
16286,16286,editor,2025-11-29
16287,16287,admin,2025-06-28
16288,16288,,2025-04-01
16289,16289,editor,2025-12-19
16290,16290,viewer,2025-12-23
16291,16291,editor,2025-11-17
16292,16292,editor,2025-09-27
16293,16293,viewer,2025-11-03
16294,16294,invalid_role,2025-05-30
16295,16295,invalid_role,2025-08-23
16296,16296,,2025-07-30
16297,16297,editor,2025-08-21
16298,16298,editor,2025-08-24
16299,16299,viewer,2025-07-25
16300,16300,,2025-11-05
16301,16301,editor,2025-04-08
16302,16302,editor,2026-03-17
16303,16303,editor,2025-12-13
16304,16304,,2026-01-01
16305,16305,,2025-12-07
16306,16306,invalid_role,2025-09-05
16307,16307,unknown,2025-06-23
16308,16308,viewer,2025-05-31
16309,16309,invalid_role,2026-03-14
16310,16310,viewer,2025-11-06
16311,16311,editor,2025-10-30
16312,16312,viewer,2025-05-11
16313,16313,admin,2025-05-03
16314,16314,viewer,2025-12-22
16315,16315,admin,2026-03-08
16316,16316,viewer,2026-03-17
16317,16317,viewer,2026-03-01
16318,16318,viewer,2026-01-10
16319,16319,admin,2025-05-18
16320,16320,admin,2026-02-25
16321,16321,admin,2025-07-10
16322,16322,admin,2025-08-09
16323,16323,admin,2025-12-27
16324,16324,admin,2026-02-14
16325,16325,editor,2025-07-24
16326,16326,viewer,2026-01-12
16327,16327,admin,2025-06-09
16328,16328,admin,2025-08-02
16329,16329,editor,2025-12-30
16330,16330,viewer,2026-03-11
16331,16331,editor,2025-11-14
16332,16332,,2026-01-01
16333,16333,unknown,2025-12-10
16334,16334,editor,2025-06-25
16335,16335,admin,2025-09-03
16336,16336,admin,2025-11-18
16337,16337,viewer,2025-10-24
16338,16338,admin,2025-09-20
16339,16339,viewer,2025-12-01
16340,16340,invalid_role,2025-09-10
16341,16341,editor,2025-05-28
16342,16342,viewer,2026-02-15
16343,16343,editor,2026-01-09
16344,16344,editor,2025-08-12
16345,16345,,2026-01-27
16346,16346,admin,2025-04-14
16347,16347,admin,2025-11-14
16348,16348,admin,2025-05-24
16349,16349,unknown,2026-01-08
16350,16350,,2025-11-03
16351,16351,editor,2025-12-04
16352,16352,viewer,2026-02-05
16353,16353,editor,2026-02-18
16354,16354,viewer,2025-08-15
16355,16355,viewer,2026-02-22
16356,16356,viewer,2025-04-20
16357,16357,invalid_role,2025-05-18
16358,16358,admin,2025-04-05
16359,16359,viewer,2025-04-12
16360,16360,viewer,2025-10-08
16361,16361,admin,2025-04-29
16362,16362,admin,2025-09-26
16363,16363,editor,2025-09-22
16364,16364,editor,2025-09-27
16365,16365,admin,2025-05-15
16366,16366,viewer,2025-10-07
16367,16367,admin,2025-11-12
16368,16368,,2025-12-12
16369,16369,unknown,2025-07-28
16370,16370,viewer,2025-04-14
16371,16371,viewer,2026-02-28
16372,16372,admin,2026-02-06
16373,16373,viewer,2026-03-19
16374,16374,viewer,2025-08-16
16375,16375,admin,2025-08-15
16376,16376,unknown,2026-01-31
16377,16377,viewer,2025-09-01
16378,16378,viewer,2026-01-29
16379,16379,,2025-07-23
16380,16380,admin,2025-11-15
16381,16381,admin,2026-03-27
16382,16382,editor,2026-02-10
16383,16383,viewer,2026-03-01
16384,16384,viewer,2025-04-04
16385,16385,invalid_role,2025-12-20
16386,16386,admin,2025-12-22
16387,16387,viewer,2026-01-18
16388,16388,admin,2026-03-15
16389,16389,admin,2025-06-01
16390,16390,viewer,2025-08-11
16391,16391,viewer,2025-06-23
16392,16392,admin,2025-11-23
16393,16393,viewer,2025-11-14
16394,16394,admin,2026-03-12
16395,16395,viewer,2025-04-04
16396,16396,editor,2025-09-25
16397,16397,admin,2026-02-24
16398,16398,editor,2026-02-18
16399,16399,editor,2025-07-17
16400,16400,editor,2025-11-05
16401,16401,editor,2025-06-16
16402,16402,editor,2026-02-24
16403,16403,admin,2025-04-08
16404,16404,viewer,2025-08-16
16405,16405,viewer,2025-05-12
16406,16406,editor,2025-05-26
16407,16407,admin,2025-05-14
16408,16408,viewer,2025-07-12
16409,16409,admin,2025-08-16
16410,16410,guest,2025-08-25
16411,16411,viewer,2025-05-20
16412,16412,editor,2025-09-27
16413,16413,viewer,2025-04-04
16414,16414,viewer,2025-05-02
16415,16415,admin,2025-06-23
16416,16416,admin,2025-04-06
16417,16417,editor,2026-01-04
16418,16418,,2025-11-17
16419,16419,viewer,2025-09-30
16420,16420,viewer,2025-08-03
16421,16421,admin,2025-08-23
16422,16422,viewer,2025-04-02
16423,16423,viewer,2025-09-28
16424,16424,,2025-11-16
16425,16425,editor,2025-08-12
16426,16426,admin,2025-08-03
16427,16427,admin,2025-12-26
16428,16428,admin,2026-01-29
16429,16429,viewer,2025-08-10
16430,16430,admin,2025-08-10
16431,16431,viewer,2026-03-17
16432,16432,admin,2025-10-28
16433,16433,editor,2025-10-24
16434,16434,,2025-11-27
16435,16435,admin,2025-09-13
16436,16436,admin,2025-12-17
16437,16437,admin,2025-10-24
16438,16438,viewer,2025-06-03
16439,16439,editor,2025-10-25
16440,16440,viewer,2025-11-11
16441,16441,guest,2025-05-30
16442,16442,viewer,2025-10-02
16443,16443,editor,2025-04-05
16444,16444,viewer,2025-10-02
16445,16445,,2025-05-06
16446,16446,admin,2025-04-15
16447,16447,viewer,2026-02-05
16448,16448,admin,2025-06-26
16449,16449,admin,2025-05-15
16450,16450,viewer,2025-05-11
16451,16451,admin,2025-12-29
16452,16452,editor,2025-08-23
16453,16453,viewer,2025-09-07
16454,16454,editor,2025-08-25
16455,16455,editor,2026-01-09
16456,16456,admin,2025-10-23
16457,16457,viewer,2025-04-17
16458,16458,,2025-06-26
16459,16459,,2025-08-08
16460,16460,invalid_role,2025-06-18
16461,16461,viewer,2025-12-20
16462,16462,,2025-11-18
16463,16463,viewer,2025-12-14
16464,16464,viewer,2026-03-05
16465,16465,,2025-12-27
16466,16466,viewer,2025-04-22
16467,16467,viewer,2026-03-27
16468,16468,invalid_role,2025-12-06
16469,16469,viewer,2025-07-26
16470,16470,viewer,2025-05-13
16471,16471,unknown,2025-04-08
16472,16472,editor,2026-01-29
16473,16473,unknown,2025-08-31
16474,16474,admin,2026-01-09
16475,16475,,2025-07-06
16476,16476,,2025-06-23
16477,16477,viewer,2025-12-18
16478,16478,unknown,2025-11-03
16479,16479,editor,2025-12-28
16480,16480,editor,2025-04-27
16481,16481,admin,2025-04-29
16482,16482,viewer,2025-08-03
16483,16483,editor,2025-08-09
16484,16484,viewer,2026-03-06
16485,16485,viewer,2025-09-13
16486,16486,admin,2025-10-19
16487,16487,editor,2025-05-18
16488,16488,admin,2025-04-05
16489,16489,invalid_role,2025-10-31
16490,16490,editor,2025-12-04
16491,16491,editor,2026-02-04
16492,16492,admin,2025-07-02
16493,16493,viewer,2025-04-22
16494,16494,editor,2025-10-29
16495,16495,viewer,2025-08-06
16496,16496,admin,2025-12-28
16497,16497,unknown,2025-09-29
16498,16498,guest,2025-11-06
16499,16499,editor,2025-07-04
16500,16500,guest,2025-12-17
16501,16501,unknown,2025-11-07
16502,16502,viewer,2025-08-25
16503,16503,admin,2025-10-23
16504,16504,admin,2025-05-16
16505,16505,invalid_role,2026-03-02
16506,16506,editor,2025-04-03
16507,16507,editor,2025-11-10
16508,16508,admin,2025-05-15
16509,16509,viewer,2025-09-18
16510,16510,viewer,2026-01-22
16511,16511,editor,2025-07-18
16512,16512,editor,2025-06-06
16513,16513,editor,2025-08-15
16514,16514,admin,2025-10-03
16515,16515,,2025-06-16
16516,16516,editor,2026-01-24
16517,16517,editor,2025-10-13
16518,16518,admin,2025-08-18
16519,16519,unknown,2025-10-14
16520,16520,admin,2025-08-28
16521,16521,admin,2025-06-29
16522,16522,editor,2026-01-30
16523,16523,viewer,2025-11-18
16524,16524,viewer,2025-10-16
16525,16525,editor,2025-08-17
16526,16526,editor,2026-01-31
16527,16527,unknown,2026-02-05
16528,16528,admin,2025-05-19
16529,16529,editor,2026-02-05
16530,16530,editor,2025-08-20
16531,16531,editor,2025-08-07
16532,16532,,2025-09-25
16533,16533,guest,2025-11-13
16534,16534,viewer,2025-10-15
16535,16535,viewer,2025-07-13
16536,16536,editor,2025-08-21
16537,16537,editor,2025-05-06
16538,16538,,2025-12-13
16539,16539,viewer,2025-11-08
16540,16540,invalid_role,2026-03-03
16541,16541,editor,2025-11-06
16542,16542,viewer,2026-03-16
16543,16543,,2026-03-01
16544,16544,invalid_role,2025-12-15
16545,16545,unknown,2025-09-24
16546,16546,viewer,2026-01-06
16547,16547,admin,2025-10-23
16548,16548,invalid_role,2025-12-14
16549,16549,admin,2025-08-26
16550,16550,viewer,2026-01-03
16551,16551,viewer,2025-06-28
16552,16552,editor,2025-06-11
16553,16553,,2025-04-24
16554,16554,admin,2025-04-17
16555,16555,admin,2025-11-25
16556,16556,,2025-11-11
16557,16557,,2025-10-11
16558,16558,admin,2025-07-30
16559,16559,admin,2025-06-25
16560,16560,editor,2025-12-20
16561,16561,admin,2025-10-18
16562,16562,editor,2025-09-25
16563,16563,viewer,2025-10-09
16564,16564,admin,2025-09-27
16565,16565,editor,2026-02-22
16566,16566,admin,2026-03-21
16567,16567,admin,2025-09-22
16568,16568,editor,2025-05-24
16569,16569,editor,2025-07-26
16570,16570,unknown,2025-09-24
16571,16571,admin,2025-12-12
16572,16572,guest,2025-05-18
16573,16573,admin,2025-04-24
16574,16574,editor,2025-08-20
16575,16575,viewer,2025-05-23
16576,16576,editor,2025-04-04
16577,16577,invalid_role,2025-12-20
16578,16578,,2025-06-24
16579,16579,viewer,2025-10-31
16580,16580,editor,2025-09-22
16581,16581,admin,2026-01-02
16582,16582,viewer,2025-12-22
16583,16583,viewer,2025-06-21
16584,16584,admin,2025-08-14
16585,16585,,2025-05-14
16586,16586,viewer,2026-03-13
16587,16587,viewer,2025-06-13
16588,16588,editor,2026-01-05
16589,16589,editor,2025-07-09
16590,16590,admin,2025-06-15
16591,16591,invalid_role,2025-10-25
16592,16592,invalid_role,2025-08-01
16593,16593,admin,2025-12-27
16594,16594,admin,2025-06-29
16595,16595,admin,2025-04-18
16596,16596,admin,2025-08-17
16597,16597,,2025-10-29
16598,16598,guest,2026-02-06
16599,16599,editor,2025-11-28
16600,16600,,2025-06-05
16601,16601,viewer,2025-03-31
16602,16602,admin,2026-01-07
16603,16603,editor,2026-02-28
16604,16604,editor,2025-08-06
16605,16605,viewer,2025-11-03
16606,16606,viewer,2025-04-14
16607,16607,admin,2025-09-02
16608,16608,editor,2026-01-10
16609,16609,unknown,2026-01-28
16610,16610,editor,2025-10-21
16611,16611,admin,2025-08-03
16612,16612,,2025-10-28
16613,16613,viewer,2025-08-10
16614,16614,,2025-08-21
16615,16615,viewer,2025-08-11
16616,16616,,2025-12-23
16617,16617,viewer,2025-04-02
16618,16618,editor,2025-08-06
16619,16619,editor,2026-03-14
16620,16620,viewer,2025-07-28
16621,16621,admin,2025-09-18
16622,16622,guest,2025-09-17
16623,16623,editor,2025-09-12
16624,16624,editor,2026-01-13
16625,16625,editor,2025-10-22
16626,16626,admin,2026-01-30
16627,16627,viewer,2025-06-25
16628,16628,admin,2025-09-16
16629,16629,viewer,2025-12-12
16630,16630,unknown,2025-09-12
16631,16631,viewer,2026-01-02
16632,16632,editor,2025-12-16
16633,16633,admin,2026-03-17
16634,16634,editor,2025-05-22
16635,16635,viewer,2026-02-12
16636,16636,editor,2025-08-03
16637,16637,editor,2025-11-19
16638,16638,viewer,2026-03-25
16639,16639,editor,2025-09-15
16640,16640,viewer,2026-03-28
16641,16641,editor,2026-01-21
16642,16642,invalid_role,2026-02-18
16643,16643,invalid_role,2026-02-09
16644,16644,viewer,2025-11-19
16645,16645,unknown,2025-11-23
16646,16646,editor,2025-07-03
16647,16647,viewer,2025-06-25
16648,16648,viewer,2026-03-11
16649,16649,editor,2025-08-01
16650,16650,admin,2026-01-19
16651,16651,admin,2025-06-23
16652,16652,viewer,2025-08-31
16653,16653,admin,2025-08-08
16654,16654,admin,2025-09-17
16655,16655,guest,2025-08-16
16656,16656,guest,2025-12-14
16657,16657,editor,2025-09-02
16658,16658,admin,2026-02-25
16659,16659,unknown,2026-03-01
16660,16660,editor,2026-01-03
16661,16661,admin,2025-11-08
16662,16662,viewer,2025-09-10
16663,16663,editor,2025-12-08
16664,16664,,2026-03-09
16665,16665,admin,2025-10-05
16666,16666,unknown,2025-04-03
16667,16667,editor,2025-07-26
16668,16668,editor,2025-12-09
16669,16669,editor,2025-11-05
16670,16670,editor,2025-09-17
16671,16671,,2025-12-22
16672,16672,viewer,2025-12-16
16673,16673,editor,2025-12-02
16674,16674,editor,2026-01-15
16675,16675,invalid_role,2026-01-14
16676,16676,viewer,2026-02-15
16677,16677,editor,2025-06-24
16678,16678,editor,2025-10-28
16679,16679,,2025-05-13
16680,16680,editor,2026-03-11
16681,16681,admin,2025-10-08
16682,16682,viewer,2026-03-15
16683,16683,viewer,2026-01-18
16684,16684,admin,2025-06-29
16685,16685,,2025-06-11
16686,16686,admin,2026-03-08
16687,16687,admin,2025-09-21
16688,16688,viewer,2025-08-20
16689,16689,unknown,2025-07-07
16690,16690,admin,2025-09-23
16691,16691,admin,2025-08-19
16692,16692,viewer,2025-08-28
16693,16693,admin,2025-07-26
16694,16694,editor,2025-05-10
16695,16695,invalid_role,2026-03-13
16696,16696,viewer,2025-05-13
16697,16697,admin,2025-05-24
16698,16698,admin,2025-05-10
16699,16699,editor,2026-03-06
16700,16700,admin,2025-09-07
16701,16701,,2025-08-13
16702,16702,admin,2025-09-28
16703,16703,editor,2025-05-20
16704,16704,unknown,2025-05-22
16705,16705,editor,2025-04-23
16706,16706,unknown,2025-04-07
16707,16707,editor,2025-12-25
16708,16708,editor,2026-02-16
16709,16709,admin,2025-04-24
16710,16710,editor,2026-03-16
16711,16711,editor,2025-12-28
16712,16712,viewer,2026-02-18
16713,16713,viewer,2025-12-30
16714,16714,editor,2026-02-05
16715,16715,editor,2026-01-21
16716,16716,,2025-12-28
16717,16717,editor,2025-11-18
16718,16718,editor,2025-09-02
16719,16719,editor,2025-11-13
16720,16720,editor,2025-05-18
16721,16721,viewer,2025-12-06
16722,16722,viewer,2025-12-28
16723,16723,admin,2025-04-20
16724,16724,admin,2025-07-17
16725,16725,viewer,2025-10-12
16726,16726,unknown,2025-09-13
16727,16727,editor,2025-07-06
16728,16728,admin,2025-10-05
16729,16729,guest,2026-02-25
16730,16730,guest,2026-03-23
16731,16731,editor,2025-05-13
16732,16732,admin,2025-06-13
16733,16733,viewer,2026-01-05
16734,16734,editor,2025-04-18
16735,16735,,2025-10-02
16736,16736,editor,2025-11-12
16737,16737,viewer,2025-04-23
16738,16738,editor,2025-08-01
16739,16739,viewer,2025-10-17
16740,16740,admin,2026-01-31
16741,16741,editor,2025-04-27
16742,16742,editor,2025-05-10
16743,16743,admin,2025-06-20
16744,16744,admin,2025-11-04
16745,16745,viewer,2025-11-25
16746,16746,,2026-03-08
16747,16747,,2025-06-19
16748,16748,viewer,2025-10-09
16749,16749,viewer,2025-06-13
16750,16750,admin,2026-01-22
16751,16751,admin,2026-01-10
16752,16752,guest,2025-06-12
16753,16753,editor,2025-12-20
16754,16754,viewer,2025-08-12
16755,16755,admin,2025-07-18
16756,16756,admin,2025-08-26
16757,16757,,2026-03-19
16758,16758,editor,2025-06-17
16759,16759,viewer,2026-02-03
16760,16760,,2025-10-26
16761,16761,admin,2026-02-15
16762,16762,editor,2026-02-18
16763,16763,admin,2025-12-26
16764,16764,admin,2025-10-14
16765,16765,editor,2025-12-18
16766,16766,editor,2026-01-15
16767,16767,guest,2026-02-25
16768,16768,editor,2026-03-07
16769,16769,viewer,2025-10-01
16770,16770,,2025-08-31
16771,16771,admin,2025-10-31
16772,16772,unknown,2025-10-19
16773,16773,admin,2026-03-19
16774,16774,editor,2025-04-13
16775,16775,viewer,2025-11-08
16776,16776,viewer,2025-07-12
16777,16777,editor,2025-08-21
16778,16778,admin,2025-05-01
16779,16779,editor,2026-01-03
16780,16780,admin,2025-09-18
16781,16781,viewer,2026-01-11
16782,16782,editor,2026-03-06
16783,16783,viewer,2025-07-14
16784,16784,editor,2025-05-01
16785,16785,editor,2025-05-23
16786,16786,viewer,2025-07-04
16787,16787,viewer,2026-02-06
16788,16788,editor,2025-12-16
16789,16789,admin,2025-12-27
16790,16790,viewer,2025-12-06
16791,16791,editor,2025-12-07
16792,16792,viewer,2025-09-18
16793,16793,admin,2025-05-07
16794,16794,invalid_role,2026-03-29
16795,16795,viewer,2025-07-04
16796,16796,editor,2026-03-04
16797,16797,viewer,2026-01-28
16798,16798,admin,2025-11-15
16799,16799,invalid_role,2025-05-11
16800,16800,viewer,2026-01-25
16801,16801,viewer,2025-04-27
16802,16802,editor,2025-10-23
16803,16803,admin,2025-11-19
16804,16804,guest,2026-01-07
16805,16805,editor,2025-09-06
16806,16806,viewer,2025-05-25
16807,16807,viewer,2026-01-28
16808,16808,admin,2025-08-07
16809,16809,admin,2025-06-24
16810,16810,admin,2025-04-16
16811,16811,,2025-06-04
16812,16812,viewer,2025-07-17
16813,16813,guest,2025-08-26
16814,16814,,2025-04-24
16815,16815,admin,2025-08-03
16816,16816,editor,2025-06-08
16817,16817,editor,2025-08-10
16818,16818,editor,2026-03-01
16819,16819,editor,2025-06-01
16820,16820,admin,2025-08-12
16821,16821,viewer,2026-01-17
16822,16822,editor,2025-08-26
16823,16823,editor,2025-05-27
16824,16824,viewer,2026-02-07
16825,16825,admin,2026-02-02
16826,16826,,2025-06-07
16827,16827,editor,2025-06-24
16828,16828,editor,2026-01-29
16829,16829,viewer,2025-08-19
16830,16830,editor,2025-11-23
16831,16831,,2025-06-18
16832,16832,admin,2026-03-16
16833,16833,,2025-08-29
16834,16834,editor,2026-02-11
16835,16835,editor,2026-03-21
16836,16836,admin,2026-02-25
16837,16837,viewer,2025-04-21
16838,16838,viewer,2025-06-22
16839,16839,editor,2025-08-20
16840,16840,viewer,2025-08-08
16841,16841,admin,2026-03-07
16842,16842,editor,2026-02-19
16843,16843,admin,2025-07-26
16844,16844,viewer,2026-03-29
16845,16845,viewer,2025-05-29
16846,16846,viewer,2025-12-13
16847,16847,admin,2025-07-10
16848,16848,admin,2025-05-04
16849,16849,editor,2025-06-30
16850,16850,admin,2025-06-19
16851,16851,guest,2025-10-23
16852,16852,admin,2026-02-22
16853,16853,invalid_role,2025-05-01
16854,16854,admin,2025-09-24
16855,16855,editor,2026-02-24
16856,16856,editor,2025-05-21
16857,16857,admin,2026-03-14
16858,16858,viewer,2026-02-08
16859,16859,admin,2025-04-02
16860,16860,editor,2025-10-23
16861,16861,editor,2026-03-04
16862,16862,viewer,2025-05-11
16863,16863,admin,2026-01-08
16864,16864,admin,2025-04-16
16865,16865,editor,2025-06-09
16866,16866,guest,2025-06-01
16867,16867,viewer,2025-10-06
16868,16868,editor,2025-06-28
16869,16869,editor,2025-10-31
16870,16870,viewer,2025-09-07
16871,16871,admin,2026-02-28
16872,16872,admin,2025-04-06
16873,16873,admin,2025-05-01
16874,16874,editor,2025-05-29
16875,16875,viewer,2025-10-21
16876,16876,admin,2025-04-04
16877,16877,admin,2025-12-30
16878,16878,unknown,2026-03-05
16879,16879,editor,2025-12-10
16880,16880,admin,2025-07-27
16881,16881,admin,2025-09-27
16882,16882,viewer,2025-04-03
16883,16883,editor,2025-11-06
16884,16884,editor,2025-06-26
16885,16885,admin,2025-05-31
16886,16886,viewer,2025-12-28
16887,16887,editor,2025-07-20
16888,16888,editor,2025-08-13
16889,16889,viewer,2025-06-05
16890,16890,viewer,2026-01-02
16891,16891,viewer,2025-08-05
16892,16892,guest,2025-07-17
16893,16893,admin,2025-11-15
16894,16894,,2025-07-27
16895,16895,admin,2025-11-30
16896,16896,viewer,2026-03-17
16897,16897,viewer,2025-08-13
16898,16898,admin,2025-04-19
16899,16899,invalid_role,2025-11-08
16900,16900,invalid_role,2025-10-25
16901,16901,viewer,2025-07-27
16902,16902,,2025-12-18
16903,16903,viewer,2025-06-14
16904,16904,admin,2025-10-03
16905,16905,viewer,2025-08-30
16906,16906,editor,2025-08-10
16907,16907,guest,2025-08-05
16908,16908,admin,2025-12-16
16909,16909,admin,2025-10-22
16910,16910,viewer,2026-03-12
16911,16911,admin,2025-12-16
16912,16912,editor,2025-07-05
16913,16913,admin,2026-03-09
16914,16914,admin,2026-01-31
16915,16915,editor,2025-06-22
16916,16916,admin,2025-05-03
16917,16917,viewer,2025-07-09
16918,16918,admin,2025-04-13
16919,16919,admin,2025-11-23
16920,16920,admin,2026-01-24
16921,16921,viewer,2025-07-01
16922,16922,editor,2025-05-11
16923,16923,viewer,2026-02-10
16924,16924,admin,2026-02-27
16925,16925,editor,2025-06-06
16926,16926,unknown,2025-04-21
16927,16927,admin,2026-03-08
16928,16928,viewer,2025-09-28
16929,16929,unknown,2025-05-16
16930,16930,editor,2025-04-12
16931,16931,admin,2025-06-06
16932,16932,viewer,2025-07-24
16933,16933,viewer,2026-03-25
16934,16934,editor,2025-11-23
16935,16935,viewer,2025-06-28
16936,16936,editor,2025-10-13
16937,16937,admin,2025-04-13
16938,16938,viewer,2026-01-18
16939,16939,guest,2025-05-26
16940,16940,editor,2025-06-17
16941,16941,admin,2025-04-27
16942,16942,admin,2025-08-03
16943,16943,viewer,2025-04-07
16944,16944,,2025-05-08
16945,16945,viewer,2025-08-25
16946,16946,editor,2026-01-01
16947,16947,editor,2025-09-17
16948,16948,admin,2025-10-30
16949,16949,viewer,2025-09-02
16950,16950,viewer,2026-02-16
16951,16951,viewer,2026-02-10
16952,16952,viewer,2025-05-18
16953,16953,viewer,2025-08-05
16954,16954,admin,2026-02-28
16955,16955,admin,2025-05-04
16956,16956,editor,2025-06-11
16957,16957,editor,2025-09-25
16958,16958,editor,2025-12-11
16959,16959,viewer,2025-04-11
16960,16960,admin,2025-08-31
16961,16961,viewer,2026-01-25
16962,16962,admin,2025-06-01
16963,16963,admin,2025-09-07
16964,16964,admin,2025-06-07
16965,16965,,2026-03-13
16966,16966,admin,2025-11-28
16967,16967,,2025-10-07
16968,16968,admin,2026-02-19
16969,16969,viewer,2025-06-21
16970,16970,editor,2025-06-26
16971,16971,editor,2025-05-01
16972,16972,admin,2025-05-10
16973,16973,editor,2025-06-29
16974,16974,guest,2026-02-20
16975,16975,editor,2026-03-19
16976,16976,viewer,2026-01-18
16977,16977,editor,2025-11-27
16978,16978,admin,2026-01-14
16979,16979,viewer,2025-09-18
16980,16980,editor,2025-10-17
16981,16981,admin,2025-07-25
16982,16982,viewer,2025-12-23
16983,16983,viewer,2025-04-04
16984,16984,unknown,2025-11-18
16985,16985,viewer,2025-06-16
16986,16986,admin,2025-05-28
16987,16987,guest,2026-02-03
16988,16988,viewer,2026-01-12
16989,16989,,2025-05-24
16990,16990,editor,2025-07-14
16991,16991,,2026-02-10
16992,16992,editor,2025-08-12
16993,16993,admin,2025-11-09
16994,16994,editor,2026-02-16
16995,16995,admin,2025-09-16
16996,16996,editor,2025-08-19
16997,16997,viewer,2026-02-19
16998,16998,viewer,2025-12-29
16999,16999,,2025-10-21
17000,17000,,2026-01-31
17001,17001,viewer,2025-07-01
17002,17002,admin,2025-10-11
17003,17003,invalid_role,2025-07-06
17004,17004,admin,2025-07-21
17005,17005,,2025-04-01
17006,17006,viewer,2025-04-14
17007,17007,editor,2025-08-04
17008,17008,admin,2025-06-30
17009,17009,invalid_role,2025-06-12
17010,17010,guest,2026-02-18
17011,17011,guest,2025-04-24
17012,17012,admin,2025-07-31
17013,17013,guest,2025-08-03
17014,17014,admin,2025-07-18
17015,17015,editor,2025-08-14
17016,17016,admin,2026-03-16
17017,17017,admin,2025-09-07
17018,17018,guest,2025-09-19
17019,17019,editor,2026-01-14
17020,17020,invalid_role,2025-09-18
17021,17021,editor,2025-09-07
17022,17022,viewer,2026-03-12
17023,17023,editor,2026-03-07
17024,17024,editor,2025-08-31
17025,17025,admin,2025-11-07
17026,17026,editor,2025-11-17
17027,17027,unknown,2026-02-27
17028,17028,unknown,2025-08-30
17029,17029,admin,2025-12-21
17030,17030,admin,2025-04-16
17031,17031,editor,2025-11-11
17032,17032,editor,2025-06-04
17033,17033,viewer,2025-08-04
17034,17034,admin,2025-04-09
17035,17035,viewer,2025-09-17
17036,17036,admin,2025-06-10
17037,17037,admin,2025-10-24
17038,17038,editor,2025-05-27
17039,17039,invalid_role,2025-07-10
17040,17040,,2026-03-27
17041,17041,guest,2025-08-10
17042,17042,,2025-11-27
17043,17043,viewer,2025-12-01
17044,17044,admin,2025-06-24
17045,17045,admin,2025-09-29
17046,17046,admin,2026-03-21
17047,17047,editor,2026-02-09
17048,17048,editor,2026-03-26
17049,17049,viewer,2025-07-09
17050,17050,,2025-10-17
17051,17051,editor,2025-09-28
17052,17052,admin,2025-08-10
17053,17053,editor,2026-03-18
17054,17054,invalid_role,2025-05-09
17055,17055,editor,2026-03-15
17056,17056,viewer,2025-05-26
17057,17057,admin,2025-09-24
17058,17058,editor,2026-01-23
17059,17059,admin,2026-02-21
17060,17060,editor,2025-07-31
17061,17061,viewer,2026-03-01
17062,17062,invalid_role,2026-02-05
17063,17063,viewer,2025-06-01
17064,17064,viewer,2025-06-18
17065,17065,invalid_role,2025-04-02
17066,17066,viewer,2025-04-25
17067,17067,admin,2025-10-30
17068,17068,admin,2025-09-20
17069,17069,admin,2025-07-15
17070,17070,viewer,2025-08-19
17071,17071,viewer,2025-12-05
17072,17072,,2026-01-06
17073,17073,editor,2026-01-28
17074,17074,editor,2026-02-08
17075,17075,editor,2026-01-29
17076,17076,,2025-10-10
17077,17077,editor,2026-01-02
17078,17078,viewer,2025-04-18
17079,17079,viewer,2025-07-06
17080,17080,editor,2025-08-03
17081,17081,viewer,2025-04-13
17082,17082,editor,2025-08-17
17083,17083,viewer,2026-01-15
17084,17084,viewer,2026-03-13
17085,17085,viewer,2026-01-14
17086,17086,admin,2025-08-20
17087,17087,admin,2025-06-03
17088,17088,,2025-07-14
17089,17089,guest,2025-07-23
17090,17090,admin,2025-11-27
17091,17091,viewer,2026-02-25
17092,17092,editor,2026-01-12
17093,17093,editor,2025-07-22
17094,17094,admin,2026-02-02
17095,17095,editor,2025-08-05
17096,17096,viewer,2025-11-20
17097,17097,admin,2026-02-12
17098,17098,,2025-10-13
17099,17099,viewer,2025-12-26
17100,17100,editor,2025-11-25
17101,17101,,2025-09-05
17102,17102,editor,2025-07-16
17103,17103,editor,2026-02-04
17104,17104,admin,2025-07-08
17105,17105,viewer,2025-08-25
17106,17106,viewer,2026-01-02
17107,17107,guest,2026-01-05
17108,17108,admin,2025-06-13
17109,17109,admin,2025-05-28
17110,17110,admin,2026-03-14
17111,17111,editor,2026-02-24
17112,17112,admin,2025-08-20
17113,17113,,2025-05-14
17114,17114,editor,2026-01-18
17115,17115,editor,2025-10-12
17116,17116,admin,2025-09-15
17117,17117,editor,2025-06-25
17118,17118,editor,2025-05-12
17119,17119,unknown,2025-12-11
17120,17120,unknown,2025-10-12
17121,17121,admin,2025-06-22
17122,17122,viewer,2025-12-18
17123,17123,viewer,2025-10-02
17124,17124,admin,2025-04-20
17125,17125,viewer,2025-07-18
17126,17126,viewer,2025-05-23
17127,17127,admin,2025-12-31
17128,17128,editor,2025-10-16
17129,17129,admin,2025-05-20
17130,17130,admin,2025-08-09
17131,17131,admin,2025-05-15
17132,17132,viewer,2025-11-10
17133,17133,editor,2026-01-31
17134,17134,,2026-01-01
17135,17135,editor,2025-11-24
17136,17136,admin,2025-08-08
17137,17137,viewer,2025-10-25
17138,17138,editor,2025-08-01
17139,17139,viewer,2026-03-01
17140,17140,viewer,2025-09-28
17141,17141,editor,2025-10-26
17142,17142,viewer,2025-04-30
17143,17143,unknown,2025-09-26
17144,17144,editor,2025-04-04
17145,17145,viewer,2025-07-18
17146,17146,viewer,2026-02-06
17147,17147,viewer,2025-06-23
17148,17148,admin,2025-05-05
17149,17149,admin,2026-03-20
17150,17150,unknown,2025-07-18
17151,17151,,2025-04-26
17152,17152,,2025-12-14
17153,17153,viewer,2026-03-13
17154,17154,viewer,2025-08-30
17155,17155,viewer,2025-06-30
17156,17156,,2025-11-23
17157,17157,admin,2025-05-03
17158,17158,viewer,2026-02-06
17159,17159,admin,2025-11-11
17160,17160,admin,2025-11-19
17161,17161,admin,2025-08-22
17162,17162,admin,2025-08-02
17163,17163,admin,2025-12-19
17164,17164,admin,2025-04-26
17165,17165,admin,2025-07-30
17166,17166,editor,2025-07-04
17167,17167,editor,2025-04-14
17168,17168,viewer,2026-03-13
17169,17169,invalid_role,2026-03-21
17170,17170,editor,2025-06-26
17171,17171,guest,2025-06-07
17172,17172,admin,2026-02-11
17173,17173,unknown,2025-09-22
17174,17174,editor,2026-03-03
17175,17175,guest,2025-10-12
17176,17176,guest,2025-07-04
17177,17177,viewer,2025-06-15
17178,17178,admin,2026-01-03
17179,17179,admin,2026-02-23
17180,17180,editor,2026-01-06
17181,17181,admin,2025-12-12
17182,17182,viewer,2025-08-20
17183,17183,admin,2025-06-26
17184,17184,editor,2025-08-08
17185,17185,editor,2025-06-14
17186,17186,admin,2025-08-25
17187,17187,editor,2025-08-10
17188,17188,editor,2025-11-09
17189,17189,editor,2025-03-31
17190,17190,,2025-07-21
17191,17191,admin,2025-10-28
17192,17192,viewer,2025-08-22
17193,17193,editor,2026-01-08
17194,17194,viewer,2026-03-10
17195,17195,admin,2025-05-29
17196,17196,admin,2025-10-18
17197,17197,editor,2026-01-04
17198,17198,admin,2025-05-31
17199,17199,viewer,2026-03-20
17200,17200,editor,2026-02-07
17201,17201,viewer,2025-10-25
17202,17202,viewer,2025-09-06
17203,17203,viewer,2025-08-26
17204,17204,editor,2025-05-14
17205,17205,editor,2025-05-01
17206,17206,admin,2025-10-05
17207,17207,admin,2026-01-27
17208,17208,unknown,2025-10-27
17209,17209,admin,2026-03-06
17210,17210,viewer,2025-08-26
17211,17211,admin,2025-06-26
17212,17212,,2025-12-18
17213,17213,editor,2025-09-01
17214,17214,invalid_role,2025-12-27
17215,17215,unknown,2026-03-19
17216,17216,viewer,2026-02-04
17217,17217,viewer,2025-10-20
17218,17218,admin,2025-10-30
17219,17219,,2025-05-19
17220,17220,admin,2025-05-16
17221,17221,,2025-08-20
17222,17222,admin,2025-09-01
17223,17223,editor,2026-01-25
17224,17224,admin,2025-05-11
17225,17225,viewer,2025-12-03
17226,17226,viewer,2026-01-15
17227,17227,admin,2025-07-25
17228,17228,guest,2026-01-06
17229,17229,viewer,2026-02-06
17230,17230,editor,2025-06-25
17231,17231,viewer,2025-11-02
17232,17232,editor,2026-02-03
17233,17233,admin,2025-08-25
17234,17234,viewer,2025-07-09
17235,17235,editor,2025-05-22
17236,17236,admin,2025-04-29
17237,17237,admin,2025-11-20
17238,17238,admin,2025-12-09
17239,17239,admin,2025-06-16
17240,17240,admin,2025-10-06
17241,17241,,2025-06-16
17242,17242,,2025-10-05
17243,17243,viewer,2026-02-08
17244,17244,,2025-12-16
17245,17245,,2025-10-19
17246,17246,admin,2025-06-05
17247,17247,guest,2025-05-12
17248,17248,viewer,2026-01-14
17249,17249,invalid_role,2026-02-22
17250,17250,viewer,2026-02-26
17251,17251,viewer,2025-03-30
17252,17252,viewer,2026-03-07
17253,17253,unknown,2025-06-01
17254,17254,editor,2025-06-03
17255,17255,admin,2025-12-11
17256,17256,editor,2026-02-04
17257,17257,,2025-05-08
17258,17258,admin,2025-09-27
17259,17259,viewer,2025-11-08
17260,17260,admin,2025-06-21
17261,17261,editor,2025-12-26
17262,17262,,2025-07-24
17263,17263,editor,2025-08-19
17264,17264,admin,2026-01-17
17265,17265,admin,2026-03-28
17266,17266,admin,2025-12-24
17267,17267,viewer,2025-07-06
17268,17268,admin,2025-11-16
17269,17269,editor,2025-10-11
17270,17270,admin,2025-08-04
17271,17271,,2025-10-16
17272,17272,admin,2025-06-07
17273,17273,admin,2025-11-21
17274,17274,,2026-03-22
17275,17275,viewer,2025-11-07
17276,17276,unknown,2025-05-21
17277,17277,,2025-05-09
17278,17278,admin,2026-03-04
17279,17279,editor,2025-10-29
17280,17280,editor,2025-12-07
17281,17281,admin,2026-01-27
17282,17282,admin,2025-04-27
17283,17283,admin,2026-01-03
17284,17284,admin,2026-01-02
17285,17285,unknown,2026-02-14
17286,17286,,2026-03-01
17287,17287,admin,2025-09-21
17288,17288,editor,2026-02-26
17289,17289,admin,2026-01-11
17290,17290,admin,2026-02-27
17291,17291,guest,2026-02-04
17292,17292,viewer,2025-11-01
17293,17293,editor,2026-03-29
17294,17294,viewer,2026-02-07
17295,17295,editor,2026-03-22
17296,17296,admin,2025-06-01
17297,17297,viewer,2026-01-26
17298,17298,editor,2025-12-21
17299,17299,admin,2026-01-09
17300,17300,,2025-11-20
17301,17301,guest,2026-01-20
17302,17302,admin,2025-11-06
17303,17303,admin,2025-10-08
17304,17304,,2026-03-01
17305,17305,viewer,2026-02-16
17306,17306,,2025-05-09
17307,17307,editor,2025-08-20
17308,17308,invalid_role,2025-06-29
17309,17309,editor,2025-08-14
17310,17310,admin,2025-09-05
17311,17311,viewer,2025-06-02
17312,17312,admin,2025-11-27
17313,17313,editor,2026-03-21
17314,17314,editor,2025-06-27
17315,17315,viewer,2025-12-04
17316,17316,admin,2026-03-18
17317,17317,viewer,2025-10-02
17318,17318,,2025-12-09
17319,17319,,2026-01-31
17320,17320,admin,2025-05-02
17321,17321,unknown,2026-03-01
17322,17322,viewer,2025-06-23
17323,17323,viewer,2025-08-21
17324,17324,,2025-08-07
17325,17325,unknown,2025-05-19
17326,17326,admin,2025-04-12
17327,17327,viewer,2025-09-02
17328,17328,viewer,2025-11-11
17329,17329,unknown,2025-12-19
17330,17330,viewer,2025-04-08
17331,17331,,2025-09-27
17332,17332,,2026-01-08
17333,17333,admin,2025-10-05
17334,17334,admin,2025-10-15
17335,17335,editor,2026-02-28
17336,17336,admin,2026-02-28
17337,17337,admin,2025-07-18
17338,17338,guest,2025-12-12
17339,17339,admin,2025-05-06
17340,17340,admin,2025-06-16
17341,17341,editor,2026-01-22
17342,17342,guest,2025-08-25
17343,17343,admin,2025-04-06
17344,17344,viewer,2026-01-24
17345,17345,viewer,2026-01-21
17346,17346,admin,2025-09-18
17347,17347,,2025-09-14
17348,17348,viewer,2025-06-26
17349,17349,admin,2026-03-11
17350,17350,viewer,2025-11-19
17351,17351,,2026-03-18
17352,17352,admin,2025-05-10
17353,17353,editor,2025-07-27
17354,17354,unknown,2025-05-18
17355,17355,admin,2026-02-24
17356,17356,editor,2025-05-08
17357,17357,,2025-05-13
17358,17358,,2025-08-02
17359,17359,editor,2025-06-08
17360,17360,admin,2026-03-22
17361,17361,invalid_role,2025-04-19
17362,17362,editor,2026-02-16
17363,17363,invalid_role,2025-08-17
17364,17364,guest,2025-07-20
17365,17365,admin,2026-01-08
17366,17366,editor,2025-07-10
17367,17367,guest,2025-08-09
17368,17368,editor,2026-01-30
17369,17369,unknown,2025-10-08
17370,17370,editor,2025-06-30
17371,17371,viewer,2025-12-18
17372,17372,,2025-12-15
17373,17373,editor,2025-04-20
17374,17374,,2025-04-22
17375,17375,admin,2025-09-13
17376,17376,editor,2025-12-26
17377,17377,viewer,2025-09-10
17378,17378,viewer,2026-02-11
17379,17379,admin,2025-09-22
17380,17380,,2026-02-05
17381,17381,editor,2026-02-28
17382,17382,viewer,2025-07-27
17383,17383,viewer,2025-12-07
17384,17384,admin,2026-03-15
17385,17385,editor,2025-05-10
17386,17386,admin,2025-06-02
17387,17387,guest,2025-09-18
17388,17388,admin,2025-05-06
17389,17389,editor,2025-07-02
17390,17390,editor,2026-01-13
17391,17391,viewer,2025-07-19
17392,17392,viewer,2025-04-14
17393,17393,admin,2025-08-01
17394,17394,,2025-06-05
17395,17395,admin,2025-10-04
17396,17396,editor,2025-06-14
17397,17397,unknown,2025-09-12
17398,17398,unknown,2025-08-21
17399,17399,,2026-01-09
17400,17400,admin,2025-08-29
17401,17401,,2025-05-19
17402,17402,viewer,2025-04-15
17403,17403,admin,2026-02-17
17404,17404,viewer,2025-07-26
17405,17405,,2025-06-25
17406,17406,viewer,2025-06-25
17407,17407,viewer,2025-11-01
17408,17408,,2025-04-07
17409,17409,,2025-08-14
17410,17410,invalid_role,2026-03-24
17411,17411,editor,2025-12-31
17412,17412,editor,2025-06-21
17413,17413,invalid_role,2025-11-04
17414,17414,admin,2025-05-11
17415,17415,viewer,2026-03-05
17416,17416,viewer,2025-08-25
17417,17417,admin,2026-02-27
17418,17418,admin,2025-06-30
17419,17419,viewer,2025-12-06
17420,17420,editor,2025-05-03
17421,17421,,2025-04-04
17422,17422,editor,2025-09-10
17423,17423,,2025-10-01
17424,17424,admin,2025-11-02
17425,17425,editor,2025-05-15
17426,17426,editor,2025-05-29
17427,17427,viewer,2025-08-25
17428,17428,admin,2026-03-10
17429,17429,unknown,2025-04-25
17430,17430,viewer,2026-02-22
17431,17431,editor,2025-12-17
17432,17432,admin,2025-11-20
17433,17433,editor,2025-07-26
17434,17434,editor,2025-04-28
17435,17435,editor,2025-10-03
17436,17436,guest,2025-11-07
17437,17437,admin,2025-08-30
17438,17438,viewer,2026-03-18
17439,17439,editor,2025-10-18
17440,17440,editor,2026-03-22
17441,17441,editor,2025-11-06
17442,17442,invalid_role,2026-02-14
17443,17443,viewer,2025-11-05
17444,17444,guest,2026-03-08
17445,17445,viewer,2025-08-14
17446,17446,viewer,2025-07-01
17447,17447,guest,2026-03-14
17448,17448,editor,2025-05-08
17449,17449,editor,2025-06-22
17450,17450,admin,2025-06-30
17451,17451,viewer,2025-05-21
17452,17452,editor,2025-08-18
17453,17453,editor,2025-05-01
17454,17454,guest,2026-02-10
17455,17455,viewer,2025-06-29
17456,17456,editor,2025-11-08
17457,17457,editor,2025-07-27
17458,17458,viewer,2025-09-30
17459,17459,viewer,2025-06-14
17460,17460,admin,2025-05-14
17461,17461,editor,2025-08-12
17462,17462,,2025-06-07
17463,17463,,2026-01-21
17464,17464,viewer,2025-04-04
17465,17465,viewer,2025-05-07
17466,17466,viewer,2025-09-06
17467,17467,editor,2025-04-15
17468,17468,,2026-02-26
17469,17469,,2025-11-18
17470,17470,invalid_role,2025-05-13
17471,17471,admin,2025-10-28
17472,17472,editor,2025-12-24
17473,17473,viewer,2025-12-22
17474,17474,guest,2025-04-20
17475,17475,editor,2026-01-16
17476,17476,viewer,2025-09-03
17477,17477,invalid_role,2026-02-18
17478,17478,viewer,2025-08-30
17479,17479,editor,2025-03-31
17480,17480,guest,2025-05-15
17481,17481,admin,2025-10-15
17482,17482,invalid_role,2025-09-29
17483,17483,viewer,2025-09-19
17484,17484,editor,2026-02-01
17485,17485,admin,2025-12-26
17486,17486,viewer,2025-04-08
17487,17487,admin,2025-06-17
17488,17488,invalid_role,2025-05-15
17489,17489,,2025-09-18
17490,17490,viewer,2025-06-10
17491,17491,editor,2025-05-24
17492,17492,editor,2025-12-31
17493,17493,invalid_role,2025-10-01
17494,17494,editor,2025-09-19
17495,17495,editor,2025-04-17
17496,17496,viewer,2025-10-23
17497,17497,,2025-08-23
17498,17498,admin,2026-03-18
17499,17499,unknown,2025-10-17
17500,17500,viewer,2025-08-26
17501,17501,viewer,2025-10-07
17502,17502,editor,2025-10-31
17503,17503,invalid_role,2025-06-23
17504,17504,viewer,2025-12-15
17505,17505,viewer,2025-08-12
17506,17506,admin,2025-05-30
17507,17507,viewer,2025-04-27
17508,17508,admin,2026-02-25
17509,17509,admin,2025-04-02
17510,17510,viewer,2026-03-08
17511,17511,viewer,2025-12-01
17512,17512,viewer,2025-08-03
17513,17513,viewer,2025-06-22
17514,17514,editor,2025-09-06
17515,17515,invalid_role,2025-11-26
17516,17516,guest,2026-01-06
17517,17517,admin,2025-08-04
17518,17518,,2026-03-24
17519,17519,viewer,2026-02-21
17520,17520,viewer,2026-01-14
17521,17521,editor,2025-05-11
17522,17522,viewer,2025-04-24
17523,17523,admin,2026-01-31
17524,17524,invalid_role,2025-09-10
17525,17525,admin,2025-07-01
17526,17526,admin,2025-09-26
17527,17527,admin,2025-10-31
17528,17528,unknown,2025-06-15
17529,17529,editor,2025-05-15
17530,17530,viewer,2025-06-02
17531,17531,admin,2025-09-07
17532,17532,admin,2025-11-28
17533,17533,editor,2026-02-05
17534,17534,admin,2026-02-23
17535,17535,admin,2025-12-02
17536,17536,viewer,2025-10-14
17537,17537,viewer,2025-06-13
17538,17538,admin,2025-07-03
17539,17539,viewer,2025-09-16
17540,17540,admin,2025-06-24
17541,17541,admin,2025-06-02
17542,17542,editor,2025-09-05
17543,17543,editor,2025-07-06
17544,17544,editor,2025-11-02
17545,17545,editor,2025-10-30
17546,17546,admin,2025-11-22
17547,17547,viewer,2025-04-03
17548,17548,admin,2025-06-16
17549,17549,,2025-09-02
17550,17550,editor,2025-09-20
17551,17551,guest,2026-01-17
17552,17552,editor,2025-08-20
17553,17553,viewer,2025-09-27
17554,17554,viewer,2025-11-13
17555,17555,viewer,2026-03-10
17556,17556,viewer,2025-05-14
17557,17557,viewer,2025-06-13
17558,17558,editor,2025-08-09
17559,17559,,2025-03-31
17560,17560,editor,2025-04-11
17561,17561,editor,2026-01-25
17562,17562,,2025-08-24
17563,17563,viewer,2026-03-23
17564,17564,admin,2026-03-21
17565,17565,viewer,2025-10-17
17566,17566,viewer,2025-04-30
17567,17567,editor,2025-07-19
17568,17568,viewer,2025-05-25
17569,17569,viewer,2025-09-19
17570,17570,editor,2025-06-28
17571,17571,viewer,2025-07-04
17572,17572,viewer,2025-07-25
17573,17573,unknown,2025-12-16
17574,17574,editor,2026-03-03
17575,17575,viewer,2026-01-29
17576,17576,editor,2025-12-17
17577,17577,admin,2025-04-20
17578,17578,admin,2025-10-29
17579,17579,viewer,2025-03-30
17580,17580,admin,2025-06-26
17581,17581,viewer,2025-04-19
17582,17582,viewer,2025-10-11
17583,17583,viewer,2026-02-19
17584,17584,editor,2025-04-14
17585,17585,,2025-06-18
17586,17586,admin,2025-07-14
17587,17587,invalid_role,2025-06-21
17588,17588,invalid_role,2025-05-27
17589,17589,invalid_role,2025-10-25
17590,17590,viewer,2025-06-12
17591,17591,,2025-10-09
17592,17592,editor,2026-02-14
17593,17593,invalid_role,2025-07-21
17594,17594,editor,2025-11-12
17595,17595,editor,2025-06-24
17596,17596,admin,2025-11-01
17597,17597,guest,2025-10-03
17598,17598,editor,2025-10-12
17599,17599,editor,2025-05-03
17600,17600,viewer,2025-12-13
17601,17601,editor,2025-11-13
17602,17602,viewer,2025-10-09
17603,17603,viewer,2026-01-14
17604,17604,viewer,2025-11-21
17605,17605,viewer,2025-07-15
17606,17606,viewer,2025-05-26
17607,17607,admin,2025-09-30
17608,17608,viewer,2026-02-06
17609,17609,editor,2025-09-15
17610,17610,viewer,2025-08-09
17611,17611,editor,2026-03-20
17612,17612,editor,2025-04-06
17613,17613,viewer,2025-11-19
17614,17614,admin,2025-06-10
17615,17615,editor,2025-07-14
17616,17616,admin,2025-12-30
17617,17617,,2025-09-28
17618,17618,viewer,2025-09-03
17619,17619,editor,2026-01-12
17620,17620,admin,2025-11-30
17621,17621,viewer,2025-07-13
17622,17622,admin,2025-08-31
17623,17623,admin,2025-07-13
17624,17624,viewer,2025-05-13
17625,17625,viewer,2025-07-12
17626,17626,editor,2025-11-30
17627,17627,admin,2025-05-27
17628,17628,admin,2026-02-15
17629,17629,,2025-07-31
17630,17630,editor,2026-02-15
17631,17631,admin,2026-03-23
17632,17632,viewer,2026-01-07
17633,17633,viewer,2025-12-05
17634,17634,editor,2025-07-06
17635,17635,admin,2026-03-24
17636,17636,admin,2025-11-09
17637,17637,viewer,2025-04-14
17638,17638,viewer,2025-07-02
17639,17639,editor,2025-07-01
17640,17640,unknown,2025-04-12
17641,17641,viewer,2025-10-07
17642,17642,editor,2026-03-22
17643,17643,editor,2025-09-28
17644,17644,viewer,2025-09-24
17645,17645,viewer,2025-09-19
17646,17646,viewer,2025-04-22
17647,17647,admin,2025-04-11
17648,17648,invalid_role,2025-11-09
17649,17649,viewer,2026-01-19
17650,17650,editor,2026-02-02
17651,17651,admin,2026-02-19
17652,17652,guest,2025-11-20
17653,17653,,2025-10-03
17654,17654,viewer,2025-10-02
17655,17655,,2026-02-06
17656,17656,invalid_role,2025-10-22
17657,17657,guest,2025-11-24
17658,17658,,2025-04-11
17659,17659,editor,2026-03-25
17660,17660,admin,2025-07-26
17661,17661,,2025-06-01
17662,17662,admin,2026-02-07
17663,17663,admin,2026-03-25
17664,17664,editor,2026-01-24
17665,17665,editor,2025-05-04
17666,17666,editor,2025-04-13
17667,17667,viewer,2025-08-03
17668,17668,viewer,2025-06-10
17669,17669,editor,2026-02-07
17670,17670,viewer,2025-07-01
17671,17671,,2026-01-20
17672,17672,admin,2025-12-19
17673,17673,invalid_role,2025-06-23
17674,17674,guest,2025-07-12
17675,17675,viewer,2025-08-08
17676,17676,,2025-11-16
17677,17677,,2025-09-25
17678,17678,editor,2025-09-11
17679,17679,viewer,2025-07-05
17680,17680,editor,2025-12-02
17681,17681,admin,2026-02-17
17682,17682,guest,2025-05-12
17683,17683,admin,2025-08-12
17684,17684,viewer,2025-08-27
17685,17685,viewer,2025-08-26
17686,17686,viewer,2025-11-25
17687,17687,viewer,2026-01-19
17688,17688,editor,2025-09-17
17689,17689,viewer,2025-08-09
17690,17690,viewer,2026-03-25
17691,17691,editor,2026-02-06
17692,17692,editor,2025-05-07
17693,17693,invalid_role,2025-04-08
17694,17694,editor,2025-09-19
17695,17695,editor,2025-11-06
17696,17696,viewer,2026-01-30
17697,17697,viewer,2025-05-24
17698,17698,viewer,2025-07-21
17699,17699,admin,2026-03-27
17700,17700,viewer,2025-11-02
17701,17701,editor,2026-03-23
17702,17702,editor,2026-01-08
17703,17703,viewer,2025-08-01
17704,17704,admin,2026-01-16
17705,17705,admin,2025-04-01
17706,17706,,2025-05-28
17707,17707,admin,2025-12-14
17708,17708,,2025-07-29
17709,17709,unknown,2025-08-14
17710,17710,editor,2025-08-26
17711,17711,editor,2025-05-20
17712,17712,editor,2026-03-22
17713,17713,admin,2025-10-19
17714,17714,admin,2026-02-06
17715,17715,invalid_role,2025-05-22
17716,17716,admin,2026-01-13
17717,17717,guest,2025-11-26
17718,17718,guest,2026-01-18
17719,17719,editor,2025-07-11
17720,17720,admin,2025-12-27
17721,17721,editor,2025-12-08
17722,17722,editor,2026-02-11
17723,17723,viewer,2025-06-06
17724,17724,admin,2025-10-09
17725,17725,viewer,2025-10-30
17726,17726,admin,2025-11-29
17727,17727,admin,2026-03-23
17728,17728,editor,2025-10-01
17729,17729,admin,2025-07-26
17730,17730,invalid_role,2025-10-24
17731,17731,editor,2026-01-27
17732,17732,admin,2026-02-05
17733,17733,editor,2025-09-14
17734,17734,viewer,2026-02-16
17735,17735,editor,2025-12-30
17736,17736,admin,2025-06-02
17737,17737,,2025-09-09
17738,17738,editor,2025-07-10
17739,17739,admin,2025-06-29
17740,17740,viewer,2026-01-01
17741,17741,viewer,2025-12-19
17742,17742,editor,2025-12-29
17743,17743,editor,2026-01-20
17744,17744,,2025-06-09
17745,17745,editor,2025-12-06
17746,17746,admin,2025-07-09
17747,17747,unknown,2025-12-17
17748,17748,invalid_role,2025-04-08
17749,17749,viewer,2026-01-16
17750,17750,admin,2026-01-14
17751,17751,,2025-09-25
17752,17752,editor,2025-11-30
17753,17753,invalid_role,2026-03-05
17754,17754,guest,2026-02-27
17755,17755,editor,2026-01-16
17756,17756,viewer,2026-02-27
17757,17757,viewer,2026-01-11
17758,17758,viewer,2025-12-18
17759,17759,,2025-07-26
17760,17760,,2025-11-29
17761,17761,editor,2025-11-04
17762,17762,editor,2026-01-13
17763,17763,viewer,2025-11-10
17764,17764,admin,2025-06-15
17765,17765,admin,2025-04-04
17766,17766,guest,2025-10-12
17767,17767,viewer,2026-03-22
17768,17768,admin,2026-01-22
17769,17769,,2025-08-13
17770,17770,editor,2025-06-12
17771,17771,editor,2025-04-10
17772,17772,viewer,2026-02-07
17773,17773,viewer,2025-11-07
17774,17774,viewer,2025-09-08
17775,17775,viewer,2026-01-23
17776,17776,viewer,2025-09-18
17777,17777,editor,2026-03-18
17778,17778,admin,2025-05-05
17779,17779,editor,2025-10-21
17780,17780,editor,2025-04-01
17781,17781,guest,2026-01-27
17782,17782,editor,2026-03-21
17783,17783,admin,2026-01-16
17784,17784,editor,2025-04-28
17785,17785,,2025-06-18
17786,17786,admin,2025-04-28
17787,17787,editor,2025-09-17
17788,17788,unknown,2026-03-07
17789,17789,viewer,2025-04-09
17790,17790,editor,2025-09-19
17791,17791,viewer,2025-10-30
17792,17792,admin,2026-03-29
17793,17793,editor,2025-04-10
17794,17794,,2025-08-21
17795,17795,viewer,2025-06-07
17796,17796,admin,2025-10-09
17797,17797,guest,2025-08-11
17798,17798,editor,2025-09-12
17799,17799,admin,2025-09-17
17800,17800,viewer,2025-03-31
17801,17801,admin,2025-05-08
17802,17802,viewer,2025-05-25
17803,17803,guest,2025-12-15
17804,17804,viewer,2025-09-01
17805,17805,admin,2026-03-29
17806,17806,admin,2026-02-10
17807,17807,viewer,2026-01-07
17808,17808,admin,2025-08-22
17809,17809,invalid_role,2025-09-18
17810,17810,admin,2026-02-13
17811,17811,,2025-10-17
17812,17812,,2025-10-15
17813,17813,viewer,2025-10-06
17814,17814,editor,2025-10-12
17815,17815,editor,2025-07-07
17816,17816,admin,2025-05-20
17817,17817,,2025-06-30
17818,17818,admin,2025-09-15
17819,17819,editor,2025-09-17
17820,17820,editor,2026-02-24
17821,17821,editor,2025-07-28
17822,17822,,2025-11-10
17823,17823,viewer,2025-11-27
17824,17824,editor,2025-08-23
17825,17825,viewer,2026-01-04
17826,17826,editor,2026-02-14
17827,17827,guest,2025-12-25
17828,17828,unknown,2026-03-19
17829,17829,admin,2026-01-09
17830,17830,,2025-07-23
17831,17831,admin,2025-05-02
17832,17832,admin,2025-09-17
17833,17833,admin,2025-05-23
17834,17834,unknown,2025-12-01
17835,17835,viewer,2025-12-18
17836,17836,unknown,2025-08-24
17837,17837,editor,2026-01-15
17838,17838,editor,2025-04-24
17839,17839,unknown,2025-10-02
17840,17840,viewer,2026-02-24
17841,17841,admin,2025-09-24
17842,17842,editor,2025-11-25
17843,17843,viewer,2025-06-03
17844,17844,admin,2026-01-30
17845,17845,editor,2025-04-18
17846,17846,editor,2025-07-08
17847,17847,viewer,2025-04-19
17848,17848,admin,2026-03-22
17849,17849,viewer,2025-07-09
17850,17850,viewer,2025-04-18
17851,17851,admin,2025-10-12
17852,17852,viewer,2026-01-16
17853,17853,admin,2025-10-02
17854,17854,editor,2025-05-21
17855,17855,editor,2025-11-04
17856,17856,admin,2025-11-24
17857,17857,viewer,2025-05-26
17858,17858,guest,2025-10-01
17859,17859,admin,2026-03-02
17860,17860,unknown,2025-09-13
17861,17861,,2025-05-16
17862,17862,viewer,2026-01-03
17863,17863,viewer,2025-09-08
17864,17864,editor,2025-05-08
17865,17865,unknown,2026-03-13
17866,17866,editor,2025-08-27
17867,17867,editor,2025-08-29
17868,17868,editor,2026-03-17
17869,17869,viewer,2026-03-29
17870,17870,invalid_role,2025-12-21
17871,17871,admin,2025-08-14
17872,17872,admin,2025-06-28
17873,17873,,2025-08-15
17874,17874,editor,2025-11-27
17875,17875,editor,2025-07-24
17876,17876,admin,2025-11-14
17877,17877,viewer,2025-04-06
17878,17878,,2025-05-10
17879,17879,admin,2026-03-15
17880,17880,editor,2025-12-25
17881,17881,admin,2026-03-22
17882,17882,editor,2025-11-25
17883,17883,invalid_role,2025-04-03
17884,17884,admin,2025-11-07
17885,17885,viewer,2025-11-21
17886,17886,admin,2025-07-22
17887,17887,viewer,2025-07-29
17888,17888,admin,2025-11-11
17889,17889,admin,2025-05-07
17890,17890,editor,2025-08-12
17891,17891,invalid_role,2025-05-24
17892,17892,admin,2025-05-13
17893,17893,admin,2026-01-12
17894,17894,viewer,2025-07-06
17895,17895,viewer,2025-06-20
17896,17896,viewer,2025-11-19
17897,17897,admin,2026-02-09
17898,17898,viewer,2026-01-24
17899,17899,guest,2025-08-05
17900,17900,viewer,2026-01-12
17901,17901,admin,2025-07-09
17902,17902,admin,2026-02-11
17903,17903,admin,2026-03-19
17904,17904,admin,2025-04-03
17905,17905,admin,2025-06-29
17906,17906,unknown,2026-01-16
17907,17907,viewer,2025-04-13
17908,17908,viewer,2025-11-07
17909,17909,admin,2025-04-29
17910,17910,unknown,2025-04-25
17911,17911,viewer,2026-03-06
17912,17912,editor,2026-01-19
17913,17913,admin,2026-03-07
17914,17914,editor,2026-02-20
17915,17915,viewer,2025-12-24
17916,17916,viewer,2025-09-08
17917,17917,admin,2025-11-13
17918,17918,admin,2025-11-27
17919,17919,viewer,2025-10-25
17920,17920,editor,2025-11-10
17921,17921,viewer,2025-08-05
17922,17922,admin,2025-06-13
17923,17923,viewer,2025-11-06
17924,17924,viewer,2026-03-16
17925,17925,admin,2026-03-05
17926,17926,viewer,2025-10-15
17927,17927,editor,2026-03-03
17928,17928,guest,2026-03-05
17929,17929,admin,2025-12-16
17930,17930,editor,2026-03-10
17931,17931,editor,2025-10-08
17932,17932,editor,2025-08-27
17933,17933,editor,2025-09-01
17934,17934,editor,2025-08-19
17935,17935,admin,2025-07-26
17936,17936,editor,2025-08-22
17937,17937,admin,2025-06-28
17938,17938,unknown,2025-07-27
17939,17939,editor,2025-11-13
17940,17940,viewer,2025-09-22
17941,17941,,2025-09-05
17942,17942,editor,2025-12-08
17943,17943,unknown,2025-12-03
17944,17944,editor,2025-04-13
17945,17945,viewer,2025-09-26
17946,17946,viewer,2026-02-24
17947,17947,admin,2026-03-28
17948,17948,editor,2026-01-14
17949,17949,editor,2025-11-08
17950,17950,admin,2025-04-20
17951,17951,editor,2025-06-23
17952,17952,editor,2025-07-21
17953,17953,,2025-12-20
17954,17954,editor,2026-03-19
17955,17955,unknown,2025-12-07
17956,17956,admin,2025-11-22
17957,17957,editor,2025-07-12
17958,17958,viewer,2025-10-13
17959,17959,,2026-03-02
17960,17960,editor,2025-08-18
17961,17961,admin,2026-02-28
17962,17962,viewer,2025-09-27
17963,17963,editor,2025-08-06
17964,17964,admin,2025-04-06
17965,17965,viewer,2025-08-14
17966,17966,invalid_role,2025-09-15
17967,17967,editor,2026-03-11
17968,17968,viewer,2025-12-25
17969,17969,admin,2025-04-29
17970,17970,viewer,2025-12-14
17971,17971,editor,2026-03-15
17972,17972,admin,2026-02-15
17973,17973,editor,2025-07-25
17974,17974,admin,2025-04-03
17975,17975,admin,2026-03-23
17976,17976,viewer,2025-12-10
17977,17977,viewer,2025-05-09
17978,17978,viewer,2025-12-30
17979,17979,admin,2025-08-27
17980,17980,invalid_role,2025-09-14
17981,17981,editor,2026-02-12
17982,17982,admin,2025-11-11
17983,17983,admin,2025-04-08
17984,17984,admin,2025-12-12
17985,17985,editor,2025-06-24
17986,17986,viewer,2025-12-29
17987,17987,editor,2025-10-31
17988,17988,editor,2025-10-23
17989,17989,viewer,2025-08-11
17990,17990,admin,2025-06-16
17991,17991,viewer,2026-01-14
17992,17992,editor,2026-03-25
17993,17993,admin,2025-09-23
17994,17994,unknown,2025-06-19
17995,17995,admin,2025-11-26
17996,17996,admin,2025-04-21
17997,17997,viewer,2025-05-12
17998,17998,admin,2025-12-18
17999,17999,invalid_role,2025-06-18
18000,18000,admin,2025-06-09
18001,18001,admin,2025-08-13
18002,18002,unknown,2025-06-03
18003,18003,editor,2025-06-21
18004,18004,admin,2026-03-09
18005,18005,editor,2025-08-04
18006,18006,admin,2025-10-19
18007,18007,admin,2026-02-09
18008,18008,admin,2026-03-27
18009,18009,viewer,2025-10-03
18010,18010,editor,2025-04-13
18011,18011,viewer,2025-04-16
18012,18012,editor,2025-11-05
18013,18013,admin,2025-11-27
18014,18014,admin,2025-11-05
18015,18015,viewer,2026-03-29
18016,18016,editor,2025-09-22
18017,18017,editor,2025-12-22
18018,18018,editor,2025-04-16
18019,18019,editor,2025-06-17
18020,18020,viewer,2025-04-14
18021,18021,admin,2025-10-25
18022,18022,unknown,2025-09-02
18023,18023,viewer,2025-07-03
18024,18024,invalid_role,2025-04-14
18025,18025,viewer,2025-10-13
18026,18026,,2025-10-27
18027,18027,editor,2025-06-01
18028,18028,editor,2025-04-27
18029,18029,,2025-10-18
18030,18030,admin,2026-01-29
18031,18031,viewer,2025-04-10
18032,18032,editor,2025-03-30
18033,18033,viewer,2025-11-20
18034,18034,viewer,2025-05-19
18035,18035,admin,2025-06-09
18036,18036,viewer,2025-06-07
18037,18037,admin,2025-05-10
18038,18038,,2025-11-21
18039,18039,editor,2025-09-07
18040,18040,editor,2025-09-07
18041,18041,editor,2025-08-05
18042,18042,admin,2026-01-14
18043,18043,admin,2025-05-13
18044,18044,admin,2025-08-14
18045,18045,viewer,2025-06-29
18046,18046,guest,2026-02-08
18047,18047,viewer,2026-02-28
18048,18048,invalid_role,2025-12-28
18049,18049,viewer,2026-03-01
18050,18050,viewer,2025-07-04
18051,18051,admin,2025-10-11
18052,18052,editor,2025-05-11
18053,18053,admin,2025-06-02
18054,18054,admin,2025-07-12
18055,18055,viewer,2025-06-13
18056,18056,admin,2025-07-31
18057,18057,viewer,2025-06-10
18058,18058,viewer,2025-11-26
18059,18059,admin,2025-09-05
18060,18060,,2025-12-05
18061,18061,editor,2025-10-21
18062,18062,editor,2025-12-07
18063,18063,invalid_role,2025-05-18
18064,18064,admin,2026-01-01
18065,18065,,2025-08-28
18066,18066,admin,2025-08-08
18067,18067,editor,2026-01-28
18068,18068,viewer,2025-07-28
18069,18069,viewer,2025-05-31
18070,18070,admin,2025-09-28
18071,18071,admin,2025-04-21
18072,18072,,2025-11-27
18073,18073,unknown,2025-07-21
18074,18074,editor,2025-08-28
18075,18075,editor,2025-08-04
18076,18076,guest,2025-11-20
18077,18077,viewer,2026-01-23
18078,18078,unknown,2025-10-14
18079,18079,admin,2025-12-21
18080,18080,invalid_role,2025-04-29
18081,18081,admin,2025-06-25
18082,18082,admin,2025-05-17
18083,18083,editor,2025-11-05
18084,18084,viewer,2025-04-23
18085,18085,admin,2025-08-21
18086,18086,editor,2025-10-17
18087,18087,guest,2025-06-30
18088,18088,viewer,2025-10-08
18089,18089,viewer,2026-03-14
18090,18090,editor,2026-02-22
18091,18091,viewer,2026-03-26
18092,18092,viewer,2025-06-09
18093,18093,,2025-06-12
18094,18094,admin,2026-01-10
18095,18095,viewer,2025-11-05
18096,18096,admin,2025-11-16
18097,18097,invalid_role,2025-08-01
18098,18098,,2026-02-12
18099,18099,editor,2025-12-17
18100,18100,viewer,2025-12-23
18101,18101,,2025-07-03
18102,18102,,2026-02-21
18103,18103,guest,2025-10-16
18104,18104,admin,2025-11-28
18105,18105,editor,2025-08-10
18106,18106,editor,2025-07-24
18107,18107,admin,2025-05-13
18108,18108,editor,2025-06-02
18109,18109,admin,2025-11-20
18110,18110,invalid_role,2025-10-17
18111,18111,admin,2025-05-03
18112,18112,editor,2025-07-13
18113,18113,invalid_role,2025-05-24
18114,18114,editor,2025-04-01
18115,18115,editor,2026-02-27
18116,18116,,2026-03-10
18117,18117,editor,2025-05-18
18118,18118,viewer,2026-01-06
18119,18119,editor,2025-07-11
18120,18120,editor,2025-05-23
18121,18121,editor,2026-01-25
18122,18122,admin,2025-07-13
18123,18123,,2025-11-25
18124,18124,editor,2025-12-15
18125,18125,admin,2025-08-03
18126,18126,admin,2025-06-02
18127,18127,unknown,2025-09-26
18128,18128,editor,2026-01-26
18129,18129,editor,2026-01-25
18130,18130,viewer,2025-09-11
18131,18131,admin,2026-02-16
18132,18132,editor,2025-06-04
18133,18133,admin,2026-03-27
18134,18134,viewer,2025-07-04
18135,18135,viewer,2025-06-05
18136,18136,,2025-05-28
18137,18137,,2026-01-10
18138,18138,editor,2026-01-27
18139,18139,viewer,2025-07-18
18140,18140,viewer,2025-06-22
18141,18141,admin,2025-05-02
18142,18142,viewer,2025-07-21
18143,18143,editor,2025-05-31
18144,18144,editor,2026-02-17
18145,18145,,2025-06-30
18146,18146,editor,2025-06-25
18147,18147,admin,2025-12-02
18148,18148,viewer,2025-05-03
18149,18149,editor,2025-08-29
18150,18150,admin,2025-11-23
18151,18151,editor,2025-08-01
18152,18152,admin,2026-02-28
18153,18153,viewer,2025-04-15
18154,18154,viewer,2025-04-28
18155,18155,editor,2025-05-14
18156,18156,guest,2025-10-09
18157,18157,unknown,2025-07-04
18158,18158,unknown,2025-12-03
18159,18159,admin,2025-09-10
18160,18160,viewer,2025-09-05
18161,18161,viewer,2025-04-11
18162,18162,editor,2025-08-02
18163,18163,unknown,2025-04-25
18164,18164,editor,2025-11-02
18165,18165,viewer,2025-09-06
18166,18166,viewer,2026-02-15
18167,18167,unknown,2025-10-11
18168,18168,editor,2025-08-01
18169,18169,unknown,2025-05-04
18170,18170,admin,2025-05-13
18171,18171,admin,2025-06-01
18172,18172,,2026-01-15
18173,18173,editor,2025-07-23
18174,18174,invalid_role,2026-02-05
18175,18175,unknown,2025-07-09
18176,18176,editor,2025-08-24
18177,18177,editor,2025-06-12
18178,18178,,2025-04-30
18179,18179,editor,2026-02-03
18180,18180,editor,2025-12-01
18181,18181,,2025-12-19
18182,18182,editor,2025-04-08
18183,18183,viewer,2025-06-13
18184,18184,admin,2026-01-12
18185,18185,editor,2026-01-12
18186,18186,admin,2025-12-24
18187,18187,admin,2025-12-27
18188,18188,guest,2025-04-01
18189,18189,editor,2025-06-09
18190,18190,admin,2025-04-13
18191,18191,admin,2025-11-29
18192,18192,admin,2025-09-07
18193,18193,admin,2025-06-21
18194,18194,viewer,2025-04-19
18195,18195,unknown,2025-08-17
18196,18196,unknown,2025-10-12
18197,18197,viewer,2025-07-05
18198,18198,editor,2025-06-14
18199,18199,,2026-02-08
18200,18200,,2025-10-30
18201,18201,viewer,2026-02-13
18202,18202,viewer,2026-01-18
18203,18203,admin,2025-08-06
18204,18204,admin,2025-11-20
18205,18205,admin,2025-11-13
18206,18206,,2025-11-18
18207,18207,editor,2026-02-23
18208,18208,editor,2025-08-01
18209,18209,viewer,2026-02-27
18210,18210,viewer,2025-05-10
18211,18211,admin,2025-04-01
18212,18212,admin,2025-07-26
18213,18213,viewer,2026-03-25
18214,18214,viewer,2026-02-02
18215,18215,editor,2025-05-23
18216,18216,editor,2025-07-29
18217,18217,admin,2025-04-09
18218,18218,viewer,2025-06-29
18219,18219,editor,2025-12-30
18220,18220,admin,2026-01-29
18221,18221,admin,2025-08-05
18222,18222,,2025-10-03
18223,18223,admin,2025-11-22
18224,18224,viewer,2026-02-20
18225,18225,editor,2026-03-07
18226,18226,viewer,2026-01-29
18227,18227,admin,2025-12-22
18228,18228,editor,2025-12-08
18229,18229,viewer,2026-02-03
18230,18230,viewer,2025-05-24
18231,18231,,2025-06-28
18232,18232,unknown,2025-10-13
18233,18233,admin,2025-08-30
18234,18234,admin,2025-09-30
18235,18235,invalid_role,2026-02-07
18236,18236,editor,2025-07-25
18237,18237,editor,2025-04-29
18238,18238,editor,2025-07-27
18239,18239,editor,2025-09-22
18240,18240,viewer,2025-12-03
18241,18241,editor,2025-04-14
18242,18242,viewer,2025-05-29
18243,18243,admin,2026-03-06
18244,18244,invalid_role,2025-05-15
18245,18245,editor,2025-11-27
18246,18246,,2025-03-31
18247,18247,guest,2025-05-02
18248,18248,admin,2026-01-03
18249,18249,,2025-12-29
18250,18250,editor,2025-07-09
18251,18251,editor,2025-07-15
18252,18252,editor,2025-12-02
18253,18253,editor,2025-06-13
18254,18254,admin,2025-10-27
18255,18255,editor,2025-07-23
18256,18256,editor,2025-04-16
18257,18257,invalid_role,2025-08-22
18258,18258,viewer,2025-09-30
18259,18259,editor,2026-02-22
18260,18260,admin,2025-09-23
18261,18261,editor,2025-03-30
18262,18262,admin,2025-04-05
18263,18263,guest,2025-10-16
18264,18264,editor,2025-11-19
18265,18265,viewer,2025-04-30
18266,18266,admin,2025-08-15
18267,18267,viewer,2025-05-27
18268,18268,admin,2025-07-10
18269,18269,editor,2025-12-01
18270,18270,admin,2025-08-18
18271,18271,invalid_role,2025-09-24
18272,18272,editor,2026-01-24
18273,18273,admin,2026-02-02
18274,18274,viewer,2025-05-15
18275,18275,,2025-08-25
18276,18276,admin,2025-10-28
18277,18277,invalid_role,2026-01-30
18278,18278,admin,2025-11-09
18279,18279,editor,2025-04-01
18280,18280,viewer,2026-03-16
18281,18281,admin,2025-07-19
18282,18282,unknown,2025-11-04
18283,18283,editor,2025-10-15
18284,18284,viewer,2025-12-06
18285,18285,editor,2025-12-20
18286,18286,viewer,2025-10-05
18287,18287,viewer,2025-07-06
18288,18288,admin,2025-12-31
18289,18289,admin,2025-04-07
18290,18290,admin,2025-09-21
18291,18291,viewer,2025-08-20
18292,18292,viewer,2025-10-26
18293,18293,,2025-07-19
18294,18294,,2026-01-01
18295,18295,editor,2025-08-05
18296,18296,editor,2025-06-30
18297,18297,admin,2025-04-07
18298,18298,viewer,2026-03-17
18299,18299,admin,2025-09-17
18300,18300,admin,2026-02-13
18301,18301,admin,2025-08-29
18302,18302,admin,2025-09-01
18303,18303,invalid_role,2025-10-01
18304,18304,viewer,2025-11-02
18305,18305,unknown,2025-10-19
18306,18306,viewer,2026-01-31
18307,18307,admin,2025-09-15
18308,18308,unknown,2026-02-07
18309,18309,viewer,2025-06-17
18310,18310,viewer,2025-11-25
18311,18311,editor,2026-02-27
18312,18312,viewer,2025-11-05
18313,18313,admin,2025-10-24
18314,18314,admin,2025-12-18
18315,18315,viewer,2025-05-22
18316,18316,editor,2025-07-26
18317,18317,viewer,2025-04-19
18318,18318,admin,2025-04-18
18319,18319,,2025-10-17
18320,18320,admin,2025-12-02
18321,18321,viewer,2025-10-24
18322,18322,admin,2025-11-30
18323,18323,editor,2026-01-26
18324,18324,viewer,2025-05-24
18325,18325,viewer,2025-06-11
18326,18326,viewer,2026-02-28
18327,18327,guest,2026-02-20
18328,18328,editor,2025-05-19
18329,18329,admin,2025-04-20
18330,18330,admin,2025-05-16
18331,18331,viewer,2026-02-14
18332,18332,admin,2025-06-11
18333,18333,viewer,2026-03-18
18334,18334,viewer,2025-08-01
18335,18335,admin,2025-10-10
18336,18336,viewer,2025-12-21
18337,18337,admin,2025-06-23
18338,18338,admin,2025-12-12
18339,18339,editor,2025-12-06
18340,18340,admin,2025-08-09
18341,18341,viewer,2025-05-01
18342,18342,viewer,2025-06-04
18343,18343,admin,2025-11-01
18344,18344,viewer,2026-03-19
18345,18345,editor,2026-01-05
18346,18346,admin,2026-01-24
18347,18347,guest,2026-01-23
18348,18348,unknown,2025-10-13
18349,18349,admin,2025-09-25
18350,18350,,2025-07-03
18351,18351,editor,2025-06-16
18352,18352,admin,2025-07-27
18353,18353,editor,2025-05-03
18354,18354,editor,2025-08-29
18355,18355,admin,2025-07-25
18356,18356,,2025-09-07
18357,18357,admin,2025-10-05
18358,18358,admin,2025-04-19
18359,18359,admin,2025-12-05
18360,18360,viewer,2025-08-16
18361,18361,editor,2025-06-30
18362,18362,,2025-11-04
18363,18363,editor,2025-07-07
18364,18364,admin,2025-11-06
18365,18365,unknown,2025-10-19
18366,18366,viewer,2025-08-21
18367,18367,editor,2025-12-15
18368,18368,,2025-10-08
18369,18369,editor,2026-01-24
18370,18370,viewer,2025-11-29
18371,18371,admin,2025-07-29
18372,18372,editor,2025-07-20
18373,18373,editor,2025-08-05
18374,18374,editor,2025-09-22
18375,18375,admin,2026-03-09
18376,18376,admin,2025-06-22
18377,18377,viewer,2026-01-27
18378,18378,viewer,2025-05-09
18379,18379,admin,2026-02-11
18380,18380,admin,2025-10-24
18381,18381,viewer,2026-03-18
18382,18382,admin,2025-04-28
18383,18383,admin,2025-06-02
18384,18384,viewer,2025-12-24
18385,18385,viewer,2025-10-07
18386,18386,admin,2025-06-08
18387,18387,editor,2025-12-01
18388,18388,viewer,2025-09-07
18389,18389,editor,2025-05-04
18390,18390,viewer,2025-08-13
18391,18391,viewer,2026-02-18
18392,18392,admin,2025-06-17
18393,18393,admin,2026-01-15
18394,18394,viewer,2025-10-31
18395,18395,viewer,2025-07-16
18396,18396,admin,2025-07-10
18397,18397,guest,2025-05-10
18398,18398,admin,2025-10-08
18399,18399,unknown,2026-03-25
18400,18400,viewer,2025-12-06
18401,18401,viewer,2025-05-24
18402,18402,editor,2025-05-22
18403,18403,invalid_role,2025-06-28
18404,18404,editor,2025-12-28
18405,18405,unknown,2025-12-29
18406,18406,admin,2025-10-14
18407,18407,viewer,2026-02-19
18408,18408,admin,2025-11-28
18409,18409,viewer,2025-08-24
18410,18410,admin,2026-01-12
18411,18411,invalid_role,2026-02-18
18412,18412,admin,2026-01-21
18413,18413,editor,2025-05-13
18414,18414,,2025-12-05
18415,18415,editor,2026-03-27
18416,18416,admin,2026-01-15
18417,18417,editor,2025-11-06
18418,18418,editor,2025-07-26
18419,18419,guest,2025-05-15
18420,18420,viewer,2025-03-31
18421,18421,editor,2025-07-19
18422,18422,admin,2025-10-17
18423,18423,invalid_role,2025-09-24
18424,18424,admin,2025-12-15
18425,18425,viewer,2025-12-09
18426,18426,invalid_role,2025-05-12
18427,18427,admin,2025-09-01
18428,18428,guest,2025-07-09
18429,18429,viewer,2025-07-30
18430,18430,editor,2025-05-03
18431,18431,viewer,2025-12-11
18432,18432,editor,2025-11-13
18433,18433,editor,2025-06-10
18434,18434,invalid_role,2025-11-04
18435,18435,admin,2026-01-24
18436,18436,viewer,2025-07-09
18437,18437,viewer,2025-12-19
18438,18438,,2025-07-18
18439,18439,admin,2026-01-02
18440,18440,,2025-08-01
18441,18441,editor,2025-12-02
18442,18442,guest,2026-02-02
18443,18443,editor,2026-02-23
18444,18444,editor,2026-01-26
18445,18445,viewer,2026-02-11
18446,18446,editor,2026-02-09
18447,18447,admin,2026-02-08
18448,18448,admin,2026-01-07
18449,18449,,2026-03-25
18450,18450,editor,2025-10-12
18451,18451,,2025-07-24
18452,18452,editor,2025-04-11
18453,18453,invalid_role,2025-12-11
18454,18454,editor,2025-04-03
18455,18455,admin,2025-09-28
18456,18456,admin,2026-02-07
18457,18457,viewer,2025-08-11
18458,18458,invalid_role,2025-07-25
18459,18459,admin,2025-05-13
18460,18460,admin,2025-07-05
18461,18461,viewer,2026-01-20
18462,18462,editor,2025-08-20
18463,18463,viewer,2025-12-30
18464,18464,viewer,2025-04-20
18465,18465,editor,2025-10-21
18466,18466,viewer,2025-06-19
18467,18467,editor,2026-02-27
18468,18468,admin,2025-08-11
18469,18469,admin,2025-06-10
18470,18470,invalid_role,2025-12-06
18471,18471,admin,2025-11-13
18472,18472,editor,2025-09-04
18473,18473,editor,2025-11-20
18474,18474,admin,2025-07-09
18475,18475,editor,2025-11-24
18476,18476,editor,2025-09-07
18477,18477,viewer,2026-02-15
18478,18478,editor,2026-01-02
18479,18479,viewer,2025-11-28
18480,18480,unknown,2026-03-24
18481,18481,admin,2025-08-02
18482,18482,viewer,2025-12-13
18483,18483,viewer,2025-07-19
18484,18484,viewer,2025-07-06
18485,18485,viewer,2025-09-10
18486,18486,editor,2025-04-15
18487,18487,admin,2025-09-23
18488,18488,editor,2026-01-27
18489,18489,editor,2025-09-21
18490,18490,guest,2026-01-16
18491,18491,invalid_role,2025-08-04
18492,18492,viewer,2025-09-11
18493,18493,guest,2026-03-03
18494,18494,admin,2025-05-17
18495,18495,invalid_role,2025-04-04
18496,18496,editor,2025-07-01
18497,18497,,2025-06-14
18498,18498,viewer,2026-02-28
18499,18499,viewer,2025-05-04
18500,18500,editor,2025-04-16
18501,18501,,2025-05-16
18502,18502,unknown,2025-10-24
18503,18503,editor,2025-06-29
18504,18504,viewer,2026-01-09
18505,18505,,2025-06-03
18506,18506,admin,2026-02-20
18507,18507,admin,2025-04-09
18508,18508,invalid_role,2025-12-06
18509,18509,editor,2026-03-15
18510,18510,admin,2025-08-23
18511,18511,guest,2025-04-27
18512,18512,,2025-12-31
18513,18513,,2026-01-16
18514,18514,editor,2026-02-06
18515,18515,admin,2025-05-18
18516,18516,viewer,2026-03-25
18517,18517,admin,2025-05-20
18518,18518,viewer,2025-09-11
18519,18519,viewer,2025-08-17
18520,18520,,2025-11-11
18521,18521,admin,2025-07-13
18522,18522,admin,2025-11-21
18523,18523,admin,2025-05-13
18524,18524,guest,2025-05-24
18525,18525,editor,2025-12-06
18526,18526,admin,2025-12-14
18527,18527,,2025-10-09
18528,18528,editor,2025-12-12
18529,18529,viewer,2025-10-02
18530,18530,editor,2026-03-03
18531,18531,viewer,2025-10-29
18532,18532,editor,2025-10-16
18533,18533,viewer,2025-03-31
18534,18534,admin,2025-12-26
18535,18535,,2026-01-24
18536,18536,editor,2026-01-12
18537,18537,editor,2025-05-31
18538,18538,editor,2025-06-12
18539,18539,invalid_role,2025-06-06
18540,18540,admin,2025-12-02
18541,18541,admin,2026-02-05
18542,18542,,2025-05-10
18543,18543,editor,2026-03-22
18544,18544,guest,2026-02-14
18545,18545,admin,2025-10-23
18546,18546,editor,2025-10-24
18547,18547,unknown,2026-03-29
18548,18548,admin,2025-11-13
18549,18549,editor,2025-09-22
18550,18550,editor,2025-06-28
18551,18551,admin,2026-01-10
18552,18552,viewer,2025-05-08
18553,18553,admin,2025-03-31
18554,18554,editor,2025-08-16
18555,18555,editor,2026-02-23
18556,18556,viewer,2025-08-04
18557,18557,viewer,2025-04-15
18558,18558,editor,2025-05-12
18559,18559,admin,2025-06-27
18560,18560,viewer,2026-01-14
18561,18561,,2025-04-25
18562,18562,viewer,2025-11-06
18563,18563,admin,2025-08-14
18564,18564,admin,2026-01-22
18565,18565,,2025-03-31
18566,18566,invalid_role,2025-09-02
18567,18567,viewer,2025-06-20
18568,18568,editor,2025-08-07
18569,18569,admin,2026-01-10
18570,18570,admin,2025-12-26
18571,18571,viewer,2025-09-19
18572,18572,editor,2025-05-13
18573,18573,editor,2025-04-04
18574,18574,guest,2025-08-18
18575,18575,editor,2026-02-11
18576,18576,,2025-12-28
18577,18577,editor,2025-08-15
18578,18578,viewer,2025-04-25
18579,18579,viewer,2026-03-08
18580,18580,editor,2026-01-10
18581,18581,viewer,2025-09-17
18582,18582,guest,2025-06-14
18583,18583,editor,2025-07-20
18584,18584,unknown,2026-03-15
18585,18585,admin,2026-03-06
18586,18586,guest,2025-06-10
18587,18587,admin,2025-11-20
18588,18588,admin,2026-02-26
18589,18589,unknown,2025-09-11
18590,18590,editor,2025-08-31
18591,18591,admin,2026-02-07
18592,18592,editor,2025-12-20
18593,18593,viewer,2026-02-06
18594,18594,editor,2025-05-19
18595,18595,admin,2025-04-08
18596,18596,viewer,2025-11-06
18597,18597,admin,2025-07-23
18598,18598,editor,2025-05-11
18599,18599,viewer,2025-11-14
18600,18600,editor,2025-05-10
18601,18601,editor,2025-05-20
18602,18602,editor,2025-08-05
18603,18603,editor,2025-06-07
18604,18604,,2026-02-19
18605,18605,admin,2026-02-07
18606,18606,,2025-11-28
18607,18607,viewer,2026-03-20
18608,18608,,2025-07-02
18609,18609,editor,2026-01-04
18610,18610,unknown,2025-03-31
18611,18611,viewer,2025-11-06
18612,18612,admin,2025-09-16
18613,18613,unknown,2025-04-25
18614,18614,viewer,2026-03-27
18615,18615,viewer,2025-05-17
18616,18616,editor,2025-09-23
18617,18617,editor,2025-10-15
18618,18618,invalid_role,2025-12-10
18619,18619,viewer,2025-05-07
18620,18620,viewer,2025-04-06
18621,18621,unknown,2025-08-12
18622,18622,admin,2025-10-10
18623,18623,viewer,2025-05-29
18624,18624,admin,2025-08-10
18625,18625,invalid_role,2025-09-21
18626,18626,editor,2025-04-17
18627,18627,viewer,2025-12-03
18628,18628,,2026-01-31
18629,18629,viewer,2026-01-15
18630,18630,editor,2025-09-12
18631,18631,admin,2025-11-16
18632,18632,editor,2025-08-02
18633,18633,guest,2025-04-07
18634,18634,,2025-06-17
18635,18635,editor,2025-12-26
18636,18636,,2025-05-02
18637,18637,editor,2025-07-07
18638,18638,,2025-12-30
18639,18639,,2026-02-01
18640,18640,guest,2025-08-15
18641,18641,editor,2025-12-16
18642,18642,admin,2025-06-03
18643,18643,unknown,2025-10-14
18644,18644,editor,2025-12-08
18645,18645,admin,2025-06-26
18646,18646,,2025-10-16
18647,18647,admin,2025-05-21
18648,18648,invalid_role,2026-03-23
18649,18649,viewer,2025-12-16
18650,18650,viewer,2025-09-13
18651,18651,editor,2025-06-26
18652,18652,admin,2025-06-02
18653,18653,editor,2026-02-10
18654,18654,viewer,2026-03-20
18655,18655,unknown,2026-01-10
18656,18656,,2025-04-07
18657,18657,guest,2025-10-19
18658,18658,admin,2025-05-26
18659,18659,admin,2025-07-24
18660,18660,admin,2025-09-17
18661,18661,viewer,2025-06-22
18662,18662,admin,2025-05-20
18663,18663,invalid_role,2026-03-12
18664,18664,admin,2025-09-27
18665,18665,admin,2025-10-10
18666,18666,editor,2026-01-14
18667,18667,editor,2025-06-03
18668,18668,guest,2025-04-09
18669,18669,editor,2026-03-08
18670,18670,admin,2026-03-03
18671,18671,viewer,2026-02-08
18672,18672,admin,2025-06-22
18673,18673,guest,2025-09-22
18674,18674,unknown,2025-04-08
18675,18675,editor,2026-01-18
18676,18676,guest,2025-04-30
18677,18677,unknown,2026-01-11
18678,18678,admin,2025-09-11
18679,18679,admin,2025-07-23
18680,18680,guest,2026-01-01
18681,18681,editor,2025-07-30
18682,18682,editor,2025-06-05
18683,18683,,2025-07-16
18684,18684,admin,2025-09-22
18685,18685,editor,2025-08-01
18686,18686,editor,2026-02-07
18687,18687,editor,2025-11-02
18688,18688,viewer,2026-03-22
18689,18689,admin,2026-02-17
18690,18690,viewer,2026-02-06
18691,18691,admin,2025-07-03
18692,18692,admin,2025-10-22
18693,18693,editor,2025-07-24
18694,18694,editor,2026-03-15
18695,18695,admin,2025-05-09
18696,18696,editor,2026-02-25
18697,18697,editor,2025-08-04
18698,18698,admin,2025-08-06
18699,18699,admin,2025-09-29
18700,18700,admin,2026-01-16
18701,18701,,2025-04-22
18702,18702,editor,2025-10-27
18703,18703,unknown,2026-02-01
18704,18704,editor,2026-02-25
18705,18705,viewer,2025-05-17
18706,18706,editor,2025-11-11
18707,18707,viewer,2026-01-02
18708,18708,admin,2026-01-19
18709,18709,admin,2025-05-10
18710,18710,viewer,2026-01-31
18711,18711,viewer,2025-04-20
18712,18712,admin,2025-06-23
18713,18713,admin,2025-09-14
18714,18714,admin,2026-01-31
18715,18715,unknown,2025-04-01
18716,18716,admin,2026-02-02
18717,18717,guest,2025-06-16
18718,18718,admin,2026-01-29
18719,18719,,2026-01-29
18720,18720,invalid_role,2025-11-05
18721,18721,admin,2025-09-22
18722,18722,admin,2025-09-10
18723,18723,,2026-03-21
18724,18724,unknown,2026-02-06
18725,18725,editor,2026-01-01
18726,18726,viewer,2025-10-04
18727,18727,guest,2026-02-23
18728,18728,,2025-03-30
18729,18729,admin,2025-07-20
18730,18730,viewer,2026-02-07
18731,18731,viewer,2025-11-16
18732,18732,,2025-12-30
18733,18733,editor,2025-07-24
18734,18734,invalid_role,2026-03-08
18735,18735,editor,2025-06-09
18736,18736,guest,2026-03-10
18737,18737,editor,2025-11-26
18738,18738,invalid_role,2026-01-30
18739,18739,admin,2025-08-25
18740,18740,admin,2025-11-26
18741,18741,editor,2026-01-30
18742,18742,guest,2025-12-04
18743,18743,,2025-09-05
18744,18744,viewer,2025-11-21
18745,18745,,2025-11-07
18746,18746,editor,2025-12-02
18747,18747,editor,2025-08-16
18748,18748,editor,2025-11-01
18749,18749,invalid_role,2026-01-01
18750,18750,viewer,2026-01-19
18751,18751,editor,2026-02-02
18752,18752,viewer,2025-06-01
18753,18753,viewer,2025-10-05
18754,18754,editor,2025-09-01
18755,18755,,2025-08-07
18756,18756,,2025-06-26
18757,18757,admin,2025-10-03
18758,18758,admin,2026-03-09
18759,18759,guest,2025-09-06
18760,18760,guest,2025-04-17
18761,18761,admin,2025-12-26
18762,18762,viewer,2025-05-08
18763,18763,viewer,2025-09-10
18764,18764,invalid_role,2025-11-10
18765,18765,viewer,2025-07-16
18766,18766,admin,2026-03-29
18767,18767,editor,2025-05-24
18768,18768,editor,2025-09-10
18769,18769,admin,2025-07-20
18770,18770,,2025-09-25
18771,18771,admin,2025-11-04
18772,18772,,2025-08-02
18773,18773,editor,2025-10-12
18774,18774,editor,2025-11-11
18775,18775,admin,2026-01-15
18776,18776,admin,2025-05-25
18777,18777,editor,2025-07-02
18778,18778,viewer,2025-07-28
18779,18779,viewer,2025-10-14
18780,18780,viewer,2025-08-01
18781,18781,editor,2025-08-07
18782,18782,admin,2025-04-01
18783,18783,admin,2025-06-15
18784,18784,editor,2026-03-21
18785,18785,invalid_role,2025-12-16
18786,18786,admin,2026-02-23
18787,18787,editor,2025-07-22
18788,18788,viewer,2025-11-10
18789,18789,,2025-06-16
18790,18790,admin,2025-09-17
18791,18791,,2025-05-06
18792,18792,editor,2026-01-28
18793,18793,viewer,2026-01-04
18794,18794,editor,2026-01-09
18795,18795,editor,2025-11-01
18796,18796,admin,2025-12-27
18797,18797,viewer,2025-06-12
18798,18798,editor,2026-01-30
18799,18799,admin,2025-11-02
18800,18800,editor,2025-12-30
18801,18801,unknown,2025-09-11
18802,18802,admin,2025-12-17
18803,18803,admin,2026-02-21
18804,18804,invalid_role,2026-01-19
18805,18805,,2025-05-15
18806,18806,viewer,2025-09-18
18807,18807,editor,2025-04-24
18808,18808,unknown,2025-05-23
18809,18809,viewer,2025-10-22
18810,18810,editor,2025-07-10
18811,18811,editor,2026-01-20
18812,18812,editor,2025-04-11
18813,18813,editor,2025-10-10
18814,18814,admin,2026-01-01
18815,18815,admin,2025-06-02
18816,18816,admin,2025-11-12
18817,18817,admin,2025-09-15
18818,18818,admin,2025-12-19
18819,18819,invalid_role,2026-03-24
18820,18820,admin,2025-06-15
18821,18821,viewer,2025-08-26
18822,18822,guest,2025-06-18
18823,18823,editor,2025-07-27
18824,18824,,2025-06-17
18825,18825,editor,2026-03-16
18826,18826,admin,2025-12-19
18827,18827,editor,2025-11-26
18828,18828,admin,2025-08-11
18829,18829,guest,2025-09-13
18830,18830,viewer,2026-03-24
18831,18831,editor,2025-11-13
18832,18832,viewer,2025-06-21
18833,18833,viewer,2026-03-10
18834,18834,editor,2025-05-24
18835,18835,guest,2025-05-18
18836,18836,admin,2025-06-21
18837,18837,admin,2026-03-18
18838,18838,admin,2025-06-19
18839,18839,viewer,2025-09-20
18840,18840,admin,2026-02-17
18841,18841,viewer,2025-07-23
18842,18842,admin,2025-05-20
18843,18843,viewer,2025-10-12
18844,18844,admin,2026-03-13
18845,18845,unknown,2025-08-20
18846,18846,viewer,2025-07-24
18847,18847,admin,2026-02-22
18848,18848,editor,2025-11-21
18849,18849,guest,2026-02-06
18850,18850,editor,2025-12-21
18851,18851,admin,2025-04-09
18852,18852,,2025-09-28
18853,18853,admin,2026-01-30
18854,18854,admin,2026-02-25
18855,18855,admin,2025-12-18
18856,18856,,2025-11-08
18857,18857,admin,2025-04-05
18858,18858,admin,2025-05-19
18859,18859,editor,2025-05-28
18860,18860,editor,2025-06-08
18861,18861,invalid_role,2025-11-01
18862,18862,admin,2025-05-20
18863,18863,guest,2026-02-15
18864,18864,editor,2025-09-11
18865,18865,,2025-07-30
18866,18866,editor,2025-11-28
18867,18867,admin,2025-12-17
18868,18868,editor,2025-12-30
18869,18869,viewer,2025-05-23
18870,18870,admin,2025-06-22
18871,18871,invalid_role,2025-09-05
18872,18872,unknown,2026-02-03
18873,18873,editor,2025-06-20
18874,18874,,2026-01-08
18875,18875,admin,2025-09-26
18876,18876,unknown,2025-05-09
18877,18877,editor,2025-05-17
18878,18878,viewer,2026-03-18
18879,18879,admin,2026-03-28
18880,18880,guest,2025-07-21
18881,18881,viewer,2025-07-20
18882,18882,viewer,2025-12-02
18883,18883,admin,2025-10-02
18884,18884,viewer,2025-04-18
18885,18885,editor,2025-08-13
18886,18886,viewer,2025-09-13
18887,18887,viewer,2025-08-11
18888,18888,editor,2025-10-31
18889,18889,invalid_role,2025-12-12
18890,18890,admin,2025-05-24
18891,18891,viewer,2026-02-25
18892,18892,admin,2026-02-06
18893,18893,admin,2025-12-06
18894,18894,viewer,2025-08-02
18895,18895,admin,2025-04-19
18896,18896,editor,2026-01-25
18897,18897,editor,2025-04-17
18898,18898,unknown,2026-02-26
18899,18899,admin,2025-09-08
18900,18900,viewer,2025-05-23
18901,18901,viewer,2025-09-11
18902,18902,admin,2025-09-03
18903,18903,viewer,2025-06-30
18904,18904,viewer,2025-07-05
18905,18905,admin,2025-08-27
18906,18906,admin,2025-12-01
18907,18907,admin,2025-07-26
18908,18908,editor,2025-11-03
18909,18909,editor,2026-02-26
18910,18910,editor,2025-05-14
18911,18911,editor,2026-02-18
18912,18912,editor,2025-04-30
18913,18913,admin,2025-09-04
18914,18914,editor,2025-05-04
18915,18915,editor,2025-04-27
18916,18916,viewer,2025-07-26
18917,18917,admin,2025-06-23
18918,18918,admin,2025-05-26
18919,18919,admin,2026-02-06
18920,18920,admin,2025-08-10
18921,18921,unknown,2025-04-03
18922,18922,,2026-01-25
18923,18923,admin,2025-11-15
18924,18924,editor,2026-02-15
18925,18925,editor,2025-09-22
18926,18926,unknown,2025-09-13
18927,18927,admin,2025-09-03
18928,18928,admin,2025-12-29
18929,18929,viewer,2025-12-02
18930,18930,admin,2025-05-13
18931,18931,editor,2025-06-04
18932,18932,viewer,2025-12-06
18933,18933,viewer,2026-01-31
18934,18934,editor,2025-05-19
18935,18935,viewer,2026-03-20
18936,18936,invalid_role,2025-12-29
18937,18937,,2026-01-26
18938,18938,admin,2025-09-27
18939,18939,,2026-01-17
18940,18940,editor,2026-02-14
18941,18941,admin,2025-11-02
18942,18942,editor,2025-11-13
18943,18943,viewer,2025-04-11
18944,18944,viewer,2025-06-14
18945,18945,admin,2026-03-22
18946,18946,viewer,2025-08-18
18947,18947,viewer,2025-06-25
18948,18948,viewer,2025-12-28
18949,18949,admin,2025-04-17
18950,18950,admin,2025-11-01
18951,18951,viewer,2025-05-09
18952,18952,editor,2025-07-17
18953,18953,viewer,2025-10-14
18954,18954,unknown,2025-04-05
18955,18955,editor,2026-02-06
18956,18956,editor,2025-05-18
18957,18957,,2026-03-15
18958,18958,invalid_role,2026-02-14
18959,18959,editor,2025-11-22
18960,18960,admin,2025-04-10
18961,18961,viewer,2025-05-21
18962,18962,editor,2026-03-16
18963,18963,viewer,2025-10-21
18964,18964,admin,2025-05-07
18965,18965,editor,2025-11-24
18966,18966,editor,2025-07-01
18967,18967,admin,2026-01-10
18968,18968,,2025-08-20
18969,18969,admin,2026-01-18
18970,18970,admin,2025-04-09
18971,18971,viewer,2025-08-10
18972,18972,admin,2026-03-03
18973,18973,viewer,2025-05-07
18974,18974,viewer,2025-09-19
18975,18975,admin,2025-12-10
18976,18976,admin,2025-05-06
18977,18977,viewer,2025-05-25
18978,18978,guest,2025-08-10
18979,18979,editor,2026-03-26
18980,18980,admin,2025-04-08
18981,18981,viewer,2026-02-17
18982,18982,viewer,2025-08-15
18983,18983,editor,2025-09-13
18984,18984,editor,2025-07-26
18985,18985,,2026-02-21
18986,18986,viewer,2025-12-11
18987,18987,viewer,2025-12-28
18988,18988,admin,2025-12-27
18989,18989,editor,2025-12-30
18990,18990,admin,2026-03-15
18991,18991,unknown,2025-06-24
18992,18992,guest,2026-03-18
18993,18993,editor,2026-01-29
18994,18994,viewer,2025-05-20
18995,18995,admin,2025-12-24
18996,18996,viewer,2025-09-13
18997,18997,editor,2026-01-01
18998,18998,editor,2025-07-01
18999,18999,viewer,2025-04-18
19000,19000,viewer,2025-12-31
19001,19001,viewer,2025-11-03
19002,19002,,2025-07-04
19003,19003,,2025-10-05
19004,19004,admin,2025-12-29
19005,19005,admin,2025-08-10
19006,19006,admin,2025-04-27
19007,19007,admin,2026-01-14
19008,19008,editor,2025-08-25
19009,19009,editor,2025-10-24
19010,19010,editor,2025-11-18
19011,19011,unknown,2025-11-27
19012,19012,admin,2025-11-21
19013,19013,editor,2025-09-25
19014,19014,unknown,2025-07-29
19015,19015,invalid_role,2025-08-05
19016,19016,viewer,2026-01-21
19017,19017,guest,2026-02-11
19018,19018,guest,2025-08-29
19019,19019,admin,2025-04-13
19020,19020,admin,2025-07-16
19021,19021,guest,2025-12-25
19022,19022,viewer,2025-07-27
19023,19023,admin,2025-09-15
19024,19024,editor,2026-01-09
19025,19025,admin,2025-07-02
19026,19026,guest,2025-11-01
19027,19027,viewer,2025-08-21
19028,19028,viewer,2025-07-29
19029,19029,,2025-07-30
19030,19030,admin,2026-01-22
19031,19031,editor,2025-10-19
19032,19032,guest,2026-02-06
19033,19033,viewer,2025-09-19
19034,19034,admin,2025-09-11
19035,19035,guest,2026-01-16
19036,19036,editor,2025-12-06
19037,19037,viewer,2025-10-28
19038,19038,admin,2026-01-01
19039,19039,admin,2025-08-10
19040,19040,viewer,2026-01-25
19041,19041,editor,2025-12-12
19042,19042,admin,2025-12-02
19043,19043,,2026-02-18
19044,19044,editor,2026-01-09
19045,19045,admin,2026-02-17
19046,19046,editor,2025-04-02
19047,19047,admin,2026-03-17
19048,19048,editor,2025-11-15
19049,19049,editor,2025-05-10
19050,19050,editor,2026-01-28
19051,19051,invalid_role,2026-01-09
19052,19052,viewer,2025-07-29
19053,19053,editor,2025-10-09
19054,19054,,2026-03-13
19055,19055,editor,2025-06-28
19056,19056,editor,2025-12-28
19057,19057,viewer,2025-11-29
19058,19058,invalid_role,2025-06-06
19059,19059,admin,2025-08-03
19060,19060,editor,2025-09-11
19061,19061,editor,2025-07-19
19062,19062,guest,2025-07-21
19063,19063,editor,2026-02-13
19064,19064,,2025-08-31
19065,19065,editor,2025-09-11
19066,19066,editor,2026-01-18
19067,19067,viewer,2025-06-17
19068,19068,admin,2025-11-30
19069,19069,viewer,2025-11-30
19070,19070,viewer,2025-11-26
19071,19071,admin,2026-03-11
19072,19072,viewer,2025-12-24
19073,19073,invalid_role,2025-07-22
19074,19074,editor,2025-07-12
19075,19075,viewer,2025-04-07
19076,19076,viewer,2026-03-12
19077,19077,,2025-10-16
19078,19078,admin,2026-02-26
19079,19079,viewer,2025-04-22
19080,19080,editor,2025-06-12
19081,19081,viewer,2026-01-17
19082,19082,admin,2026-01-01
19083,19083,viewer,2025-09-12
19084,19084,,2026-02-01
19085,19085,invalid_role,2025-12-31
19086,19086,editor,2026-01-30
19087,19087,admin,2025-08-15
19088,19088,viewer,2025-09-01
19089,19089,admin,2025-07-18
19090,19090,admin,2025-10-30
19091,19091,editor,2026-02-04
19092,19092,admin,2025-11-15
19093,19093,viewer,2025-12-11
19094,19094,admin,2025-06-15
19095,19095,,2025-09-06
19096,19096,,2025-09-24
19097,19097,guest,2025-11-23
19098,19098,viewer,2025-06-09
19099,19099,viewer,2025-06-23
19100,19100,,2025-10-27
19101,19101,editor,2026-03-28
19102,19102,,2025-05-14
19103,19103,admin,2026-03-27
19104,19104,editor,2025-12-01
19105,19105,guest,2026-02-09
19106,19106,admin,2025-05-25
19107,19107,editor,2025-11-02
19108,19108,,2025-11-01
19109,19109,viewer,2025-06-18
19110,19110,viewer,2025-05-22
19111,19111,viewer,2025-04-15
19112,19112,editor,2025-12-28
19113,19113,editor,2025-08-20
19114,19114,viewer,2026-01-30
19115,19115,editor,2025-05-18
19116,19116,viewer,2025-08-03
19117,19117,unknown,2026-01-12
19118,19118,editor,2026-03-19
19119,19119,editor,2026-02-05
19120,19120,editor,2025-12-05
19121,19121,admin,2025-05-26
19122,19122,viewer,2025-05-11
19123,19123,admin,2025-09-24
19124,19124,editor,2025-05-03
19125,19125,admin,2025-09-04
19126,19126,editor,2025-06-17
19127,19127,editor,2025-04-30
19128,19128,viewer,2025-05-23
19129,19129,editor,2026-03-27
19130,19130,guest,2025-12-07
19131,19131,admin,2026-03-22
19132,19132,viewer,2025-12-19
19133,19133,unknown,2025-06-04
19134,19134,,2025-10-02
19135,19135,admin,2025-07-15
19136,19136,,2025-07-05
19137,19137,editor,2025-12-04
19138,19138,viewer,2025-09-15
19139,19139,editor,2025-10-11
19140,19140,editor,2025-06-06
19141,19141,admin,2025-06-09
19142,19142,viewer,2025-04-13
19143,19143,viewer,2025-09-26
19144,19144,editor,2025-12-27
19145,19145,admin,2025-12-29
19146,19146,editor,2025-12-23
19147,19147,admin,2025-07-12
19148,19148,viewer,2025-07-23
19149,19149,admin,2025-10-08
19150,19150,editor,2025-09-14
19151,19151,editor,2025-11-21
19152,19152,editor,2025-08-24
19153,19153,unknown,2025-11-15
19154,19154,admin,2025-05-27
19155,19155,viewer,2026-03-03
19156,19156,invalid_role,2025-05-01
19157,19157,viewer,2025-06-10
19158,19158,guest,2025-06-07
19159,19159,admin,2025-06-22
19160,19160,,2025-10-11
19161,19161,unknown,2026-01-21
19162,19162,editor,2025-10-09
19163,19163,,2025-05-17
19164,19164,guest,2025-09-24
19165,19165,viewer,2025-06-14
19166,19166,,2026-03-01
19167,19167,admin,2026-02-23
19168,19168,admin,2025-10-31
19169,19169,editor,2025-07-24
19170,19170,editor,2025-10-26
19171,19171,viewer,2025-08-31
19172,19172,admin,2025-09-04
19173,19173,admin,2025-05-26
19174,19174,editor,2025-10-24
19175,19175,admin,2025-06-12
19176,19176,viewer,2025-08-24
19177,19177,editor,2026-01-04
19178,19178,,2025-08-12
19179,19179,viewer,2025-12-23
19180,19180,unknown,2025-04-23
19181,19181,,2025-05-27
19182,19182,editor,2025-11-08
19183,19183,admin,2025-04-07
19184,19184,,2025-09-29
19185,19185,,2025-04-13
19186,19186,admin,2025-06-30
19187,19187,viewer,2026-01-25
19188,19188,editor,2025-12-04
19189,19189,editor,2025-08-05
19190,19190,,2026-01-19
19191,19191,viewer,2026-03-09
19192,19192,admin,2025-12-07
19193,19193,admin,2025-04-18
19194,19194,viewer,2025-11-06
19195,19195,invalid_role,2025-04-10
19196,19196,editor,2026-03-16
19197,19197,editor,2025-07-22
19198,19198,admin,2025-08-28
19199,19199,admin,2025-04-10
19200,19200,guest,2025-04-19
19201,19201,viewer,2025-12-30
19202,19202,viewer,2025-09-08
19203,19203,viewer,2025-06-05
19204,19204,,2025-09-29
19205,19205,admin,2025-04-03
19206,19206,editor,2025-12-29
19207,19207,admin,2026-01-12
19208,19208,editor,2025-10-13
19209,19209,invalid_role,2026-03-02
19210,19210,editor,2025-06-30
19211,19211,editor,2025-05-19
19212,19212,admin,2025-09-29
19213,19213,invalid_role,2025-06-10
19214,19214,viewer,2026-01-12
19215,19215,viewer,2025-10-29
19216,19216,viewer,2025-08-25
19217,19217,invalid_role,2025-08-23
19218,19218,editor,2025-06-03
19219,19219,admin,2025-11-18
19220,19220,viewer,2026-03-04
19221,19221,viewer,2025-09-18
19222,19222,editor,2025-04-20
19223,19223,viewer,2025-08-15
19224,19224,,2025-06-13
19225,19225,viewer,2026-01-27
19226,19226,editor,2026-03-20
19227,19227,editor,2025-05-04
19228,19228,,2025-08-02
19229,19229,editor,2025-09-26
19230,19230,editor,2026-01-05
19231,19231,,2026-01-29
19232,19232,editor,2026-02-21
19233,19233,admin,2025-09-26
19234,19234,admin,2025-04-24
19235,19235,admin,2026-03-23
19236,19236,invalid_role,2025-07-08
19237,19237,invalid_role,2025-12-04
19238,19238,admin,2025-10-29
19239,19239,admin,2026-02-03
19240,19240,editor,2025-04-13
19241,19241,admin,2025-07-20
19242,19242,admin,2026-03-02
19243,19243,viewer,2025-08-11
19244,19244,admin,2025-12-12
19245,19245,editor,2026-01-05
19246,19246,viewer,2025-06-15
19247,19247,editor,2025-07-07
19248,19248,admin,2025-03-31
19249,19249,viewer,2025-12-09
19250,19250,viewer,2025-12-04
19251,19251,invalid_role,2025-08-19
19252,19252,admin,2026-02-21
19253,19253,viewer,2025-06-25
19254,19254,,2026-03-10
19255,19255,invalid_role,2025-04-16
19256,19256,,2025-11-30
19257,19257,invalid_role,2026-01-05
19258,19258,editor,2025-08-01
19259,19259,viewer,2025-12-07
19260,19260,invalid_role,2025-05-11
19261,19261,admin,2025-08-17
19262,19262,editor,2025-04-01
19263,19263,editor,2025-05-05
19264,19264,editor,2025-04-29
19265,19265,editor,2025-06-17
19266,19266,admin,2025-12-08
19267,19267,viewer,2025-12-26
19268,19268,editor,2025-09-09
19269,19269,viewer,2025-08-20
19270,19270,,2026-02-27
19271,19271,editor,2025-07-29
19272,19272,admin,2025-05-26
19273,19273,viewer,2025-07-22
19274,19274,editor,2026-02-26
19275,19275,admin,2025-05-03
19276,19276,editor,2025-05-18
19277,19277,admin,2025-06-11
19278,19278,editor,2025-09-24
19279,19279,editor,2025-08-22
19280,19280,viewer,2026-03-16
19281,19281,viewer,2025-05-30
19282,19282,viewer,2025-07-10
19283,19283,editor,2026-02-26
19284,19284,editor,2025-06-30
19285,19285,admin,2026-02-27
19286,19286,admin,2025-07-18
19287,19287,viewer,2025-06-11
19288,19288,viewer,2025-05-25
19289,19289,admin,2025-11-04
19290,19290,viewer,2025-10-08
19291,19291,admin,2025-12-08
19292,19292,viewer,2026-01-03
19293,19293,editor,2025-12-10
19294,19294,editor,2026-02-25
19295,19295,admin,2025-09-24
19296,19296,admin,2025-04-08
19297,19297,guest,2025-12-27
19298,19298,admin,2026-03-02
19299,19299,admin,2026-03-12
19300,19300,editor,2026-01-18
19301,19301,editor,2026-03-07
19302,19302,unknown,2025-09-18
19303,19303,,2026-01-10
19304,19304,viewer,2025-12-04
19305,19305,admin,2025-11-20
19306,19306,invalid_role,2026-03-17
19307,19307,editor,2025-06-03
19308,19308,editor,2025-04-03
19309,19309,viewer,2025-05-21
19310,19310,viewer,2025-08-10
19311,19311,unknown,2025-04-22
19312,19312,viewer,2026-03-05
19313,19313,viewer,2025-06-05
19314,19314,viewer,2025-07-16
19315,19315,viewer,2025-08-12
19316,19316,,2025-09-24
19317,19317,admin,2026-02-17
19318,19318,editor,2025-08-22
19319,19319,admin,2025-04-27
19320,19320,guest,2026-02-07
19321,19321,viewer,2025-07-10
19322,19322,admin,2025-10-05
19323,19323,admin,2025-04-15
19324,19324,editor,2025-08-28
19325,19325,admin,2025-11-03
19326,19326,editor,2026-02-11
19327,19327,editor,2025-12-14
19328,19328,admin,2025-09-19
19329,19329,,2026-02-04
19330,19330,viewer,2025-09-17
19331,19331,editor,2025-04-23
19332,19332,editor,2026-01-11
19333,19333,,2025-05-28
19334,19334,viewer,2025-09-25
19335,19335,viewer,2025-12-25
19336,19336,editor,2026-03-23
19337,19337,,2025-12-11
19338,19338,viewer,2025-07-14
19339,19339,invalid_role,2025-07-23
19340,19340,invalid_role,2026-02-14
19341,19341,viewer,2026-01-21
19342,19342,viewer,2026-01-02
19343,19343,viewer,2025-08-14
19344,19344,admin,2025-12-15
19345,19345,admin,2025-04-20
19346,19346,unknown,2025-12-03
19347,19347,invalid_role,2025-07-24
19348,19348,editor,2025-07-16
19349,19349,admin,2025-09-18
19350,19350,,2026-03-09
19351,19351,admin,2025-04-04
19352,19352,admin,2026-02-08
19353,19353,viewer,2025-06-17
19354,19354,viewer,2025-03-31
19355,19355,admin,2025-12-02
19356,19356,guest,2026-02-10
19357,19357,admin,2025-05-08
19358,19358,editor,2025-07-18
19359,19359,admin,2025-12-07
19360,19360,viewer,2025-10-24
19361,19361,editor,2025-09-20
19362,19362,admin,2025-04-15
19363,19363,viewer,2025-09-17
19364,19364,viewer,2025-09-05
19365,19365,editor,2025-06-17
19366,19366,,2025-05-15
19367,19367,admin,2025-10-13
19368,19368,admin,2026-01-18
19369,19369,,2025-08-14
19370,19370,viewer,2026-01-30
19371,19371,admin,2025-05-17
19372,19372,,2025-07-29
19373,19373,editor,2025-05-13
19374,19374,guest,2025-04-28
19375,19375,admin,2025-10-13
19376,19376,viewer,2025-05-11
19377,19377,editor,2025-08-20
19378,19378,editor,2026-01-24
19379,19379,admin,2025-09-30
19380,19380,guest,2026-03-06
19381,19381,invalid_role,2025-11-18
19382,19382,admin,2025-12-03
19383,19383,viewer,2025-08-04
19384,19384,editor,2025-08-25
19385,19385,admin,2025-05-27
19386,19386,invalid_role,2025-12-05
19387,19387,unknown,2025-06-04
19388,19388,editor,2025-07-04
19389,19389,admin,2026-01-10
19390,19390,viewer,2025-06-02
19391,19391,,2026-01-02
19392,19392,admin,2025-12-22
19393,19393,viewer,2025-04-09
19394,19394,admin,2025-08-27
19395,19395,guest,2025-08-20
19396,19396,admin,2026-01-26
19397,19397,viewer,2025-05-31
19398,19398,editor,2025-11-27
19399,19399,unknown,2025-09-17
19400,19400,viewer,2026-01-05
19401,19401,,2025-07-09
19402,19402,editor,2025-12-06
19403,19403,viewer,2025-07-05
19404,19404,admin,2025-12-14
19405,19405,editor,2026-02-20
19406,19406,editor,2025-10-29
19407,19407,admin,2025-11-08
19408,19408,admin,2025-10-01
19409,19409,editor,2025-07-23
19410,19410,viewer,2025-10-15
19411,19411,editor,2025-12-01
19412,19412,unknown,2025-04-11
19413,19413,editor,2025-11-12
19414,19414,editor,2025-12-18
19415,19415,admin,2026-02-11
19416,19416,admin,2025-12-26
19417,19417,editor,2025-05-30
19418,19418,invalid_role,2025-06-11
19419,19419,admin,2026-01-30
19420,19420,editor,2025-12-16
19421,19421,admin,2025-10-23
19422,19422,admin,2026-03-02
19423,19423,viewer,2026-03-25
19424,19424,viewer,2025-12-24
19425,19425,editor,2026-03-05
19426,19426,admin,2025-04-10
19427,19427,,2025-06-04
19428,19428,editor,2025-12-23
19429,19429,admin,2026-01-28
19430,19430,editor,2025-12-25
19431,19431,editor,2025-10-27
19432,19432,editor,2025-03-31
19433,19433,viewer,2025-08-28
19434,19434,editor,2026-03-29
19435,19435,,2025-12-23
19436,19436,editor,2026-03-10
19437,19437,invalid_role,2025-11-23
19438,19438,,2025-09-01
19439,19439,,2026-03-16
19440,19440,admin,2025-04-10
19441,19441,,2025-09-07
19442,19442,admin,2026-03-04
19443,19443,admin,2025-11-07
19444,19444,editor,2025-07-08
19445,19445,unknown,2025-11-06
19446,19446,editor,2025-12-22
19447,19447,viewer,2026-03-23
19448,19448,,2025-05-30
19449,19449,editor,2026-02-28
19450,19450,invalid_role,2025-11-07
19451,19451,unknown,2025-09-18
19452,19452,admin,2025-06-24
19453,19453,unknown,2026-01-05
19454,19454,viewer,2025-07-06
19455,19455,viewer,2025-09-19
19456,19456,viewer,2025-05-13
19457,19457,editor,2025-11-18
19458,19458,admin,2026-02-26
19459,19459,editor,2025-08-29
19460,19460,editor,2026-02-02
19461,19461,admin,2025-12-17
19462,19462,viewer,2025-09-13
19463,19463,admin,2025-06-23
19464,19464,invalid_role,2025-08-24
19465,19465,viewer,2025-07-18
19466,19466,editor,2025-07-26
19467,19467,admin,2025-09-08
19468,19468,admin,2026-01-09
19469,19469,invalid_role,2025-10-26
19470,19470,viewer,2025-04-07
19471,19471,admin,2025-07-02
19472,19472,guest,2025-12-11
19473,19473,viewer,2025-05-04
19474,19474,,2025-07-27
19475,19475,viewer,2025-03-30
19476,19476,admin,2025-08-31
19477,19477,viewer,2026-01-11
19478,19478,admin,2025-12-18
19479,19479,admin,2025-08-25
19480,19480,viewer,2025-05-27
19481,19481,viewer,2025-10-13
19482,19482,guest,2025-04-23
19483,19483,editor,2025-10-14
19484,19484,viewer,2025-11-01
19485,19485,editor,2026-03-20
19486,19486,editor,2026-02-27
19487,19487,admin,2026-02-26
19488,19488,invalid_role,2025-09-27
19489,19489,,2025-05-23
19490,19490,admin,2025-03-31
19491,19491,editor,2025-11-24
19492,19492,editor,2025-05-05
19493,19493,admin,2025-12-02
19494,19494,admin,2026-02-21
19495,19495,invalid_role,2025-08-08
19496,19496,editor,2025-09-29
19497,19497,guest,2025-10-18
19498,19498,viewer,2025-07-06
19499,19499,guest,2025-07-18
19500,19500,editor,2025-10-01
19501,19501,admin,2025-10-13
19502,19502,editor,2025-04-22
19503,19503,viewer,2025-09-13
19504,19504,viewer,2026-02-15
19505,19505,admin,2025-12-05
19506,19506,guest,2025-08-10
19507,19507,editor,2026-01-09
19508,19508,editor,2025-06-17
19509,19509,editor,2025-05-08
19510,19510,viewer,2025-07-22
19511,19511,viewer,2025-11-18
19512,19512,editor,2025-12-03
19513,19513,viewer,2025-08-07
19514,19514,admin,2025-08-19
19515,19515,viewer,2025-11-05
19516,19516,admin,2025-09-01
19517,19517,,2025-06-07
19518,19518,unknown,2026-02-17
19519,19519,editor,2025-12-15
19520,19520,unknown,2025-10-28
19521,19521,admin,2025-07-02
19522,19522,admin,2026-03-16
19523,19523,editor,2025-09-12
19524,19524,viewer,2026-03-07
19525,19525,,2025-06-17
19526,19526,viewer,2025-12-03
19527,19527,admin,2025-11-23
19528,19528,,2025-06-22
19529,19529,viewer,2025-11-29
19530,19530,admin,2025-06-13
19531,19531,editor,2026-01-10
19532,19532,invalid_role,2026-02-22
19533,19533,admin,2025-04-11
19534,19534,viewer,2025-10-23
19535,19535,editor,2025-11-03
19536,19536,viewer,2025-07-19
19537,19537,admin,2025-04-26
19538,19538,editor,2025-05-08
19539,19539,editor,2025-06-14
19540,19540,editor,2025-07-01
19541,19541,viewer,2025-08-28
19542,19542,viewer,2025-08-07
19543,19543,editor,2026-02-12
19544,19544,,2026-03-13
19545,19545,editor,2025-04-04
19546,19546,editor,2026-02-11
19547,19547,admin,2025-07-08
19548,19548,admin,2025-06-07
19549,19549,viewer,2025-05-15
19550,19550,viewer,2025-07-14
19551,19551,admin,2026-01-23
19552,19552,admin,2026-01-22
19553,19553,,2026-02-07
19554,19554,admin,2025-05-31
19555,19555,admin,2025-11-01
19556,19556,admin,2026-01-05
19557,19557,editor,2026-03-04
19558,19558,editor,2025-12-08
19559,19559,viewer,2025-07-20
19560,19560,,2026-02-01
19561,19561,guest,2025-05-06
19562,19562,editor,2025-08-15
19563,19563,viewer,2025-09-10
19564,19564,editor,2025-10-18
19565,19565,editor,2026-03-02
19566,19566,,2025-06-26
19567,19567,editor,2025-07-20
19568,19568,admin,2026-01-06
19569,19569,admin,2025-08-16
19570,19570,,2025-09-07
19571,19571,viewer,2025-04-15
19572,19572,viewer,2025-04-14
19573,19573,viewer,2025-05-05
19574,19574,viewer,2026-02-10
19575,19575,editor,2026-03-21
19576,19576,guest,2025-05-14
19577,19577,editor,2025-10-31
19578,19578,viewer,2025-04-20
19579,19579,viewer,2026-01-16
19580,19580,editor,2025-12-07
19581,19581,editor,2025-12-05
19582,19582,unknown,2025-10-25
19583,19583,unknown,2025-04-14
19584,19584,editor,2025-12-15
19585,19585,guest,2025-07-09
19586,19586,viewer,2026-03-19
19587,19587,viewer,2025-09-06
19588,19588,viewer,2025-12-20
19589,19589,admin,2025-10-20
19590,19590,viewer,2025-07-08
19591,19591,admin,2025-04-17
19592,19592,admin,2025-10-20
19593,19593,editor,2026-03-28
19594,19594,admin,2025-05-25
19595,19595,viewer,2025-12-29
19596,19596,editor,2025-12-15
19597,19597,admin,2025-11-18
19598,19598,editor,2026-03-11
19599,19599,guest,2026-03-20
19600,19600,viewer,2026-01-23
19601,19601,,2025-08-02
19602,19602,viewer,2025-04-07
19603,19603,viewer,2025-08-18
19604,19604,admin,2025-10-04
19605,19605,editor,2025-07-15
19606,19606,,2025-06-04
19607,19607,editor,2026-01-01
19608,19608,admin,2025-07-17
19609,19609,editor,2025-07-08
19610,19610,editor,2025-08-11
19611,19611,viewer,2026-01-20
19612,19612,invalid_role,2026-02-22
19613,19613,editor,2026-02-25
19614,19614,editor,2026-02-02
19615,19615,admin,2026-03-16
19616,19616,unknown,2025-07-03
19617,19617,editor,2025-05-22
19618,19618,admin,2025-11-15
19619,19619,viewer,2026-01-26
19620,19620,editor,2025-06-27
19621,19621,guest,2025-07-17
19622,19622,admin,2025-10-14
19623,19623,,2025-09-24
19624,19624,editor,2026-02-23
19625,19625,,2025-12-25
19626,19626,admin,2025-10-14
19627,19627,viewer,2025-04-06
19628,19628,editor,2025-05-05
19629,19629,viewer,2025-06-27
19630,19630,admin,2025-07-21
19631,19631,viewer,2026-01-25
19632,19632,editor,2025-07-07
19633,19633,editor,2026-01-19
19634,19634,admin,2025-08-11
19635,19635,admin,2025-06-14
19636,19636,editor,2026-03-21
19637,19637,viewer,2025-08-31
19638,19638,editor,2026-01-17
19639,19639,viewer,2025-05-25
19640,19640,viewer,2025-12-26
19641,19641,editor,2026-02-17
19642,19642,editor,2025-08-10
19643,19643,,2026-03-26
19644,19644,viewer,2025-11-27
19645,19645,editor,2026-03-24
19646,19646,guest,2025-07-23
19647,19647,viewer,2026-03-28
19648,19648,editor,2025-04-12
19649,19649,admin,2025-10-07
19650,19650,viewer,2026-01-23
19651,19651,,2025-10-10
19652,19652,editor,2025-11-24
19653,19653,,2026-01-05
19654,19654,admin,2026-01-05
19655,19655,admin,2025-12-26
19656,19656,viewer,2025-07-14
19657,19657,admin,2025-06-22
19658,19658,invalid_role,2025-10-02
19659,19659,viewer,2025-10-20
19660,19660,viewer,2025-12-16
19661,19661,admin,2025-04-21
19662,19662,admin,2025-10-29
19663,19663,invalid_role,2025-11-29
19664,19664,invalid_role,2025-10-28
19665,19665,viewer,2026-01-17
19666,19666,editor,2025-12-27
19667,19667,viewer,2025-11-07
19668,19668,admin,2025-05-18
19669,19669,admin,2026-01-13
19670,19670,editor,2025-05-17
19671,19671,viewer,2026-03-11
19672,19672,unknown,2025-05-07
19673,19673,editor,2025-10-04
19674,19674,editor,2025-04-12
19675,19675,viewer,2025-04-08
19676,19676,editor,2025-11-14
19677,19677,viewer,2026-03-19
19678,19678,admin,2025-06-25
19679,19679,editor,2025-10-11
19680,19680,admin,2025-10-22
19681,19681,,2026-02-27
19682,19682,editor,2025-08-20
19683,19683,editor,2025-05-02
19684,19684,editor,2025-05-29
19685,19685,,2025-08-20
19686,19686,editor,2025-04-17
19687,19687,editor,2025-11-12
19688,19688,admin,2025-12-17
19689,19689,viewer,2025-07-25
19690,19690,viewer,2026-01-12
19691,19691,admin,2025-08-26
19692,19692,admin,2025-03-30
19693,19693,editor,2026-02-23
19694,19694,editor,2026-03-14
19695,19695,editor,2025-07-26
19696,19696,editor,2026-03-16
19697,19697,invalid_role,2025-11-14
19698,19698,admin,2026-03-11
19699,19699,invalid_role,2025-08-12
19700,19700,admin,2025-12-16
19701,19701,admin,2025-07-10
19702,19702,admin,2025-05-11
19703,19703,,2025-08-04
19704,19704,editor,2025-10-06
19705,19705,viewer,2025-03-31
19706,19706,admin,2025-10-24
19707,19707,editor,2026-01-24
19708,19708,viewer,2025-04-03
19709,19709,viewer,2025-12-01
19710,19710,admin,2025-11-11
19711,19711,viewer,2025-12-08
19712,19712,viewer,2025-10-13
19713,19713,viewer,2025-05-26
19714,19714,admin,2025-05-26
19715,19715,viewer,2025-09-28
19716,19716,viewer,2026-03-19
19717,19717,admin,2025-09-21
19718,19718,viewer,2025-11-07
19719,19719,viewer,2025-06-12
19720,19720,viewer,2025-11-11
19721,19721,viewer,2025-10-11
19722,19722,viewer,2026-01-22
19723,19723,editor,2025-06-08
19724,19724,viewer,2026-03-09
19725,19725,admin,2025-09-26
19726,19726,viewer,2025-12-05
19727,19727,invalid_role,2025-07-05
19728,19728,viewer,2026-01-25
19729,19729,,2026-03-27
19730,19730,editor,2025-12-26
19731,19731,admin,2026-01-15
19732,19732,editor,2025-06-16
19733,19733,admin,2025-10-12
19734,19734,unknown,2025-05-25
19735,19735,viewer,2025-06-21
19736,19736,,2026-01-13
19737,19737,admin,2025-04-23
19738,19738,,2025-10-01
19739,19739,editor,2025-11-22
19740,19740,admin,2025-11-22
19741,19741,editor,2026-03-13
19742,19742,editor,2025-06-03
19743,19743,admin,2026-02-15
19744,19744,viewer,2025-08-17
19745,19745,,2025-12-30
19746,19746,viewer,2025-07-12
19747,19747,editor,2025-07-26
19748,19748,admin,2025-08-04
19749,19749,,2025-05-13
19750,19750,viewer,2025-07-29
19751,19751,editor,2025-09-13
19752,19752,editor,2026-03-05
19753,19753,editor,2025-04-15
19754,19754,admin,2026-01-25
19755,19755,viewer,2026-02-06
19756,19756,guest,2025-10-09
19757,19757,viewer,2025-05-15
19758,19758,editor,2025-06-17
19759,19759,viewer,2025-10-19
19760,19760,viewer,2025-06-29
19761,19761,editor,2025-04-27
19762,19762,admin,2026-03-25
19763,19763,viewer,2026-02-24
19764,19764,admin,2025-12-28
19765,19765,admin,2025-06-02
19766,19766,,2026-01-19
19767,19767,admin,2025-09-06
19768,19768,admin,2025-10-11
19769,19769,viewer,2026-03-16
19770,19770,editor,2025-11-19
19771,19771,editor,2026-02-25
19772,19772,viewer,2026-01-17
19773,19773,viewer,2025-11-07
19774,19774,unknown,2025-10-30
19775,19775,viewer,2025-12-03
19776,19776,editor,2025-04-28
19777,19777,admin,2025-08-06
19778,19778,admin,2025-09-03
19779,19779,viewer,2025-11-11
19780,19780,admin,2026-03-07
19781,19781,viewer,2026-03-01
19782,19782,admin,2025-12-17
19783,19783,admin,2025-10-26
19784,19784,viewer,2025-09-06
19785,19785,admin,2025-05-02
19786,19786,viewer,2025-04-27
19787,19787,editor,2025-09-10
19788,19788,admin,2025-10-05
19789,19789,viewer,2025-08-24
19790,19790,admin,2025-04-27
19791,19791,viewer,2026-01-16
19792,19792,admin,2025-10-14
19793,19793,admin,2025-12-23
19794,19794,viewer,2026-02-02
19795,19795,viewer,2025-05-01
19796,19796,admin,2025-06-09
19797,19797,viewer,2025-12-19
19798,19798,viewer,2025-05-31
19799,19799,viewer,2026-02-05
19800,19800,editor,2025-10-06
19801,19801,viewer,2025-12-04
19802,19802,invalid_role,2025-11-16
19803,19803,admin,2025-07-10
19804,19804,viewer,2025-05-19
19805,19805,viewer,2025-08-15
19806,19806,admin,2026-03-17
19807,19807,editor,2025-11-30
19808,19808,admin,2025-12-11
19809,19809,admin,2025-08-10
19810,19810,admin,2025-11-19
19811,19811,admin,2025-09-27
19812,19812,editor,2025-08-08
19813,19813,invalid_role,2025-07-13
19814,19814,admin,2025-07-10
19815,19815,viewer,2025-10-04
19816,19816,viewer,2025-05-19
19817,19817,editor,2025-07-23
19818,19818,viewer,2026-01-13
19819,19819,editor,2025-04-07
19820,19820,viewer,2025-06-21
19821,19821,viewer,2025-04-10
19822,19822,,2025-11-21
19823,19823,editor,2025-09-05
19824,19824,guest,2025-05-18
19825,19825,admin,2025-04-06
19826,19826,guest,2025-11-07
19827,19827,guest,2025-04-17
19828,19828,admin,2026-02-18
19829,19829,,2025-06-01
19830,19830,viewer,2025-09-05
19831,19831,admin,2025-05-26
19832,19832,viewer,2025-11-10
19833,19833,editor,2025-10-31
19834,19834,viewer,2025-12-28
19835,19835,unknown,2025-10-21
19836,19836,guest,2025-07-25
19837,19837,editor,2025-09-18
19838,19838,editor,2025-10-15
19839,19839,invalid_role,2026-02-13
19840,19840,admin,2026-02-07
19841,19841,,2025-07-03
19842,19842,admin,2026-01-06
19843,19843,,2026-02-10
19844,19844,admin,2025-04-14
19845,19845,invalid_role,2025-11-19
19846,19846,editor,2026-03-08
19847,19847,editor,2025-06-20
19848,19848,editor,2025-08-01
19849,19849,editor,2026-01-18
19850,19850,editor,2025-05-19
19851,19851,viewer,2025-11-21
19852,19852,,2026-02-19
19853,19853,editor,2026-01-30
19854,19854,viewer,2026-01-20
19855,19855,viewer,2025-11-19
19856,19856,viewer,2025-12-03
19857,19857,editor,2025-05-26
19858,19858,viewer,2025-05-20
19859,19859,editor,2025-05-27
19860,19860,,2025-12-01
19861,19861,admin,2025-05-29
19862,19862,admin,2025-07-15
19863,19863,editor,2025-04-02
19864,19864,editor,2026-01-17
19865,19865,viewer,2026-02-15
19866,19866,editor,2026-02-09
19867,19867,viewer,2025-09-05
19868,19868,admin,2026-03-27
19869,19869,admin,2025-07-06
19870,19870,,2025-09-30
19871,19871,unknown,2025-07-28
19872,19872,viewer,2025-04-03
19873,19873,unknown,2025-07-10
19874,19874,editor,2025-04-10
19875,19875,viewer,2025-10-12
19876,19876,viewer,2025-12-26
19877,19877,editor,2026-03-29
19878,19878,editor,2025-08-27
19879,19879,admin,2025-11-24
19880,19880,viewer,2025-06-30
19881,19881,admin,2026-01-16
19882,19882,viewer,2025-11-01
19883,19883,guest,2026-03-13
19884,19884,invalid_role,2025-08-10
19885,19885,editor,2025-08-28
19886,19886,admin,2025-12-15
19887,19887,viewer,2026-01-12
19888,19888,editor,2025-10-07
19889,19889,viewer,2025-07-25
19890,19890,editor,2026-03-13
19891,19891,unknown,2025-04-27
19892,19892,unknown,2025-06-22
19893,19893,viewer,2026-01-27
19894,19894,unknown,2026-02-11
19895,19895,viewer,2025-12-01
19896,19896,viewer,2025-12-12
19897,19897,admin,2026-01-10
19898,19898,viewer,2025-07-08
19899,19899,editor,2025-12-11
19900,19900,admin,2025-09-25
19901,19901,viewer,2026-02-15
19902,19902,admin,2026-03-04
19903,19903,viewer,2025-10-11
19904,19904,editor,2026-03-26
19905,19905,admin,2025-04-25
19906,19906,admin,2025-09-28
19907,19907,admin,2025-08-06
19908,19908,viewer,2026-01-25
19909,19909,editor,2026-02-08
19910,19910,editor,2025-05-27
19911,19911,viewer,2025-10-04
19912,19912,,2025-10-17
19913,19913,editor,2026-01-02
19914,19914,admin,2026-03-10
19915,19915,viewer,2026-02-09
19916,19916,,2026-01-27
19917,19917,viewer,2025-05-12
19918,19918,admin,2025-11-18
19919,19919,editor,2026-01-02
19920,19920,editor,2025-11-10
19921,19921,,2025-12-04
19922,19922,admin,2026-02-20
19923,19923,viewer,2025-10-11
19924,19924,,2025-06-30
19925,19925,editor,2025-06-25
19926,19926,invalid_role,2025-12-18
19927,19927,viewer,2025-10-22
19928,19928,admin,2025-08-20
19929,19929,viewer,2025-06-19
19930,19930,editor,2026-03-21
19931,19931,editor,2025-07-27
19932,19932,viewer,2026-02-13
19933,19933,admin,2026-01-13
19934,19934,admin,2025-07-28
19935,19935,admin,2025-07-19
19936,19936,viewer,2025-07-14
19937,19937,unknown,2025-06-17
19938,19938,viewer,2025-12-26
19939,19939,editor,2025-04-20
19940,19940,,2025-12-11
19941,19941,editor,2025-04-24
19942,19942,unknown,2025-12-28
19943,19943,editor,2025-07-01
19944,19944,admin,2025-10-14
19945,19945,admin,2025-05-03
19946,19946,admin,2025-07-02
19947,19947,viewer,2026-03-07
19948,19948,,2025-10-11
19949,19949,editor,2025-10-14
19950,19950,viewer,2025-09-17
19951,19951,editor,2026-01-12
19952,19952,viewer,2025-10-28
19953,19953,editor,2025-05-03
19954,19954,editor,2025-08-20
19955,19955,admin,2025-07-29
19956,19956,admin,2025-09-26
19957,19957,editor,2025-04-21
19958,19958,editor,2026-02-08
19959,19959,invalid_role,2025-09-19
19960,19960,unknown,2025-07-07
19961,19961,viewer,2025-06-15
19962,19962,invalid_role,2026-01-13
19963,19963,admin,2025-04-29
19964,19964,admin,2025-12-22
19965,19965,editor,2025-06-12
19966,19966,editor,2025-06-23
19967,19967,viewer,2025-05-16
19968,19968,invalid_role,2026-03-17
19969,19969,editor,2025-12-30
19970,19970,guest,2025-11-29
19971,19971,,2025-10-03
19972,19972,viewer,2025-11-15
19973,19973,admin,2026-03-13
19974,19974,viewer,2026-02-10
19975,19975,viewer,2025-04-17
19976,19976,editor,2025-10-11
19977,19977,admin,2026-03-21
19978,19978,editor,2025-11-06
19979,19979,admin,2026-01-02
19980,19980,admin,2026-03-27
19981,19981,guest,2025-04-21
19982,19982,editor,2025-11-10
19983,19983,viewer,2025-04-27
19984,19984,editor,2025-07-21
19985,19985,,2025-09-19
19986,19986,guest,2025-04-03
19987,19987,editor,2026-02-10
19988,19988,,2025-08-25
19989,19989,editor,2026-02-23
19990,19990,admin,2025-08-25
19991,19991,editor,2026-02-23
19992,19992,viewer,2025-11-06
19993,19993,admin,2025-05-23
19994,19994,,2026-01-29
19995,19995,viewer,2025-04-08
19996,19996,editor,2025-05-19
19997,19997,admin,2025-09-11
19998,19998,,2025-07-14
19999,19999,,2025-07-06
20000,20000,guest,2025-12-07
20001,20001,invalid_role,2026-01-14
20002,20002,viewer,2025-04-21
20003,20003,admin,2025-09-28
20004,20004,admin,2025-06-02
20005,20005,editor,2025-08-18
20006,20006,,2026-03-07
20007,20007,editor,2025-08-25
20008,20008,viewer,2025-10-23
20009,20009,invalid_role,2026-03-24
20010,20010,editor,2025-04-29
20011,20011,admin,2025-12-30
20012,20012,guest,2025-09-14
20013,20013,admin,2026-02-26
20014,20014,editor,2025-07-18
20015,20015,admin,2025-11-23
20016,20016,admin,2025-11-26
20017,20017,admin,2025-04-27
20018,20018,admin,2025-05-27
20019,20019,editor,2025-11-28
20020,20020,admin,2025-04-17
20021,20021,editor,2026-01-09
20022,20022,admin,2025-04-04
20023,20023,admin,2025-10-09
20024,20024,admin,2025-10-02
20025,20025,editor,2025-03-31
20026,20026,viewer,2025-04-29
20027,20027,,2025-10-16
20028,20028,admin,2025-07-15
20029,20029,admin,2025-07-28
20030,20030,editor,2025-12-26
20031,20031,,2026-03-07
20032,20032,viewer,2025-08-05
20033,20033,viewer,2026-02-21
20034,20034,editor,2025-07-16
20035,20035,editor,2025-08-24
20036,20036,admin,2025-12-22
20037,20037,admin,2025-12-03
20038,20038,,2025-05-04
20039,20039,editor,2025-07-18
20040,20040,editor,2026-03-09
20041,20041,editor,2025-09-22
20042,20042,editor,2025-08-18
20043,20043,editor,2025-11-27
20044,20044,viewer,2025-10-07
20045,20045,invalid_role,2025-03-31
20046,20046,admin,2025-04-14
20047,20047,viewer,2025-08-19
20048,20048,viewer,2025-08-09
20049,20049,admin,2025-05-24
20050,20050,editor,2025-10-28
20051,20051,viewer,2025-06-23
20052,20052,viewer,2026-01-22
20053,20053,unknown,2025-09-24
20054,20054,viewer,2025-05-10
20055,20055,viewer,2025-04-01
20056,20056,editor,2026-01-20
20057,20057,editor,2026-03-02
20058,20058,editor,2025-12-28
20059,20059,admin,2025-12-15
20060,20060,,2026-02-28
20061,20061,admin,2025-09-02
20062,20062,admin,2026-03-06
20063,20063,admin,2025-12-10
20064,20064,,2025-12-29
20065,20065,invalid_role,2025-05-02
20066,20066,viewer,2025-08-19
20067,20067,editor,2025-07-29
20068,20068,viewer,2025-07-03
20069,20069,editor,2025-04-25
20070,20070,guest,2025-04-11
20071,20071,admin,2025-05-02
20072,20072,viewer,2025-04-30
20073,20073,editor,2025-08-09
20074,20074,viewer,2025-04-18
20075,20075,admin,2026-01-26
20076,20076,admin,2025-12-30
20077,20077,viewer,2025-08-27
20078,20078,viewer,2025-09-16
20079,20079,invalid_role,2025-12-30
20080,20080,,2025-04-17
20081,20081,viewer,2025-07-11
20082,20082,viewer,2025-06-17
20083,20083,unknown,2025-06-11
20084,20084,admin,2025-04-05
20085,20085,admin,2025-12-17
20086,20086,editor,2025-06-19
20087,20087,viewer,2025-05-07
20088,20088,editor,2026-03-18
20089,20089,admin,2025-12-29
20090,20090,editor,2025-09-13
20091,20091,admin,2025-04-05
20092,20092,admin,2025-09-28
20093,20093,viewer,2025-12-12
20094,20094,viewer,2026-01-26
20095,20095,,2025-11-24
20096,20096,admin,2026-02-12
20097,20097,editor,2025-09-14
20098,20098,admin,2025-12-01
20099,20099,viewer,2025-06-27
20100,20100,viewer,2026-02-28
20101,20101,editor,2025-12-13
20102,20102,admin,2025-10-09
20103,20103,viewer,2025-08-13
20104,20104,viewer,2025-09-26
20105,20105,admin,2025-09-15
20106,20106,viewer,2025-11-17
20107,20107,unknown,2025-12-07
20108,20108,admin,2026-02-02
20109,20109,viewer,2025-12-14
20110,20110,admin,2025-12-06
20111,20111,editor,2025-09-23
20112,20112,editor,2025-08-03
20113,20113,viewer,2025-05-25
20114,20114,viewer,2025-06-28
20115,20115,viewer,2025-10-16
20116,20116,viewer,2026-01-23
20117,20117,admin,2026-02-11
20118,20118,editor,2025-08-29
20119,20119,admin,2025-04-19
20120,20120,editor,2025-07-08
20121,20121,editor,2025-12-23
20122,20122,editor,2026-03-21
20123,20123,admin,2025-05-03
20124,20124,viewer,2026-03-23
20125,20125,viewer,2025-06-17
20126,20126,unknown,2026-02-11
20127,20127,admin,2025-04-01
20128,20128,admin,2025-08-05
20129,20129,editor,2026-02-10
20130,20130,admin,2025-10-31
20131,20131,viewer,2026-01-06
20132,20132,,2025-04-19
20133,20133,viewer,2026-02-19
20134,20134,editor,2025-04-01
20135,20135,admin,2025-09-07
20136,20136,editor,2025-06-07
20137,20137,admin,2025-11-28
20138,20138,admin,2025-07-25
20139,20139,invalid_role,2025-09-09
20140,20140,guest,2026-01-15
20141,20141,viewer,2025-10-16
20142,20142,editor,2025-05-20
20143,20143,guest,2025-03-30
20144,20144,admin,2025-12-04
20145,20145,editor,2025-06-29
20146,20146,viewer,2025-10-04
20147,20147,viewer,2025-12-14
20148,20148,viewer,2025-08-02
20149,20149,viewer,2025-09-19
20150,20150,admin,2025-06-01
20151,20151,viewer,2025-10-23
20152,20152,viewer,2026-02-17
20153,20153,editor,2025-12-03
20154,20154,viewer,2025-04-29
20155,20155,admin,2025-05-12
20156,20156,editor,2025-10-05
20157,20157,admin,2025-08-15
20158,20158,editor,2025-12-28
20159,20159,editor,2026-01-21
20160,20160,admin,2025-04-28
20161,20161,viewer,2025-12-16
20162,20162,editor,2026-02-08
20163,20163,admin,2026-02-10
20164,20164,,2025-04-17
20165,20165,admin,2025-05-23
20166,20166,admin,2025-06-30
20167,20167,admin,2026-02-06
20168,20168,viewer,2025-09-17
20169,20169,editor,2025-06-19
20170,20170,invalid_role,2025-06-13
20171,20171,editor,2025-05-05
20172,20172,admin,2025-11-06
20173,20173,editor,2026-02-19
20174,20174,viewer,2026-01-24
20175,20175,editor,2026-03-17
20176,20176,admin,2025-08-15
20177,20177,editor,2025-11-16
20178,20178,admin,2025-07-01
20179,20179,admin,2025-05-05
20180,20180,editor,2025-09-29
20181,20181,admin,2026-03-22
20182,20182,invalid_role,2025-06-20
20183,20183,invalid_role,2025-08-23
20184,20184,viewer,2025-12-04
20185,20185,viewer,2025-07-22
20186,20186,viewer,2025-06-01
20187,20187,admin,2025-10-22
20188,20188,viewer,2025-09-06
20189,20189,viewer,2025-11-10
20190,20190,unknown,2025-06-29
20191,20191,viewer,2025-08-25
20192,20192,editor,2025-05-19
20193,20193,viewer,2025-08-26
20194,20194,admin,2025-12-21
20195,20195,admin,2026-01-04
20196,20196,admin,2025-04-20
20197,20197,viewer,2026-02-20
20198,20198,viewer,2025-10-20
20199,20199,viewer,2025-11-26
20200,20200,viewer,2025-07-01
20201,20201,admin,2026-02-07
20202,20202,editor,2025-10-06
20203,20203,viewer,2025-11-01
20204,20204,admin,2025-05-20
20205,20205,admin,2025-04-17
20206,20206,admin,2025-08-27
20207,20207,editor,2025-09-16
20208,20208,admin,2025-09-05
20209,20209,editor,2025-12-09
20210,20210,editor,2025-09-09
20211,20211,viewer,2025-04-07
20212,20212,editor,2025-08-26
20213,20213,admin,2025-10-07
20214,20214,editor,2025-11-22
20215,20215,admin,2025-10-05
20216,20216,viewer,2025-04-03
20217,20217,editor,2025-10-21
20218,20218,editor,2025-10-17
20219,20219,,2025-11-03
20220,20220,admin,2025-04-07
20221,20221,viewer,2026-01-12
20222,20222,,2025-10-18
20223,20223,guest,2025-09-05
20224,20224,admin,2025-04-20
20225,20225,viewer,2026-03-10
20226,20226,viewer,2025-04-16
20227,20227,editor,2025-10-03
20228,20228,editor,2025-09-15
20229,20229,viewer,2025-09-30
20230,20230,,2025-05-28
20231,20231,editor,2025-10-07
20232,20232,viewer,2025-10-02
20233,20233,invalid_role,2025-06-18
20234,20234,guest,2025-10-05
20235,20235,unknown,2025-11-22
20236,20236,viewer,2025-10-12
20237,20237,editor,2026-01-28
20238,20238,editor,2026-03-12
20239,20239,editor,2025-04-09
20240,20240,,2025-04-23
20241,20241,editor,2025-06-04
20242,20242,viewer,2026-02-04
20243,20243,editor,2025-04-15
20244,20244,guest,2026-03-22
20245,20245,viewer,2025-09-16
20246,20246,admin,2025-10-07
20247,20247,admin,2025-08-11
20248,20248,editor,2025-10-25
20249,20249,viewer,2026-03-05
20250,20250,admin,2025-07-03
20251,20251,admin,2025-05-05
20252,20252,viewer,2026-02-22
20253,20253,viewer,2025-07-27
20254,20254,admin,2025-10-27
20255,20255,viewer,2026-01-30
20256,20256,,2025-12-11
20257,20257,viewer,2025-08-22
20258,20258,editor,2025-10-22
20259,20259,viewer,2025-12-29
20260,20260,admin,2025-07-30
20261,20261,editor,2026-02-21
20262,20262,unknown,2025-10-31
20263,20263,guest,2025-05-18
20264,20264,editor,2025-04-26
20265,20265,viewer,2025-12-08
20266,20266,admin,2025-08-02
20267,20267,admin,2025-09-19
20268,20268,editor,2025-07-10
20269,20269,guest,2025-10-03
20270,20270,unknown,2025-05-28
20271,20271,,2025-04-12
20272,20272,editor,2025-08-12
20273,20273,admin,2025-04-30
20274,20274,editor,2025-04-10
20275,20275,viewer,2025-05-25
20276,20276,invalid_role,2026-01-21
20277,20277,viewer,2025-10-21
20278,20278,viewer,2025-08-18
20279,20279,admin,2025-05-13
20280,20280,viewer,2025-12-05
20281,20281,admin,2025-10-12
20282,20282,admin,2025-12-17
20283,20283,,2026-01-05
20284,20284,guest,2026-01-23
20285,20285,editor,2026-01-22
20286,20286,editor,2026-02-24
20287,20287,viewer,2025-08-05
20288,20288,editor,2025-12-22
20289,20289,guest,2025-05-23
20290,20290,viewer,2025-08-31
20291,20291,editor,2026-02-18
20292,20292,admin,2025-04-09
20293,20293,admin,2025-03-31
20294,20294,viewer,2025-05-07
20295,20295,viewer,2025-05-01
20296,20296,invalid_role,2026-02-05
20297,20297,guest,2026-02-06
20298,20298,admin,2025-07-01
20299,20299,unknown,2025-04-30
20300,20300,viewer,2026-03-23
20301,20301,admin,2025-05-09
20302,20302,viewer,2025-11-22
20303,20303,editor,2025-10-31
20304,20304,admin,2025-07-16
20305,20305,viewer,2025-12-16
20306,20306,editor,2025-10-04
20307,20307,viewer,2025-04-18
20308,20308,viewer,2025-07-18
20309,20309,editor,2025-10-22
20310,20310,admin,2025-09-24
20311,20311,admin,2025-03-31
20312,20312,viewer,2025-11-13
20313,20313,viewer,2026-01-23
20314,20314,admin,2025-06-11
20315,20315,viewer,2025-11-22
20316,20316,admin,2025-04-12
20317,20317,admin,2025-04-11
20318,20318,admin,2025-08-02
20319,20319,unknown,2026-03-29
20320,20320,editor,2026-03-23
20321,20321,editor,2026-03-07
20322,20322,viewer,2025-05-03
20323,20323,viewer,2025-09-17
20324,20324,viewer,2026-02-26
20325,20325,viewer,2025-08-18
20326,20326,viewer,2025-09-28
20327,20327,viewer,2025-11-16
20328,20328,viewer,2025-06-27
20329,20329,admin,2025-07-03
20330,20330,guest,2025-06-01
20331,20331,admin,2025-04-29
20332,20332,editor,2025-11-16
20333,20333,editor,2025-05-03
20334,20334,unknown,2026-01-28
20335,20335,admin,2025-10-05
20336,20336,admin,2025-04-12
20337,20337,editor,2025-12-11
20338,20338,editor,2025-05-17
20339,20339,admin,2025-10-13
20340,20340,admin,2025-10-01
20341,20341,unknown,2025-08-24
20342,20342,editor,2026-01-09
20343,20343,viewer,2026-03-12
20344,20344,viewer,2025-09-20
20345,20345,admin,2026-01-06
20346,20346,editor,2026-03-16
20347,20347,viewer,2025-05-27
20348,20348,guest,2025-04-17
20349,20349,editor,2025-06-23
20350,20350,admin,2025-09-11
20351,20351,admin,2025-10-13
20352,20352,unknown,2026-01-07
20353,20353,admin,2025-10-18
20354,20354,admin,2025-08-22
20355,20355,editor,2025-08-07
20356,20356,admin,2025-11-23
20357,20357,viewer,2025-04-30
20358,20358,viewer,2025-09-18
20359,20359,admin,2026-01-06
20360,20360,unknown,2025-09-12
20361,20361,admin,2025-10-29
20362,20362,unknown,2025-04-05
20363,20363,viewer,2025-07-11
20364,20364,,2025-07-05
20365,20365,editor,2025-09-03
20366,20366,editor,2025-08-10
20367,20367,guest,2026-01-30
20368,20368,admin,2025-09-15
20369,20369,editor,2025-07-23
20370,20370,viewer,2025-07-03
20371,20371,admin,2026-01-23
20372,20372,editor,2025-07-28
20373,20373,unknown,2025-05-07
20374,20374,admin,2025-06-14
20375,20375,admin,2025-10-30
20376,20376,viewer,2025-05-02
20377,20377,viewer,2025-09-01
20378,20378,admin,2025-05-03
20379,20379,editor,2025-07-11
20380,20380,editor,2025-10-03
20381,20381,admin,2025-05-18
20382,20382,viewer,2025-11-15
20383,20383,admin,2025-08-15
20384,20384,guest,2025-08-01
20385,20385,,2025-04-06
20386,20386,admin,2025-05-21
20387,20387,admin,2025-04-22
20388,20388,,2025-04-15
20389,20389,admin,2025-07-25
20390,20390,editor,2025-09-01
20391,20391,,2026-01-17
20392,20392,viewer,2025-05-18
20393,20393,viewer,2025-05-14
20394,20394,viewer,2026-03-23
20395,20395,admin,2025-05-24
20396,20396,editor,2025-10-24
20397,20397,editor,2025-11-14
20398,20398,editor,2025-10-23
20399,20399,invalid_role,2025-08-10
20400,20400,viewer,2025-09-25
20401,20401,editor,2025-05-25
20402,20402,editor,2026-03-25
20403,20403,invalid_role,2025-12-13
20404,20404,admin,2025-07-01
20405,20405,viewer,2026-02-08
20406,20406,,2026-03-15
20407,20407,viewer,2025-09-08
20408,20408,admin,2026-01-20
20409,20409,admin,2025-05-02
20410,20410,editor,2025-06-18
20411,20411,viewer,2026-03-28
20412,20412,admin,2025-10-26
20413,20413,admin,2025-12-29
20414,20414,viewer,2026-03-05
20415,20415,,2025-10-19
20416,20416,editor,2025-07-14
20417,20417,viewer,2025-11-21
20418,20418,editor,2025-10-02
20419,20419,viewer,2026-01-21
20420,20420,editor,2025-06-28
20421,20421,admin,2025-07-13
20422,20422,editor,2025-12-21
20423,20423,viewer,2025-11-15
20424,20424,editor,2025-06-07
20425,20425,editor,2025-10-15
20426,20426,admin,2025-08-06
20427,20427,,2025-12-24
20428,20428,viewer,2026-02-20
20429,20429,,2025-06-09
20430,20430,editor,2026-01-16
20431,20431,admin,2025-05-20
20432,20432,admin,2025-08-25
20433,20433,admin,2025-11-27
20434,20434,viewer,2026-02-10
20435,20435,,2026-01-30
20436,20436,admin,2025-10-24
20437,20437,viewer,2026-03-18
20438,20438,admin,2025-11-01
20439,20439,admin,2025-08-19
20440,20440,viewer,2025-05-08
20441,20441,admin,2025-09-01
20442,20442,editor,2025-05-03
20443,20443,viewer,2026-03-19
20444,20444,editor,2025-09-22
20445,20445,guest,2026-02-15
20446,20446,viewer,2026-01-06
20447,20447,viewer,2025-04-09
20448,20448,,2026-01-31
20449,20449,editor,2026-01-22
20450,20450,admin,2025-09-23
20451,20451,invalid_role,2025-09-25
20452,20452,viewer,2025-08-11
20453,20453,admin,2025-04-09
20454,20454,editor,2026-03-28
20455,20455,,2025-07-24
20456,20456,editor,2026-03-16
20457,20457,admin,2026-03-23
20458,20458,viewer,2025-05-08
20459,20459,editor,2026-03-23
20460,20460,admin,2025-10-23
20461,20461,viewer,2025-11-26
20462,20462,admin,2026-03-26
20463,20463,admin,2025-04-17
20464,20464,,2025-12-09
20465,20465,admin,2026-03-24
20466,20466,editor,2025-07-01
20467,20467,,2026-01-01
20468,20468,editor,2025-10-13
20469,20469,editor,2025-08-26
20470,20470,editor,2025-05-03
20471,20471,viewer,2025-08-07
20472,20472,editor,2025-05-19
20473,20473,admin,2026-02-13
20474,20474,editor,2026-03-19
20475,20475,viewer,2025-04-03
20476,20476,,2025-04-29
20477,20477,,2026-01-03
20478,20478,viewer,2025-06-29
20479,20479,editor,2025-10-31
20480,20480,editor,2026-03-17
20481,20481,admin,2026-01-13
20482,20482,,2025-06-11
20483,20483,admin,2025-12-30
20484,20484,viewer,2025-05-14
20485,20485,editor,2026-02-23
20486,20486,viewer,2026-02-15
20487,20487,admin,2025-09-02
20488,20488,viewer,2025-10-05
20489,20489,editor,2025-08-13
20490,20490,editor,2026-03-20
20491,20491,editor,2025-09-21
20492,20492,editor,2025-10-07
20493,20493,editor,2025-09-13
20494,20494,viewer,2026-03-04
20495,20495,invalid_role,2025-08-26
20496,20496,viewer,2026-02-04
20497,20497,viewer,2025-08-25
20498,20498,viewer,2025-05-30
20499,20499,viewer,2025-05-19
20500,20500,admin,2025-11-13
20501,20501,,2026-03-23
20502,20502,editor,2025-10-25
20503,20503,viewer,2025-08-04
20504,20504,guest,2025-11-19
20505,20505,viewer,2025-06-16
20506,20506,unknown,2025-11-25
20507,20507,admin,2025-12-04
20508,20508,viewer,2025-07-16
20509,20509,invalid_role,2025-10-10
20510,20510,viewer,2025-12-31
20511,20511,viewer,2025-10-20
20512,20512,admin,2025-05-17
20513,20513,editor,2025-12-18
20514,20514,editor,2025-04-02
20515,20515,admin,2026-01-01
20516,20516,viewer,2025-08-04
20517,20517,admin,2026-03-29
20518,20518,admin,2025-04-11
20519,20519,admin,2025-10-30
20520,20520,admin,2025-11-05
20521,20521,viewer,2026-03-10
20522,20522,admin,2026-03-10
20523,20523,admin,2026-03-14
20524,20524,invalid_role,2026-01-28
20525,20525,admin,2026-03-29
20526,20526,editor,2026-02-15
20527,20527,admin,2025-09-26
20528,20528,viewer,2025-12-09
20529,20529,,2025-04-19
20530,20530,admin,2025-07-24
20531,20531,admin,2026-01-09
20532,20532,editor,2025-08-20
20533,20533,viewer,2025-07-21
20534,20534,,2025-06-12
20535,20535,admin,2026-01-14
20536,20536,admin,2026-03-08
20537,20537,editor,2025-09-26
20538,20538,admin,2025-08-12
20539,20539,admin,2026-03-08
20540,20540,viewer,2025-07-03
20541,20541,viewer,2025-04-16
20542,20542,,2025-05-17
20543,20543,invalid_role,2025-11-02
20544,20544,viewer,2025-12-12
20545,20545,viewer,2026-03-28
20546,20546,editor,2025-06-25
20547,20547,viewer,2025-11-13
20548,20548,admin,2025-05-14
20549,20549,admin,2025-04-02
20550,20550,admin,2026-02-15
20551,20551,,2026-01-25
20552,20552,viewer,2025-09-02
20553,20553,viewer,2025-09-08
20554,20554,viewer,2025-04-09
20555,20555,guest,2025-04-21
20556,20556,admin,2025-06-15
20557,20557,admin,2026-02-09
20558,20558,admin,2025-05-16
20559,20559,viewer,2026-01-31
20560,20560,unknown,2025-08-01
20561,20561,viewer,2026-01-15
20562,20562,editor,2025-08-31
20563,20563,editor,2025-09-17
20564,20564,viewer,2025-10-20
20565,20565,,2025-12-09
20566,20566,viewer,2025-07-09
20567,20567,viewer,2025-12-29
20568,20568,invalid_role,2025-11-17
20569,20569,viewer,2025-08-05
20570,20570,admin,2025-11-12
20571,20571,viewer,2026-03-27
20572,20572,guest,2025-12-28
20573,20573,guest,2025-07-29
20574,20574,,2026-01-12
20575,20575,viewer,2025-11-09
20576,20576,admin,2025-04-22
20577,20577,admin,2025-08-26
20578,20578,admin,2025-06-30
20579,20579,admin,2025-12-13
20580,20580,viewer,2026-01-25
20581,20581,admin,2025-04-22
20582,20582,viewer,2025-08-20
20583,20583,viewer,2025-07-06
20584,20584,admin,2025-12-25
20585,20585,editor,2025-09-02
20586,20586,admin,2025-07-14
20587,20587,editor,2025-09-14
20588,20588,viewer,2025-10-25
20589,20589,viewer,2025-12-26
20590,20590,viewer,2026-02-21
20591,20591,editor,2025-08-06
20592,20592,unknown,2025-07-29
20593,20593,admin,2026-03-03
20594,20594,editor,2025-10-13
20595,20595,admin,2025-11-12
20596,20596,admin,2026-01-03
20597,20597,admin,2026-03-21
20598,20598,admin,2026-01-20
20599,20599,admin,2025-07-06
20600,20600,editor,2025-06-27
20601,20601,viewer,2025-07-04
20602,20602,admin,2025-12-02
20603,20603,editor,2025-07-11
20604,20604,viewer,2025-07-02
20605,20605,viewer,2025-09-19
20606,20606,editor,2025-06-22
20607,20607,editor,2025-12-01
20608,20608,viewer,2025-10-03
20609,20609,,2025-09-19
20610,20610,viewer,2025-12-26
20611,20611,admin,2026-01-05
20612,20612,viewer,2025-05-02
20613,20613,admin,2025-06-12
20614,20614,editor,2025-04-22
20615,20615,admin,2026-01-25
20616,20616,editor,2025-09-11
20617,20617,guest,2026-01-21
20618,20618,,2025-11-15
20619,20619,editor,2026-01-24
20620,20620,viewer,2025-06-27
20621,20621,viewer,2025-10-28
20622,20622,viewer,2026-02-16
20623,20623,editor,2025-04-07
20624,20624,,2025-04-04
20625,20625,admin,2026-02-07
20626,20626,admin,2025-04-22
20627,20627,viewer,2025-07-05
20628,20628,editor,2026-02-04
20629,20629,viewer,2025-12-18
20630,20630,admin,2025-09-04
20631,20631,admin,2025-06-16
20632,20632,admin,2025-07-31
20633,20633,admin,2025-04-06
20634,20634,admin,2025-08-08
20635,20635,invalid_role,2026-03-18
20636,20636,admin,2025-04-26
20637,20637,,2026-02-22
20638,20638,guest,2025-11-15
20639,20639,,2026-03-15
20640,20640,editor,2026-01-01
20641,20641,admin,2025-10-19
20642,20642,,2025-07-22
20643,20643,unknown,2025-11-29
20644,20644,viewer,2025-12-15
20645,20645,viewer,2025-06-29
20646,20646,,2026-03-06
20647,20647,viewer,2025-05-05
20648,20648,,2025-11-09
20649,20649,editor,2025-11-22
20650,20650,editor,2026-02-20
20651,20651,editor,2025-09-03
20652,20652,,2026-01-27
20653,20653,editor,2025-09-22
20654,20654,viewer,2025-05-10
20655,20655,editor,2025-08-21
20656,20656,editor,2026-01-25
20657,20657,editor,2025-08-25
20658,20658,admin,2026-02-11
20659,20659,admin,2025-05-23
20660,20660,admin,2025-10-22
20661,20661,admin,2025-10-06
20662,20662,viewer,2025-12-18
20663,20663,admin,2025-09-08
20664,20664,admin,2025-07-24
20665,20665,,2025-12-20
20666,20666,viewer,2025-12-25
20667,20667,viewer,2025-07-23
20668,20668,viewer,2025-04-18
20669,20669,admin,2025-07-29
20670,20670,viewer,2026-02-05
20671,20671,,2026-02-06
20672,20672,editor,2026-01-13
20673,20673,editor,2025-06-04
20674,20674,viewer,2025-08-19
20675,20675,admin,2025-05-11
20676,20676,guest,2026-03-27
20677,20677,unknown,2025-04-05
20678,20678,,2025-06-13
20679,20679,admin,2025-06-15
20680,20680,unknown,2025-12-17
20681,20681,editor,2025-06-14
20682,20682,invalid_role,2026-01-13
20683,20683,admin,2025-12-04
20684,20684,editor,2025-05-30
20685,20685,viewer,2025-06-15
20686,20686,editor,2025-06-22
20687,20687,,2025-08-21
20688,20688,editor,2025-10-26
20689,20689,editor,2026-02-09
20690,20690,viewer,2025-10-24
20691,20691,invalid_role,2025-04-29
20692,20692,admin,2025-10-31
20693,20693,guest,2026-03-25
20694,20694,editor,2026-02-20
20695,20695,editor,2026-03-25
20696,20696,admin,2025-05-17
20697,20697,editor,2025-07-14
20698,20698,admin,2026-01-10
20699,20699,admin,2025-05-04
20700,20700,admin,2025-10-29
20701,20701,editor,2026-02-27
20702,20702,admin,2026-03-01
20703,20703,viewer,2025-08-03
20704,20704,,2025-07-04
20705,20705,,2025-04-05
20706,20706,admin,2025-04-29
20707,20707,viewer,2025-07-22
20708,20708,editor,2026-02-21
20709,20709,,2025-09-10
20710,20710,viewer,2026-01-28
20711,20711,editor,2025-07-20
20712,20712,viewer,2025-09-25
20713,20713,viewer,2025-11-15
20714,20714,invalid_role,2025-08-02
20715,20715,editor,2025-07-27
20716,20716,viewer,2026-03-15
20717,20717,viewer,2025-05-02
20718,20718,unknown,2025-07-21
20719,20719,editor,2026-02-25
20720,20720,viewer,2026-02-05
20721,20721,viewer,2025-10-25
20722,20722,editor,2025-10-26
20723,20723,editor,2025-09-15
20724,20724,editor,2025-11-01
20725,20725,admin,2026-02-22
20726,20726,editor,2025-11-06
20727,20727,admin,2025-10-29
20728,20728,unknown,2025-05-29
20729,20729,editor,2025-08-21
20730,20730,viewer,2025-04-07
20731,20731,editor,2025-09-17
20732,20732,invalid_role,2025-07-04
20733,20733,editor,2025-10-29
20734,20734,admin,2025-12-19
20735,20735,viewer,2025-04-08
20736,20736,admin,2025-07-15
20737,20737,editor,2025-04-17
20738,20738,viewer,2025-08-08
20739,20739,editor,2025-07-15
20740,20740,editor,2025-12-22
20741,20741,editor,2025-04-25
20742,20742,admin,2025-07-02
20743,20743,guest,2025-05-15
20744,20744,admin,2025-08-20
20745,20745,editor,2025-10-16
20746,20746,editor,2025-10-04
20747,20747,viewer,2025-04-28
20748,20748,viewer,2025-06-06
20749,20749,editor,2025-11-17
20750,20750,editor,2026-02-11
20751,20751,viewer,2026-03-21
20752,20752,editor,2025-07-18
20753,20753,editor,2025-09-24
20754,20754,editor,2025-09-30
20755,20755,admin,2025-07-17
20756,20756,admin,2026-02-09
20757,20757,editor,2026-01-02
20758,20758,guest,2026-01-29
20759,20759,editor,2025-06-25
20760,20760,editor,2025-04-28
20761,20761,admin,2026-02-17
20762,20762,viewer,2026-01-16
20763,20763,unknown,2025-05-23
20764,20764,editor,2026-02-18
20765,20765,viewer,2025-08-22
20766,20766,viewer,2025-12-20
20767,20767,editor,2025-12-23
20768,20768,viewer,2026-03-02
20769,20769,guest,2025-12-02
20770,20770,editor,2025-12-20
20771,20771,admin,2025-12-19
20772,20772,guest,2025-07-25
20773,20773,admin,2025-12-09
20774,20774,viewer,2025-12-15
20775,20775,editor,2025-07-18
20776,20776,admin,2025-10-06
20777,20777,viewer,2025-12-11
20778,20778,editor,2025-06-20
20779,20779,editor,2025-03-31
20780,20780,admin,2025-10-31
20781,20781,viewer,2025-06-10
20782,20782,editor,2025-06-10
20783,20783,admin,2025-08-04
20784,20784,editor,2026-03-22
20785,20785,editor,2025-10-31
20786,20786,editor,2025-09-05
20787,20787,,2025-11-05
20788,20788,,2026-03-08
20789,20789,,2025-04-26
20790,20790,editor,2025-11-23
20791,20791,viewer,2025-04-09
20792,20792,editor,2026-02-21
20793,20793,admin,2026-01-24
20794,20794,unknown,2026-02-01
20795,20795,admin,2026-01-23
20796,20796,editor,2025-07-24
20797,20797,editor,2025-10-29
20798,20798,,2026-02-03
20799,20799,editor,2025-08-15
20800,20800,editor,2025-04-16
20801,20801,admin,2025-06-15
20802,20802,editor,2026-01-29
20803,20803,editor,2025-06-22
20804,20804,editor,2026-03-13
20805,20805,editor,2025-11-17
20806,20806,editor,2025-05-10
20807,20807,invalid_role,2025-05-17
20808,20808,admin,2025-05-04
20809,20809,,2025-06-26
20810,20810,viewer,2025-05-11
20811,20811,editor,2025-10-30
20812,20812,viewer,2026-02-10
20813,20813,viewer,2025-09-02
20814,20814,editor,2025-05-21
20815,20815,admin,2025-07-26
20816,20816,,2025-05-19
20817,20817,admin,2026-03-03
20818,20818,admin,2025-04-19
20819,20819,admin,2025-07-10
20820,20820,admin,2025-04-22
20821,20821,viewer,2025-04-17
20822,20822,viewer,2025-07-10
20823,20823,viewer,2026-01-22
20824,20824,editor,2026-01-04
20825,20825,admin,2025-05-14
20826,20826,viewer,2025-05-19
20827,20827,viewer,2025-07-18
20828,20828,editor,2026-03-09
20829,20829,editor,2025-05-09
20830,20830,admin,2025-05-04
20831,20831,viewer,2026-03-17
20832,20832,editor,2025-12-15
20833,20833,viewer,2026-02-11
20834,20834,editor,2025-12-29
20835,20835,guest,2026-01-17
20836,20836,viewer,2026-03-17
20837,20837,viewer,2025-12-04
20838,20838,,2025-04-24
20839,20839,admin,2025-06-24
20840,20840,guest,2025-11-27
20841,20841,viewer,2025-12-30
20842,20842,admin,2025-05-22
20843,20843,viewer,2025-05-05
20844,20844,admin,2025-04-23
20845,20845,admin,2025-06-19
20846,20846,admin,2026-01-26
20847,20847,admin,2026-01-02
20848,20848,admin,2025-05-19
20849,20849,editor,2025-07-12
20850,20850,admin,2026-02-09
20851,20851,viewer,2025-04-27
20852,20852,admin,2026-01-05
20853,20853,viewer,2025-10-07
20854,20854,viewer,2025-10-28
20855,20855,invalid_role,2025-12-12
20856,20856,,2026-02-14
20857,20857,guest,2025-11-01
20858,20858,viewer,2025-06-03
20859,20859,viewer,2025-08-16
20860,20860,editor,2026-02-26
20861,20861,admin,2025-08-16
20862,20862,editor,2025-11-11
20863,20863,viewer,2026-02-18
20864,20864,editor,2026-02-03
20865,20865,unknown,2025-05-13
20866,20866,viewer,2025-10-09
20867,20867,editor,2025-05-15
20868,20868,viewer,2026-02-01
20869,20869,admin,2025-11-05
20870,20870,,2026-01-20
20871,20871,admin,2026-02-01
20872,20872,admin,2025-05-08
20873,20873,admin,2025-06-11
20874,20874,viewer,2025-04-07
20875,20875,admin,2025-12-12
20876,20876,,2026-01-30
20877,20877,admin,2025-09-29
20878,20878,editor,2025-10-23
20879,20879,admin,2025-08-30
20880,20880,admin,2025-10-21
20881,20881,viewer,2025-10-21
20882,20882,viewer,2025-12-19
20883,20883,admin,2025-08-27
20884,20884,editor,2026-03-12
20885,20885,,2025-12-10
20886,20886,editor,2026-02-06
20887,20887,editor,2025-05-28
20888,20888,editor,2025-12-06
20889,20889,editor,2025-07-16
20890,20890,invalid_role,2025-07-25
20891,20891,editor,2025-11-20
20892,20892,admin,2025-09-13
20893,20893,admin,2025-09-12
20894,20894,admin,2025-08-01
20895,20895,admin,2025-09-24
20896,20896,viewer,2025-07-02
20897,20897,viewer,2025-04-18
20898,20898,editor,2026-01-01
20899,20899,unknown,2025-06-28
20900,20900,viewer,2025-11-20
20901,20901,editor,2025-08-31
20902,20902,editor,2026-03-12
20903,20903,viewer,2025-11-21
20904,20904,editor,2025-07-28
20905,20905,editor,2025-11-01
20906,20906,unknown,2025-08-13
20907,20907,viewer,2026-03-06
20908,20908,editor,2026-01-29
20909,20909,editor,2025-06-29
20910,20910,guest,2025-12-28
20911,20911,viewer,2025-09-19
20912,20912,guest,2025-06-19
20913,20913,admin,2025-06-08
20914,20914,editor,2025-07-15
20915,20915,admin,2026-02-27
20916,20916,editor,2025-09-13
20917,20917,viewer,2025-11-16
20918,20918,viewer,2025-12-02
20919,20919,admin,2025-11-10
20920,20920,editor,2025-05-30
20921,20921,admin,2025-10-13
20922,20922,editor,2025-10-18
20923,20923,editor,2025-11-06
20924,20924,admin,2025-05-09
20925,20925,editor,2025-11-02
20926,20926,admin,2025-11-29
20927,20927,editor,2025-08-28
20928,20928,viewer,2026-01-22
20929,20929,,2025-06-28
20930,20930,viewer,2025-09-02
20931,20931,viewer,2025-11-09
20932,20932,,2025-06-13
20933,20933,admin,2025-11-20
20934,20934,viewer,2025-07-14
20935,20935,guest,2025-08-07
20936,20936,viewer,2025-12-05
20937,20937,admin,2025-09-16
20938,20938,invalid_role,2025-10-12
20939,20939,admin,2025-11-17
20940,20940,admin,2025-04-21
20941,20941,admin,2026-03-15
20942,20942,editor,2026-02-03
20943,20943,viewer,2025-06-06
20944,20944,,2025-08-02
20945,20945,editor,2025-05-08
20946,20946,editor,2025-05-11
20947,20947,admin,2026-02-06
20948,20948,,2025-07-07
20949,20949,viewer,2025-09-26
20950,20950,viewer,2026-02-06
20951,20951,viewer,2025-12-24
20952,20952,guest,2025-11-07
20953,20953,,2025-10-28
20954,20954,viewer,2025-10-09
20955,20955,viewer,2025-12-22
20956,20956,invalid_role,2025-09-10
20957,20957,editor,2025-10-14
20958,20958,invalid_role,2025-08-28
20959,20959,viewer,2026-01-22
20960,20960,viewer,2026-01-23
20961,20961,unknown,2025-04-08
20962,20962,editor,2025-05-26
20963,20963,admin,2025-11-19
20964,20964,viewer,2025-12-15
20965,20965,invalid_role,2025-11-20
20966,20966,admin,2025-07-08
20967,20967,editor,2025-12-27
20968,20968,editor,2025-04-20
20969,20969,,2026-02-08
20970,20970,,2025-08-07
20971,20971,admin,2025-12-12
20972,20972,viewer,2025-12-24
20973,20973,admin,2025-08-23
20974,20974,editor,2025-08-08
20975,20975,editor,2025-08-30
20976,20976,admin,2025-05-21
20977,20977,admin,2025-04-29
20978,20978,editor,2025-07-29
20979,20979,guest,2025-04-11
20980,20980,editor,2025-10-26
20981,20981,viewer,2026-01-17
20982,20982,viewer,2026-02-20
20983,20983,invalid_role,2025-12-02
20984,20984,invalid_role,2025-09-28
20985,20985,editor,2025-08-15
20986,20986,editor,2026-03-02
20987,20987,viewer,2025-12-16
20988,20988,editor,2025-08-09
20989,20989,admin,2025-05-06
20990,20990,admin,2025-08-21
20991,20991,admin,2025-06-17
20992,20992,admin,2025-12-19
20993,20993,viewer,2025-05-10
20994,20994,viewer,2025-06-04
20995,20995,admin,2026-02-25
20996,20996,editor,2025-08-03
20997,20997,viewer,2025-04-14
20998,20998,admin,2025-09-28
20999,20999,viewer,2025-10-28
21000,21000,editor,2025-10-27
21001,21001,unknown,2025-09-09
21002,21002,invalid_role,2026-02-25
21003,21003,editor,2025-04-08
21004,21004,editor,2025-10-13
21005,21005,viewer,2025-06-22
21006,21006,viewer,2026-03-06
21007,21007,admin,2025-10-15
21008,21008,editor,2025-12-18
21009,21009,viewer,2025-05-15
21010,21010,admin,2025-12-01
21011,21011,editor,2025-12-12
21012,21012,viewer,2026-02-10
21013,21013,editor,2025-09-23
21014,21014,editor,2026-03-20
21015,21015,editor,2025-07-01
21016,21016,admin,2026-01-31
21017,21017,editor,2026-02-11
21018,21018,unknown,2025-11-14
21019,21019,editor,2025-05-22
21020,21020,viewer,2025-10-19
21021,21021,editor,2025-12-31
21022,21022,admin,2026-01-24
21023,21023,viewer,2025-05-28
21024,21024,editor,2025-08-24
21025,21025,editor,2025-10-05
21026,21026,editor,2025-10-20
21027,21027,admin,2025-07-08
21028,21028,invalid_role,2026-03-11
21029,21029,editor,2026-02-20
21030,21030,viewer,2026-03-18
21031,21031,editor,2026-01-29
21032,21032,viewer,2025-10-14
21033,21033,unknown,2025-08-07
21034,21034,editor,2025-10-31
21035,21035,viewer,2026-01-01
21036,21036,editor,2025-11-10
21037,21037,admin,2025-10-01
21038,21038,viewer,2025-09-19
21039,21039,guest,2025-08-11
21040,21040,viewer,2025-06-11
21041,21041,viewer,2025-12-13
21042,21042,,2026-02-15
21043,21043,admin,2026-01-08
21044,21044,admin,2026-01-30
21045,21045,unknown,2025-12-29
21046,21046,admin,2025-09-27
21047,21047,editor,2026-01-01
21048,21048,admin,2025-10-20
21049,21049,editor,2026-02-10
21050,21050,editor,2025-07-13
21051,21051,,2025-07-12
21052,21052,viewer,2025-07-27
21053,21053,admin,2025-09-21
21054,21054,unknown,2025-08-18
21055,21055,viewer,2026-03-28
21056,21056,admin,2026-01-14
21057,21057,viewer,2025-08-02
21058,21058,editor,2025-06-29
21059,21059,admin,2025-12-04
21060,21060,viewer,2025-10-07
21061,21061,editor,2025-10-11
21062,21062,viewer,2025-05-19
21063,21063,viewer,2025-04-06
21064,21064,admin,2025-11-11
21065,21065,,2026-03-09
21066,21066,unknown,2025-06-13
21067,21067,viewer,2026-03-25
21068,21068,admin,2025-04-29
21069,21069,editor,2025-09-11
21070,21070,admin,2026-03-18
21071,21071,,2025-08-28
21072,21072,admin,2025-04-28
21073,21073,,2025-03-31
21074,21074,admin,2025-11-22
21075,21075,editor,2026-03-10
21076,21076,admin,2026-02-02
21077,21077,editor,2025-05-13
21078,21078,viewer,2026-01-09
21079,21079,admin,2026-02-17
21080,21080,invalid_role,2026-03-28
21081,21081,viewer,2026-01-21
21082,21082,unknown,2025-06-16
21083,21083,editor,2025-08-30
21084,21084,guest,2025-05-21
21085,21085,guest,2025-05-05
21086,21086,invalid_role,2025-04-05
21087,21087,viewer,2026-01-12
21088,21088,editor,2025-12-05
21089,21089,admin,2026-03-06
21090,21090,admin,2025-09-13
21091,21091,admin,2025-09-21
21092,21092,admin,2025-06-22
21093,21093,admin,2025-05-27
21094,21094,viewer,2025-05-18
21095,21095,,2025-09-03
21096,21096,,2025-08-03
21097,21097,invalid_role,2025-05-14
21098,21098,unknown,2025-12-26
21099,21099,editor,2026-01-01
21100,21100,editor,2025-11-13
21101,21101,editor,2025-07-17
21102,21102,editor,2025-06-17
21103,21103,editor,2026-01-20
21104,21104,guest,2025-08-19
21105,21105,viewer,2026-01-07
21106,21106,viewer,2025-05-08
21107,21107,viewer,2025-10-24
21108,21108,editor,2025-07-09
21109,21109,editor,2026-01-28
21110,21110,admin,2025-11-18
21111,21111,invalid_role,2025-06-24
21112,21112,editor,2025-04-02
21113,21113,viewer,2025-12-17
21114,21114,editor,2025-04-28
21115,21115,admin,2025-07-30
21116,21116,admin,2025-05-19
21117,21117,viewer,2025-04-06
21118,21118,admin,2025-08-27
21119,21119,admin,2026-01-25
21120,21120,viewer,2025-08-14
21121,21121,viewer,2025-04-30
21122,21122,admin,2025-11-01
21123,21123,admin,2026-03-26
21124,21124,editor,2025-11-06
21125,21125,admin,2025-09-05
21126,21126,admin,2025-11-21
21127,21127,admin,2025-06-16
21128,21128,admin,2025-05-02
21129,21129,,2025-09-28
21130,21130,invalid_role,2025-10-05
21131,21131,editor,2025-08-18
21132,21132,admin,2026-03-09
21133,21133,admin,2026-02-17
21134,21134,viewer,2025-12-11
21135,21135,editor,2025-10-19
21136,21136,viewer,2026-02-05
21137,21137,editor,2025-12-29
21138,21138,viewer,2025-04-22
21139,21139,viewer,2026-01-25
21140,21140,admin,2025-12-28
21141,21141,viewer,2026-01-08
21142,21142,,2025-10-21
21143,21143,editor,2025-09-01
21144,21144,editor,2025-12-17
21145,21145,unknown,2025-12-27
21146,21146,guest,2025-09-03
21147,21147,viewer,2025-07-15
21148,21148,editor,2025-07-24
21149,21149,admin,2025-04-23
21150,21150,viewer,2025-10-16
21151,21151,editor,2025-06-04
21152,21152,viewer,2025-12-21
21153,21153,editor,2026-03-09
21154,21154,viewer,2025-11-15
21155,21155,viewer,2025-05-24
21156,21156,viewer,2026-02-16
21157,21157,admin,2025-07-29
21158,21158,viewer,2025-07-11
21159,21159,viewer,2026-03-09
21160,21160,admin,2025-04-17
21161,21161,viewer,2026-02-18
21162,21162,viewer,2025-12-30
21163,21163,viewer,2025-11-17
21164,21164,viewer,2025-04-18
21165,21165,unknown,2025-07-15
21166,21166,admin,2025-05-01
21167,21167,editor,2025-07-16
21168,21168,editor,2025-07-15
21169,21169,editor,2025-05-02
21170,21170,admin,2025-10-18
21171,21171,viewer,2025-09-07
21172,21172,invalid_role,2026-02-01
21173,21173,viewer,2025-10-10
21174,21174,viewer,2026-01-11
21175,21175,viewer,2025-11-29
21176,21176,editor,2025-12-31
21177,21177,admin,2025-04-07
21178,21178,admin,2025-06-22
21179,21179,editor,2025-05-30
21180,21180,editor,2026-01-15
21181,21181,admin,2025-06-13
21182,21182,viewer,2025-09-29
21183,21183,guest,2026-03-08
21184,21184,viewer,2025-10-07
21185,21185,editor,2025-07-19
21186,21186,viewer,2025-11-21
21187,21187,editor,2025-06-03
21188,21188,editor,2025-12-17
21189,21189,viewer,2025-11-14
21190,21190,admin,2025-09-05
21191,21191,editor,2025-06-06
21192,21192,admin,2025-10-21
21193,21193,admin,2025-11-03
21194,21194,editor,2026-03-23
21195,21195,editor,2025-10-19
21196,21196,viewer,2026-03-24
21197,21197,viewer,2025-12-02
21198,21198,admin,2025-11-02
21199,21199,,2025-09-03
21200,21200,viewer,2025-09-02
21201,21201,viewer,2025-12-08
21202,21202,viewer,2025-04-15
21203,21203,viewer,2025-07-08
21204,21204,viewer,2026-02-04
21205,21205,viewer,2025-11-24
21206,21206,editor,2026-01-12
21207,21207,viewer,2026-02-19
21208,21208,viewer,2025-10-03
21209,21209,,2026-01-16
21210,21210,viewer,2025-12-28
21211,21211,viewer,2025-12-03
21212,21212,guest,2025-07-05
21213,21213,viewer,2026-03-10
21214,21214,,2025-07-31
21215,21215,editor,2025-10-08
21216,21216,editor,2026-03-23
21217,21217,editor,2025-09-12
21218,21218,invalid_role,2025-08-05
21219,21219,editor,2025-11-17
21220,21220,editor,2026-01-22
21221,21221,viewer,2025-10-02
21222,21222,admin,2026-01-12
21223,21223,invalid_role,2025-12-11
21224,21224,editor,2025-07-25
21225,21225,editor,2025-05-12
21226,21226,viewer,2026-01-18
21227,21227,editor,2026-01-27
21228,21228,viewer,2026-01-25
21229,21229,editor,2025-08-15
21230,21230,,2025-05-05
21231,21231,editor,2025-11-30
21232,21232,viewer,2025-09-15
21233,21233,admin,2025-04-28
21234,21234,admin,2026-01-06
21235,21235,editor,2025-05-14
21236,21236,admin,2025-12-20
21237,21237,viewer,2025-11-21
21238,21238,viewer,2025-10-08
21239,21239,admin,2025-07-12
21240,21240,editor,2025-10-26
21241,21241,guest,2026-03-25
21242,21242,viewer,2026-03-11
21243,21243,unknown,2025-05-01
21244,21244,editor,2025-08-06
21245,21245,,2025-09-07
21246,21246,editor,2025-06-04
21247,21247,invalid_role,2025-06-07
21248,21248,editor,2025-10-30
21249,21249,editor,2025-12-31
21250,21250,viewer,2025-06-23
21251,21251,unknown,2025-06-29
21252,21252,viewer,2025-11-10
21253,21253,admin,2025-05-19
21254,21254,admin,2026-03-11
21255,21255,editor,2025-05-19
21256,21256,viewer,2025-07-06
21257,21257,viewer,2026-02-24
21258,21258,editor,2026-01-06
21259,21259,admin,2025-09-13
21260,21260,editor,2025-09-02
21261,21261,admin,2026-01-28
21262,21262,,2025-08-09
21263,21263,editor,2025-10-28
21264,21264,unknown,2025-06-19
21265,21265,viewer,2025-11-05
21266,21266,unknown,2025-11-03
21267,21267,admin,2025-08-22
21268,21268,editor,2026-03-28
21269,21269,viewer,2025-04-06
21270,21270,editor,2025-12-08
21271,21271,editor,2026-01-07
21272,21272,viewer,2026-01-29
21273,21273,,2025-12-20
21274,21274,editor,2026-03-13
21275,21275,editor,2025-11-24
21276,21276,guest,2025-10-30
21277,21277,guest,2026-02-04
21278,21278,viewer,2025-03-31
21279,21279,admin,2025-07-12
21280,21280,editor,2025-12-10
21281,21281,guest,2026-01-20
21282,21282,editor,2025-11-22
21283,21283,viewer,2025-10-19
21284,21284,guest,2025-04-11
21285,21285,viewer,2025-11-26
21286,21286,editor,2026-03-14
21287,21287,editor,2026-01-05
21288,21288,,2026-02-27
21289,21289,editor,2026-01-18
21290,21290,admin,2026-03-12
21291,21291,editor,2025-08-24
21292,21292,,2025-06-19
21293,21293,editor,2025-09-29
21294,21294,invalid_role,2025-04-17
21295,21295,admin,2025-08-29
21296,21296,viewer,2025-06-18
21297,21297,admin,2026-02-02
21298,21298,admin,2025-05-22
21299,21299,viewer,2025-07-30
21300,21300,admin,2025-08-17
21301,21301,admin,2025-09-05
21302,21302,,2025-06-16
21303,21303,,2025-07-21
21304,21304,editor,2025-10-16
21305,21305,editor,2026-03-18
21306,21306,admin,2025-11-03
21307,21307,editor,2025-09-18
21308,21308,editor,2025-07-29
21309,21309,invalid_role,2025-12-21
21310,21310,editor,2026-02-27
21311,21311,admin,2025-11-11
21312,21312,viewer,2026-02-16
21313,21313,admin,2025-05-17
21314,21314,admin,2026-01-04
21315,21315,editor,2025-04-16
21316,21316,viewer,2025-07-09
21317,21317,viewer,2025-09-07
21318,21318,viewer,2025-12-26
21319,21319,admin,2026-03-27
21320,21320,admin,2025-05-08
21321,21321,editor,2025-09-09
21322,21322,viewer,2025-11-23
21323,21323,editor,2025-03-31
21324,21324,unknown,2025-09-11
21325,21325,admin,2025-08-20
21326,21326,admin,2025-11-02
21327,21327,,2025-06-22
21328,21328,editor,2025-05-11
21329,21329,admin,2025-08-11
21330,21330,admin,2025-10-26
21331,21331,viewer,2025-08-26
21332,21332,viewer,2025-05-29
21333,21333,admin,2025-11-07
21334,21334,admin,2025-09-28
21335,21335,invalid_role,2025-07-09
21336,21336,editor,2025-08-02
21337,21337,admin,2025-11-14
21338,21338,viewer,2025-10-01
21339,21339,viewer,2025-09-10
21340,21340,admin,2025-06-21
21341,21341,viewer,2025-08-31
21342,21342,editor,2025-12-28
21343,21343,invalid_role,2025-11-22
21344,21344,guest,2025-07-11
21345,21345,admin,2026-01-16
21346,21346,,2025-05-25
21347,21347,unknown,2026-03-09
21348,21348,viewer,2026-02-27
21349,21349,editor,2025-05-27
21350,21350,editor,2026-03-06
21351,21351,invalid_role,2026-01-22
21352,21352,,2025-11-13
21353,21353,admin,2025-04-07
21354,21354,editor,2025-08-14
21355,21355,editor,2025-11-08
21356,21356,,2025-04-09
21357,21357,admin,2025-07-01
21358,21358,admin,2025-10-10
21359,21359,viewer,2025-07-31
21360,21360,admin,2025-06-07
21361,21361,editor,2025-07-04
21362,21362,admin,2025-12-03
21363,21363,unknown,2025-11-18
21364,21364,editor,2025-07-20
21365,21365,editor,2026-02-23
21366,21366,invalid_role,2025-06-14
21367,21367,guest,2025-05-15
21368,21368,viewer,2025-09-25
21369,21369,viewer,2025-09-30
21370,21370,admin,2025-07-19
21371,21371,admin,2025-07-16
21372,21372,editor,2025-09-20
21373,21373,viewer,2025-10-27
21374,21374,editor,2025-10-09
21375,21375,editor,2025-09-22
21376,21376,admin,2025-05-07
21377,21377,admin,2025-06-14
21378,21378,invalid_role,2026-02-20
21379,21379,invalid_role,2025-06-11
21380,21380,viewer,2025-05-20
21381,21381,admin,2025-12-08
21382,21382,admin,2025-06-03
21383,21383,admin,2025-08-23
21384,21384,admin,2025-04-26
21385,21385,unknown,2025-11-02
21386,21386,unknown,2026-01-25
21387,21387,admin,2025-04-25
21388,21388,editor,2025-04-19
21389,21389,viewer,2025-10-01
21390,21390,invalid_role,2026-02-23
21391,21391,viewer,2025-08-15
21392,21392,unknown,2026-03-18
21393,21393,editor,2025-04-03
21394,21394,unknown,2026-03-20
21395,21395,admin,2025-10-17
21396,21396,unknown,2025-05-05
21397,21397,editor,2025-03-31
21398,21398,editor,2025-10-23
21399,21399,viewer,2025-10-16
21400,21400,editor,2025-10-05
21401,21401,admin,2025-12-02
21402,21402,invalid_role,2026-01-24
21403,21403,viewer,2026-01-07
21404,21404,editor,2025-04-03
21405,21405,admin,2025-10-14
21406,21406,editor,2026-03-13
21407,21407,admin,2025-08-19
21408,21408,viewer,2025-08-29
21409,21409,admin,2025-09-16
21410,21410,editor,2026-03-28
21411,21411,unknown,2025-06-27
21412,21412,editor,2025-09-03
21413,21413,editor,2025-09-02
21414,21414,editor,2025-04-29
21415,21415,admin,2026-02-11
21416,21416,admin,2025-08-01
21417,21417,editor,2025-09-18
21418,21418,viewer,2026-02-17
21419,21419,,2025-04-02
21420,21420,,2025-08-17
21421,21421,editor,2025-05-05
21422,21422,,2026-01-15
21423,21423,unknown,2025-07-21
21424,21424,admin,2026-03-09
21425,21425,admin,2026-02-22
21426,21426,invalid_role,2025-10-26
21427,21427,admin,2025-08-07
21428,21428,viewer,2025-06-12
21429,21429,admin,2025-06-14
21430,21430,admin,2025-11-15
21431,21431,viewer,2025-08-31
21432,21432,editor,2025-10-13
21433,21433,editor,2025-05-21
21434,21434,viewer,2026-01-08
21435,21435,admin,2025-12-29
21436,21436,,2025-08-02
21437,21437,,2025-04-29
21438,21438,,2025-12-26
21439,21439,editor,2026-03-21
21440,21440,admin,2025-09-21
21441,21441,guest,2025-11-08
21442,21442,viewer,2025-12-31
21443,21443,editor,2025-06-02
21444,21444,,2026-01-27
21445,21445,admin,2025-11-24
21446,21446,editor,2026-02-04
21447,21447,,2025-08-14
21448,21448,admin,2025-06-08
21449,21449,editor,2025-10-15
21450,21450,guest,2025-04-19
21451,21451,viewer,2025-03-30
21452,21452,admin,2025-10-25
21453,21453,admin,2025-11-05
21454,21454,editor,2026-02-10
21455,21455,editor,2025-11-02
21456,21456,editor,2025-07-14
21457,21457,viewer,2025-04-22
21458,21458,viewer,2025-06-03
21459,21459,invalid_role,2025-11-03
21460,21460,admin,2025-12-11
21461,21461,admin,2025-10-13
21462,21462,editor,2025-07-01
21463,21463,,2025-11-25
21464,21464,admin,2025-07-29
21465,21465,viewer,2025-07-03
21466,21466,viewer,2025-06-14
21467,21467,admin,2025-09-07
21468,21468,editor,2025-07-12
21469,21469,editor,2026-02-15
21470,21470,editor,2025-04-08
21471,21471,admin,2025-06-23
21472,21472,admin,2025-08-13
21473,21473,admin,2025-05-02
21474,21474,editor,2026-03-04
21475,21475,viewer,2025-07-24
21476,21476,admin,2025-11-11
21477,21477,admin,2026-01-22
21478,21478,viewer,2025-06-22
21479,21479,viewer,2025-05-14
21480,21480,editor,2026-02-01
21481,21481,,2025-09-01
21482,21482,admin,2026-02-23
21483,21483,admin,2025-04-26
21484,21484,editor,2026-02-28
21485,21485,viewer,2025-06-15
21486,21486,viewer,2025-12-18
21487,21487,viewer,2025-12-16
21488,21488,admin,2025-10-02
21489,21489,editor,2025-06-02
21490,21490,viewer,2026-02-15
21491,21491,guest,2026-02-25
21492,21492,viewer,2025-06-11
21493,21493,,2025-05-13
21494,21494,editor,2025-10-29
21495,21495,unknown,2025-07-12
21496,21496,unknown,2026-03-08
21497,21497,editor,2026-01-25
21498,21498,admin,2025-10-08
21499,21499,editor,2025-11-07
21500,21500,invalid_role,2025-10-01
21501,21501,invalid_role,2026-02-08
21502,21502,admin,2026-01-23
21503,21503,admin,2025-09-06
21504,21504,editor,2025-09-01
21505,21505,viewer,2025-10-04
21506,21506,admin,2025-12-01
21507,21507,editor,2025-06-12
21508,21508,admin,2025-10-28
21509,21509,viewer,2025-07-08
21510,21510,viewer,2025-09-11
21511,21511,viewer,2026-03-07
21512,21512,editor,2025-05-21
21513,21513,editor,2025-09-25
21514,21514,editor,2026-01-22
21515,21515,viewer,2025-07-27
21516,21516,admin,2026-03-02
21517,21517,guest,2025-06-27
21518,21518,editor,2025-09-25
21519,21519,admin,2026-02-16
21520,21520,guest,2025-11-10
21521,21521,admin,2025-08-25
21522,21522,admin,2025-09-11
21523,21523,guest,2025-09-20
21524,21524,viewer,2025-05-14
21525,21525,viewer,2025-05-03
21526,21526,admin,2025-10-05
21527,21527,viewer,2025-09-29
21528,21528,viewer,2025-04-06
21529,21529,editor,2025-05-04
21530,21530,admin,2025-09-28
21531,21531,viewer,2025-11-07
21532,21532,admin,2025-07-17
21533,21533,guest,2025-11-25
21534,21534,guest,2025-12-12
21535,21535,editor,2025-06-13
21536,21536,admin,2026-02-21
21537,21537,,2025-08-19
21538,21538,unknown,2025-08-29
21539,21539,admin,2025-08-15
21540,21540,viewer,2025-06-03
21541,21541,admin,2025-04-15
21542,21542,editor,2026-01-04
21543,21543,admin,2025-12-25
21544,21544,editor,2025-08-23
21545,21545,viewer,2025-06-02
21546,21546,viewer,2025-11-20
21547,21547,editor,2025-09-05
21548,21548,admin,2025-09-20
21549,21549,editor,2025-03-31
21550,21550,admin,2026-02-04
21551,21551,admin,2025-05-13
21552,21552,editor,2026-02-13
21553,21553,editor,2026-03-02
21554,21554,editor,2025-06-24
21555,21555,viewer,2025-08-16
21556,21556,viewer,2025-10-04
21557,21557,editor,2025-04-20
21558,21558,unknown,2025-06-21
21559,21559,editor,2025-05-29
21560,21560,,2025-08-02
21561,21561,viewer,2025-04-19
21562,21562,admin,2025-11-12
21563,21563,editor,2025-10-09
21564,21564,viewer,2026-02-19
21565,21565,viewer,2026-03-01
21566,21566,guest,2025-04-30
21567,21567,viewer,2025-11-26
21568,21568,admin,2025-08-26
21569,21569,admin,2025-09-08
21570,21570,guest,2025-08-21
21571,21571,admin,2025-04-21
21572,21572,admin,2025-04-09
21573,21573,unknown,2025-05-16
21574,21574,invalid_role,2025-12-15
21575,21575,viewer,2025-11-20
21576,21576,invalid_role,2025-06-16
21577,21577,editor,2025-05-05
21578,21578,admin,2025-05-09
21579,21579,,2025-05-05
21580,21580,viewer,2025-10-27
21581,21581,admin,2026-03-15
21582,21582,admin,2026-03-18
21583,21583,viewer,2025-04-10
21584,21584,viewer,2025-05-26
21585,21585,admin,2025-08-05
21586,21586,admin,2025-08-30
21587,21587,admin,2026-01-17
21588,21588,,2025-07-06
21589,21589,,2025-04-28
21590,21590,admin,2025-12-04
21591,21591,guest,2026-02-21
21592,21592,admin,2025-09-07
21593,21593,editor,2025-12-10
21594,21594,editor,2025-10-27
21595,21595,viewer,2025-05-13
21596,21596,admin,2025-11-15
21597,21597,admin,2026-02-25
21598,21598,admin,2025-05-14
21599,21599,admin,2026-01-29
21600,21600,admin,2026-02-08
21601,21601,editor,2025-11-08
21602,21602,editor,2025-10-05
21603,21603,,2026-03-22
21604,21604,editor,2025-08-06
21605,21605,editor,2025-08-13
21606,21606,viewer,2025-05-09
21607,21607,editor,2025-05-20
21608,21608,editor,2026-02-03
21609,21609,admin,2026-03-12
21610,21610,unknown,2025-04-19
21611,21611,admin,2025-04-28
21612,21612,editor,2025-10-06
21613,21613,,2025-08-26
21614,21614,viewer,2025-11-01
21615,21615,admin,2026-01-15
21616,21616,viewer,2026-03-09
21617,21617,viewer,2026-03-08
21618,21618,viewer,2025-07-15
21619,21619,viewer,2026-02-11
21620,21620,viewer,2025-09-06
21621,21621,viewer,2025-06-18
21622,21622,,2025-11-05
21623,21623,viewer,2026-02-06
21624,21624,editor,2025-11-18
21625,21625,viewer,2025-11-10
21626,21626,viewer,2025-12-12
21627,21627,admin,2026-03-05
21628,21628,admin,2025-09-07
21629,21629,guest,2025-11-23
21630,21630,unknown,2025-12-06
21631,21631,unknown,2026-02-19
21632,21632,viewer,2025-08-20
21633,21633,guest,2025-10-14
21634,21634,admin,2025-06-23
21635,21635,unknown,2025-05-20
21636,21636,unknown,2025-04-28
21637,21637,viewer,2025-04-28
21638,21638,admin,2026-02-15
21639,21639,editor,2026-03-11
21640,21640,admin,2026-02-22
21641,21641,viewer,2025-12-16
21642,21642,viewer,2025-06-11
21643,21643,admin,2025-12-16
21644,21644,admin,2025-09-17
21645,21645,admin,2026-02-23
21646,21646,editor,2025-06-23
21647,21647,editor,2026-02-04
21648,21648,admin,2026-03-27
21649,21649,admin,2025-05-15
21650,21650,,2025-05-26
21651,21651,viewer,2026-02-13
21652,21652,admin,2025-04-26
21653,21653,viewer,2025-05-25
21654,21654,admin,2025-09-27
21655,21655,viewer,2025-07-14
21656,21656,editor,2025-11-14
21657,21657,editor,2025-11-11
21658,21658,editor,2025-11-28
21659,21659,viewer,2025-08-15
21660,21660,editor,2025-05-10
21661,21661,admin,2025-11-28
21662,21662,editor,2025-12-27
21663,21663,admin,2025-11-09
21664,21664,admin,2025-09-05
21665,21665,admin,2025-07-27
21666,21666,invalid_role,2025-04-16
21667,21667,admin,2025-04-14
21668,21668,viewer,2025-11-13
21669,21669,unknown,2025-11-07
21670,21670,admin,2025-07-18
21671,21671,editor,2025-05-16
21672,21672,admin,2026-03-13
21673,21673,admin,2026-03-27
21674,21674,admin,2025-04-30
21675,21675,admin,2026-03-04
21676,21676,editor,2025-05-30
21677,21677,,2025-11-23
21678,21678,admin,2026-02-24
21679,21679,admin,2026-01-28
21680,21680,,2025-07-17
21681,21681,viewer,2025-12-07
21682,21682,admin,2025-06-22
21683,21683,,2025-04-20
21684,21684,editor,2026-01-17
21685,21685,admin,2025-07-03
21686,21686,viewer,2026-01-14
21687,21687,viewer,2025-04-16
21688,21688,viewer,2026-03-23
21689,21689,viewer,2025-10-28
21690,21690,admin,2025-12-04
21691,21691,viewer,2025-11-27
21692,21692,viewer,2026-01-02
21693,21693,viewer,2025-05-10
21694,21694,,2026-02-26
21695,21695,unknown,2025-05-02
21696,21696,unknown,2025-10-19
21697,21697,admin,2025-08-31
21698,21698,viewer,2026-02-11
21699,21699,guest,2025-12-22
21700,21700,,2026-02-24
21701,21701,admin,2025-10-06
21702,21702,editor,2025-07-17
21703,21703,editor,2025-11-03
21704,21704,unknown,2025-08-17
21705,21705,,2025-11-10
21706,21706,editor,2025-07-08
21707,21707,invalid_role,2025-06-20
21708,21708,editor,2025-08-28
21709,21709,guest,2025-09-16
21710,21710,admin,2025-07-10
21711,21711,viewer,2025-05-25
21712,21712,,2025-05-14
21713,21713,viewer,2025-05-24
21714,21714,viewer,2025-07-13
21715,21715,viewer,2026-02-22
21716,21716,admin,2025-09-05
21717,21717,viewer,2025-11-21
21718,21718,editor,2025-12-31
21719,21719,admin,2025-09-18
21720,21720,editor,2025-07-10
21721,21721,editor,2025-09-21
21722,21722,invalid_role,2025-06-17
21723,21723,,2025-07-15
21724,21724,viewer,2025-11-06
21725,21725,editor,2025-11-14
21726,21726,editor,2025-06-28
21727,21727,admin,2025-11-08
21728,21728,,2025-12-05
21729,21729,viewer,2025-08-07
21730,21730,admin,2026-02-09
21731,21731,viewer,2025-04-12
21732,21732,editor,2025-09-28
21733,21733,admin,2025-09-24
21734,21734,viewer,2026-02-08
21735,21735,admin,2025-09-13
21736,21736,,2025-05-29
21737,21737,viewer,2025-10-24
21738,21738,viewer,2026-01-10
21739,21739,editor,2025-04-27
21740,21740,editor,2025-04-06
21741,21741,,2025-06-02
21742,21742,admin,2025-10-14
21743,21743,editor,2025-08-28
21744,21744,editor,2025-07-24
21745,21745,guest,2026-02-16
21746,21746,,2025-05-31
21747,21747,guest,2025-12-08
21748,21748,editor,2025-09-27
21749,21749,,2026-02-09
21750,21750,guest,2025-05-02
21751,21751,editor,2026-02-19
21752,21752,viewer,2026-01-13
21753,21753,editor,2025-05-15
21754,21754,viewer,2025-05-02
21755,21755,viewer,2025-06-14
21756,21756,,2026-03-03
21757,21757,viewer,2025-05-20
21758,21758,editor,2025-10-27
21759,21759,admin,2025-05-20
21760,21760,editor,2026-02-09
21761,21761,editor,2025-10-24
21762,21762,editor,2025-12-23
21763,21763,admin,2026-01-14
21764,21764,admin,2025-07-21
21765,21765,editor,2025-06-10
21766,21766,,2026-02-10
21767,21767,,2025-06-30
21768,21768,editor,2026-03-09
21769,21769,admin,2026-02-21
21770,21770,viewer,2025-11-27
21771,21771,admin,2025-09-12
21772,21772,admin,2025-09-02
21773,21773,viewer,2025-11-20
21774,21774,editor,2026-02-05
21775,21775,admin,2026-01-11
21776,21776,viewer,2025-04-30
21777,21777,viewer,2026-02-25
21778,21778,viewer,2025-04-14
21779,21779,viewer,2025-06-18
21780,21780,editor,2025-06-30
21781,21781,unknown,2025-10-09
21782,21782,viewer,2025-06-15
21783,21783,admin,2026-02-06
21784,21784,viewer,2025-08-22
21785,21785,viewer,2026-02-18
21786,21786,,2025-04-19
21787,21787,viewer,2025-07-14
21788,21788,editor,2026-03-16
21789,21789,editor,2026-03-18
21790,21790,admin,2025-06-18
21791,21791,editor,2025-07-21
21792,21792,viewer,2026-01-28
21793,21793,admin,2025-12-30
21794,21794,editor,2025-10-18
21795,21795,viewer,2026-02-13
21796,21796,editor,2025-06-06
21797,21797,admin,2025-08-09
21798,21798,invalid_role,2025-09-07
21799,21799,viewer,2025-12-02
21800,21800,unknown,2026-01-04
21801,21801,editor,2025-11-11
21802,21802,guest,2025-07-05
21803,21803,viewer,2025-08-15
21804,21804,viewer,2025-12-24
21805,21805,viewer,2025-05-02
21806,21806,editor,2025-10-21
21807,21807,editor,2025-07-28
21808,21808,editor,2026-03-09
21809,21809,viewer,2026-02-15
21810,21810,editor,2025-05-10
21811,21811,viewer,2025-08-18
21812,21812,viewer,2025-12-08
21813,21813,guest,2025-05-18
21814,21814,,2025-06-01
21815,21815,unknown,2025-08-08
21816,21816,editor,2025-07-23
21817,21817,admin,2025-06-24
21818,21818,,2025-06-22
21819,21819,unknown,2025-12-23
21820,21820,,2026-03-01
21821,21821,unknown,2026-03-16
21822,21822,viewer,2025-06-01
21823,21823,viewer,2025-07-03
21824,21824,unknown,2026-02-02
21825,21825,admin,2025-10-30
21826,21826,admin,2025-06-01
21827,21827,viewer,2025-10-08
21828,21828,viewer,2025-07-06
21829,21829,editor,2025-07-03
21830,21830,guest,2025-07-29
21831,21831,viewer,2025-11-06
21832,21832,admin,2025-12-05
21833,21833,viewer,2025-12-29
21834,21834,editor,2025-12-13
21835,21835,viewer,2025-05-14
21836,21836,editor,2026-01-15
21837,21837,editor,2026-02-01
21838,21838,viewer,2025-07-10
21839,21839,editor,2025-04-04
21840,21840,viewer,2026-01-29
21841,21841,,2025-11-11
21842,21842,,2025-11-20
21843,21843,admin,2025-08-30
21844,21844,admin,2025-06-17
21845,21845,invalid_role,2026-03-22
21846,21846,editor,2025-10-24
21847,21847,,2026-01-09
21848,21848,viewer,2025-12-07
21849,21849,admin,2025-11-15
21850,21850,invalid_role,2025-07-17
21851,21851,viewer,2025-12-12
21852,21852,viewer,2025-04-04
21853,21853,viewer,2025-11-21
21854,21854,editor,2025-09-12
21855,21855,editor,2025-04-02
21856,21856,admin,2025-12-30
21857,21857,admin,2025-12-19
21858,21858,viewer,2025-07-30
21859,21859,,2026-03-03
21860,21860,editor,2025-07-08
21861,21861,admin,2025-10-15
21862,21862,guest,2026-03-10
21863,21863,editor,2025-11-10
21864,21864,editor,2025-05-18
21865,21865,editor,2025-06-28
21866,21866,editor,2025-11-23
21867,21867,admin,2025-05-25
21868,21868,invalid_role,2025-07-13
21869,21869,editor,2025-08-20
21870,21870,editor,2025-06-22
21871,21871,editor,2025-06-07
21872,21872,,2025-05-15
21873,21873,admin,2025-10-24
21874,21874,viewer,2025-11-13
21875,21875,admin,2025-10-25
21876,21876,admin,2025-07-20
21877,21877,unknown,2025-06-14
21878,21878,admin,2025-12-11
21879,21879,editor,2025-07-08
21880,21880,editor,2025-05-16
21881,21881,editor,2025-05-24
21882,21882,admin,2025-10-30
21883,21883,unknown,2025-07-03
21884,21884,admin,2025-05-18
21885,21885,viewer,2026-03-03
21886,21886,admin,2025-05-21
21887,21887,editor,2025-12-03
21888,21888,guest,2025-04-24
21889,21889,admin,2025-11-11
21890,21890,viewer,2025-08-06
21891,21891,admin,2025-05-01
21892,21892,editor,2025-12-09
21893,21893,viewer,2025-07-22
21894,21894,admin,2025-06-10
21895,21895,,2026-01-31
21896,21896,guest,2025-04-15
21897,21897,viewer,2025-04-17
21898,21898,admin,2025-04-01
21899,21899,,2026-02-15
21900,21900,editor,2025-12-28
21901,21901,editor,2026-03-12
21902,21902,viewer,2025-09-02
21903,21903,admin,2025-04-01
21904,21904,viewer,2025-10-26
21905,21905,unknown,2025-12-17
21906,21906,viewer,2025-12-11
21907,21907,invalid_role,2025-06-27
21908,21908,viewer,2025-08-14
21909,21909,invalid_role,2025-08-12
21910,21910,editor,2025-11-17
21911,21911,admin,2025-05-05
21912,21912,admin,2026-01-06
21913,21913,,2025-11-03
21914,21914,admin,2025-08-28
21915,21915,editor,2025-08-05
21916,21916,editor,2025-09-27
21917,21917,admin,2025-10-18
21918,21918,viewer,2025-10-29
21919,21919,editor,2025-12-06
21920,21920,viewer,2025-03-30
21921,21921,admin,2025-08-01
21922,21922,editor,2026-02-28
21923,21923,viewer,2026-01-02
21924,21924,admin,2025-08-31
21925,21925,invalid_role,2025-07-31
21926,21926,viewer,2026-03-23
21927,21927,,2025-07-11
21928,21928,editor,2026-02-17
21929,21929,editor,2025-10-08
21930,21930,viewer,2025-07-09
21931,21931,viewer,2025-11-14
21932,21932,admin,2025-12-14
21933,21933,editor,2025-08-26
21934,21934,,2025-06-28
21935,21935,editor,2025-09-28
21936,21936,admin,2025-07-12
21937,21937,viewer,2025-07-05
21938,21938,admin,2025-06-20
21939,21939,admin,2025-10-25
21940,21940,editor,2025-06-19
21941,21941,editor,2025-06-14
21942,21942,viewer,2025-04-02
21943,21943,editor,2025-09-09
21944,21944,invalid_role,2026-03-12
21945,21945,viewer,2025-12-21
21946,21946,viewer,2025-07-04
21947,21947,admin,2025-11-27
21948,21948,,2025-05-19
21949,21949,editor,2025-09-08
21950,21950,viewer,2026-02-21
21951,21951,admin,2025-10-25
21952,21952,viewer,2025-09-26
21953,21953,editor,2025-07-10
21954,21954,,2025-06-14
21955,21955,editor,2025-12-07
21956,21956,editor,2025-12-07
21957,21957,editor,2025-09-30
21958,21958,editor,2026-03-24
21959,21959,editor,2025-04-23
21960,21960,admin,2026-03-22
21961,21961,admin,2025-07-26
21962,21962,admin,2025-08-18
21963,21963,,2025-10-02
21964,21964,editor,2026-03-26
21965,21965,admin,2025-11-22
21966,21966,viewer,2025-06-20
21967,21967,guest,2025-09-04
21968,21968,,2026-02-01
21969,21969,editor,2025-04-11
21970,21970,editor,2025-03-30
21971,21971,editor,2025-11-02
21972,21972,,2025-07-29
21973,21973,viewer,2025-08-09
21974,21974,viewer,2025-05-14
21975,21975,viewer,2025-09-07
21976,21976,admin,2025-05-13
21977,21977,editor,2026-02-26
21978,21978,,2025-10-12
21979,21979,,2026-03-12
21980,21980,viewer,2025-12-03
21981,21981,admin,2025-11-03
21982,21982,viewer,2025-11-17
21983,21983,viewer,2025-05-11
21984,21984,unknown,2026-03-06
21985,21985,admin,2025-07-28
21986,21986,invalid_role,2025-12-22
21987,21987,admin,2025-07-27
21988,21988,viewer,2026-03-10
21989,21989,editor,2026-02-26
21990,21990,invalid_role,2026-03-27
21991,21991,viewer,2025-07-28
21992,21992,editor,2025-05-30
21993,21993,editor,2025-05-10
21994,21994,viewer,2025-09-23
21995,21995,admin,2025-06-28
21996,21996,admin,2025-06-18
21997,21997,admin,2026-01-04
21998,21998,viewer,2026-03-07
21999,21999,admin,2025-08-05
22000,22000,admin,2025-10-31
22001,22001,editor,2025-09-08
22002,22002,admin,2025-08-05
22003,22003,editor,2025-11-26
22004,22004,viewer,2025-12-23
22005,22005,viewer,2025-04-18
22006,22006,admin,2025-04-18
22007,22007,admin,2026-02-15
22008,22008,editor,2026-03-16
22009,22009,viewer,2025-06-06
22010,22010,admin,2025-11-07
22011,22011,,2025-11-15
22012,22012,editor,2025-08-24
22013,22013,editor,2025-12-23
22014,22014,admin,2025-10-03
22015,22015,viewer,2025-08-30
22016,22016,viewer,2025-04-30
22017,22017,viewer,2025-10-18
22018,22018,viewer,2025-12-24
22019,22019,viewer,2025-08-27
22020,22020,unknown,2025-07-24
22021,22021,viewer,2025-05-12
22022,22022,admin,2026-02-10
22023,22023,,2025-08-05
22024,22024,unknown,2025-06-02
22025,22025,viewer,2026-02-23
22026,22026,viewer,2025-08-24
22027,22027,,2025-08-21
22028,22028,admin,2025-10-10
22029,22029,viewer,2025-05-13
22030,22030,editor,2025-08-27
22031,22031,,2025-08-31
22032,22032,editor,2025-12-26
22033,22033,viewer,2026-01-04
22034,22034,admin,2025-10-30
22035,22035,admin,2025-12-19
22036,22036,viewer,2025-08-12
22037,22037,admin,2026-02-26
22038,22038,editor,2025-05-14
22039,22039,admin,2025-08-10
22040,22040,admin,2026-03-22
22041,22041,viewer,2026-01-17
22042,22042,editor,2025-04-12
22043,22043,viewer,2025-09-11
22044,22044,admin,2026-02-22
22045,22045,editor,2025-11-20
22046,22046,admin,2025-12-10
22047,22047,admin,2026-01-09
22048,22048,viewer,2025-12-09
22049,22049,editor,2026-03-29
22050,22050,admin,2025-05-25
22051,22051,viewer,2025-11-23
22052,22052,viewer,2026-01-22
22053,22053,editor,2026-03-08
22054,22054,viewer,2025-10-02
22055,22055,editor,2026-01-15
22056,22056,admin,2025-05-09
22057,22057,editor,2026-03-27
22058,22058,admin,2025-07-15
22059,22059,admin,2026-03-13
22060,22060,editor,2025-09-16
22061,22061,admin,2026-03-10
22062,22062,admin,2025-12-31
22063,22063,admin,2025-10-24
22064,22064,admin,2025-10-09
22065,22065,admin,2025-10-14
22066,22066,editor,2026-01-10
22067,22067,editor,2025-08-18
22068,22068,viewer,2025-07-30
22069,22069,editor,2025-10-22
22070,22070,viewer,2026-02-27
22071,22071,viewer,2025-07-05
22072,22072,admin,2025-11-21
22073,22073,viewer,2025-12-12
22074,22074,,2025-05-05
22075,22075,admin,2025-09-09
22076,22076,admin,2026-02-24
22077,22077,admin,2025-07-09
22078,22078,admin,2025-05-07
22079,22079,editor,2025-09-08
22080,22080,admin,2025-07-11
22081,22081,admin,2026-01-01
22082,22082,admin,2026-03-02
22083,22083,viewer,2025-10-05
22084,22084,editor,2025-06-24
22085,22085,editor,2025-04-10
22086,22086,viewer,2025-04-07
22087,22087,editor,2026-02-21
22088,22088,viewer,2025-10-08
22089,22089,viewer,2025-05-19
22090,22090,viewer,2025-11-22
22091,22091,admin,2025-11-22
22092,22092,viewer,2026-03-21
22093,22093,,2026-03-20
22094,22094,admin,2026-01-30
22095,22095,viewer,2026-03-12
22096,22096,invalid_role,2026-01-16
22097,22097,admin,2025-06-29
22098,22098,editor,2026-02-21
22099,22099,editor,2026-02-07
22100,22100,editor,2025-04-01
22101,22101,viewer,2026-03-26
22102,22102,viewer,2025-05-03
22103,22103,viewer,2025-12-26
22104,22104,viewer,2026-01-01
22105,22105,admin,2025-05-03
22106,22106,,2026-01-20
22107,22107,editor,2025-05-31
22108,22108,admin,2026-01-22
22109,22109,editor,2025-09-14
22110,22110,invalid_role,2025-11-19
22111,22111,admin,2025-09-25
22112,22112,viewer,2025-04-22
22113,22113,editor,2026-03-06
22114,22114,admin,2025-07-13
22115,22115,viewer,2026-03-26
22116,22116,admin,2025-09-05
22117,22117,viewer,2026-01-22
22118,22118,editor,2025-12-29
22119,22119,editor,2025-09-19
22120,22120,editor,2025-05-01
22121,22121,editor,2025-04-22
22122,22122,admin,2025-06-08
22123,22123,admin,2026-02-21
22124,22124,unknown,2025-11-28
22125,22125,editor,2026-01-23
22126,22126,,2025-10-20
22127,22127,admin,2025-06-05
22128,22128,editor,2025-09-25
22129,22129,unknown,2025-06-29
22130,22130,admin,2025-05-06
22131,22131,viewer,2025-06-11
22132,22132,editor,2025-07-25
22133,22133,unknown,2025-04-14
22134,22134,editor,2025-11-29
22135,22135,admin,2025-11-24
22136,22136,editor,2025-10-13
22137,22137,admin,2025-09-11
22138,22138,invalid_role,2026-03-02
22139,22139,admin,2026-01-27
22140,22140,viewer,2025-05-22
22141,22141,viewer,2025-11-16
22142,22142,guest,2025-04-21
22143,22143,guest,2026-01-21
22144,22144,editor,2025-10-16
22145,22145,admin,2026-03-24
22146,22146,admin,2025-04-30
22147,22147,viewer,2025-06-30
22148,22148,invalid_role,2025-06-05
22149,22149,editor,2026-01-04
22150,22150,editor,2025-08-21
22151,22151,viewer,2025-09-07
22152,22152,,2025-06-27
22153,22153,viewer,2026-01-16
22154,22154,editor,2025-07-20
22155,22155,guest,2025-04-20
22156,22156,editor,2025-05-23
22157,22157,viewer,2025-08-30
22158,22158,editor,2025-10-29
22159,22159,admin,2025-08-24
22160,22160,guest,2025-09-06
22161,22161,editor,2025-06-23
22162,22162,editor,2025-09-19
22163,22163,editor,2026-01-07
22164,22164,viewer,2025-05-09
22165,22165,editor,2025-05-07
22166,22166,viewer,2025-05-05
22167,22167,admin,2025-12-23
22168,22168,admin,2026-03-08
22169,22169,admin,2025-04-02
22170,22170,viewer,2026-01-25
22171,22171,invalid_role,2025-10-30
22172,22172,admin,2025-12-26
22173,22173,viewer,2026-01-26
22174,22174,editor,2025-07-05
22175,22175,editor,2025-08-14
22176,22176,viewer,2025-12-11
22177,22177,admin,2025-10-18
22178,22178,editor,2025-05-06
22179,22179,editor,2025-08-25
22180,22180,editor,2026-01-28
22181,22181,editor,2025-11-22
22182,22182,guest,2025-05-15
22183,22183,admin,2025-05-28
22184,22184,admin,2025-07-04
22185,22185,viewer,2025-07-05
22186,22186,viewer,2026-02-10
22187,22187,editor,2025-08-19
22188,22188,guest,2026-01-12
22189,22189,admin,2026-02-27
22190,22190,editor,2025-04-16
22191,22191,viewer,2026-02-13
22192,22192,,2025-09-26
22193,22193,editor,2025-12-03
22194,22194,admin,2025-06-22
22195,22195,,2025-10-14
22196,22196,admin,2026-02-20
22197,22197,viewer,2025-09-03
22198,22198,admin,2026-02-09
22199,22199,viewer,2025-10-16
22200,22200,viewer,2025-12-20
22201,22201,editor,2026-02-21
22202,22202,editor,2026-01-17
22203,22203,admin,2025-04-26
22204,22204,admin,2025-09-18
22205,22205,,2025-09-26
22206,22206,editor,2025-07-17
22207,22207,admin,2025-11-10
22208,22208,viewer,2025-08-13
22209,22209,unknown,2025-05-18
22210,22210,viewer,2025-12-15
22211,22211,,2025-09-20
22212,22212,admin,2025-10-12
22213,22213,admin,2025-04-28
22214,22214,unknown,2025-09-29
22215,22215,viewer,2026-02-26
22216,22216,viewer,2025-11-11
22217,22217,editor,2025-12-05
22218,22218,admin,2025-08-23
22219,22219,editor,2025-12-08
22220,22220,editor,2025-10-23
22221,22221,viewer,2026-01-04
22222,22222,admin,2025-07-09
22223,22223,admin,2025-06-30
22224,22224,viewer,2025-05-28
22225,22225,editor,2025-07-06
22226,22226,editor,2025-10-08
22227,22227,admin,2025-11-18
22228,22228,admin,2026-03-29
22229,22229,admin,2025-08-01
22230,22230,editor,2025-05-30
22231,22231,admin,2026-01-23
22232,22232,admin,2026-01-14
22233,22233,editor,2025-11-21
22234,22234,admin,2025-04-29
22235,22235,admin,2025-09-25
22236,22236,unknown,2025-08-29
22237,22237,unknown,2025-06-24
22238,22238,viewer,2025-12-22
22239,22239,editor,2025-09-20
22240,22240,unknown,2025-10-15
22241,22241,viewer,2025-11-05
22242,22242,guest,2025-06-30
22243,22243,admin,2025-12-28
22244,22244,admin,2025-07-28
22245,22245,admin,2025-06-25
22246,22246,editor,2025-06-18
22247,22247,unknown,2025-11-02
22248,22248,editor,2026-03-16
22249,22249,guest,2025-04-28
22250,22250,editor,2026-02-26
22251,22251,,2025-10-09
22252,22252,editor,2025-11-04
22253,22253,,2025-06-20
22254,22254,invalid_role,2026-02-09
22255,22255,admin,2025-05-27
22256,22256,,2026-03-20
22257,22257,viewer,2026-02-21
22258,22258,,2025-06-23
22259,22259,viewer,2025-07-18
22260,22260,editor,2025-07-02
22261,22261,editor,2026-03-22
22262,22262,editor,2025-10-05
22263,22263,editor,2025-11-11
22264,22264,editor,2025-06-07
22265,22265,admin,2025-04-17
22266,22266,,2025-06-30
22267,22267,viewer,2026-01-16
22268,22268,editor,2025-07-26
22269,22269,admin,2025-10-16
22270,22270,viewer,2025-10-09
22271,22271,viewer,2025-10-01
22272,22272,,2025-09-22
22273,22273,admin,2025-04-18
22274,22274,admin,2026-01-01
22275,22275,editor,2025-11-21
22276,22276,viewer,2025-09-17
22277,22277,editor,2025-05-02
22278,22278,editor,2025-05-19
22279,22279,admin,2025-12-22
22280,22280,admin,2025-04-22
22281,22281,viewer,2026-02-06
22282,22282,admin,2025-08-28
22283,22283,viewer,2025-05-14
22284,22284,viewer,2025-05-23
22285,22285,guest,2026-03-15
22286,22286,editor,2025-09-18
22287,22287,admin,2026-01-28
22288,22288,viewer,2025-09-17
22289,22289,editor,2025-05-23
22290,22290,viewer,2025-08-07
22291,22291,admin,2025-11-06
22292,22292,editor,2025-05-18
22293,22293,admin,2025-12-18
22294,22294,invalid_role,2025-04-09
22295,22295,editor,2025-09-26
22296,22296,viewer,2025-07-07
22297,22297,editor,2025-05-26
22298,22298,viewer,2025-12-30
22299,22299,admin,2025-04-20
22300,22300,viewer,2025-05-16
22301,22301,viewer,2025-08-25
22302,22302,,2025-06-04
22303,22303,unknown,2025-06-06
22304,22304,admin,2025-06-02
22305,22305,editor,2025-08-25
22306,22306,viewer,2026-01-29
22307,22307,viewer,2026-03-23
22308,22308,editor,2026-03-28
22309,22309,viewer,2025-06-17
22310,22310,viewer,2026-02-01
22311,22311,viewer,2025-05-10
22312,22312,viewer,2025-12-17
22313,22313,admin,2025-12-20
22314,22314,viewer,2025-06-06
22315,22315,unknown,2026-03-26
22316,22316,admin,2025-09-01
22317,22317,admin,2025-04-23
22318,22318,admin,2026-03-07
22319,22319,guest,2025-12-07
22320,22320,viewer,2025-09-13
22321,22321,guest,2026-03-07
22322,22322,viewer,2025-12-23
22323,22323,viewer,2026-03-09
22324,22324,viewer,2026-01-08
22325,22325,admin,2025-04-24
22326,22326,viewer,2025-11-28
22327,22327,admin,2026-02-06
22328,22328,viewer,2025-09-12
22329,22329,viewer,2025-08-07
22330,22330,editor,2026-03-03
22331,22331,editor,2025-09-04
22332,22332,admin,2025-06-05
22333,22333,,2025-07-02
22334,22334,editor,2025-09-25
22335,22335,viewer,2025-09-14
22336,22336,viewer,2025-07-27
22337,22337,admin,2025-05-20
22338,22338,editor,2025-06-25
22339,22339,viewer,2026-01-11
22340,22340,viewer,2025-11-20
22341,22341,viewer,2025-06-18
22342,22342,viewer,2025-04-11
22343,22343,editor,2025-12-06
22344,22344,invalid_role,2026-02-22
22345,22345,editor,2026-01-17
22346,22346,,2025-06-10
22347,22347,editor,2025-07-17
22348,22348,viewer,2026-03-01
22349,22349,viewer,2026-01-28
22350,22350,editor,2025-11-01
22351,22351,viewer,2025-09-09
22352,22352,editor,2025-10-17
22353,22353,admin,2025-05-12
22354,22354,editor,2025-05-19
22355,22355,admin,2025-11-28
22356,22356,viewer,2025-12-31
22357,22357,admin,2025-03-30
22358,22358,editor,2025-11-14
22359,22359,viewer,2025-04-03
22360,22360,editor,2025-12-24
22361,22361,admin,2026-03-29
22362,22362,viewer,2026-03-28
22363,22363,viewer,2025-04-25
22364,22364,admin,2025-05-05
22365,22365,unknown,2025-06-12
22366,22366,unknown,2025-05-27
22367,22367,admin,2026-02-06
22368,22368,admin,2025-10-29
22369,22369,editor,2025-11-10
22370,22370,,2025-04-09
22371,22371,admin,2025-05-17
22372,22372,admin,2026-03-26
22373,22373,guest,2025-11-20
22374,22374,admin,2025-10-15
22375,22375,viewer,2025-09-08
22376,22376,invalid_role,2025-08-09
22377,22377,viewer,2025-06-05
22378,22378,unknown,2025-05-16
22379,22379,invalid_role,2025-11-05
22380,22380,viewer,2026-02-10
22381,22381,unknown,2025-04-12
22382,22382,editor,2025-10-25
22383,22383,viewer,2026-02-02
22384,22384,admin,2025-07-03
22385,22385,admin,2025-05-19
22386,22386,guest,2025-11-16
22387,22387,editor,2025-06-24
22388,22388,viewer,2025-12-20
22389,22389,editor,2026-03-15
22390,22390,guest,2025-09-19
22391,22391,editor,2025-09-16
22392,22392,invalid_role,2025-09-23
22393,22393,admin,2025-08-18
22394,22394,editor,2025-04-30
22395,22395,,2026-01-24
22396,22396,admin,2026-01-21
22397,22397,,2026-03-10
22398,22398,viewer,2025-10-29
22399,22399,admin,2025-08-23
22400,22400,admin,2025-11-08
22401,22401,admin,2026-01-09
22402,22402,editor,2026-03-18
22403,22403,admin,2025-08-18
22404,22404,editor,2026-01-22
22405,22405,,2025-09-17
22406,22406,editor,2025-12-25
22407,22407,viewer,2025-10-26
22408,22408,admin,2025-04-22
22409,22409,viewer,2026-01-07
22410,22410,,2025-11-26
22411,22411,viewer,2025-08-12
22412,22412,editor,2025-05-28
22413,22413,viewer,2025-06-12
22414,22414,editor,2025-04-27
22415,22415,,2026-01-14
22416,22416,editor,2025-05-16
22417,22417,admin,2026-01-14
22418,22418,viewer,2025-07-03
22419,22419,admin,2025-05-11
22420,22420,viewer,2026-01-18
22421,22421,,2025-12-09
22422,22422,editor,2025-05-10
22423,22423,editor,2026-01-23
22424,22424,viewer,2025-06-06
22425,22425,viewer,2025-12-18
22426,22426,admin,2025-04-20
22427,22427,admin,2025-05-28
22428,22428,guest,2025-05-23
22429,22429,admin,2025-08-21
22430,22430,viewer,2025-10-01
22431,22431,admin,2026-02-01
22432,22432,editor,2025-11-17
22433,22433,viewer,2025-07-25
22434,22434,guest,2025-07-30
22435,22435,,2025-07-09
22436,22436,unknown,2025-04-29
22437,22437,editor,2025-09-29
22438,22438,editor,2026-01-31
22439,22439,admin,2025-06-09
22440,22440,admin,2025-09-05
22441,22441,admin,2025-10-25
22442,22442,viewer,2025-07-11
22443,22443,viewer,2025-12-28
22444,22444,,2025-05-07
22445,22445,admin,2026-01-28
22446,22446,admin,2026-01-28
22447,22447,viewer,2025-11-07
22448,22448,admin,2026-01-21
22449,22449,viewer,2025-06-10
22450,22450,editor,2025-05-28
22451,22451,viewer,2025-07-24
22452,22452,editor,2025-07-22
22453,22453,editor,2025-06-19
22454,22454,editor,2026-01-29
22455,22455,admin,2026-02-15
22456,22456,editor,2025-04-17
22457,22457,editor,2025-09-04
22458,22458,admin,2025-04-24
22459,22459,admin,2025-07-20
22460,22460,guest,2025-08-24
22461,22461,admin,2025-07-27
22462,22462,editor,2025-11-29
22463,22463,unknown,2025-12-26
22464,22464,viewer,2025-04-12
22465,22465,editor,2025-08-21
22466,22466,guest,2026-03-13
22467,22467,admin,2025-07-07
22468,22468,viewer,2025-11-21
22469,22469,viewer,2025-09-18
22470,22470,viewer,2026-01-24
22471,22471,admin,2026-02-08
22472,22472,viewer,2025-04-29
22473,22473,unknown,2025-04-02
22474,22474,guest,2025-06-07
22475,22475,editor,2025-08-15
22476,22476,,2026-02-15
22477,22477,editor,2025-11-21
22478,22478,admin,2025-04-24
22479,22479,editor,2025-10-21
22480,22480,editor,2025-04-09
22481,22481,editor,2026-01-05
22482,22482,editor,2025-10-25
22483,22483,editor,2025-12-19
22484,22484,viewer,2026-03-20
22485,22485,,2025-10-30
22486,22486,viewer,2025-10-08
22487,22487,viewer,2026-03-16
22488,22488,admin,2025-06-15
22489,22489,,2025-09-14
22490,22490,invalid_role,2025-04-11
22491,22491,,2026-01-31
22492,22492,admin,2025-04-23
22493,22493,viewer,2026-03-03
22494,22494,viewer,2025-12-16
22495,22495,editor,2026-01-09
22496,22496,editor,2025-08-27
22497,22497,editor,2025-07-24
22498,22498,admin,2026-01-11
22499,22499,guest,2025-10-06
22500,22500,unknown,2025-06-06
22501,22501,admin,2025-04-18
22502,22502,admin,2025-06-26
22503,22503,editor,2025-12-14
22504,22504,admin,2025-11-25
22505,22505,invalid_role,2025-07-15
22506,22506,viewer,2026-02-16
22507,22507,,2026-01-23
22508,22508,viewer,2025-04-11
22509,22509,admin,2025-05-21
22510,22510,guest,2025-07-20
22511,22511,editor,2025-09-07
22512,22512,admin,2025-09-11
22513,22513,invalid_role,2025-09-25
22514,22514,admin,2025-04-01
22515,22515,unknown,2025-10-06
22516,22516,viewer,2025-08-30
22517,22517,admin,2025-04-13
22518,22518,admin,2025-10-26
22519,22519,viewer,2026-03-21
22520,22520,unknown,2025-08-05
22521,22521,editor,2026-02-07
22522,22522,,2026-03-10
22523,22523,admin,2025-07-22
22524,22524,unknown,2025-12-09
22525,22525,admin,2025-11-17
22526,22526,viewer,2026-01-20
22527,22527,editor,2026-03-03
22528,22528,admin,2025-10-03
22529,22529,editor,2025-04-12
22530,22530,unknown,2025-10-08
22531,22531,editor,2025-05-02
22532,22532,,2025-07-02
22533,22533,editor,2026-02-01
22534,22534,,2025-12-25
22535,22535,,2025-07-14
22536,22536,,2025-04-13
22537,22537,viewer,2025-08-07
22538,22538,editor,2025-10-11
22539,22539,viewer,2025-06-29
22540,22540,editor,2025-08-04
22541,22541,editor,2026-01-01
22542,22542,viewer,2025-06-27
22543,22543,admin,2025-12-22
22544,22544,editor,2025-12-07
22545,22545,admin,2025-12-10
22546,22546,viewer,2025-06-01
22547,22547,editor,2025-09-11
22548,22548,admin,2025-05-03
22549,22549,admin,2025-04-20
22550,22550,viewer,2025-09-04
22551,22551,admin,2025-06-06
22552,22552,admin,2025-05-23
22553,22553,admin,2025-08-03
22554,22554,editor,2025-10-01
22555,22555,viewer,2026-03-05
22556,22556,unknown,2026-01-13
22557,22557,viewer,2025-10-22
22558,22558,viewer,2026-01-02
22559,22559,unknown,2025-04-26
22560,22560,admin,2025-04-19
22561,22561,admin,2025-04-05
22562,22562,admin,2025-04-03
22563,22563,editor,2025-05-15
22564,22564,editor,2025-12-09
22565,22565,editor,2025-06-06
22566,22566,guest,2025-08-08
22567,22567,,2025-11-03
22568,22568,editor,2026-01-31
22569,22569,admin,2026-03-09
22570,22570,viewer,2026-01-09
22571,22571,admin,2026-02-22
22572,22572,viewer,2025-05-10
22573,22573,guest,2025-12-29
22574,22574,viewer,2025-07-16
22575,22575,,2026-03-13
22576,22576,admin,2025-12-14
22577,22577,admin,2025-11-11
22578,22578,viewer,2025-09-29
22579,22579,editor,2025-09-29
22580,22580,admin,2025-10-28
22581,22581,viewer,2025-09-28
22582,22582,editor,2025-04-17
22583,22583,editor,2025-11-24
22584,22584,admin,2025-05-23
22585,22585,editor,2025-12-07
22586,22586,admin,2025-07-11
22587,22587,viewer,2025-11-06
22588,22588,admin,2025-10-25
22589,22589,admin,2025-04-12
22590,22590,editor,2025-11-23
22591,22591,viewer,2026-03-06
22592,22592,admin,2026-03-06
22593,22593,admin,2025-06-05
22594,22594,guest,2026-03-20
22595,22595,guest,2025-08-04
22596,22596,editor,2025-12-22
22597,22597,admin,2026-01-31
22598,22598,editor,2025-07-01
22599,22599,editor,2026-02-22
22600,22600,admin,2025-09-04
22601,22601,editor,2025-10-12
22602,22602,viewer,2025-08-22
22603,22603,viewer,2026-01-08
22604,22604,,2025-09-01
22605,22605,admin,2025-04-27
22606,22606,viewer,2025-11-14
22607,22607,viewer,2025-03-31
22608,22608,viewer,2026-03-29
22609,22609,,2025-06-23
22610,22610,admin,2025-10-31
22611,22611,admin,2025-06-20
22612,22612,viewer,2025-10-14
22613,22613,,2025-10-19
22614,22614,admin,2025-12-26
22615,22615,editor,2025-10-25
22616,22616,editor,2025-08-15
22617,22617,,2025-08-07
22618,22618,editor,2026-03-20
22619,22619,admin,2025-08-09
22620,22620,admin,2025-10-13
22621,22621,admin,2025-07-13
22622,22622,viewer,2026-02-13
22623,22623,admin,2025-12-29
22624,22624,editor,2025-11-26
22625,22625,viewer,2026-01-09
22626,22626,guest,2025-09-26
22627,22627,unknown,2026-01-28
22628,22628,editor,2026-02-14
22629,22629,editor,2025-08-04
22630,22630,admin,2025-05-09
22631,22631,,2026-02-07
22632,22632,editor,2025-08-23
22633,22633,editor,2025-11-25
22634,22634,,2025-10-20
22635,22635,viewer,2026-02-22
22636,22636,admin,2026-03-29
22637,22637,,2025-04-05
22638,22638,admin,2025-07-22
22639,22639,editor,2025-11-02
22640,22640,viewer,2026-01-30
22641,22641,,2025-12-29
22642,22642,admin,2025-08-16
22643,22643,admin,2025-12-22
22644,22644,viewer,2025-06-19
22645,22645,admin,2025-07-02
22646,22646,admin,2025-12-02
22647,22647,viewer,2025-08-31
22648,22648,editor,2025-11-25
22649,22649,viewer,2025-11-07
22650,22650,editor,2025-08-12
22651,22651,viewer,2025-06-08
22652,22652,editor,2026-02-13
22653,22653,viewer,2025-08-25
22654,22654,editor,2025-10-23
22655,22655,editor,2026-02-15
22656,22656,viewer,2026-03-10
22657,22657,guest,2025-05-03
22658,22658,viewer,2025-06-18
22659,22659,viewer,2025-07-15
22660,22660,viewer,2026-01-17
22661,22661,editor,2025-04-15
22662,22662,admin,2025-11-09
22663,22663,admin,2026-01-24
22664,22664,guest,2025-06-10
22665,22665,admin,2025-11-30
22666,22666,viewer,2025-12-07
22667,22667,editor,2025-05-05
22668,22668,viewer,2025-06-14
22669,22669,editor,2025-08-27
22670,22670,editor,2025-12-25
22671,22671,viewer,2025-07-04
22672,22672,viewer,2025-12-27
22673,22673,guest,2025-10-19
22674,22674,editor,2025-12-05
22675,22675,editor,2025-05-03
22676,22676,,2025-12-12
22677,22677,viewer,2025-05-08
22678,22678,invalid_role,2025-09-16
22679,22679,,2026-03-28
22680,22680,editor,2026-02-17
22681,22681,editor,2025-11-10
22682,22682,viewer,2025-08-03
22683,22683,viewer,2025-08-27
22684,22684,admin,2025-12-09
22685,22685,viewer,2025-04-01
22686,22686,admin,2025-11-11
22687,22687,admin,2025-11-26
22688,22688,editor,2025-09-30
22689,22689,admin,2025-04-05
22690,22690,viewer,2025-08-06
22691,22691,viewer,2025-09-24
22692,22692,admin,2026-01-23
22693,22693,viewer,2026-02-11
22694,22694,editor,2025-07-07
22695,22695,,2025-07-01
22696,22696,admin,2025-08-21
22697,22697,editor,2026-03-10
22698,22698,editor,2025-12-30
22699,22699,invalid_role,2025-11-25
22700,22700,editor,2026-03-21
22701,22701,admin,2025-11-28
22702,22702,editor,2026-03-06
22703,22703,admin,2025-10-29
22704,22704,editor,2026-01-22
22705,22705,editor,2025-04-23
22706,22706,editor,2025-12-27
22707,22707,editor,2026-03-04
22708,22708,admin,2026-01-28
22709,22709,editor,2025-11-11
22710,22710,viewer,2025-08-01
22711,22711,editor,2025-05-19
22712,22712,,2025-05-14
22713,22713,admin,2025-08-19
22714,22714,viewer,2026-01-04
22715,22715,guest,2025-10-12
22716,22716,admin,2025-07-04
22717,22717,admin,2025-05-25
22718,22718,editor,2026-03-03
22719,22719,editor,2025-08-19
22720,22720,viewer,2025-04-28
22721,22721,admin,2026-01-15
22722,22722,,2025-12-26
22723,22723,viewer,2025-10-20
22724,22724,viewer,2025-08-29
22725,22725,admin,2026-01-13
22726,22726,admin,2025-05-16
22727,22727,viewer,2025-04-11
22728,22728,viewer,2025-11-14
22729,22729,editor,2025-06-07
22730,22730,viewer,2026-02-07
22731,22731,viewer,2025-11-11
22732,22732,editor,2025-07-17
22733,22733,editor,2026-03-26
22734,22734,viewer,2026-02-25
22735,22735,admin,2026-02-17
22736,22736,invalid_role,2025-05-17
22737,22737,editor,2025-11-23
22738,22738,viewer,2025-05-08
22739,22739,editor,2025-05-22
22740,22740,,2025-12-04
22741,22741,viewer,2025-12-19
22742,22742,editor,2026-03-02
22743,22743,admin,2025-05-17
22744,22744,editor,2025-07-08
22745,22745,,2026-01-31
22746,22746,editor,2025-05-22
22747,22747,editor,2026-01-04
22748,22748,guest,2026-03-13
22749,22749,viewer,2025-06-18
22750,22750,admin,2025-06-11
22751,22751,,2026-01-31
22752,22752,editor,2026-01-28
22753,22753,editor,2025-06-06
22754,22754,admin,2025-07-11
22755,22755,editor,2025-08-04
22756,22756,viewer,2025-10-05
22757,22757,admin,2026-01-11
22758,22758,viewer,2025-06-03
22759,22759,viewer,2026-01-30
22760,22760,admin,2026-02-02
22761,22761,editor,2026-01-13
22762,22762,editor,2025-04-26
22763,22763,editor,2026-01-26
22764,22764,editor,2026-02-22
22765,22765,admin,2026-02-26
22766,22766,editor,2025-11-01
22767,22767,admin,2025-05-07
22768,22768,viewer,2025-09-14
22769,22769,admin,2025-11-07
22770,22770,guest,2025-09-24
22771,22771,,2026-02-04
22772,22772,invalid_role,2026-02-23
22773,22773,viewer,2025-06-27
22774,22774,editor,2026-01-20
22775,22775,admin,2025-08-09
22776,22776,viewer,2026-01-08
22777,22777,admin,2025-09-16
22778,22778,admin,2025-09-28
22779,22779,editor,2025-09-19
22780,22780,viewer,2025-07-20
22781,22781,admin,2025-10-16
22782,22782,admin,2026-02-20
22783,22783,admin,2025-08-08
22784,22784,admin,2026-02-17
22785,22785,admin,2025-07-26
22786,22786,,2026-02-28
22787,22787,admin,2025-07-03
22788,22788,viewer,2025-04-21
22789,22789,admin,2025-04-08
22790,22790,admin,2025-09-05
22791,22791,,2025-07-04
22792,22792,viewer,2026-02-27
22793,22793,viewer,2025-12-01
22794,22794,editor,2025-07-20
22795,22795,,2025-07-29
22796,22796,viewer,2026-02-17
22797,22797,,2025-07-09
22798,22798,admin,2025-08-27
22799,22799,viewer,2025-05-29
22800,22800,admin,2025-11-14
22801,22801,editor,2026-01-31
22802,22802,editor,2026-02-27
22803,22803,admin,2025-07-03
22804,22804,editor,2026-01-25
22805,22805,admin,2025-08-04
22806,22806,editor,2026-03-09
22807,22807,viewer,2025-07-10
22808,22808,viewer,2026-02-26
22809,22809,editor,2026-02-11
22810,22810,admin,2025-04-19
22811,22811,viewer,2025-12-26
22812,22812,viewer,2025-10-27
22813,22813,viewer,2025-04-22
22814,22814,admin,2026-01-22
22815,22815,admin,2026-01-25
22816,22816,editor,2025-10-18
22817,22817,viewer,2026-02-02
22818,22818,editor,2025-11-29
22819,22819,editor,2026-01-17
22820,22820,editor,2025-09-21
22821,22821,admin,2025-04-25
22822,22822,admin,2025-07-31
22823,22823,admin,2025-05-05
22824,22824,editor,2026-03-13
22825,22825,editor,2026-02-19
22826,22826,editor,2026-01-12
22827,22827,admin,2025-06-06
22828,22828,admin,2025-10-22
22829,22829,admin,2026-01-23
22830,22830,editor,2025-06-15
22831,22831,,2026-01-19
22832,22832,editor,2026-01-11
22833,22833,admin,2025-11-27
22834,22834,viewer,2026-03-17
22835,22835,editor,2025-06-24
22836,22836,editor,2026-01-13
22837,22837,editor,2026-03-17
22838,22838,editor,2025-04-10
22839,22839,editor,2025-06-26
22840,22840,viewer,2025-11-27
22841,22841,editor,2025-06-20
22842,22842,admin,2025-06-10
22843,22843,viewer,2025-05-13
22844,22844,admin,2025-10-01
22845,22845,viewer,2025-08-11
22846,22846,viewer,2025-07-08
22847,22847,unknown,2025-09-30
22848,22848,editor,2025-09-09
22849,22849,editor,2026-02-26
22850,22850,viewer,2025-10-09
22851,22851,viewer,2025-05-21
22852,22852,admin,2025-07-23
22853,22853,admin,2025-09-05
22854,22854,,2025-11-24
22855,22855,,2025-05-02
22856,22856,admin,2025-06-22
22857,22857,editor,2025-05-28
22858,22858,viewer,2025-04-01
22859,22859,admin,2025-11-06
22860,22860,editor,2025-08-30
22861,22861,editor,2026-03-29
22862,22862,guest,2026-03-14
22863,22863,admin,2026-01-21
22864,22864,admin,2025-10-06
22865,22865,invalid_role,2025-09-18
22866,22866,admin,2025-07-08
22867,22867,admin,2026-03-05
22868,22868,editor,2025-10-08
22869,22869,guest,2025-04-08
22870,22870,admin,2025-12-28
22871,22871,admin,2025-07-05
22872,22872,admin,2025-08-16
22873,22873,,2025-11-26
22874,22874,admin,2025-09-19
22875,22875,,2025-08-03
22876,22876,invalid_role,2025-09-27
22877,22877,,2025-04-27
22878,22878,editor,2025-11-26
22879,22879,editor,2025-07-30
22880,22880,editor,2025-10-04
22881,22881,editor,2025-09-04
22882,22882,viewer,2025-12-18
22883,22883,viewer,2026-02-15
22884,22884,unknown,2025-09-27
22885,22885,viewer,2025-11-05
22886,22886,editor,2026-03-16
22887,22887,admin,2025-04-04
22888,22888,viewer,2025-12-26
22889,22889,invalid_role,2025-05-07
22890,22890,admin,2026-01-17
22891,22891,editor,2025-04-07
22892,22892,editor,2026-01-07
22893,22893,viewer,2025-12-25
22894,22894,editor,2026-03-09
22895,22895,,2025-08-27
22896,22896,viewer,2026-03-29
22897,22897,,2025-11-28
22898,22898,admin,2026-03-20
22899,22899,admin,2025-10-19
22900,22900,viewer,2025-06-09
22901,22901,editor,2026-01-06
22902,22902,admin,2025-07-07
22903,22903,,2025-06-10
22904,22904,editor,2026-03-15
22905,22905,,2025-05-09
22906,22906,invalid_role,2025-07-06
22907,22907,viewer,2025-08-17
22908,22908,editor,2026-02-06
22909,22909,viewer,2025-07-10
22910,22910,viewer,2025-07-23
22911,22911,,2025-07-12
22912,22912,editor,2025-04-30
22913,22913,viewer,2026-02-21
22914,22914,,2025-05-22
22915,22915,viewer,2026-01-10
22916,22916,admin,2025-05-15
22917,22917,editor,2026-03-18
22918,22918,viewer,2026-03-01
22919,22919,viewer,2025-04-18
22920,22920,viewer,2025-05-28
22921,22921,editor,2025-05-06
22922,22922,viewer,2026-01-15
22923,22923,admin,2025-11-08
22924,22924,,2025-10-15
22925,22925,admin,2025-11-12
22926,22926,admin,2026-02-23
22927,22927,viewer,2025-10-19
22928,22928,viewer,2026-01-26
22929,22929,,2025-11-07
22930,22930,admin,2025-11-29
22931,22931,admin,2025-06-06
22932,22932,editor,2026-02-07
22933,22933,admin,2025-06-30
22934,22934,viewer,2026-01-25
22935,22935,viewer,2025-11-17
22936,22936,admin,2025-12-29
22937,22937,,2026-02-03
22938,22938,viewer,2025-12-21
22939,22939,editor,2025-09-20
22940,22940,admin,2026-01-04
22941,22941,guest,2025-12-26
22942,22942,viewer,2025-05-27
22943,22943,editor,2025-06-13
22944,22944,viewer,2026-01-19
22945,22945,admin,2025-05-15
22946,22946,admin,2025-08-14
22947,22947,editor,2025-08-17
22948,22948,viewer,2025-09-01
22949,22949,viewer,2026-01-30
22950,22950,admin,2025-11-18
22951,22951,editor,2025-11-18
22952,22952,editor,2025-08-10
22953,22953,viewer,2025-07-08
22954,22954,viewer,2025-04-14
22955,22955,viewer,2025-12-24
22956,22956,unknown,2025-06-19
22957,22957,admin,2025-08-18
22958,22958,viewer,2026-02-08
22959,22959,viewer,2026-01-31
22960,22960,viewer,2025-06-03
22961,22961,viewer,2025-06-16
22962,22962,admin,2025-05-10
22963,22963,editor,2025-04-13
22964,22964,,2026-01-20
22965,22965,viewer,2025-09-06
22966,22966,viewer,2025-07-24
22967,22967,admin,2025-06-19
22968,22968,viewer,2025-08-10
22969,22969,admin,2025-09-09
22970,22970,editor,2026-02-25
22971,22971,admin,2026-03-25
22972,22972,editor,2025-06-02
22973,22973,guest,2025-08-09
22974,22974,,2025-09-25
22975,22975,viewer,2026-03-11
22976,22976,viewer,2025-11-28
22977,22977,viewer,2025-11-11
22978,22978,admin,2025-10-11
22979,22979,,2025-10-13
22980,22980,admin,2025-10-21
22981,22981,editor,2025-05-26
22982,22982,,2025-08-27
22983,22983,viewer,2025-09-16
22984,22984,admin,2026-01-05
22985,22985,editor,2025-07-01
22986,22986,viewer,2026-01-14
22987,22987,viewer,2026-02-21
22988,22988,viewer,2025-06-25
22989,22989,admin,2025-10-14
22990,22990,editor,2025-07-17
22991,22991,admin,2025-10-06
22992,22992,viewer,2026-01-05
22993,22993,guest,2025-04-07
22994,22994,viewer,2025-06-28
22995,22995,unknown,2025-06-07
22996,22996,,2025-07-01
22997,22997,editor,2025-04-26
22998,22998,viewer,2026-01-09
22999,22999,admin,2025-11-17
23000,23000,editor,2025-10-14
23001,23001,,2025-06-03
23002,23002,guest,2025-07-16
23003,23003,editor,2025-08-25
23004,23004,editor,2025-10-07
23005,23005,editor,2025-08-19
23006,23006,viewer,2025-09-24
23007,23007,viewer,2025-08-21
23008,23008,editor,2026-01-08
23009,23009,viewer,2025-09-30
23010,23010,viewer,2025-04-27
23011,23011,,2026-03-09
23012,23012,,2025-12-15
23013,23013,editor,2025-05-07
23014,23014,viewer,2025-10-01
23015,23015,editor,2025-03-30
23016,23016,viewer,2025-06-23
23017,23017,guest,2025-10-16
23018,23018,,2025-10-05
23019,23019,,2025-11-04
23020,23020,editor,2025-07-28
23021,23021,editor,2025-09-19
23022,23022,admin,2025-10-26
23023,23023,,2025-09-08
23024,23024,editor,2025-09-23
23025,23025,viewer,2026-02-13
23026,23026,viewer,2025-10-19
23027,23027,viewer,2025-09-22
23028,23028,,2025-09-27
23029,23029,editor,2025-05-25
23030,23030,admin,2025-07-19
23031,23031,viewer,2025-12-20
23032,23032,admin,2025-12-29
23033,23033,editor,2026-01-09
23034,23034,admin,2025-12-23
23035,23035,admin,2025-10-19
23036,23036,,2026-02-27
23037,23037,guest,2025-07-11
23038,23038,viewer,2025-07-27
23039,23039,admin,2025-12-05
23040,23040,viewer,2026-03-16
23041,23041,viewer,2025-09-14
23042,23042,admin,2025-08-30
23043,23043,editor,2025-08-29
23044,23044,unknown,2026-03-16
23045,23045,editor,2026-02-25
23046,23046,editor,2025-10-07
23047,23047,viewer,2026-01-05
23048,23048,editor,2025-12-05
23049,23049,admin,2025-11-12
23050,23050,editor,2025-10-13
23051,23051,admin,2025-04-05
23052,23052,editor,2026-02-17
23053,23053,editor,2026-03-11
23054,23054,admin,2025-06-02
23055,23055,viewer,2025-10-28
23056,23056,unknown,2025-10-08
23057,23057,guest,2026-03-24
23058,23058,admin,2025-09-30
23059,23059,editor,2025-11-30
23060,23060,admin,2025-11-04
23061,23061,,2025-06-04
23062,23062,viewer,2026-01-22
23063,23063,editor,2026-03-26
23064,23064,editor,2026-02-24
23065,23065,viewer,2025-11-01
23066,23066,admin,2025-05-10
23067,23067,viewer,2026-02-08
23068,23068,admin,2026-03-29
23069,23069,admin,2025-09-10
23070,23070,viewer,2026-01-11
23071,23071,admin,2025-09-05
23072,23072,admin,2025-11-02
23073,23073,editor,2025-06-12
23074,23074,viewer,2025-04-25
23075,23075,admin,2025-04-28
23076,23076,admin,2025-10-13
23077,23077,unknown,2026-02-20
23078,23078,admin,2025-05-28
23079,23079,unknown,2025-08-30
23080,23080,editor,2025-06-07
23081,23081,admin,2025-08-22
23082,23082,,2026-02-07
23083,23083,,2026-02-10
23084,23084,unknown,2025-11-18
23085,23085,invalid_role,2025-05-23
23086,23086,,2025-07-12
23087,23087,admin,2025-08-19
23088,23088,viewer,2025-12-07
23089,23089,editor,2025-05-19
23090,23090,viewer,2025-04-18
23091,23091,viewer,2026-03-18
23092,23092,editor,2025-12-16
23093,23093,viewer,2026-01-04
23094,23094,admin,2025-08-02
23095,23095,editor,2025-10-26
23096,23096,guest,2025-09-25
23097,23097,,2026-01-12
23098,23098,viewer,2025-08-21
23099,23099,admin,2025-07-03
23100,23100,admin,2025-05-23
23101,23101,admin,2025-04-13
23102,23102,editor,2025-11-06
23103,23103,,2025-05-31
23104,23104,admin,2026-01-07
23105,23105,unknown,2025-07-29
23106,23106,guest,2025-06-11
23107,23107,editor,2025-09-14
23108,23108,editor,2026-03-26
23109,23109,editor,2025-12-07
23110,23110,admin,2026-02-23
23111,23111,editor,2025-05-28
23112,23112,viewer,2025-11-18
23113,23113,editor,2026-02-27
23114,23114,admin,2025-11-27
23115,23115,viewer,2025-08-11
23116,23116,admin,2025-07-22
23117,23117,editor,2026-02-14
23118,23118,,2025-08-17
23119,23119,admin,2025-06-19
23120,23120,viewer,2025-08-17
23121,23121,admin,2025-10-11
23122,23122,editor,2025-12-01
23123,23123,editor,2025-12-27
23124,23124,editor,2025-06-28
23125,23125,editor,2025-12-24
23126,23126,viewer,2025-11-08
23127,23127,viewer,2025-07-12
23128,23128,admin,2025-06-28
23129,23129,,2026-02-14
23130,23130,editor,2026-03-21
23131,23131,editor,2025-08-21
23132,23132,unknown,2025-06-03
23133,23133,viewer,2025-10-21
23134,23134,admin,2025-08-14
23135,23135,editor,2026-01-14
23136,23136,editor,2026-01-12
23137,23137,admin,2025-09-15
23138,23138,viewer,2025-10-11
23139,23139,editor,2025-12-02
23140,23140,admin,2025-04-14
23141,23141,,2026-03-25
23142,23142,,2025-10-29
23143,23143,viewer,2025-10-31
23144,23144,viewer,2025-09-09
23145,23145,editor,2025-07-30
23146,23146,admin,2025-08-13
23147,23147,admin,2025-12-15
23148,23148,editor,2025-07-31
23149,23149,admin,2025-10-27
23150,23150,admin,2026-02-11
23151,23151,viewer,2026-01-19
23152,23152,viewer,2025-05-07
23153,23153,admin,2025-12-30
23154,23154,admin,2025-06-25
23155,23155,invalid_role,2025-09-26
23156,23156,,2026-01-07
23157,23157,admin,2025-10-02
23158,23158,editor,2025-04-06
23159,23159,,2025-06-29
23160,23160,guest,2025-04-24
23161,23161,editor,2025-05-06
23162,23162,guest,2025-11-15
23163,23163,admin,2025-06-08
23164,23164,editor,2025-07-23
23165,23165,,2026-01-12
23166,23166,,2025-09-16
23167,23167,viewer,2025-08-27
23168,23168,admin,2025-12-25
23169,23169,viewer,2025-11-07
23170,23170,editor,2025-10-04
23171,23171,admin,2026-01-26
23172,23172,admin,2025-09-07
23173,23173,admin,2025-11-01
23174,23174,guest,2025-08-23
23175,23175,viewer,2025-08-14
23176,23176,viewer,2025-08-25
23177,23177,viewer,2025-06-25
23178,23178,editor,2025-07-26
23179,23179,admin,2026-01-31
23180,23180,,2025-05-07
23181,23181,viewer,2025-10-06
23182,23182,viewer,2025-05-06
23183,23183,editor,2025-08-10
23184,23184,viewer,2025-08-05
23185,23185,editor,2025-07-07
23186,23186,invalid_role,2025-08-09
23187,23187,editor,2025-11-02
23188,23188,editor,2026-02-04
23189,23189,,2025-06-20
23190,23190,editor,2026-01-11
23191,23191,viewer,2026-03-15
23192,23192,unknown,2025-12-17
23193,23193,unknown,2025-04-05
23194,23194,viewer,2025-06-25
23195,23195,editor,2025-11-14
23196,23196,editor,2026-03-21
23197,23197,admin,2025-07-07
23198,23198,invalid_role,2026-03-18
23199,23199,guest,2025-10-02
23200,23200,invalid_role,2025-07-09
23201,23201,editor,2025-11-14
23202,23202,viewer,2025-05-11
23203,23203,invalid_role,2025-06-11
23204,23204,viewer,2025-09-22
23205,23205,editor,2025-04-06
23206,23206,viewer,2025-09-09
23207,23207,guest,2025-06-11
23208,23208,viewer,2026-01-02
23209,23209,viewer,2025-11-19
23210,23210,admin,2025-11-11
23211,23211,viewer,2026-03-27
23212,23212,admin,2025-06-21
23213,23213,,2025-08-06
23214,23214,viewer,2025-09-28
23215,23215,viewer,2025-10-17
23216,23216,editor,2025-11-14
23217,23217,viewer,2025-05-26
23218,23218,viewer,2025-12-17
23219,23219,admin,2025-05-15
23220,23220,,2025-05-02
23221,23221,viewer,2025-07-17
23222,23222,admin,2025-09-29
23223,23223,guest,2025-06-20
23224,23224,viewer,2025-11-28
23225,23225,admin,2025-07-31
23226,23226,editor,2026-02-08
23227,23227,viewer,2025-07-29
23228,23228,,2026-02-06
23229,23229,viewer,2025-10-18
23230,23230,invalid_role,2025-12-29
23231,23231,unknown,2025-04-09
23232,23232,admin,2025-07-05
23233,23233,editor,2025-06-27
23234,23234,editor,2026-01-21
23235,23235,editor,2026-03-16
23236,23236,viewer,2025-05-31
23237,23237,editor,2025-04-13
23238,23238,admin,2025-11-12
23239,23239,editor,2026-03-26
23240,23240,,2026-02-05
23241,23241,admin,2025-05-16
23242,23242,editor,2025-11-21
23243,23243,viewer,2025-07-14
23244,23244,viewer,2025-05-15
23245,23245,viewer,2025-07-23
23246,23246,editor,2026-02-12
23247,23247,,2025-12-02
23248,23248,viewer,2025-12-31
23249,23249,viewer,2025-12-20
23250,23250,admin,2025-11-17
23251,23251,viewer,2025-11-20
23252,23252,admin,2026-01-21
23253,23253,admin,2025-10-02
23254,23254,editor,2025-09-14
23255,23255,admin,2026-02-23
23256,23256,admin,2025-06-26
23257,23257,editor,2026-03-08
23258,23258,viewer,2026-01-01
23259,23259,editor,2026-03-25
23260,23260,guest,2025-08-20
23261,23261,editor,2026-02-28
23262,23262,viewer,2025-12-31
23263,23263,unknown,2025-11-09
23264,23264,viewer,2025-07-21
23265,23265,guest,2026-01-28
23266,23266,admin,2025-10-05
23267,23267,viewer,2025-06-16
23268,23268,admin,2025-07-24
23269,23269,viewer,2025-09-10
23270,23270,unknown,2025-11-01
23271,23271,editor,2025-04-11
23272,23272,editor,2025-09-23
23273,23273,guest,2025-10-02
23274,23274,admin,2025-12-26
23275,23275,unknown,2025-12-11
23276,23276,editor,2025-07-27
23277,23277,admin,2025-05-04
23278,23278,admin,2026-02-25
23279,23279,viewer,2025-11-22
23280,23280,editor,2025-08-12
23281,23281,,2025-07-11
23282,23282,,2025-09-06
23283,23283,editor,2025-12-11
23284,23284,viewer,2026-02-12
23285,23285,,2025-12-13
23286,23286,,2025-09-21
23287,23287,admin,2025-07-05
23288,23288,editor,2025-05-23
23289,23289,admin,2026-01-26
23290,23290,,2025-07-14
23291,23291,editor,2025-11-15
23292,23292,admin,2025-05-29
23293,23293,admin,2025-07-02
23294,23294,invalid_role,2026-03-24
23295,23295,admin,2025-06-19
23296,23296,viewer,2025-10-31
23297,23297,admin,2025-04-17
23298,23298,editor,2026-02-27
23299,23299,admin,2025-12-31
23300,23300,admin,2025-07-31
23301,23301,guest,2025-06-02
23302,23302,viewer,2025-06-13
23303,23303,editor,2025-12-17
23304,23304,admin,2025-06-05
23305,23305,editor,2026-02-16
23306,23306,invalid_role,2025-06-13
23307,23307,viewer,2025-07-06
23308,23308,viewer,2025-11-09
23309,23309,admin,2025-07-31
23310,23310,viewer,2025-11-13
23311,23311,admin,2025-11-09
23312,23312,editor,2026-03-03
23313,23313,,2025-12-04
23314,23314,viewer,2025-05-10
23315,23315,admin,2025-10-11
23316,23316,,2025-07-13
23317,23317,viewer,2025-05-12
23318,23318,admin,2025-06-25
23319,23319,admin,2025-06-03
23320,23320,,2026-02-16
23321,23321,admin,2026-01-13
23322,23322,admin,2025-10-03
23323,23323,guest,2025-06-21
23324,23324,invalid_role,2025-12-19
23325,23325,editor,2025-05-01
23326,23326,viewer,2025-09-25
23327,23327,editor,2026-03-14
23328,23328,viewer,2025-09-07
23329,23329,admin,2025-05-01
23330,23330,admin,2026-02-08
23331,23331,admin,2026-02-01
23332,23332,admin,2025-12-28
23333,23333,admin,2025-05-17
23334,23334,,2025-04-08
23335,23335,viewer,2026-03-01
23336,23336,admin,2025-12-04
23337,23337,admin,2025-06-16
23338,23338,editor,2026-03-02
23339,23339,invalid_role,2025-11-24
23340,23340,viewer,2026-03-20
23341,23341,admin,2025-09-16
23342,23342,admin,2026-01-28
23343,23343,editor,2025-12-09
23344,23344,editor,2026-02-21
23345,23345,unknown,2025-09-02
23346,23346,admin,2025-04-30
23347,23347,editor,2025-10-07
23348,23348,viewer,2025-05-15
23349,23349,viewer,2025-04-23
23350,23350,admin,2026-01-23
23351,23351,viewer,2026-02-07
23352,23352,viewer,2026-03-14
23353,23353,admin,2025-05-26
23354,23354,editor,2026-01-09
23355,23355,editor,2026-01-21
23356,23356,admin,2026-03-24
23357,23357,admin,2025-12-28
23358,23358,admin,2025-09-08
23359,23359,admin,2025-09-29
23360,23360,viewer,2025-08-25
23361,23361,admin,2025-06-21
23362,23362,invalid_role,2026-02-10
23363,23363,viewer,2025-05-26
23364,23364,admin,2026-01-05
23365,23365,admin,2025-04-24
23366,23366,editor,2025-09-06
23367,23367,editor,2025-05-15
23368,23368,,2025-04-29
23369,23369,,2025-10-24
23370,23370,viewer,2025-10-17
23371,23371,unknown,2025-11-24
23372,23372,editor,2025-07-21
23373,23373,editor,2025-05-31
23374,23374,admin,2025-09-27
23375,23375,admin,2025-10-16
23376,23376,admin,2025-04-15
23377,23377,unknown,2026-03-04
23378,23378,admin,2026-01-28
23379,23379,admin,2026-03-16
23380,23380,,2025-11-14
23381,23381,editor,2025-09-23
23382,23382,admin,2025-06-18
23383,23383,editor,2025-09-03
23384,23384,admin,2026-03-01
23385,23385,unknown,2025-11-14
23386,23386,guest,2025-08-29
23387,23387,admin,2025-10-23
23388,23388,viewer,2025-06-30
23389,23389,editor,2025-06-06
23390,23390,viewer,2025-12-08
23391,23391,viewer,2025-09-30
23392,23392,viewer,2025-10-02
23393,23393,admin,2025-12-31
23394,23394,editor,2026-02-28
23395,23395,editor,2026-03-28
23396,23396,admin,2025-12-11
23397,23397,unknown,2026-03-19
23398,23398,editor,2025-06-26
23399,23399,editor,2025-06-14
23400,23400,viewer,2025-05-02
23401,23401,viewer,2025-08-25
23402,23402,admin,2025-12-28
23403,23403,editor,2025-08-05
23404,23404,viewer,2025-05-12
23405,23405,viewer,2026-01-19
23406,23406,editor,2025-05-23
23407,23407,editor,2025-06-06
23408,23408,editor,2026-02-17
23409,23409,invalid_role,2025-06-08
23410,23410,admin,2026-01-10
23411,23411,editor,2026-02-18
23412,23412,editor,2026-02-12
23413,23413,admin,2025-07-27
23414,23414,admin,2025-10-20
23415,23415,viewer,2026-03-17
23416,23416,viewer,2025-04-01
23417,23417,viewer,2025-09-20
23418,23418,unknown,2026-02-07
23419,23419,editor,2025-09-28
23420,23420,admin,2025-11-22
23421,23421,editor,2025-10-29
23422,23422,guest,2025-08-11
23423,23423,editor,2026-01-25
23424,23424,editor,2026-02-18
23425,23425,viewer,2026-03-22
23426,23426,editor,2026-01-12
23427,23427,,2025-07-25
23428,23428,editor,2026-02-20
23429,23429,viewer,2025-08-22
23430,23430,admin,2025-07-31
23431,23431,,2025-04-24
23432,23432,admin,2025-05-16
23433,23433,editor,2025-12-17
23434,23434,admin,2026-03-19
23435,23435,viewer,2025-11-19
23436,23436,editor,2025-12-19
23437,23437,viewer,2025-09-28
23438,23438,editor,2025-05-04
23439,23439,viewer,2025-12-16
23440,23440,viewer,2026-02-15
23441,23441,viewer,2025-04-12
23442,23442,admin,2025-08-03
23443,23443,viewer,2025-07-05
23444,23444,editor,2025-04-29
23445,23445,admin,2026-02-24
23446,23446,viewer,2025-07-01
23447,23447,admin,2026-01-04
23448,23448,editor,2025-09-14
23449,23449,editor,2025-07-02
23450,23450,viewer,2025-10-26
23451,23451,admin,2025-06-28
23452,23452,editor,2025-05-25
23453,23453,editor,2025-11-16
23454,23454,viewer,2025-11-11
23455,23455,admin,2025-08-12
23456,23456,admin,2025-11-22
23457,23457,admin,2025-08-22
23458,23458,viewer,2025-05-03
23459,23459,admin,2026-01-02
23460,23460,admin,2025-09-30
23461,23461,admin,2025-10-21
23462,23462,admin,2025-10-03
23463,23463,admin,2025-05-30
23464,23464,editor,2026-01-27
23465,23465,editor,2025-05-31
23466,23466,editor,2025-10-08
23467,23467,viewer,2025-09-04
23468,23468,editor,2025-05-13
23469,23469,admin,2026-01-06
23470,23470,viewer,2025-07-13
23471,23471,viewer,2025-10-23
23472,23472,unknown,2026-02-18
23473,23473,guest,2025-04-18
23474,23474,viewer,2026-02-06
23475,23475,editor,2026-02-11
23476,23476,viewer,2025-05-30
23477,23477,admin,2025-04-15
23478,23478,admin,2025-08-02
23479,23479,viewer,2025-10-23
23480,23480,admin,2025-07-17
23481,23481,viewer,2025-07-08
23482,23482,viewer,2025-04-09
23483,23483,admin,2026-02-27
23484,23484,admin,2025-04-09
23485,23485,editor,2025-08-29
23486,23486,viewer,2025-10-17
23487,23487,,2025-12-25
23488,23488,admin,2025-12-19
23489,23489,editor,2025-10-30
23490,23490,,2025-04-29
23491,23491,editor,2025-09-13
23492,23492,editor,2025-04-03
23493,23493,editor,2026-01-08
23494,23494,,2025-06-27
23495,23495,,2025-05-30
23496,23496,viewer,2025-07-11
23497,23497,viewer,2025-08-31
23498,23498,admin,2025-04-27
23499,23499,viewer,2025-08-28
23500,23500,viewer,2025-08-29
23501,23501,admin,2025-11-19
23502,23502,admin,2026-03-27
23503,23503,editor,2025-06-20
23504,23504,viewer,2025-05-17
23505,23505,editor,2025-04-01
23506,23506,viewer,2026-03-05
23507,23507,editor,2025-09-02
23508,23508,admin,2025-10-28
23509,23509,viewer,2025-12-06
23510,23510,viewer,2025-07-08
23511,23511,editor,2025-12-17
23512,23512,viewer,2025-11-24
23513,23513,editor,2025-05-27
23514,23514,editor,2025-11-04
23515,23515,admin,2026-02-24
23516,23516,editor,2026-01-14
23517,23517,,2025-10-09
23518,23518,viewer,2026-02-25
23519,23519,admin,2025-12-30
23520,23520,guest,2026-03-21
23521,23521,viewer,2025-07-06
23522,23522,viewer,2025-08-12
23523,23523,viewer,2025-04-18
23524,23524,invalid_role,2025-05-13
23525,23525,editor,2025-10-25
23526,23526,viewer,2025-08-22
23527,23527,viewer,2025-10-22
23528,23528,viewer,2025-09-19
23529,23529,guest,2025-06-01
23530,23530,admin,2025-12-25
23531,23531,,2025-11-11
23532,23532,admin,2025-11-24
23533,23533,viewer,2025-04-10
23534,23534,admin,2025-06-27
23535,23535,admin,2025-10-01
23536,23536,admin,2025-09-25
23537,23537,viewer,2025-10-07
23538,23538,admin,2025-11-06
23539,23539,admin,2026-01-20
23540,23540,admin,2026-03-18
23541,23541,editor,2025-09-23
23542,23542,viewer,2025-11-28
23543,23543,editor,2025-06-22
23544,23544,viewer,2026-01-10
23545,23545,editor,2025-11-13
23546,23546,viewer,2025-07-22
23547,23547,viewer,2025-04-06
23548,23548,admin,2025-12-30
23549,23549,admin,2026-02-25
23550,23550,admin,2025-05-17
23551,23551,editor,2025-08-16
23552,23552,viewer,2025-08-30
23553,23553,admin,2025-10-11
23554,23554,viewer,2025-06-18
23555,23555,viewer,2025-12-08
23556,23556,guest,2026-03-26
23557,23557,editor,2025-05-31
23558,23558,editor,2025-12-13
23559,23559,editor,2025-10-07
23560,23560,editor,2025-08-17
23561,23561,viewer,2026-03-23
23562,23562,editor,2025-10-31
23563,23563,,2025-06-07
23564,23564,viewer,2026-02-05
23565,23565,,2026-02-10
23566,23566,editor,2025-06-06
23567,23567,admin,2025-10-17
23568,23568,admin,2026-02-16
23569,23569,editor,2025-11-25
23570,23570,viewer,2026-02-13
23571,23571,editor,2025-04-24
23572,23572,viewer,2025-06-11
23573,23573,guest,2025-06-26
23574,23574,editor,2025-10-13
23575,23575,viewer,2025-09-10
23576,23576,unknown,2025-09-10
23577,23577,admin,2025-08-08
23578,23578,viewer,2025-10-08
23579,23579,admin,2025-10-10
23580,23580,editor,2025-07-25
23581,23581,editor,2025-08-16
23582,23582,,2025-04-10
23583,23583,editor,2025-07-26
23584,23584,editor,2025-06-19
23585,23585,editor,2025-08-26
23586,23586,editor,2026-03-28
23587,23587,viewer,2025-07-15
23588,23588,viewer,2026-01-29
23589,23589,editor,2026-01-04
23590,23590,viewer,2025-05-12
23591,23591,editor,2025-10-09
23592,23592,editor,2026-02-12
23593,23593,editor,2025-08-11
23594,23594,admin,2025-08-12
23595,23595,admin,2025-11-09
23596,23596,admin,2026-03-18
23597,23597,editor,2025-05-04
23598,23598,invalid_role,2025-06-28
23599,23599,admin,2026-02-02
23600,23600,admin,2025-05-13
23601,23601,admin,2025-09-09
23602,23602,,2025-12-03
23603,23603,viewer,2025-08-25
23604,23604,admin,2025-09-04
23605,23605,admin,2025-09-14
23606,23606,admin,2025-10-07
23607,23607,admin,2026-01-19
23608,23608,admin,2025-04-26
23609,23609,editor,2026-02-02
23610,23610,admin,2025-12-23
23611,23611,editor,2026-02-13
23612,23612,guest,2025-08-10
23613,23613,guest,2025-11-19
23614,23614,,2025-09-26
23615,23615,editor,2025-11-28
23616,23616,viewer,2026-01-23
23617,23617,admin,2026-02-22
23618,23618,editor,2025-10-06
23619,23619,editor,2026-01-28
23620,23620,viewer,2025-07-30
23621,23621,viewer,2026-01-03
23622,23622,admin,2025-07-28
23623,23623,admin,2026-01-21
23624,23624,editor,2025-04-23
23625,23625,unknown,2025-06-23
23626,23626,viewer,2025-12-20
23627,23627,editor,2025-04-26
23628,23628,,2026-01-09
23629,23629,admin,2025-11-01
23630,23630,editor,2025-09-10
23631,23631,editor,2025-06-23
23632,23632,unknown,2025-07-28
23633,23633,admin,2025-06-26
23634,23634,editor,2025-11-12
23635,23635,viewer,2025-05-06
23636,23636,editor,2025-08-29
23637,23637,editor,2025-08-24
23638,23638,editor,2025-09-14
23639,23639,admin,2025-11-19
23640,23640,,2026-01-30
23641,23641,admin,2025-10-28
23642,23642,,2026-03-16
23643,23643,viewer,2026-03-28
23644,23644,editor,2025-11-18
23645,23645,guest,2026-01-26
23646,23646,guest,2025-09-06
23647,23647,editor,2025-08-22
23648,23648,admin,2025-09-08
23649,23649,viewer,2025-06-19
23650,23650,viewer,2025-05-09
23651,23651,viewer,2025-07-16
23652,23652,editor,2026-01-03
23653,23653,viewer,2025-09-07
23654,23654,editor,2025-03-30
23655,23655,editor,2026-02-12
23656,23656,editor,2025-08-26
23657,23657,editor,2026-02-18
23658,23658,admin,2025-06-03
23659,23659,viewer,2025-12-23
23660,23660,viewer,2025-06-20
23661,23661,admin,2025-09-23
23662,23662,,2025-10-13
23663,23663,viewer,2025-04-14
23664,23664,admin,2025-09-02
23665,23665,unknown,2025-11-08
23666,23666,invalid_role,2025-08-07
23667,23667,admin,2025-12-18
23668,23668,editor,2025-12-11
23669,23669,invalid_role,2025-06-24
23670,23670,editor,2025-11-02
23671,23671,editor,2025-12-22
23672,23672,admin,2026-02-07
23673,23673,editor,2025-05-23
23674,23674,editor,2025-06-07
23675,23675,admin,2025-05-04
23676,23676,editor,2026-03-09
23677,23677,viewer,2025-04-03
23678,23678,admin,2026-01-13
23679,23679,admin,2025-07-28
23680,23680,admin,2026-02-03
23681,23681,admin,2025-05-15
23682,23682,viewer,2026-01-28
23683,23683,admin,2026-03-08
23684,23684,viewer,2025-06-17
23685,23685,admin,2025-12-16
23686,23686,invalid_role,2025-08-09
23687,23687,admin,2025-04-06
23688,23688,editor,2025-04-19
23689,23689,admin,2025-05-13
23690,23690,guest,2026-02-02
23691,23691,editor,2025-09-16
23692,23692,viewer,2026-01-31
23693,23693,viewer,2025-09-25
23694,23694,editor,2026-03-22
23695,23695,,2026-01-01
23696,23696,viewer,2025-11-25
23697,23697,admin,2025-09-28
23698,23698,editor,2025-12-11
23699,23699,admin,2025-11-28
23700,23700,unknown,2026-03-13
23701,23701,,2025-08-07
23702,23702,admin,2025-11-11
23703,23703,guest,2026-02-08
23704,23704,viewer,2026-01-19
23705,23705,viewer,2025-03-30
23706,23706,viewer,2025-05-21
23707,23707,viewer,2025-11-09
23708,23708,viewer,2025-05-14
23709,23709,viewer,2025-05-19
23710,23710,editor,2025-11-04
23711,23711,unknown,2025-10-12
23712,23712,viewer,2025-10-30
23713,23713,viewer,2025-09-03
23714,23714,viewer,2025-05-22
23715,23715,viewer,2025-04-28
23716,23716,viewer,2025-07-16
23717,23717,,2025-10-07
23718,23718,admin,2026-01-20
23719,23719,unknown,2025-12-15
23720,23720,admin,2025-12-04
23721,23721,editor,2026-01-02
23722,23722,admin,2025-07-28
23723,23723,admin,2025-10-30
23724,23724,guest,2025-04-08
23725,23725,editor,2025-12-23
23726,23726,,2025-10-14
23727,23727,,2025-04-30
23728,23728,admin,2025-06-12
23729,23729,,2026-02-28
23730,23730,editor,2026-02-25
23731,23731,admin,2025-09-12
23732,23732,viewer,2025-06-09
23733,23733,unknown,2025-11-15
23734,23734,admin,2026-03-08
23735,23735,admin,2025-10-18
23736,23736,admin,2025-04-09
23737,23737,editor,2026-01-08
23738,23738,editor,2026-02-15
23739,23739,editor,2026-01-14
23740,23740,viewer,2025-05-15
23741,23741,,2026-01-08
23742,23742,viewer,2025-10-11
23743,23743,viewer,2025-07-16
23744,23744,admin,2025-07-05
23745,23745,unknown,2025-06-23
23746,23746,editor,2025-06-23
23747,23747,,2025-06-25
23748,23748,unknown,2025-07-21
23749,23749,editor,2025-05-17
23750,23750,editor,2025-07-31
23751,23751,viewer,2025-06-10
23752,23752,admin,2025-09-27
23753,23753,admin,2025-12-04
23754,23754,editor,2025-06-13
23755,23755,admin,2025-04-15
23756,23756,unknown,2026-02-20
23757,23757,admin,2026-01-05
23758,23758,editor,2025-06-01
23759,23759,admin,2025-07-16
23760,23760,editor,2025-06-09
23761,23761,editor,2025-12-03
23762,23762,viewer,2025-09-27
23763,23763,guest,2025-07-15
23764,23764,guest,2026-01-24
23765,23765,viewer,2026-02-22
23766,23766,admin,2025-12-31
23767,23767,editor,2025-11-01
23768,23768,editor,2025-04-18
23769,23769,editor,2026-03-09
23770,23770,editor,2026-02-11
23771,23771,viewer,2026-01-04
23772,23772,admin,2025-11-21
23773,23773,editor,2025-04-11
23774,23774,,2025-09-21
23775,23775,editor,2025-07-30
23776,23776,admin,2025-11-06
23777,23777,admin,2025-11-30
23778,23778,guest,2025-08-08
23779,23779,viewer,2025-12-26
23780,23780,invalid_role,2026-03-10
23781,23781,viewer,2025-11-02
23782,23782,viewer,2026-02-08
23783,23783,viewer,2025-10-13
23784,23784,invalid_role,2025-09-12
23785,23785,viewer,2026-01-24
23786,23786,editor,2025-05-12
23787,23787,,2025-10-22
23788,23788,editor,2025-10-25
23789,23789,viewer,2026-02-23
23790,23790,,2025-11-14
23791,23791,editor,2026-01-24
23792,23792,editor,2025-04-30
23793,23793,viewer,2025-06-02
23794,23794,viewer,2025-04-14
23795,23795,editor,2026-03-11
23796,23796,editor,2025-11-21
23797,23797,viewer,2025-10-13
23798,23798,editor,2025-08-26
23799,23799,invalid_role,2025-04-29
23800,23800,admin,2025-09-04
23801,23801,admin,2025-08-02
23802,23802,viewer,2025-10-05
23803,23803,editor,2025-10-26
23804,23804,,2025-04-22
23805,23805,editor,2026-03-18
23806,23806,unknown,2025-08-22
23807,23807,admin,2025-09-01
23808,23808,editor,2025-06-16
23809,23809,editor,2025-06-26
23810,23810,viewer,2026-01-24
23811,23811,invalid_role,2025-06-25
23812,23812,,2025-07-04
23813,23813,admin,2025-11-27
23814,23814,admin,2025-11-19
23815,23815,,2025-05-31
23816,23816,unknown,2025-06-11
23817,23817,editor,2025-04-10
23818,23818,invalid_role,2026-01-24
23819,23819,admin,2026-02-13
23820,23820,editor,2025-05-20
23821,23821,admin,2025-05-11
23822,23822,admin,2025-06-06
23823,23823,admin,2026-03-23
23824,23824,editor,2025-09-23
23825,23825,admin,2026-03-14
23826,23826,viewer,2026-01-29
23827,23827,unknown,2025-04-14
23828,23828,,2026-01-09
23829,23829,viewer,2026-02-02
23830,23830,,2025-12-04
23831,23831,viewer,2025-09-07
23832,23832,editor,2026-01-10
23833,23833,editor,2025-12-12
23834,23834,,2025-07-14
23835,23835,editor,2025-09-07
23836,23836,,2025-11-23
23837,23837,,2025-04-03
23838,23838,unknown,2025-05-29
23839,23839,viewer,2025-06-10
23840,23840,editor,2025-06-21
23841,23841,editor,2026-01-24
23842,23842,editor,2025-12-10
23843,23843,viewer,2025-09-09
23844,23844,admin,2025-10-15
23845,23845,,2026-03-26
23846,23846,viewer,2025-05-06
23847,23847,,2025-10-29
23848,23848,,2025-12-20
23849,23849,viewer,2025-04-08
23850,23850,admin,2026-01-20
23851,23851,admin,2026-01-07
23852,23852,viewer,2025-07-20
23853,23853,,2025-06-16
23854,23854,viewer,2025-11-08
23855,23855,editor,2025-05-07
23856,23856,admin,2025-07-27
23857,23857,viewer,2025-04-24
23858,23858,editor,2025-12-15
23859,23859,editor,2025-12-26
23860,23860,admin,2025-04-05
23861,23861,editor,2025-10-19
23862,23862,admin,2025-08-31
23863,23863,,2025-07-12
23864,23864,admin,2025-11-03
23865,23865,admin,2025-05-13
23866,23866,admin,2025-10-13
23867,23867,admin,2026-02-16
23868,23868,editor,2025-11-13
23869,23869,viewer,2025-08-14
23870,23870,editor,2026-02-19
23871,23871,,2025-09-24
23872,23872,editor,2025-06-11
23873,23873,editor,2026-03-08
23874,23874,editor,2026-01-10
23875,23875,editor,2025-07-04
23876,23876,admin,2026-02-18
23877,23877,admin,2025-12-28
23878,23878,admin,2025-06-27
23879,23879,editor,2025-05-27
23880,23880,,2025-12-17
23881,23881,guest,2025-07-06
23882,23882,admin,2025-10-15
23883,23883,admin,2025-11-22
23884,23884,viewer,2025-09-12
23885,23885,editor,2025-07-21
23886,23886,admin,2025-06-05
23887,23887,viewer,2025-04-30
23888,23888,admin,2025-09-26
23889,23889,unknown,2025-07-03
23890,23890,editor,2025-07-13
23891,23891,admin,2025-11-26
23892,23892,admin,2026-01-02
23893,23893,,2025-05-31
23894,23894,editor,2025-11-03
23895,23895,viewer,2025-11-06
23896,23896,editor,2025-12-27
23897,23897,admin,2025-11-26
23898,23898,admin,2025-06-18
23899,23899,editor,2025-10-30
23900,23900,admin,2025-04-03
23901,23901,viewer,2025-07-13
23902,23902,unknown,2025-11-06
23903,23903,admin,2025-11-01
23904,23904,,2025-05-04
23905,23905,guest,2026-02-11
23906,23906,admin,2026-02-24
23907,23907,viewer,2025-06-14
23908,23908,guest,2025-10-31
23909,23909,viewer,2025-12-30
23910,23910,viewer,2025-07-11
23911,23911,viewer,2026-02-25
23912,23912,admin,2026-03-23
23913,23913,editor,2026-01-24
23914,23914,editor,2025-10-31
23915,23915,guest,2025-09-21
23916,23916,admin,2026-03-07
23917,23917,admin,2025-12-27
23918,23918,editor,2025-09-12
23919,23919,admin,2026-01-28
23920,23920,,2026-02-26
23921,23921,viewer,2025-10-31
23922,23922,editor,2025-10-18
23923,23923,admin,2025-04-23
23924,23924,editor,2025-09-11
23925,23925,editor,2025-09-30
23926,23926,admin,2025-12-20
23927,23927,admin,2025-12-03
23928,23928,guest,2026-02-26
23929,23929,admin,2025-06-16
23930,23930,admin,2025-04-30
23931,23931,viewer,2025-06-06
23932,23932,admin,2025-11-05
23933,23933,viewer,2025-07-09
23934,23934,admin,2025-04-22
23935,23935,admin,2025-09-06
23936,23936,admin,2025-07-04
23937,23937,editor,2026-01-16
23938,23938,admin,2025-04-12
23939,23939,admin,2025-10-16
23940,23940,admin,2025-04-15
23941,23941,guest,2026-03-22
23942,23942,admin,2025-04-20
23943,23943,editor,2025-10-29
23944,23944,,2025-11-21
23945,23945,guest,2025-05-09
23946,23946,editor,2025-04-05
23947,23947,editor,2025-08-03
23948,23948,admin,2025-05-07
23949,23949,unknown,2026-01-19
23950,23950,editor,2025-10-19
23951,23951,admin,2025-05-29
23952,23952,viewer,2026-03-18
23953,23953,editor,2025-07-25
23954,23954,editor,2025-06-24
23955,23955,editor,2026-01-31
23956,23956,editor,2025-04-17
23957,23957,editor,2025-10-22
23958,23958,editor,2025-05-07
23959,23959,editor,2025-10-27
23960,23960,editor,2025-12-20
23961,23961,editor,2025-07-18
23962,23962,invalid_role,2025-07-02
23963,23963,editor,2025-05-14
23964,23964,admin,2026-02-05
23965,23965,editor,2025-10-23
23966,23966,editor,2025-04-21
23967,23967,editor,2025-12-07
23968,23968,guest,2025-06-29
23969,23969,,2025-06-11
23970,23970,admin,2025-07-31
23971,23971,editor,2025-12-29
23972,23972,invalid_role,2025-05-13
23973,23973,editor,2025-09-03
23974,23974,unknown,2025-10-13
23975,23975,unknown,2025-12-30
23976,23976,admin,2026-01-30
23977,23977,editor,2025-05-10
23978,23978,admin,2026-03-15
23979,23979,admin,2026-03-07
23980,23980,viewer,2025-05-05
23981,23981,admin,2025-05-12
23982,23982,,2026-03-02
23983,23983,admin,2026-02-28
23984,23984,unknown,2025-04-12
23985,23985,admin,2026-02-10
23986,23986,editor,2025-09-22
23987,23987,viewer,2025-06-26
23988,23988,editor,2025-05-02
23989,23989,admin,2025-07-27
23990,23990,admin,2025-05-20
23991,23991,viewer,2025-05-02
23992,23992,guest,2025-04-07
23993,23993,editor,2025-08-16
23994,23994,admin,2025-10-09
23995,23995,,2026-02-28
23996,23996,admin,2026-01-01
23997,23997,viewer,2025-06-09
23998,23998,unknown,2026-01-06
23999,23999,editor,2026-02-10
24000,24000,admin,2026-01-16
24001,24001,viewer,2026-02-05
24002,24002,viewer,2025-07-03
24003,24003,admin,2025-05-26
24004,24004,viewer,2025-10-14
24005,24005,viewer,2025-06-18
24006,24006,editor,2025-05-17
24007,24007,guest,2026-03-17
24008,24008,editor,2026-01-28
24009,24009,,2025-04-19
24010,24010,admin,2026-03-23
24011,24011,viewer,2025-11-19
24012,24012,viewer,2026-01-04
24013,24013,editor,2025-12-06
24014,24014,admin,2025-10-01
24015,24015,invalid_role,2025-08-24
24016,24016,viewer,2025-06-19
24017,24017,guest,2025-11-22
24018,24018,,2025-07-11
24019,24019,editor,2025-08-24
24020,24020,editor,2025-09-13
24021,24021,admin,2025-10-28
24022,24022,,2025-06-20
24023,24023,admin,2025-10-06
24024,24024,admin,2025-10-21
24025,24025,viewer,2025-07-01
24026,24026,guest,2025-08-26
24027,24027,,2026-03-03
24028,24028,viewer,2026-02-27
24029,24029,viewer,2025-11-21
24030,24030,editor,2025-12-20
24031,24031,editor,2025-05-14
24032,24032,viewer,2025-08-13
24033,24033,viewer,2026-02-04
24034,24034,admin,2026-02-08
24035,24035,editor,2025-06-24
24036,24036,viewer,2025-09-22
24037,24037,admin,2025-06-16
24038,24038,,2026-03-06
24039,24039,editor,2026-01-05
24040,24040,editor,2025-05-31
24041,24041,admin,2025-11-10
24042,24042,editor,2025-11-14
24043,24043,admin,2025-11-26
24044,24044,admin,2025-07-20
24045,24045,viewer,2025-05-16
24046,24046,viewer,2025-05-04
24047,24047,guest,2026-02-20
24048,24048,,2025-04-24
24049,24049,admin,2025-05-08
24050,24050,editor,2025-07-30
24051,24051,unknown,2025-05-21
24052,24052,editor,2026-03-05
24053,24053,viewer,2025-05-03
24054,24054,admin,2025-08-24
24055,24055,editor,2025-07-02
24056,24056,viewer,2025-11-11
24057,24057,editor,2025-10-01
24058,24058,,2025-06-20
24059,24059,viewer,2025-08-15
24060,24060,viewer,2025-05-10
24061,24061,admin,2025-11-11
24062,24062,admin,2025-10-10
24063,24063,admin,2026-03-24
24064,24064,admin,2025-12-06
24065,24065,admin,2025-04-19
24066,24066,viewer,2025-04-22
24067,24067,editor,2025-04-20
24068,24068,admin,2025-04-23
24069,24069,guest,2025-04-18
24070,24070,viewer,2025-10-23
24071,24071,viewer,2025-08-02
24072,24072,,2025-08-22
24073,24073,editor,2025-11-07
24074,24074,viewer,2025-12-04
24075,24075,admin,2025-05-28
24076,24076,admin,2025-06-19
24077,24077,editor,2025-06-18
24078,24078,viewer,2026-02-03
24079,24079,,2025-11-30
24080,24080,viewer,2025-06-04
24081,24081,admin,2025-11-09
24082,24082,,2025-09-18
24083,24083,editor,2025-10-04
24084,24084,editor,2025-09-17
24085,24085,viewer,2026-02-22
24086,24086,viewer,2025-05-16
24087,24087,editor,2025-11-12
24088,24088,,2025-11-16
24089,24089,admin,2026-02-27
24090,24090,editor,2025-12-29
24091,24091,invalid_role,2026-03-26
24092,24092,admin,2025-06-06
24093,24093,admin,2026-01-17
24094,24094,admin,2025-10-02
24095,24095,viewer,2026-03-03
24096,24096,viewer,2026-02-12
24097,24097,viewer,2025-03-31
24098,24098,editor,2025-04-02
24099,24099,guest,2026-01-19
24100,24100,admin,2025-06-30
24101,24101,admin,2025-06-12
24102,24102,unknown,2025-04-07
24103,24103,admin,2025-10-15
24104,24104,invalid_role,2026-01-18
24105,24105,editor,2025-08-15
24106,24106,unknown,2025-12-25
24107,24107,admin,2025-09-15
24108,24108,viewer,2025-05-08
24109,24109,invalid_role,2025-10-05
24110,24110,editor,2026-01-22
24111,24111,viewer,2025-04-07
24112,24112,editor,2026-01-21
24113,24113,editor,2025-12-05
24114,24114,admin,2026-03-22
24115,24115,editor,2025-09-28
24116,24116,viewer,2026-01-22
24117,24117,admin,2025-04-26
24118,24118,viewer,2026-02-10
24119,24119,,2026-01-25
24120,24120,admin,2025-12-18
24121,24121,viewer,2025-12-23
24122,24122,viewer,2025-06-16
24123,24123,,2025-11-12
24124,24124,unknown,2025-09-11
24125,24125,viewer,2025-10-16
24126,24126,viewer,2026-03-23
24127,24127,,2025-11-26
24128,24128,viewer,2026-02-11
24129,24129,unknown,2025-12-25
24130,24130,viewer,2025-05-06
24131,24131,viewer,2026-01-30
24132,24132,viewer,2026-02-09
24133,24133,editor,2025-05-25
24134,24134,viewer,2025-11-30
24135,24135,admin,2026-01-28
24136,24136,viewer,2026-01-28
24137,24137,editor,2026-01-25
24138,24138,viewer,2025-11-14
24139,24139,editor,2026-01-18
24140,24140,admin,2025-12-13
24141,24141,admin,2025-08-01
24142,24142,admin,2025-06-25
24143,24143,,2026-02-04
24144,24144,viewer,2025-11-24
24145,24145,viewer,2025-04-11
24146,24146,,2025-04-06
24147,24147,admin,2025-07-27
24148,24148,admin,2025-04-06
24149,24149,editor,2025-07-24
24150,24150,viewer,2025-09-10
24151,24151,admin,2025-06-07
24152,24152,admin,2025-07-05
24153,24153,editor,2025-07-24
24154,24154,editor,2025-07-23
24155,24155,editor,2025-06-28
24156,24156,admin,2025-05-25
24157,24157,viewer,2025-10-07
24158,24158,unknown,2025-07-21
24159,24159,viewer,2025-10-23
24160,24160,invalid_role,2025-09-10
24161,24161,editor,2026-03-29
24162,24162,viewer,2025-04-26
24163,24163,viewer,2025-07-18
24164,24164,admin,2025-06-10
24165,24165,viewer,2025-12-27
24166,24166,guest,2025-04-01
24167,24167,editor,2025-05-28
24168,24168,admin,2026-01-30
24169,24169,admin,2025-12-28
24170,24170,admin,2025-09-08
24171,24171,viewer,2026-01-28
24172,24172,admin,2025-06-17
24173,24173,admin,2025-06-06
24174,24174,guest,2026-01-22
24175,24175,admin,2025-12-11
24176,24176,editor,2025-08-29
24177,24177,admin,2025-06-06
24178,24178,editor,2025-06-10
24179,24179,editor,2026-02-27
24180,24180,invalid_role,2025-12-22
24181,24181,admin,2025-07-15
24182,24182,editor,2025-07-15
24183,24183,unknown,2025-04-16
24184,24184,invalid_role,2025-12-25
24185,24185,invalid_role,2025-08-17
24186,24186,admin,2025-12-15
24187,24187,viewer,2025-06-15
24188,24188,admin,2025-11-26
24189,24189,admin,2026-02-06
24190,24190,admin,2025-08-28
24191,24191,admin,2025-06-01
24192,24192,admin,2025-12-20
24193,24193,viewer,2026-02-02
24194,24194,viewer,2026-01-22
24195,24195,editor,2025-04-01
24196,24196,viewer,2025-07-06
24197,24197,,2025-07-31
24198,24198,viewer,2025-08-17
24199,24199,editor,2025-08-09
24200,24200,editor,2025-12-25
24201,24201,editor,2025-04-21
24202,24202,viewer,2026-02-10
24203,24203,invalid_role,2025-11-10
24204,24204,admin,2025-07-25
24205,24205,editor,2025-06-20
24206,24206,editor,2025-09-01
24207,24207,editor,2026-02-28
24208,24208,admin,2025-06-24
24209,24209,admin,2025-05-02
24210,24210,viewer,2025-09-12
24211,24211,editor,2026-02-26
24212,24212,invalid_role,2025-06-18
24213,24213,admin,2025-04-24
24214,24214,viewer,2025-05-08
24215,24215,viewer,2026-03-10
24216,24216,viewer,2026-02-03
24217,24217,admin,2026-02-26
24218,24218,editor,2025-08-19
24219,24219,editor,2025-08-21
24220,24220,guest,2025-12-05
24221,24221,admin,2025-06-05
24222,24222,admin,2025-12-18
24223,24223,editor,2025-06-05
24224,24224,,2026-03-07
24225,24225,viewer,2026-03-27
24226,24226,viewer,2025-09-07
24227,24227,admin,2025-12-09
24228,24228,admin,2025-07-05
24229,24229,admin,2026-03-25
24230,24230,editor,2025-07-31
24231,24231,guest,2025-07-14
24232,24232,admin,2026-03-12
24233,24233,editor,2025-08-07
24234,24234,admin,2025-12-17
24235,24235,guest,2026-02-18
24236,24236,admin,2026-03-11
24237,24237,,2025-05-28
24238,24238,invalid_role,2025-04-21
24239,24239,admin,2025-05-28
24240,24240,admin,2025-12-08
24241,24241,viewer,2025-11-11
24242,24242,,2025-04-17
24243,24243,viewer,2026-03-01
24244,24244,editor,2025-09-15
24245,24245,editor,2026-03-26
24246,24246,editor,2025-09-11
24247,24247,viewer,2025-08-04
24248,24248,admin,2026-02-07
24249,24249,editor,2025-12-25
24250,24250,viewer,2025-12-24
24251,24251,admin,2025-06-06
24252,24252,viewer,2025-06-18
24253,24253,guest,2025-06-17
24254,24254,,2025-07-22
24255,24255,admin,2025-08-31
24256,24256,unknown,2025-07-30
24257,24257,editor,2025-12-22
24258,24258,viewer,2025-12-14
24259,24259,editor,2025-10-11
24260,24260,unknown,2025-06-16
24261,24261,editor,2025-06-18
24262,24262,viewer,2025-07-10
24263,24263,admin,2025-09-29
24264,24264,editor,2025-04-15
24265,24265,viewer,2025-11-02
24266,24266,,2025-12-28
24267,24267,unknown,2026-01-17
24268,24268,viewer,2026-02-16
24269,24269,editor,2025-12-27
24270,24270,admin,2025-10-12
24271,24271,,2025-06-14
24272,24272,viewer,2025-10-29
24273,24273,editor,2025-06-25
24274,24274,,2025-07-03
24275,24275,viewer,2025-09-10
24276,24276,editor,2025-05-26
24277,24277,viewer,2025-05-28
24278,24278,viewer,2025-09-03
24279,24279,invalid_role,2025-11-06
24280,24280,unknown,2025-07-14
24281,24281,invalid_role,2025-09-07
24282,24282,viewer,2025-11-17
24283,24283,admin,2026-01-04
24284,24284,viewer,2025-10-26
24285,24285,editor,2025-12-06
24286,24286,editor,2025-06-30
24287,24287,editor,2025-06-16
24288,24288,editor,2025-06-01
24289,24289,,2025-08-15
24290,24290,editor,2026-02-05
24291,24291,viewer,2025-12-04
24292,24292,admin,2025-12-06
24293,24293,admin,2025-05-20
24294,24294,viewer,2025-05-13
24295,24295,editor,2025-06-15
24296,24296,viewer,2026-02-15
24297,24297,,2025-09-14
24298,24298,viewer,2025-07-23
24299,24299,viewer,2025-12-13
24300,24300,unknown,2025-04-17
24301,24301,,2025-12-04
24302,24302,editor,2025-05-02
24303,24303,editor,2026-03-18
24304,24304,viewer,2025-08-20
24305,24305,viewer,2025-11-05
24306,24306,viewer,2026-01-28
24307,24307,viewer,2025-07-18
24308,24308,admin,2026-01-16
24309,24309,admin,2025-08-16
24310,24310,editor,2026-01-28
24311,24311,viewer,2026-02-05
24312,24312,guest,2025-11-28
24313,24313,viewer,2025-10-03
24314,24314,admin,2025-05-07
24315,24315,,2025-06-21
24316,24316,editor,2025-07-17
24317,24317,viewer,2025-05-28
24318,24318,admin,2025-09-08
24319,24319,viewer,2025-08-18
24320,24320,viewer,2025-08-02
24321,24321,viewer,2025-06-01
24322,24322,viewer,2025-10-25
24323,24323,viewer,2026-03-18
24324,24324,admin,2025-07-10
24325,24325,admin,2025-10-24
24326,24326,invalid_role,2026-02-26
24327,24327,admin,2026-01-31
24328,24328,viewer,2026-01-19
24329,24329,editor,2026-03-05
24330,24330,editor,2026-02-12
24331,24331,editor,2025-08-05
24332,24332,viewer,2026-01-28
24333,24333,viewer,2025-09-02
24334,24334,admin,2025-06-20
24335,24335,editor,2025-05-18
24336,24336,,2025-08-03
24337,24337,admin,2025-07-10
24338,24338,viewer,2026-01-11
24339,24339,editor,2025-06-21
24340,24340,viewer,2025-10-03
24341,24341,admin,2025-06-12
24342,24342,viewer,2025-11-14
24343,24343,viewer,2026-03-11
24344,24344,viewer,2025-10-14
24345,24345,guest,2025-08-18
24346,24346,viewer,2026-01-08
24347,24347,unknown,2025-04-08
24348,24348,unknown,2025-04-29
24349,24349,editor,2025-09-27
24350,24350,editor,2025-12-19
24351,24351,editor,2025-10-11
24352,24352,viewer,2025-07-22
24353,24353,guest,2025-11-15
24354,24354,viewer,2026-01-10
24355,24355,editor,2025-04-26
24356,24356,,2025-07-07
24357,24357,admin,2025-04-04
24358,24358,viewer,2025-12-09
24359,24359,viewer,2025-08-29
24360,24360,editor,2025-06-11
24361,24361,,2025-07-02
24362,24362,viewer,2026-01-09
24363,24363,editor,2025-10-23
24364,24364,invalid_role,2025-10-29
24365,24365,admin,2025-06-01
24366,24366,,2025-08-04
24367,24367,editor,2025-04-21
24368,24368,admin,2025-10-16
24369,24369,admin,2025-10-08
24370,24370,viewer,2026-03-10
24371,24371,guest,2026-01-09
24372,24372,viewer,2025-12-29
24373,24373,admin,2026-02-10
24374,24374,admin,2025-04-09
24375,24375,unknown,2026-03-07
24376,24376,viewer,2026-03-01
24377,24377,editor,2025-09-01
24378,24378,admin,2025-08-21
24379,24379,admin,2026-01-20
24380,24380,viewer,2026-01-01
24381,24381,editor,2025-05-26
24382,24382,editor,2025-06-12
24383,24383,viewer,2025-09-13
24384,24384,,2026-03-20
24385,24385,admin,2026-03-14
24386,24386,admin,2025-12-26
24387,24387,viewer,2025-06-23
24388,24388,viewer,2026-01-06
24389,24389,viewer,2025-09-04
24390,24390,editor,2025-04-18
24391,24391,editor,2025-06-25
24392,24392,admin,2026-02-15
24393,24393,admin,2025-06-30
24394,24394,,2026-03-29
24395,24395,editor,2025-05-31
24396,24396,viewer,2025-06-05
24397,24397,viewer,2026-02-26
24398,24398,admin,2025-08-27
24399,24399,editor,2026-01-16
24400,24400,viewer,2025-12-12
24401,24401,viewer,2025-04-08
24402,24402,invalid_role,2025-08-07
24403,24403,admin,2026-01-07
24404,24404,,2026-02-12
24405,24405,admin,2025-08-17
24406,24406,editor,2025-10-21
24407,24407,viewer,2025-05-02
24408,24408,viewer,2025-11-24
24409,24409,editor,2025-12-21
24410,24410,admin,2025-07-25
24411,24411,editor,2026-01-11
24412,24412,editor,2026-01-23
24413,24413,unknown,2025-04-12
24414,24414,editor,2025-09-30
24415,24415,admin,2025-07-22
24416,24416,admin,2025-09-29
24417,24417,,2025-04-02
24418,24418,editor,2025-09-04
24419,24419,unknown,2025-09-15
24420,24420,viewer,2025-12-13
24421,24421,viewer,2026-01-08
24422,24422,unknown,2025-04-12
24423,24423,editor,2025-05-07
24424,24424,viewer,2025-12-15
24425,24425,admin,2026-02-23
24426,24426,editor,2025-09-13
24427,24427,viewer,2025-07-23
24428,24428,admin,2025-09-26
24429,24429,admin,2025-12-31
24430,24430,viewer,2025-09-09
24431,24431,viewer,2025-04-17
24432,24432,admin,2025-10-23
24433,24433,admin,2025-12-19
24434,24434,admin,2025-10-09
24435,24435,editor,2026-03-11
24436,24436,editor,2025-04-28
24437,24437,admin,2025-05-03
24438,24438,invalid_role,2026-01-27
24439,24439,admin,2025-10-05
24440,24440,editor,2025-06-13
24441,24441,admin,2025-12-16
24442,24442,guest,2025-05-07
24443,24443,editor,2025-11-04
24444,24444,viewer,2026-01-24
24445,24445,admin,2025-10-09
24446,24446,viewer,2025-10-29
24447,24447,editor,2026-03-16
24448,24448,editor,2026-02-25
24449,24449,viewer,2025-12-07
24450,24450,viewer,2025-04-28
24451,24451,editor,2025-11-03
24452,24452,editor,2025-05-22
24453,24453,viewer,2025-05-17
24454,24454,guest,2025-08-30
24455,24455,,2025-09-18
24456,24456,,2025-07-17
24457,24457,viewer,2026-02-04
24458,24458,admin,2025-11-25
24459,24459,editor,2025-12-14
24460,24460,editor,2025-12-13
24461,24461,editor,2026-01-10
24462,24462,admin,2025-10-20
24463,24463,viewer,2025-09-26
24464,24464,viewer,2026-02-15
24465,24465,admin,2025-07-30
24466,24466,editor,2025-10-31
24467,24467,,2026-01-02
24468,24468,guest,2025-10-08
24469,24469,admin,2025-06-19
24470,24470,,2025-05-30
24471,24471,,2025-05-26
24472,24472,viewer,2025-05-22
24473,24473,admin,2025-05-11
24474,24474,viewer,2025-04-17
24475,24475,editor,2025-09-24
24476,24476,editor,2025-09-12
24477,24477,admin,2026-03-10
24478,24478,viewer,2025-04-18
24479,24479,editor,2025-06-16
24480,24480,admin,2026-03-26
24481,24481,editor,2026-01-21
24482,24482,admin,2025-11-11
24483,24483,editor,2025-10-15
24484,24484,unknown,2025-08-28
24485,24485,admin,2025-04-02
24486,24486,viewer,2025-07-17
24487,24487,admin,2025-12-04
24488,24488,,2025-03-30
24489,24489,,2025-12-13
24490,24490,viewer,2025-08-19
24491,24491,viewer,2025-07-01
24492,24492,editor,2025-09-15
24493,24493,viewer,2025-05-04
24494,24494,admin,2025-07-14
24495,24495,guest,2025-11-02
24496,24496,admin,2026-01-06
24497,24497,admin,2025-08-31
24498,24498,viewer,2025-11-22
24499,24499,editor,2026-03-23
24500,24500,invalid_role,2025-12-09
24501,24501,admin,2025-09-30
24502,24502,admin,2025-10-05
24503,24503,editor,2025-04-14
24504,24504,editor,2025-06-06
24505,24505,editor,2025-04-22
24506,24506,,2025-09-22
24507,24507,editor,2025-09-10
24508,24508,admin,2025-07-17
24509,24509,viewer,2025-07-29
24510,24510,,2026-01-05
24511,24511,admin,2025-07-10
24512,24512,viewer,2025-04-28
24513,24513,unknown,2025-06-03
24514,24514,viewer,2025-07-16
24515,24515,editor,2025-12-12
24516,24516,viewer,2026-03-15
24517,24517,admin,2025-08-28
24518,24518,viewer,2025-10-29
24519,24519,editor,2025-11-16
24520,24520,editor,2026-03-16
24521,24521,editor,2025-04-09
24522,24522,editor,2025-12-29
24523,24523,unknown,2025-07-23
24524,24524,viewer,2025-10-15
24525,24525,editor,2025-10-31
24526,24526,viewer,2025-07-12
24527,24527,,2025-06-23
24528,24528,editor,2026-02-01
24529,24529,guest,2025-12-19
24530,24530,unknown,2025-08-14
24531,24531,editor,2026-01-17
24532,24532,invalid_role,2026-01-11
24533,24533,editor,2026-03-28
24534,24534,editor,2025-10-20
24535,24535,admin,2026-01-04
24536,24536,editor,2025-11-17
24537,24537,viewer,2025-10-22
24538,24538,admin,2025-09-24
24539,24539,viewer,2025-08-15
24540,24540,viewer,2026-01-05
24541,24541,invalid_role,2025-09-01
24542,24542,admin,2025-11-22
24543,24543,editor,2025-06-22
24544,24544,,2025-05-22
24545,24545,editor,2025-05-05
24546,24546,viewer,2025-10-17
24547,24547,unknown,2025-08-03
24548,24548,,2025-08-23
24549,24549,editor,2025-12-11
24550,24550,viewer,2025-08-03
24551,24551,admin,2025-11-27
24552,24552,viewer,2025-12-15
24553,24553,editor,2025-07-23
24554,24554,viewer,2025-04-18
24555,24555,,2025-06-22
24556,24556,admin,2025-10-16
24557,24557,viewer,2026-03-24
24558,24558,unknown,2025-06-01
24559,24559,viewer,2025-12-25
24560,24560,editor,2025-06-13
24561,24561,viewer,2025-06-21
24562,24562,viewer,2026-02-27
24563,24563,viewer,2025-09-16
24564,24564,viewer,2026-01-17
24565,24565,editor,2026-01-17
24566,24566,editor,2025-10-25
24567,24567,viewer,2026-01-19
24568,24568,editor,2025-03-31
24569,24569,admin,2025-10-08
24570,24570,admin,2026-01-11
24571,24571,admin,2025-05-27
24572,24572,editor,2025-04-11
24573,24573,,2025-06-11
24574,24574,,2025-10-09
24575,24575,viewer,2025-07-16
24576,24576,guest,2025-12-09
24577,24577,viewer,2025-10-27
24578,24578,viewer,2025-05-27
24579,24579,editor,2025-08-31
24580,24580,admin,2025-10-29
24581,24581,guest,2026-03-01
24582,24582,invalid_role,2026-03-07
24583,24583,editor,2025-11-13
24584,24584,unknown,2026-03-03
24585,24585,guest,2025-09-20
24586,24586,editor,2025-04-30
24587,24587,,2026-03-04
24588,24588,guest,2025-07-20
24589,24589,admin,2026-03-03
24590,24590,unknown,2025-05-26
24591,24591,admin,2025-12-30
24592,24592,admin,2025-05-01
24593,24593,admin,2026-01-02
24594,24594,invalid_role,2026-01-04
24595,24595,editor,2025-07-30
24596,24596,admin,2025-06-16
24597,24597,admin,2025-06-10
24598,24598,viewer,2025-05-17
24599,24599,admin,2025-09-12
24600,24600,viewer,2025-12-11
24601,24601,unknown,2025-05-05
24602,24602,admin,2025-09-11
24603,24603,editor,2025-05-11
24604,24604,editor,2025-10-12
24605,24605,viewer,2025-08-20
24606,24606,admin,2025-05-01
24607,24607,viewer,2025-04-22
24608,24608,admin,2025-11-17
24609,24609,admin,2025-08-02
24610,24610,admin,2025-05-25
24611,24611,,2025-09-12
24612,24612,viewer,2025-11-23
24613,24613,invalid_role,2025-12-10
24614,24614,viewer,2025-07-03
24615,24615,invalid_role,2025-10-08
24616,24616,editor,2025-06-14
24617,24617,admin,2025-11-28
24618,24618,invalid_role,2025-09-18
24619,24619,guest,2026-01-06
24620,24620,,2025-04-10
24621,24621,editor,2026-03-24
24622,24622,viewer,2026-01-27
24623,24623,admin,2026-03-24
24624,24624,editor,2025-07-25
24625,24625,admin,2025-05-16
24626,24626,unknown,2025-08-24
24627,24627,invalid_role,2025-10-17
24628,24628,admin,2025-04-20
24629,24629,invalid_role,2025-04-16
24630,24630,admin,2025-09-28
24631,24631,,2026-02-22
24632,24632,admin,2025-04-03
24633,24633,editor,2025-06-13
24634,24634,guest,2025-10-10
24635,24635,editor,2025-11-16
24636,24636,admin,2025-08-02
24637,24637,admin,2025-04-06
24638,24638,viewer,2025-12-24
24639,24639,admin,2025-05-14
24640,24640,invalid_role,2026-02-10
24641,24641,admin,2025-05-30
24642,24642,viewer,2026-02-04
24643,24643,admin,2025-10-07
24644,24644,editor,2025-07-16
24645,24645,unknown,2025-11-03
24646,24646,editor,2025-08-29
24647,24647,admin,2026-01-23
24648,24648,viewer,2026-02-28
24649,24649,viewer,2026-01-06
24650,24650,viewer,2025-10-29
24651,24651,viewer,2025-11-23
24652,24652,viewer,2025-10-20
24653,24653,editor,2026-03-23
24654,24654,viewer,2025-09-14
24655,24655,editor,2025-11-16
24656,24656,admin,2026-02-04
24657,24657,viewer,2026-02-18
24658,24658,editor,2026-01-07
24659,24659,admin,2025-10-23
24660,24660,admin,2025-08-01
24661,24661,admin,2025-10-18
24662,24662,,2025-05-01
24663,24663,guest,2025-12-04
24664,24664,admin,2025-07-09
24665,24665,editor,2025-10-10
24666,24666,admin,2025-04-14
24667,24667,editor,2025-11-09
24668,24668,,2026-01-17
24669,24669,editor,2025-11-11
24670,24670,editor,2026-02-20
24671,24671,editor,2025-04-30
24672,24672,editor,2025-06-01
24673,24673,viewer,2025-08-28
24674,24674,,2026-01-16
24675,24675,,2025-07-25
24676,24676,admin,2025-08-17
24677,24677,admin,2025-08-06
24678,24678,viewer,2025-09-25
24679,24679,editor,2025-08-22
24680,24680,editor,2025-04-22
24681,24681,,2025-08-20
24682,24682,viewer,2025-07-03
24683,24683,editor,2025-04-15
24684,24684,editor,2026-01-10
24685,24685,viewer,2025-09-07
24686,24686,admin,2025-11-16
24687,24687,invalid_role,2025-08-12
24688,24688,editor,2025-12-11
24689,24689,viewer,2025-12-22
24690,24690,editor,2026-02-20
24691,24691,viewer,2025-04-18
24692,24692,editor,2025-11-20
24693,24693,editor,2026-03-13
24694,24694,admin,2025-10-25
24695,24695,admin,2026-01-27
24696,24696,editor,2026-03-26
24697,24697,viewer,2025-07-08
24698,24698,viewer,2025-08-19
24699,24699,admin,2025-05-01
24700,24700,admin,2025-07-18
24701,24701,viewer,2025-12-03
24702,24702,admin,2026-02-01
24703,24703,,2025-12-11
24704,24704,admin,2025-06-12
24705,24705,viewer,2025-09-06
24706,24706,guest,2025-07-16
24707,24707,guest,2025-11-14
24708,24708,admin,2026-01-31
24709,24709,viewer,2025-05-08
24710,24710,viewer,2025-05-25
24711,24711,admin,2025-05-21
24712,24712,admin,2026-03-16
24713,24713,admin,2025-11-09
24714,24714,admin,2025-04-17
24715,24715,admin,2025-10-16
24716,24716,,2025-07-31
24717,24717,admin,2025-10-05
24718,24718,admin,2025-06-24
24719,24719,viewer,2026-02-14
24720,24720,unknown,2025-09-22
24721,24721,,2025-07-26
24722,24722,unknown,2025-07-21
24723,24723,viewer,2026-01-06
24724,24724,editor,2026-01-09
24725,24725,,2025-07-06
24726,24726,admin,2025-08-28
24727,24727,editor,2025-10-19
24728,24728,,2026-02-15
24729,24729,editor,2025-12-24
24730,24730,admin,2026-01-13
24731,24731,unknown,2026-03-03
24732,24732,viewer,2025-11-13
24733,24733,viewer,2026-01-24
24734,24734,viewer,2025-09-15
24735,24735,editor,2025-04-07
24736,24736,editor,2025-12-08
24737,24737,viewer,2025-04-28
24738,24738,admin,2025-09-16
24739,24739,editor,2025-05-22
24740,24740,viewer,2025-10-09
24741,24741,editor,2026-01-24
24742,24742,admin,2025-11-30
24743,24743,admin,2026-01-22
24744,24744,unknown,2026-03-14
24745,24745,viewer,2025-06-22
24746,24746,,2025-08-31
24747,24747,admin,2025-08-30
24748,24748,viewer,2026-03-16
24749,24749,admin,2026-03-11
24750,24750,admin,2025-04-10
24751,24751,admin,2025-05-18
24752,24752,viewer,2025-06-04
24753,24753,admin,2025-06-22
24754,24754,viewer,2025-10-10
24755,24755,editor,2025-07-29
24756,24756,admin,2025-10-04
24757,24757,editor,2025-07-23
24758,24758,viewer,2026-02-04
24759,24759,admin,2025-08-15
24760,24760,invalid_role,2025-10-11
24761,24761,admin,2026-03-03
24762,24762,admin,2025-08-09
24763,24763,,2026-01-05
24764,24764,editor,2025-06-26
24765,24765,editor,2025-05-14
24766,24766,viewer,2026-02-04
24767,24767,guest,2025-07-10
24768,24768,,2026-01-19
24769,24769,editor,2025-09-29
24770,24770,invalid_role,2025-07-17
24771,24771,,2026-02-11
24772,24772,editor,2025-09-24
24773,24773,editor,2025-09-03
24774,24774,editor,2025-12-15
24775,24775,editor,2025-04-17
24776,24776,,2026-03-17
24777,24777,admin,2025-10-05
24778,24778,viewer,2026-03-13
24779,24779,editor,2025-05-19
24780,24780,admin,2025-09-22
24781,24781,admin,2025-05-17
24782,24782,admin,2025-12-30
24783,24783,admin,2026-01-20
24784,24784,editor,2026-03-17
24785,24785,,2025-06-13
24786,24786,editor,2026-02-19
24787,24787,admin,2025-12-30
24788,24788,admin,2026-02-09
24789,24789,viewer,2025-12-21
24790,24790,editor,2025-07-07
24791,24791,admin,2025-10-06
24792,24792,unknown,2025-07-12
24793,24793,,2026-01-30
24794,24794,editor,2026-02-24
24795,24795,editor,2025-08-28
24796,24796,viewer,2025-04-26
24797,24797,viewer,2026-03-12
24798,24798,,2025-08-25
24799,24799,,2026-03-29
24800,24800,viewer,2026-03-04
24801,24801,editor,2025-11-09
24802,24802,editor,2026-02-21
24803,24803,editor,2025-11-11
24804,24804,admin,2025-10-30
24805,24805,editor,2026-01-14
24806,24806,viewer,2025-05-30
24807,24807,invalid_role,2025-12-18
24808,24808,editor,2026-02-08
24809,24809,guest,2026-01-07
24810,24810,admin,2026-01-01
24811,24811,viewer,2025-12-06
24812,24812,admin,2025-06-22
24813,24813,viewer,2025-09-02
24814,24814,viewer,2025-12-08
24815,24815,viewer,2026-01-10
24816,24816,viewer,2026-02-25
24817,24817,viewer,2025-07-27
24818,24818,guest,2025-07-05
24819,24819,invalid_role,2026-03-06
24820,24820,admin,2025-11-06
24821,24821,editor,2025-05-07
24822,24822,editor,2025-04-06
24823,24823,viewer,2025-05-09
24824,24824,viewer,2025-06-21
24825,24825,admin,2025-09-20
24826,24826,unknown,2026-01-05
24827,24827,viewer,2025-08-27
24828,24828,admin,2025-05-09
24829,24829,admin,2026-02-10
24830,24830,editor,2026-02-09
24831,24831,guest,2025-12-21
24832,24832,admin,2025-09-05
24833,24833,viewer,2025-09-19
24834,24834,unknown,2025-06-14
24835,24835,viewer,2025-11-17
24836,24836,admin,2025-12-07
24837,24837,viewer,2025-07-06
24838,24838,viewer,2025-07-28
24839,24839,viewer,2025-06-10
24840,24840,viewer,2025-09-21
24841,24841,admin,2025-05-23
24842,24842,viewer,2026-01-23
24843,24843,editor,2026-03-26
24844,24844,viewer,2026-01-22
24845,24845,viewer,2025-03-30
24846,24846,,2025-11-10
24847,24847,editor,2026-03-25
24848,24848,editor,2025-12-27
24849,24849,admin,2025-12-07
24850,24850,viewer,2025-10-23
24851,24851,admin,2025-11-06
24852,24852,viewer,2026-03-20
24853,24853,viewer,2025-06-12
24854,24854,editor,2025-06-29
24855,24855,viewer,2026-01-23
24856,24856,,2025-12-28
24857,24857,editor,2025-05-14
24858,24858,viewer,2026-03-18
24859,24859,admin,2025-10-09
24860,24860,editor,2025-12-02
24861,24861,guest,2025-05-08
24862,24862,editor,2025-05-16
24863,24863,admin,2025-11-14
24864,24864,editor,2025-07-30
24865,24865,editor,2025-06-25
24866,24866,viewer,2025-06-26
24867,24867,invalid_role,2025-06-05
24868,24868,viewer,2025-04-21
24869,24869,,2025-12-22
24870,24870,viewer,2025-07-23
24871,24871,,2025-09-29
24872,24872,viewer,2025-09-04
24873,24873,editor,2025-08-15
24874,24874,admin,2025-11-16
24875,24875,viewer,2026-02-06
24876,24876,guest,2025-04-21
24877,24877,viewer,2026-01-11
24878,24878,editor,2025-12-11
24879,24879,,2025-10-16
24880,24880,editor,2025-12-30
24881,24881,editor,2025-07-10
24882,24882,admin,2025-10-17
24883,24883,admin,2025-04-28
24884,24884,admin,2026-01-02
24885,24885,admin,2026-03-17
24886,24886,editor,2025-06-19
24887,24887,admin,2025-12-09
24888,24888,editor,2026-01-17
24889,24889,,2026-03-01
24890,24890,viewer,2026-01-09
24891,24891,admin,2025-09-25
24892,24892,viewer,2025-11-24
24893,24893,admin,2026-01-05
24894,24894,admin,2026-02-26
24895,24895,admin,2025-07-31
24896,24896,viewer,2025-04-24
24897,24897,editor,2026-02-09
24898,24898,admin,2025-12-30
24899,24899,,2025-12-17
24900,24900,,2025-07-23
24901,24901,viewer,2025-09-25
24902,24902,invalid_role,2025-12-07
24903,24903,admin,2025-08-21
24904,24904,admin,2025-10-22
24905,24905,admin,2026-02-16
24906,24906,unknown,2025-05-09
24907,24907,editor,2026-03-26
24908,24908,admin,2026-01-08
24909,24909,viewer,2026-01-01
24910,24910,editor,2025-04-20
24911,24911,invalid_role,2025-05-19
24912,24912,viewer,2025-10-25
24913,24913,,2025-07-03
24914,24914,,2025-04-10
24915,24915,editor,2025-11-23
24916,24916,admin,2025-06-15
24917,24917,editor,2025-11-30
24918,24918,editor,2025-07-20
24919,24919,editor,2025-09-04
24920,24920,guest,2025-07-02
24921,24921,editor,2025-05-07
24922,24922,viewer,2026-03-20
24923,24923,viewer,2025-11-28
24924,24924,admin,2025-04-30
24925,24925,admin,2025-04-26
24926,24926,viewer,2025-09-19
24927,24927,,2025-05-16
24928,24928,editor,2025-04-02
24929,24929,editor,2025-11-17
24930,24930,admin,2025-08-30
24931,24931,invalid_role,2025-10-23
24932,24932,admin,2025-08-04
24933,24933,editor,2025-09-04
24934,24934,editor,2025-05-06
24935,24935,viewer,2025-11-19
24936,24936,viewer,2025-08-30
24937,24937,viewer,2025-04-10
24938,24938,admin,2026-02-01
24939,24939,viewer,2025-11-08
24940,24940,admin,2026-01-08
24941,24941,editor,2025-10-01
24942,24942,editor,2025-12-08
24943,24943,,2026-03-10
24944,24944,editor,2025-08-08
24945,24945,admin,2025-08-17
24946,24946,admin,2025-10-03
24947,24947,,2025-07-08
24948,24948,invalid_role,2025-05-01
24949,24949,viewer,2025-12-26
24950,24950,admin,2025-08-16
24951,24951,guest,2026-03-19
24952,24952,viewer,2025-12-19
24953,24953,viewer,2025-08-12
24954,24954,viewer,2025-12-10
24955,24955,viewer,2025-05-06
24956,24956,admin,2026-03-22
24957,24957,editor,2025-11-18
24958,24958,,2025-08-25
24959,24959,guest,2025-09-27
24960,24960,editor,2025-08-30
24961,24961,admin,2025-05-01
24962,24962,admin,2025-09-12
24963,24963,admin,2025-11-26
24964,24964,editor,2025-08-21
24965,24965,,2026-02-24
24966,24966,unknown,2026-02-27
24967,24967,editor,2025-12-09
24968,24968,admin,2025-05-06
24969,24969,admin,2025-10-07
24970,24970,admin,2025-05-23
24971,24971,admin,2025-04-04
24972,24972,editor,2025-06-08
24973,24973,,2025-12-31
24974,24974,editor,2026-02-20
24975,24975,viewer,2025-05-24
24976,24976,viewer,2025-10-01
24977,24977,invalid_role,2025-04-09
24978,24978,viewer,2025-05-30
24979,24979,viewer,2025-06-19
24980,24980,admin,2025-11-30
24981,24981,admin,2025-05-09
24982,24982,admin,2026-03-21
24983,24983,admin,2025-07-29
24984,24984,unknown,2025-12-13
24985,24985,admin,2026-02-13
24986,24986,viewer,2025-07-23
24987,24987,editor,2025-09-07
24988,24988,editor,2025-08-14
24989,24989,viewer,2025-07-30
24990,24990,unknown,2025-12-06
24991,24991,editor,2025-07-06
24992,24992,unknown,2026-01-31
24993,24993,admin,2025-09-20
24994,24994,admin,2025-08-23
24995,24995,invalid_role,2025-10-17
24996,24996,editor,2025-07-30
24997,24997,guest,2025-05-08
24998,24998,admin,2025-04-05
24999,24999,viewer,2026-01-06
25000,25000,viewer,2026-03-04
25001,25001,,2025-04-27
25002,25002,admin,2025-06-28
25003,25003,admin,2026-03-10
25004,25004,editor,2025-09-15
25005,25005,,2025-12-31
25006,25006,admin,2025-10-11
25007,25007,admin,2025-12-31
25008,25008,editor,2025-08-26
25009,25009,admin,2025-05-24
25010,25010,admin,2026-03-09
25011,25011,viewer,2025-07-28
25012,25012,admin,2025-07-16
25013,25013,admin,2025-11-10
25014,25014,viewer,2025-05-30
25015,25015,viewer,2025-06-29
25016,25016,guest,2025-10-04
25017,25017,admin,2026-01-24
25018,25018,admin,2026-03-19
25019,25019,,2025-04-05
25020,25020,viewer,2025-09-21
25021,25021,,2026-03-24
25022,25022,admin,2026-03-03
25023,25023,guest,2025-11-21
25024,25024,admin,2026-02-08
25025,25025,guest,2025-05-17
25026,25026,admin,2026-02-17
25027,25027,viewer,2025-12-04
25028,25028,unknown,2026-01-13
25029,25029,viewer,2025-07-04
25030,25030,viewer,2026-03-15
25031,25031,editor,2025-10-10
25032,25032,editor,2026-02-21
25033,25033,admin,2025-11-21
25034,25034,,2026-02-12
25035,25035,unknown,2025-05-14
25036,25036,viewer,2025-04-18
25037,25037,,2025-10-10
25038,25038,admin,2025-08-22
25039,25039,admin,2025-05-10
25040,25040,editor,2025-09-14
25041,25041,editor,2026-02-06
25042,25042,viewer,2025-04-21
25043,25043,viewer,2025-07-14
25044,25044,viewer,2025-06-29
25045,25045,editor,2025-10-01
25046,25046,viewer,2025-07-24
25047,25047,viewer,2025-07-22
25048,25048,editor,2025-12-13
25049,25049,editor,2025-11-20
25050,25050,admin,2025-12-27
25051,25051,editor,2025-10-16
25052,25052,admin,2025-06-21
25053,25053,viewer,2025-03-31
25054,25054,editor,2025-09-29
25055,25055,,2025-12-10
25056,25056,viewer,2025-11-03
25057,25057,viewer,2025-09-25
25058,25058,admin,2025-04-09
25059,25059,admin,2026-02-20
25060,25060,admin,2025-12-02
25061,25061,admin,2026-01-23
25062,25062,admin,2025-05-15
25063,25063,viewer,2026-03-19
25064,25064,viewer,2025-07-27
25065,25065,viewer,2025-04-26
25066,25066,viewer,2025-12-14
25067,25067,guest,2025-09-10
25068,25068,editor,2025-12-22
25069,25069,editor,2025-08-26
25070,25070,viewer,2026-01-17
25071,25071,editor,2025-10-04
25072,25072,viewer,2026-02-14
25073,25073,editor,2025-07-22
25074,25074,editor,2025-10-20
25075,25075,viewer,2025-05-21
25076,25076,admin,2025-07-15
25077,25077,invalid_role,2025-09-08
25078,25078,editor,2025-10-23
25079,25079,invalid_role,2025-05-31
25080,25080,editor,2025-12-09
25081,25081,,2025-11-07
25082,25082,,2026-01-17
25083,25083,admin,2025-11-09
25084,25084,invalid_role,2025-10-06
25085,25085,admin,2025-03-30
25086,25086,viewer,2025-07-14
25087,25087,editor,2026-01-07
25088,25088,viewer,2026-02-17
25089,25089,guest,2025-09-30
25090,25090,guest,2025-09-15
25091,25091,viewer,2025-06-08
25092,25092,viewer,2025-08-11
25093,25093,editor,2025-11-12
25094,25094,admin,2025-11-04
25095,25095,viewer,2026-02-21
25096,25096,,2026-01-20
25097,25097,admin,2025-11-21
25098,25098,admin,2025-07-18
25099,25099,viewer,2026-02-07
25100,25100,viewer,2026-02-05
25101,25101,invalid_role,2026-03-09
25102,25102,,2026-02-16
25103,25103,admin,2026-02-13
25104,25104,admin,2025-12-05
25105,25105,viewer,2025-06-24
25106,25106,editor,2025-04-10
25107,25107,viewer,2026-01-26
25108,25108,admin,2025-08-03
25109,25109,admin,2025-07-04
25110,25110,admin,2025-11-26
25111,25111,admin,2025-09-02
25112,25112,editor,2025-09-14
25113,25113,,2025-06-11
25114,25114,,2025-07-24
25115,25115,editor,2025-08-20
25116,25116,,2025-08-09
25117,25117,,2026-01-23
25118,25118,viewer,2025-07-11
25119,25119,admin,2025-07-02
25120,25120,editor,2026-01-23
25121,25121,viewer,2026-01-11
25122,25122,editor,2025-07-31
25123,25123,viewer,2025-11-01
25124,25124,viewer,2025-07-17
25125,25125,viewer,2025-05-05
25126,25126,viewer,2026-03-25
25127,25127,,2025-11-03
25128,25128,,2025-09-11
25129,25129,viewer,2026-03-19
25130,25130,editor,2025-07-23
25131,25131,admin,2026-02-24
25132,25132,admin,2025-12-16
25133,25133,admin,2025-09-26
25134,25134,viewer,2025-09-10
25135,25135,unknown,2025-04-19
25136,25136,editor,2026-03-24
25137,25137,viewer,2026-03-12
25138,25138,admin,2025-05-10
25139,25139,editor,2025-11-30
25140,25140,admin,2025-06-26
25141,25141,viewer,2025-05-15
25142,25142,viewer,2025-09-03
25143,25143,editor,2025-06-07
25144,25144,viewer,2026-03-07
25145,25145,editor,2025-06-26
25146,25146,viewer,2026-02-26
25147,25147,editor,2025-08-10
25148,25148,,2025-08-31
25149,25149,editor,2025-12-23
25150,25150,admin,2025-06-17
25151,25151,viewer,2025-07-14
25152,25152,admin,2025-05-12
25153,25153,admin,2026-03-13
25154,25154,editor,2025-09-14
25155,25155,,2025-09-19
25156,25156,viewer,2025-04-04
25157,25157,editor,2025-11-15
25158,25158,admin,2026-01-07
25159,25159,editor,2025-03-30
25160,25160,admin,2026-03-26
25161,25161,admin,2026-03-15
25162,25162,admin,2025-06-08
25163,25163,editor,2025-05-12
25164,25164,admin,2025-04-16
25165,25165,editor,2025-08-18
25166,25166,admin,2025-07-27
25167,25167,viewer,2025-12-02
25168,25168,admin,2025-06-14
25169,25169,editor,2025-08-25
25170,25170,viewer,2025-09-22
25171,25171,editor,2025-05-25
25172,25172,viewer,2025-04-18
25173,25173,viewer,2026-02-03
25174,25174,guest,2025-12-20
25175,25175,viewer,2025-12-21
25176,25176,viewer,2025-08-22
25177,25177,viewer,2026-02-19
25178,25178,viewer,2026-01-10
25179,25179,editor,2026-02-21
25180,25180,viewer,2025-12-11
25181,25181,viewer,2025-04-29
25182,25182,admin,2025-11-06
25183,25183,admin,2026-02-24
25184,25184,unknown,2025-08-24
25185,25185,,2025-12-14
25186,25186,unknown,2025-07-18
25187,25187,viewer,2025-09-27
25188,25188,,2026-03-14
25189,25189,,2025-08-11
25190,25190,viewer,2025-11-20
25191,25191,editor,2026-01-22
25192,25192,editor,2025-06-11
25193,25193,invalid_role,2025-04-30
25194,25194,viewer,2026-01-03
25195,25195,viewer,2025-04-02
25196,25196,editor,2026-01-05
25197,25197,editor,2026-03-14
25198,25198,admin,2026-02-24
25199,25199,admin,2025-09-28
25200,25200,editor,2025-06-26
25201,25201,editor,2025-08-24
25202,25202,unknown,2025-05-06
25203,25203,guest,2026-02-05
25204,25204,viewer,2025-12-12
25205,25205,editor,2025-10-10
25206,25206,,2026-01-01
25207,25207,guest,2025-05-07
25208,25208,editor,2025-10-28
25209,25209,viewer,2026-01-02
25210,25210,,2025-10-07
25211,25211,editor,2025-11-08
25212,25212,viewer,2025-04-04
25213,25213,admin,2026-03-21
25214,25214,viewer,2026-03-24
25215,25215,viewer,2025-05-04
25216,25216,admin,2025-09-09
25217,25217,admin,2025-08-08
25218,25218,admin,2026-01-04
25219,25219,viewer,2025-10-01
25220,25220,editor,2026-01-24
25221,25221,,2025-10-03
25222,25222,guest,2025-05-17
25223,25223,editor,2025-09-12
25224,25224,guest,2025-04-01
25225,25225,unknown,2025-10-08
25226,25226,,2025-07-02
25227,25227,editor,2025-11-19
25228,25228,,2025-05-03
25229,25229,editor,2026-03-28
25230,25230,guest,2025-11-28
25231,25231,unknown,2025-09-22
25232,25232,editor,2025-08-04
25233,25233,viewer,2025-11-08
25234,25234,viewer,2025-06-07
25235,25235,viewer,2025-04-07
25236,25236,viewer,2025-11-18
25237,25237,,2025-04-25
25238,25238,editor,2026-02-06
25239,25239,admin,2025-04-07
25240,25240,,2026-03-15
25241,25241,editor,2025-04-03
25242,25242,viewer,2025-06-27
25243,25243,viewer,2025-12-20
25244,25244,viewer,2025-10-05
25245,25245,admin,2025-10-14
25246,25246,editor,2025-07-17
25247,25247,admin,2025-12-10
25248,25248,admin,2025-06-16
25249,25249,viewer,2026-01-19
25250,25250,,2025-11-03
25251,25251,editor,2026-01-03
25252,25252,editor,2026-02-21
25253,25253,admin,2025-10-08
25254,25254,viewer,2026-02-21
25255,25255,editor,2025-12-22
25256,25256,editor,2025-11-29
25257,25257,viewer,2026-03-11
25258,25258,admin,2025-10-27
25259,25259,,2025-09-14
25260,25260,editor,2026-01-06
25261,25261,viewer,2025-07-26
25262,25262,editor,2025-06-15
25263,25263,admin,2025-10-26
25264,25264,viewer,2025-09-01
25265,25265,admin,2025-10-25
25266,25266,viewer,2025-10-24
25267,25267,viewer,2026-02-24
25268,25268,guest,2025-06-14
25269,25269,viewer,2025-06-30
25270,25270,viewer,2025-10-14
25271,25271,viewer,2025-04-27
25272,25272,editor,2025-09-26
25273,25273,invalid_role,2026-03-24
25274,25274,editor,2025-07-27
25275,25275,editor,2025-06-10
25276,25276,editor,2025-07-13
25277,25277,editor,2025-04-08
25278,25278,admin,2025-11-04
25279,25279,unknown,2026-02-24
25280,25280,admin,2025-05-22
25281,25281,admin,2025-05-29
25282,25282,admin,2026-01-30
25283,25283,viewer,2025-06-02
25284,25284,viewer,2025-11-04
25285,25285,editor,2025-08-07
25286,25286,admin,2025-04-14
25287,25287,admin,2025-09-18
25288,25288,editor,2025-09-03
25289,25289,viewer,2025-05-18
25290,25290,viewer,2026-03-08
25291,25291,editor,2025-11-22
25292,25292,guest,2025-08-31
25293,25293,editor,2025-10-29
25294,25294,editor,2025-11-04
25295,25295,viewer,2025-09-14
25296,25296,viewer,2025-08-11
25297,25297,admin,2026-02-26
25298,25298,admin,2025-12-13
25299,25299,admin,2025-04-08
25300,25300,admin,2026-03-13
25301,25301,viewer,2025-04-07
25302,25302,unknown,2026-01-27
25303,25303,viewer,2025-11-15
25304,25304,invalid_role,2025-12-28
25305,25305,admin,2026-01-22
25306,25306,guest,2025-05-27
25307,25307,admin,2025-10-13
25308,25308,admin,2026-02-03
25309,25309,admin,2025-11-02
25310,25310,viewer,2025-08-18
25311,25311,editor,2025-04-24
25312,25312,admin,2026-02-04
25313,25313,admin,2025-12-11
25314,25314,unknown,2025-09-06
25315,25315,editor,2025-07-25
25316,25316,,2025-11-09
25317,25317,viewer,2026-03-17
25318,25318,admin,2025-12-20
25319,25319,viewer,2025-07-17
25320,25320,admin,2025-04-03
25321,25321,admin,2026-01-02
25322,25322,admin,2025-12-02
25323,25323,editor,2026-01-03
25324,25324,,2025-06-25
25325,25325,editor,2025-12-22
25326,25326,admin,2025-11-18
25327,25327,admin,2026-02-22
25328,25328,editor,2025-10-07
25329,25329,admin,2026-03-03
25330,25330,admin,2026-02-25
25331,25331,viewer,2026-02-26
25332,25332,editor,2025-12-23
25333,25333,editor,2026-03-26
25334,25334,,2025-05-25
25335,25335,editor,2026-03-04
25336,25336,admin,2025-10-19
25337,25337,admin,2025-06-17
25338,25338,editor,2026-02-27
25339,25339,admin,2026-03-27
25340,25340,admin,2025-05-03
25341,25341,unknown,2025-11-11
25342,25342,editor,2025-04-24
25343,25343,admin,2025-10-07
25344,25344,viewer,2025-04-24
25345,25345,editor,2025-12-09
25346,25346,,2025-12-09
25347,25347,admin,2025-06-16
25348,25348,invalid_role,2026-03-10
25349,25349,editor,2025-12-01
25350,25350,admin,2025-05-11
25351,25351,editor,2025-07-06
25352,25352,,2025-06-15
25353,25353,admin,2026-02-27
25354,25354,invalid_role,2025-04-08
25355,25355,editor,2026-01-13
25356,25356,editor,2026-01-08
25357,25357,unknown,2025-04-16
25358,25358,admin,2026-03-03
25359,25359,admin,2025-04-07
25360,25360,editor,2026-03-26
25361,25361,guest,2026-01-16
25362,25362,editor,2026-02-16
25363,25363,editor,2025-05-25
25364,25364,editor,2025-09-17
25365,25365,editor,2025-10-16
25366,25366,admin,2026-01-28
25367,25367,guest,2025-09-15
25368,25368,guest,2025-12-19
25369,25369,viewer,2025-10-09
25370,25370,viewer,2025-07-17
25371,25371,admin,2026-03-23
25372,25372,editor,2025-10-07
25373,25373,viewer,2025-12-26
25374,25374,viewer,2025-10-22
25375,25375,editor,2025-04-29
25376,25376,admin,2025-11-14
25377,25377,viewer,2026-02-25
25378,25378,viewer,2025-04-15
25379,25379,admin,2025-10-01
25380,25380,viewer,2026-02-15
25381,25381,invalid_role,2026-03-02
25382,25382,guest,2025-09-05
25383,25383,admin,2026-02-11
25384,25384,admin,2025-11-26
25385,25385,editor,2025-07-04
25386,25386,admin,2025-07-13
25387,25387,viewer,2025-07-22
25388,25388,viewer,2025-10-15
25389,25389,viewer,2026-03-01
25390,25390,,2025-04-16
25391,25391,editor,2026-01-12
25392,25392,unknown,2025-10-18
25393,25393,viewer,2025-04-12
25394,25394,editor,2025-08-03
25395,25395,editor,2025-10-24
25396,25396,viewer,2025-10-26
25397,25397,invalid_role,2026-01-23
25398,25398,viewer,2025-11-30
25399,25399,admin,2025-07-08
25400,25400,viewer,2025-06-08
25401,25401,,2025-04-01
25402,25402,admin,2025-05-26
25403,25403,editor,2026-03-01
25404,25404,viewer,2025-12-25
25405,25405,admin,2025-07-06
25406,25406,viewer,2025-04-26
25407,25407,,2025-04-21
25408,25408,,2026-02-19
25409,25409,viewer,2025-10-13
25410,25410,admin,2026-03-20
25411,25411,,2025-07-01
25412,25412,admin,2025-11-06
25413,25413,viewer,2025-08-07
25414,25414,admin,2025-11-19
25415,25415,viewer,2026-03-23
25416,25416,unknown,2025-06-23
25417,25417,,2025-07-04
25418,25418,viewer,2025-07-04
25419,25419,viewer,2026-01-17
25420,25420,admin,2025-06-28
25421,25421,,2025-04-23
25422,25422,admin,2025-04-01
25423,25423,admin,2025-12-10
25424,25424,viewer,2025-08-05
25425,25425,viewer,2025-04-18
25426,25426,editor,2025-10-22
25427,25427,editor,2026-03-12
25428,25428,unknown,2025-11-11
25429,25429,admin,2025-10-29
25430,25430,viewer,2025-11-15
25431,25431,,2025-06-03
25432,25432,admin,2026-02-22
25433,25433,,2025-07-09
25434,25434,editor,2025-09-24
25435,25435,editor,2025-05-27
25436,25436,editor,2025-06-25
25437,25437,editor,2025-10-15
25438,25438,editor,2025-11-30
25439,25439,viewer,2025-12-06
25440,25440,viewer,2025-05-11
25441,25441,viewer,2025-07-29
25442,25442,viewer,2025-06-16
25443,25443,editor,2025-04-27
25444,25444,guest,2026-01-06
25445,25445,admin,2025-07-01
25446,25446,admin,2025-10-12
25447,25447,viewer,2025-08-26
25448,25448,viewer,2025-12-15
25449,25449,editor,2025-11-11
25450,25450,editor,2026-02-06
25451,25451,admin,2025-08-05
25452,25452,editor,2025-05-11
25453,25453,editor,2025-12-04
25454,25454,viewer,2026-01-28
25455,25455,editor,2025-07-15
25456,25456,viewer,2025-11-03
25457,25457,admin,2025-09-20
25458,25458,viewer,2025-12-02
25459,25459,admin,2025-05-31
25460,25460,admin,2025-07-18
25461,25461,admin,2025-12-18
25462,25462,guest,2025-05-17
25463,25463,invalid_role,2025-11-20
25464,25464,guest,2025-08-20
25465,25465,viewer,2025-07-30
25466,25466,editor,2026-01-27
25467,25467,unknown,2025-05-08
25468,25468,viewer,2025-11-15
25469,25469,viewer,2025-12-22
25470,25470,viewer,2025-05-21
25471,25471,viewer,2025-05-10
25472,25472,editor,2025-09-10
25473,25473,admin,2025-12-03
25474,25474,editor,2026-01-04
25475,25475,editor,2025-06-18
25476,25476,guest,2025-11-23
25477,25477,editor,2025-06-12
25478,25478,editor,2025-11-26
25479,25479,editor,2025-12-25
25480,25480,editor,2025-10-28
25481,25481,admin,2025-08-27
25482,25482,admin,2025-07-03
25483,25483,,2025-11-18
25484,25484,editor,2025-06-17
25485,25485,editor,2025-07-27
25486,25486,viewer,2025-06-30
25487,25487,admin,2025-12-02
25488,25488,editor,2025-04-23
25489,25489,viewer,2026-02-21
25490,25490,editor,2025-09-23
25491,25491,editor,2026-01-02
25492,25492,editor,2026-03-18
25493,25493,editor,2025-05-09
25494,25494,guest,2025-09-17
25495,25495,viewer,2025-10-18
25496,25496,viewer,2025-12-20
25497,25497,,2025-07-22
25498,25498,admin,2025-08-15
25499,25499,guest,2025-11-06
25500,25500,,2026-03-03
25501,25501,viewer,2025-12-14
25502,25502,viewer,2025-08-21
25503,25503,viewer,2025-09-03
25504,25504,admin,2026-01-27
25505,25505,editor,2025-08-15
25506,25506,editor,2026-02-07
25507,25507,viewer,2026-03-09
25508,25508,admin,2026-02-25
25509,25509,admin,2026-03-17
25510,25510,admin,2026-02-17
25511,25511,viewer,2025-11-07
25512,25512,editor,2025-10-15
25513,25513,viewer,2025-10-10
25514,25514,viewer,2026-01-26
25515,25515,viewer,2025-08-12
25516,25516,editor,2025-06-30
25517,25517,admin,2026-02-08
25518,25518,guest,2025-11-25
25519,25519,editor,2025-03-31
25520,25520,unknown,2025-06-02
25521,25521,viewer,2025-05-10
25522,25522,admin,2026-01-01
25523,25523,admin,2025-07-18
25524,25524,admin,2025-07-24
25525,25525,viewer,2025-08-28
25526,25526,editor,2026-01-07
25527,25527,admin,2026-01-09
25528,25528,viewer,2026-01-07
25529,25529,admin,2025-05-10
25530,25530,editor,2026-03-22
25531,25531,editor,2026-03-06
25532,25532,,2025-11-07
25533,25533,editor,2025-11-14
25534,25534,editor,2025-11-14
25535,25535,editor,2026-02-06
25536,25536,admin,2025-06-25
25537,25537,admin,2026-01-20
25538,25538,invalid_role,2025-07-02
25539,25539,admin,2026-02-05
25540,25540,editor,2026-02-06
25541,25541,editor,2025-04-06
25542,25542,viewer,2025-06-20
25543,25543,editor,2025-11-12
25544,25544,admin,2026-02-07
25545,25545,editor,2025-06-13
25546,25546,guest,2025-12-09
25547,25547,admin,2025-10-24
25548,25548,viewer,2026-02-06
25549,25549,,2025-12-15
25550,25550,editor,2025-09-05
25551,25551,,2025-05-17
25552,25552,editor,2025-12-30
25553,25553,admin,2026-02-04
25554,25554,editor,2026-02-19
25555,25555,editor,2025-11-20
25556,25556,editor,2025-08-06
25557,25557,editor,2025-11-19
25558,25558,editor,2025-10-25
25559,25559,editor,2025-07-25
25560,25560,invalid_role,2025-04-25
25561,25561,editor,2025-08-11
25562,25562,editor,2025-04-21
25563,25563,editor,2025-12-11
25564,25564,admin,2025-08-10
25565,25565,editor,2025-06-25
25566,25566,editor,2026-03-24
25567,25567,editor,2025-05-28
25568,25568,admin,2025-10-26
25569,25569,unknown,2025-12-02
25570,25570,admin,2025-11-02
25571,25571,editor,2025-09-26
25572,25572,admin,2026-03-14
25573,25573,,2025-10-31
25574,25574,unknown,2025-12-17
25575,25575,admin,2025-07-04
25576,25576,guest,2025-07-24
25577,25577,unknown,2026-02-02
25578,25578,,2025-04-12
25579,25579,viewer,2025-10-26
25580,25580,viewer,2025-08-27
25581,25581,editor,2025-07-31
25582,25582,,2025-07-19
25583,25583,admin,2025-10-26
25584,25584,,2025-06-16
25585,25585,editor,2025-09-13
25586,25586,viewer,2026-01-20
25587,25587,admin,2025-05-06
25588,25588,admin,2025-05-05
25589,25589,editor,2026-01-24
25590,25590,viewer,2025-08-27
25591,25591,editor,2025-06-14
25592,25592,unknown,2025-12-29
25593,25593,editor,2025-09-08
25594,25594,unknown,2025-09-13
25595,25595,admin,2026-01-24
25596,25596,viewer,2026-02-02
25597,25597,admin,2025-07-04
25598,25598,admin,2026-02-19
25599,25599,admin,2025-11-08
25600,25600,editor,2026-03-19
25601,25601,unknown,2025-09-17
25602,25602,viewer,2026-01-18
25603,25603,admin,2025-04-12
25604,25604,editor,2025-10-04
25605,25605,,2025-07-20
25606,25606,,2025-10-12
25607,25607,editor,2026-03-28
25608,25608,editor,2025-12-09
25609,25609,admin,2025-05-08
25610,25610,viewer,2025-10-12
25611,25611,editor,2025-08-16
25612,25612,editor,2025-12-22
25613,25613,editor,2025-06-29
25614,25614,admin,2025-04-17
25615,25615,editor,2025-09-21
25616,25616,viewer,2026-01-03
25617,25617,editor,2025-06-06
25618,25618,admin,2026-02-22
25619,25619,viewer,2026-03-14
25620,25620,admin,2026-02-14
25621,25621,viewer,2025-04-18
25622,25622,admin,2026-01-15
25623,25623,viewer,2025-06-15
25624,25624,admin,2025-07-26
25625,25625,viewer,2025-04-26
25626,25626,guest,2025-05-30
25627,25627,editor,2025-08-29
25628,25628,admin,2025-12-25
25629,25629,guest,2026-03-21
25630,25630,admin,2025-08-17
25631,25631,invalid_role,2025-11-01
25632,25632,editor,2026-02-26
25633,25633,,2025-07-15
25634,25634,editor,2026-01-03
25635,25635,editor,2025-12-28
25636,25636,editor,2025-09-06
25637,25637,editor,2025-09-02
25638,25638,,2025-07-16
25639,25639,admin,2025-09-11
25640,25640,admin,2025-10-29
25641,25641,admin,2025-06-25
25642,25642,editor,2025-11-18
25643,25643,editor,2026-02-06
25644,25644,unknown,2025-05-15
25645,25645,viewer,2025-05-11
25646,25646,editor,2025-06-12
25647,25647,invalid_role,2025-08-27
25648,25648,admin,2026-01-21
25649,25649,viewer,2026-01-22
25650,25650,viewer,2025-09-05
25651,25651,editor,2025-12-22
25652,25652,,2025-06-23
25653,25653,viewer,2026-03-24
25654,25654,admin,2025-08-10
25655,25655,editor,2026-02-04
25656,25656,editor,2025-04-29
25657,25657,invalid_role,2025-08-24
25658,25658,admin,2025-12-22
25659,25659,,2025-05-23
25660,25660,admin,2026-02-12
25661,25661,editor,2025-09-18
25662,25662,admin,2025-10-02
25663,25663,invalid_role,2025-04-13
25664,25664,editor,2026-03-22
25665,25665,editor,2025-10-26
25666,25666,editor,2025-12-30
25667,25667,viewer,2025-11-21
25668,25668,guest,2025-12-18
25669,25669,admin,2025-12-10
25670,25670,unknown,2025-07-21
25671,25671,,2025-04-20
25672,25672,,2026-03-07
25673,25673,editor,2025-12-27
25674,25674,editor,2026-03-25
25675,25675,viewer,2025-10-11
25676,25676,admin,2025-10-22
25677,25677,,2025-07-18
25678,25678,admin,2025-08-26
25679,25679,admin,2025-04-24
25680,25680,admin,2025-10-23
25681,25681,admin,2025-08-28
25682,25682,editor,2025-04-07
25683,25683,viewer,2025-04-21
25684,25684,editor,2025-04-24
25685,25685,viewer,2026-03-12
25686,25686,admin,2026-03-14
25687,25687,viewer,2025-12-05
25688,25688,viewer,2025-04-29
25689,25689,viewer,2025-07-20
25690,25690,,2025-11-19
25691,25691,editor,2026-02-03
25692,25692,admin,2025-05-28
25693,25693,,2026-03-11
25694,25694,admin,2025-10-28
25695,25695,admin,2025-11-09
25696,25696,admin,2025-08-12
25697,25697,,2025-06-06
25698,25698,editor,2025-10-16
25699,25699,viewer,2026-03-11
25700,25700,admin,2026-03-19
25701,25701,editor,2026-01-23
25702,25702,unknown,2025-12-14
25703,25703,,2025-05-21
25704,25704,editor,2025-07-10
25705,25705,viewer,2025-06-03
25706,25706,admin,2026-02-05
25707,25707,viewer,2026-01-23
25708,25708,viewer,2025-09-08
25709,25709,invalid_role,2025-08-16
25710,25710,admin,2026-03-04
25711,25711,editor,2025-06-22
25712,25712,editor,2025-10-28
25713,25713,editor,2025-08-06
25714,25714,,2025-10-22
25715,25715,viewer,2026-03-28
25716,25716,editor,2025-12-15
25717,25717,,2026-01-14
25718,25718,admin,2025-10-09
25719,25719,admin,2026-03-29
25720,25720,editor,2025-12-07
25721,25721,admin,2025-05-09
25722,25722,admin,2026-01-01
25723,25723,invalid_role,2025-11-05
25724,25724,admin,2025-10-25
25725,25725,editor,2025-12-21
25726,25726,editor,2026-02-09
25727,25727,viewer,2025-06-26
25728,25728,admin,2025-10-02
25729,25729,admin,2026-01-20
25730,25730,unknown,2025-12-03
25731,25731,viewer,2026-01-07
25732,25732,viewer,2025-09-29
25733,25733,,2025-10-11
25734,25734,viewer,2025-08-02
25735,25735,viewer,2025-06-19
25736,25736,editor,2025-09-15
25737,25737,,2025-04-02
25738,25738,admin,2025-10-03
25739,25739,viewer,2026-01-17
25740,25740,viewer,2025-04-13
25741,25741,admin,2025-12-01
25742,25742,admin,2026-01-03
25743,25743,viewer,2026-01-22
25744,25744,invalid_role,2026-02-26
25745,25745,guest,2026-01-28
25746,25746,editor,2025-04-27
25747,25747,viewer,2025-10-23
25748,25748,editor,2025-10-20
25749,25749,unknown,2025-11-10
25750,25750,,2025-09-05
25751,25751,editor,2025-12-18
25752,25752,,2026-01-11
25753,25753,viewer,2025-11-24
25754,25754,editor,2026-02-10
25755,25755,,2025-04-01
25756,25756,editor,2026-01-10
25757,25757,viewer,2025-11-17
25758,25758,editor,2025-08-25
25759,25759,admin,2025-05-01
25760,25760,viewer,2026-01-22
25761,25761,admin,2026-03-24
25762,25762,viewer,2026-01-18
25763,25763,admin,2025-10-04
25764,25764,admin,2026-03-29
25765,25765,guest,2025-10-14
25766,25766,admin,2026-02-09
25767,25767,editor,2025-06-28
25768,25768,editor,2025-07-17
25769,25769,editor,2025-11-01
25770,25770,editor,2025-08-02
25771,25771,admin,2025-09-02
25772,25772,viewer,2025-12-15
25773,25773,editor,2025-09-06
25774,25774,editor,2025-08-14
25775,25775,viewer,2025-09-14
25776,25776,viewer,2026-02-04
25777,25777,unknown,2025-07-22
25778,25778,admin,2026-03-29
25779,25779,guest,2025-11-05
25780,25780,viewer,2025-06-29
25781,25781,editor,2026-02-27
25782,25782,editor,2025-07-04
25783,25783,admin,2025-08-01
25784,25784,invalid_role,2025-11-28
25785,25785,admin,2025-06-12
25786,25786,guest,2025-05-12
25787,25787,editor,2025-09-27
25788,25788,admin,2025-08-05
25789,25789,viewer,2025-10-30
25790,25790,viewer,2025-04-22
25791,25791,admin,2025-09-30
25792,25792,guest,2026-01-23
25793,25793,viewer,2026-03-09
25794,25794,admin,2025-06-26
25795,25795,admin,2025-04-13
25796,25796,viewer,2025-11-22
25797,25797,admin,2025-05-25
25798,25798,admin,2025-09-11
25799,25799,viewer,2025-08-12
25800,25800,editor,2025-09-17
25801,25801,viewer,2025-05-24
25802,25802,editor,2025-07-27
25803,25803,viewer,2025-09-09
25804,25804,admin,2025-07-03
25805,25805,guest,2025-07-05
25806,25806,admin,2025-10-23
25807,25807,,2025-07-14
25808,25808,,2025-11-05
25809,25809,viewer,2025-12-08
25810,25810,editor,2026-02-06
25811,25811,viewer,2026-01-17
25812,25812,unknown,2025-10-09
25813,25813,,2026-01-21
25814,25814,admin,2026-02-21
25815,25815,admin,2025-05-29
25816,25816,viewer,2025-06-27
25817,25817,admin,2025-11-09
25818,25818,guest,2025-08-01
25819,25819,viewer,2025-08-18
25820,25820,unknown,2025-05-27
25821,25821,editor,2026-01-11
25822,25822,editor,2025-11-15
25823,25823,,2026-02-06
25824,25824,editor,2025-07-09
25825,25825,editor,2025-08-02
25826,25826,viewer,2026-02-25
25827,25827,editor,2025-04-14
25828,25828,,2026-02-28
25829,25829,editor,2025-05-19
25830,25830,guest,2026-02-05
25831,25831,viewer,2026-02-14
25832,25832,admin,2025-04-06
25833,25833,viewer,2026-02-12
25834,25834,guest,2025-05-27
25835,25835,editor,2025-10-14
25836,25836,admin,2025-10-27
25837,25837,editor,2025-08-16
25838,25838,editor,2026-03-16
25839,25839,,2025-06-08
25840,25840,viewer,2026-01-29
25841,25841,admin,2025-05-19
25842,25842,unknown,2025-04-02
25843,25843,editor,2025-11-24
25844,25844,,2026-03-12
25845,25845,viewer,2025-07-23
25846,25846,editor,2026-02-17
25847,25847,guest,2026-02-02
25848,25848,viewer,2025-12-15
25849,25849,editor,2025-07-13
25850,25850,admin,2025-11-05
25851,25851,editor,2026-01-18
25852,25852,editor,2026-01-29
25853,25853,guest,2025-10-30
25854,25854,editor,2025-04-01
25855,25855,admin,2026-03-28
25856,25856,guest,2025-11-29
25857,25857,invalid_role,2025-12-16
25858,25858,viewer,2025-12-16
25859,25859,admin,2025-05-17
25860,25860,editor,2025-05-09
25861,25861,editor,2025-08-07
25862,25862,admin,2026-02-12
25863,25863,editor,2025-11-26
25864,25864,editor,2025-09-04
25865,25865,viewer,2025-09-08
25866,25866,editor,2025-04-11
25867,25867,editor,2025-07-18
25868,25868,admin,2025-04-15
25869,25869,viewer,2026-01-03
25870,25870,viewer,2025-05-20
25871,25871,editor,2026-01-20
25872,25872,guest,2025-07-12
25873,25873,editor,2026-02-23
25874,25874,editor,2025-06-26
25875,25875,,2025-12-11
25876,25876,viewer,2025-04-18
25877,25877,editor,2025-11-29
25878,25878,viewer,2025-04-04
25879,25879,admin,2025-07-08
25880,25880,invalid_role,2026-03-21
25881,25881,viewer,2025-08-20
25882,25882,viewer,2026-01-07
25883,25883,editor,2025-08-14
25884,25884,admin,2025-04-27
25885,25885,invalid_role,2025-12-07
25886,25886,editor,2025-05-21
25887,25887,editor,2025-06-27
25888,25888,admin,2025-08-28
25889,25889,viewer,2025-11-21
25890,25890,invalid_role,2026-03-03
25891,25891,admin,2026-02-18
25892,25892,admin,2025-12-09
25893,25893,editor,2025-08-01
25894,25894,editor,2025-10-29
25895,25895,editor,2026-03-16
25896,25896,admin,2025-08-09
25897,25897,admin,2025-11-20
25898,25898,,2026-02-03
25899,25899,viewer,2025-07-13
25900,25900,editor,2025-10-04
25901,25901,editor,2026-02-26
25902,25902,admin,2025-04-10
25903,25903,admin,2026-02-24
25904,25904,editor,2025-07-06
25905,25905,editor,2026-03-25
25906,25906,unknown,2025-04-13
25907,25907,admin,2025-11-03
25908,25908,viewer,2025-10-30
25909,25909,admin,2026-02-17
25910,25910,unknown,2025-12-09
25911,25911,viewer,2025-08-06
25912,25912,admin,2026-03-06
25913,25913,viewer,2025-11-15
25914,25914,editor,2025-04-24
25915,25915,editor,2025-10-31
25916,25916,admin,2025-06-29
25917,25917,editor,2025-07-01
25918,25918,admin,2025-10-23
25919,25919,editor,2025-04-09
25920,25920,,2026-01-12
25921,25921,,2025-04-29
25922,25922,admin,2025-06-08
25923,25923,viewer,2025-11-11
25924,25924,admin,2026-02-02
25925,25925,editor,2026-02-06
25926,25926,editor,2025-12-27
25927,25927,admin,2026-01-23
25928,25928,admin,2025-07-14
25929,25929,editor,2025-11-14
25930,25930,admin,2025-10-28
25931,25931,viewer,2025-11-26
25932,25932,editor,2026-03-29
25933,25933,viewer,2025-09-13
25934,25934,editor,2025-08-05
25935,25935,admin,2025-07-20
25936,25936,viewer,2025-05-19
25937,25937,editor,2026-02-07
25938,25938,viewer,2025-05-24
25939,25939,viewer,2025-10-07
25940,25940,admin,2025-09-08
25941,25941,editor,2025-11-13
25942,25942,unknown,2025-10-26
25943,25943,viewer,2025-09-16
25944,25944,viewer,2026-03-15
25945,25945,editor,2025-05-08
25946,25946,editor,2025-11-22
25947,25947,viewer,2025-12-04
25948,25948,viewer,2026-01-15
25949,25949,admin,2025-09-06
25950,25950,editor,2026-01-05
25951,25951,editor,2026-02-17
25952,25952,editor,2025-06-13
25953,25953,admin,2025-08-01
25954,25954,viewer,2025-12-04
25955,25955,,2025-12-18
25956,25956,viewer,2025-12-03
25957,25957,editor,2025-09-05
25958,25958,viewer,2025-06-06
25959,25959,admin,2025-10-21
25960,25960,admin,2025-09-16
25961,25961,editor,2025-05-28
25962,25962,admin,2026-03-02
25963,25963,viewer,2025-07-30
25964,25964,admin,2026-03-16
25965,25965,admin,2025-06-17
25966,25966,editor,2025-04-08
25967,25967,editor,2026-01-24
25968,25968,viewer,2025-10-29
25969,25969,admin,2025-10-31
25970,25970,,2025-09-19
25971,25971,editor,2025-08-05
25972,25972,viewer,2025-11-26
25973,25973,viewer,2025-04-27
25974,25974,admin,2025-05-17
25975,25975,editor,2025-12-30
25976,25976,viewer,2025-06-23
25977,25977,editor,2025-05-09
25978,25978,admin,2025-10-30
25979,25979,viewer,2025-10-07
25980,25980,viewer,2025-08-09
25981,25981,admin,2025-06-20
25982,25982,unknown,2026-01-01
25983,25983,editor,2025-07-02
25984,25984,viewer,2026-02-24
25985,25985,editor,2025-04-13
25986,25986,editor,2025-06-27
25987,25987,admin,2026-02-11
25988,25988,viewer,2025-04-24
25989,25989,admin,2025-05-20
25990,25990,viewer,2025-04-13
25991,25991,viewer,2025-05-17
25992,25992,editor,2025-10-23
25993,25993,admin,2025-08-14
25994,25994,unknown,2026-02-16
25995,25995,editor,2025-06-02
25996,25996,editor,2025-06-03
25997,25997,viewer,2026-03-13
25998,25998,editor,2025-04-17
25999,25999,viewer,2025-08-31
26000,26000,admin,2025-08-16
26001,26001,admin,2025-09-12
26002,26002,editor,2025-12-18
26003,26003,editor,2025-08-16
26004,26004,editor,2026-02-28
26005,26005,viewer,2025-10-06
26006,26006,admin,2025-06-05
26007,26007,guest,2026-01-09
26008,26008,admin,2025-05-28
26009,26009,admin,2026-01-28
26010,26010,editor,2025-05-18
26011,26011,viewer,2026-01-21
26012,26012,admin,2025-07-05
26013,26013,viewer,2025-12-26
26014,26014,,2025-07-08
26015,26015,editor,2025-06-06
26016,26016,editor,2025-10-03
26017,26017,editor,2025-11-21
26018,26018,unknown,2025-04-18
26019,26019,,2026-03-07
26020,26020,invalid_role,2025-06-13
26021,26021,admin,2025-08-02
26022,26022,editor,2025-07-04
26023,26023,,2026-01-21
26024,26024,editor,2025-12-28
26025,26025,editor,2026-01-09
26026,26026,editor,2025-05-02
26027,26027,admin,2025-07-07
26028,26028,admin,2025-10-05
26029,26029,viewer,2025-06-09
26030,26030,guest,2025-03-30
26031,26031,editor,2026-01-22
26032,26032,guest,2025-08-06
26033,26033,viewer,2025-08-09
26034,26034,,2026-02-04
26035,26035,admin,2025-12-28
26036,26036,admin,2025-12-20
26037,26037,viewer,2026-02-24
26038,26038,admin,2025-08-02
26039,26039,admin,2025-08-02
26040,26040,editor,2025-07-26
26041,26041,viewer,2025-05-22
26042,26042,admin,2025-10-18
26043,26043,admin,2025-05-16
26044,26044,editor,2026-02-10
26045,26045,editor,2025-04-24
26046,26046,editor,2026-01-31
26047,26047,editor,2025-11-11
26048,26048,editor,2025-06-10
26049,26049,admin,2025-11-17
26050,26050,admin,2025-07-30
26051,26051,editor,2025-07-16
26052,26052,admin,2026-03-11
26053,26053,editor,2025-11-11
26054,26054,viewer,2025-04-20
26055,26055,editor,2026-03-10
26056,26056,admin,2025-07-27
26057,26057,,2025-09-07
26058,26058,admin,2025-07-24
26059,26059,admin,2026-02-06
26060,26060,admin,2025-08-30
26061,26061,editor,2026-02-24
26062,26062,viewer,2025-08-22
26063,26063,viewer,2025-09-05
26064,26064,invalid_role,2025-06-01
26065,26065,editor,2025-12-31
26066,26066,viewer,2025-07-24
26067,26067,viewer,2026-03-29
26068,26068,editor,2025-08-20
26069,26069,admin,2025-05-13
26070,26070,admin,2025-06-25
26071,26071,editor,2025-05-31
26072,26072,viewer,2025-04-29
26073,26073,viewer,2025-05-09
26074,26074,viewer,2025-05-15
26075,26075,guest,2025-05-10
26076,26076,admin,2025-12-31
26077,26077,viewer,2025-09-30
26078,26078,editor,2025-12-11
26079,26079,admin,2025-05-24
26080,26080,editor,2025-05-24
26081,26081,admin,2025-11-19
26082,26082,admin,2025-04-13
26083,26083,viewer,2025-04-02
26084,26084,admin,2025-04-07
26085,26085,admin,2025-09-17
26086,26086,,2025-04-02
26087,26087,viewer,2026-03-13
26088,26088,editor,2026-01-26
26089,26089,guest,2025-08-09
26090,26090,viewer,2025-07-17
26091,26091,admin,2026-01-22
26092,26092,admin,2025-06-27
26093,26093,,2025-06-25
26094,26094,viewer,2025-08-14
26095,26095,,2025-04-28
26096,26096,editor,2026-03-19
26097,26097,editor,2026-01-16
26098,26098,viewer,2025-07-10
26099,26099,admin,2025-04-06
26100,26100,admin,2025-10-24
26101,26101,admin,2025-12-30
26102,26102,viewer,2026-01-05
26103,26103,admin,2025-06-12
26104,26104,admin,2025-05-14
26105,26105,viewer,2025-08-25
26106,26106,guest,2025-05-04
26107,26107,unknown,2026-03-24
26108,26108,admin,2025-10-10
26109,26109,viewer,2026-01-23
26110,26110,admin,2025-12-12
26111,26111,admin,2026-02-02
26112,26112,admin,2026-03-18
26113,26113,admin,2025-07-13
26114,26114,viewer,2026-01-09
26115,26115,guest,2025-06-03
26116,26116,admin,2025-10-21
26117,26117,guest,2025-12-07
26118,26118,admin,2025-10-08
26119,26119,editor,2026-02-05
26120,26120,editor,2026-02-26
26121,26121,admin,2025-07-05
26122,26122,unknown,2025-05-28
26123,26123,editor,2025-08-26
26124,26124,viewer,2026-01-22
26125,26125,editor,2025-08-02
26126,26126,admin,2025-05-31
26127,26127,admin,2025-05-05
26128,26128,,2025-05-16
26129,26129,viewer,2025-07-12
26130,26130,editor,2025-10-03
26131,26131,admin,2026-03-17
26132,26132,,2025-09-04
26133,26133,,2025-04-17
26134,26134,viewer,2025-08-03
26135,26135,viewer,2025-06-02
26136,26136,viewer,2025-09-28
26137,26137,editor,2025-04-13
26138,26138,admin,2025-07-18
26139,26139,,2025-10-19
26140,26140,admin,2025-08-03
26141,26141,admin,2025-06-26
26142,26142,admin,2026-02-07
26143,26143,editor,2025-05-18
26144,26144,viewer,2025-10-27
26145,26145,invalid_role,2025-10-23
26146,26146,viewer,2025-12-18
26147,26147,viewer,2025-09-02
26148,26148,editor,2025-08-24
26149,26149,admin,2026-03-29
26150,26150,editor,2025-04-01
26151,26151,admin,2025-12-20
26152,26152,viewer,2025-08-09
26153,26153,,2025-06-29
26154,26154,admin,2025-11-16
26155,26155,guest,2025-08-07
26156,26156,admin,2026-01-05
26157,26157,viewer,2025-04-15
26158,26158,viewer,2025-11-30
26159,26159,editor,2025-08-30
26160,26160,editor,2026-02-05
26161,26161,editor,2025-06-13
26162,26162,viewer,2025-06-28
26163,26163,unknown,2025-10-14
26164,26164,editor,2025-08-31
26165,26165,admin,2026-02-11
26166,26166,viewer,2025-09-02
26167,26167,viewer,2025-08-13
26168,26168,viewer,2025-12-13
26169,26169,viewer,2025-06-20
26170,26170,viewer,2025-10-02
26171,26171,viewer,2025-12-30
26172,26172,,2026-03-25
26173,26173,editor,2025-06-11
26174,26174,,2026-02-15
26175,26175,viewer,2025-11-12
26176,26176,viewer,2025-06-02
26177,26177,editor,2025-06-19
26178,26178,viewer,2026-01-17
26179,26179,,2025-10-21
26180,26180,admin,2025-05-31
26181,26181,unknown,2026-01-21
26182,26182,viewer,2026-01-28
26183,26183,viewer,2025-12-20
26184,26184,viewer,2025-10-15
26185,26185,editor,2025-07-07
26186,26186,viewer,2025-09-12
26187,26187,editor,2026-01-18
26188,26188,editor,2025-12-12
26189,26189,viewer,2025-08-25
26190,26190,viewer,2025-11-14
26191,26191,viewer,2025-06-02
26192,26192,viewer,2026-03-19
26193,26193,unknown,2026-03-13
26194,26194,admin,2025-07-17
26195,26195,unknown,2025-12-07
26196,26196,admin,2025-11-22
26197,26197,viewer,2025-12-31
26198,26198,guest,2025-12-03
26199,26199,admin,2025-07-25
26200,26200,editor,2026-02-06
26201,26201,editor,2025-12-02
26202,26202,viewer,2025-07-16
26203,26203,editor,2025-10-07
26204,26204,viewer,2025-04-06
26205,26205,,2025-10-17
26206,26206,editor,2025-07-02
26207,26207,admin,2025-04-15
26208,26208,editor,2025-04-21
26209,26209,admin,2025-05-28
26210,26210,viewer,2025-04-23
26211,26211,viewer,2025-10-15
26212,26212,viewer,2025-10-25
26213,26213,viewer,2025-09-04
26214,26214,viewer,2025-10-13
26215,26215,admin,2025-11-02
26216,26216,admin,2025-10-10
26217,26217,guest,2026-01-09
26218,26218,viewer,2025-04-17
26219,26219,editor,2025-11-19
26220,26220,guest,2026-03-11
26221,26221,admin,2025-07-31
26222,26222,viewer,2025-06-19
26223,26223,editor,2025-08-14
26224,26224,editor,2026-03-15
26225,26225,guest,2025-09-13
26226,26226,admin,2026-01-04
26227,26227,,2025-06-25
26228,26228,admin,2026-02-04
26229,26229,invalid_role,2025-04-24
26230,26230,admin,2025-11-06
26231,26231,editor,2025-08-09
26232,26232,viewer,2025-04-22
26233,26233,viewer,2025-10-13
26234,26234,viewer,2025-08-03
26235,26235,editor,2025-06-23
26236,26236,editor,2025-07-01
26237,26237,admin,2025-11-26
26238,26238,admin,2025-10-30
26239,26239,,2025-12-12
26240,26240,guest,2025-04-03
26241,26241,admin,2025-07-29
26242,26242,admin,2025-10-22
26243,26243,admin,2026-01-04
26244,26244,invalid_role,2026-02-10
26245,26245,viewer,2025-11-06
26246,26246,editor,2025-04-19
26247,26247,viewer,2026-02-21
26248,26248,admin,2025-11-20
26249,26249,viewer,2025-06-06
26250,26250,unknown,2026-02-14
26251,26251,guest,2025-12-16
26252,26252,viewer,2025-05-11
26253,26253,,2025-06-15
26254,26254,admin,2025-04-12
26255,26255,viewer,2025-04-20
26256,26256,viewer,2025-10-09
26257,26257,admin,2025-09-05
26258,26258,,2025-04-17
26259,26259,,2025-05-29
26260,26260,viewer,2025-04-08
26261,26261,viewer,2025-08-19
26262,26262,editor,2025-05-28
26263,26263,admin,2025-04-06
26264,26264,admin,2026-03-18
26265,26265,admin,2025-05-28
26266,26266,,2025-09-06
26267,26267,admin,2026-03-11
26268,26268,invalid_role,2025-07-06
26269,26269,editor,2026-03-11
26270,26270,admin,2025-09-19
26271,26271,admin,2025-05-03
26272,26272,admin,2025-12-12
26273,26273,editor,2025-09-03
26274,26274,viewer,2025-11-06
26275,26275,guest,2025-10-27
26276,26276,viewer,2025-07-15
26277,26277,viewer,2025-08-23
26278,26278,admin,2025-07-12
26279,26279,viewer,2025-06-29
26280,26280,admin,2025-04-16
26281,26281,admin,2025-09-02
26282,26282,viewer,2025-05-26
26283,26283,,2025-07-14
26284,26284,invalid_role,2025-05-30
26285,26285,viewer,2026-03-24
26286,26286,viewer,2025-11-14
26287,26287,admin,2025-08-31
26288,26288,viewer,2025-05-25
26289,26289,editor,2025-11-23
26290,26290,viewer,2025-06-12
26291,26291,admin,2026-01-18
26292,26292,,2026-02-05
26293,26293,unknown,2025-12-15
26294,26294,editor,2025-07-21
26295,26295,guest,2025-10-03
26296,26296,admin,2025-04-17
26297,26297,admin,2025-06-08
26298,26298,viewer,2025-11-11
26299,26299,guest,2025-07-18
26300,26300,viewer,2025-06-29
26301,26301,invalid_role,2025-09-09
26302,26302,viewer,2025-07-07
26303,26303,viewer,2025-09-01
26304,26304,viewer,2025-10-31
26305,26305,guest,2025-07-18
26306,26306,admin,2025-06-20
26307,26307,admin,2025-04-07
26308,26308,admin,2026-02-08
26309,26309,admin,2026-03-29
26310,26310,admin,2026-03-25
26311,26311,viewer,2025-08-27
26312,26312,admin,2025-06-05
26313,26313,editor,2025-05-10
26314,26314,unknown,2026-03-23
26315,26315,unknown,2025-06-17
26316,26316,viewer,2026-03-09
26317,26317,editor,2025-07-04
26318,26318,admin,2025-09-21
26319,26319,editor,2026-02-19
26320,26320,editor,2025-12-21
26321,26321,editor,2025-05-30
26322,26322,viewer,2025-05-15
26323,26323,editor,2025-10-05
26324,26324,viewer,2026-03-09
26325,26325,invalid_role,2025-05-04
26326,26326,editor,2025-05-25
26327,26327,,2025-10-13
26328,26328,viewer,2025-04-13
26329,26329,viewer,2025-08-17
26330,26330,admin,2025-08-16
26331,26331,invalid_role,2025-11-16
26332,26332,admin,2026-01-26
26333,26333,admin,2025-10-10
26334,26334,viewer,2026-01-07
26335,26335,guest,2025-07-12
26336,26336,admin,2026-02-16
26337,26337,editor,2025-07-04
26338,26338,admin,2025-06-27
26339,26339,editor,2026-02-21
26340,26340,unknown,2026-01-29
26341,26341,editor,2025-08-01
26342,26342,admin,2025-07-31
26343,26343,admin,2026-01-05
26344,26344,admin,2026-03-28
26345,26345,admin,2025-05-23
26346,26346,editor,2026-01-16
26347,26347,unknown,2025-10-29
26348,26348,guest,2025-06-30
26349,26349,,2025-12-08
26350,26350,,2025-06-20
26351,26351,invalid_role,2025-09-26
26352,26352,admin,2026-01-15
26353,26353,guest,2026-02-06
26354,26354,admin,2025-08-26
26355,26355,admin,2025-09-23
26356,26356,editor,2025-11-15
26357,26357,viewer,2025-10-17
26358,26358,viewer,2025-09-25
26359,26359,editor,2025-11-30
26360,26360,editor,2025-04-30
26361,26361,admin,2025-11-08
26362,26362,viewer,2025-06-14
26363,26363,viewer,2025-08-30
26364,26364,guest,2026-02-02
26365,26365,viewer,2025-08-19
26366,26366,editor,2025-08-05
26367,26367,viewer,2025-10-13
26368,26368,editor,2025-09-04
26369,26369,editor,2026-02-14
26370,26370,viewer,2025-08-31
26371,26371,admin,2025-09-10
26372,26372,editor,2025-09-12
26373,26373,admin,2025-07-12
26374,26374,admin,2025-11-16
26375,26375,viewer,2026-02-18
26376,26376,editor,2025-07-14
26377,26377,editor,2025-12-02
26378,26378,unknown,2025-05-11
26379,26379,admin,2025-04-23
26380,26380,admin,2025-07-11
26381,26381,editor,2026-02-02
26382,26382,viewer,2025-11-15
26383,26383,viewer,2025-11-25
26384,26384,viewer,2026-01-05
26385,26385,editor,2026-01-27
26386,26386,admin,2026-03-18
26387,26387,editor,2026-01-20
26388,26388,guest,2025-12-12
26389,26389,viewer,2025-09-18
26390,26390,editor,2026-01-01
26391,26391,viewer,2025-06-08
26392,26392,viewer,2026-03-07
26393,26393,editor,2026-01-22
26394,26394,viewer,2025-09-22
26395,26395,editor,2025-11-11
26396,26396,admin,2025-11-16
26397,26397,admin,2026-01-13
26398,26398,unknown,2025-11-14
26399,26399,editor,2025-04-01
26400,26400,viewer,2026-01-08
26401,26401,viewer,2026-01-01
26402,26402,viewer,2026-01-03
26403,26403,invalid_role,2025-08-12
26404,26404,admin,2025-08-05
26405,26405,,2025-06-30
26406,26406,guest,2026-01-14
26407,26407,invalid_role,2025-07-07
26408,26408,admin,2025-04-01
26409,26409,invalid_role,2025-09-28
26410,26410,admin,2025-11-09
26411,26411,editor,2026-03-18
26412,26412,viewer,2026-02-23
26413,26413,unknown,2025-10-27
26414,26414,viewer,2025-04-26
26415,26415,admin,2025-07-07
26416,26416,editor,2025-11-16
26417,26417,admin,2025-08-20
26418,26418,editor,2025-08-07
26419,26419,viewer,2025-05-23
26420,26420,editor,2025-11-29
26421,26421,viewer,2025-07-02
26422,26422,viewer,2025-10-12
26423,26423,viewer,2025-10-27
26424,26424,editor,2025-10-26
26425,26425,guest,2026-03-22
26426,26426,editor,2025-08-08
26427,26427,viewer,2025-12-05
26428,26428,editor,2025-04-07
26429,26429,admin,2025-06-21
26430,26430,admin,2025-05-17
26431,26431,editor,2025-07-11
26432,26432,editor,2026-01-13
26433,26433,admin,2025-08-15
26434,26434,editor,2025-12-28
26435,26435,editor,2026-03-16
26436,26436,editor,2026-02-22
26437,26437,viewer,2025-05-16
26438,26438,viewer,2025-09-16
26439,26439,editor,2026-01-28
26440,26440,viewer,2026-01-12
26441,26441,admin,2025-05-13
26442,26442,viewer,2025-08-24
26443,26443,admin,2025-07-10
26444,26444,editor,2025-04-27
26445,26445,,2026-01-06
26446,26446,editor,2025-09-09
26447,26447,editor,2025-10-05
26448,26448,editor,2025-09-22
26449,26449,editor,2025-07-11
26450,26450,editor,2025-06-10
26451,26451,admin,2025-05-28
26452,26452,,2025-07-22
26453,26453,viewer,2025-04-17
26454,26454,admin,2025-11-09
26455,26455,admin,2025-04-11
26456,26456,viewer,2026-02-05
26457,26457,unknown,2025-04-14
26458,26458,editor,2026-01-18
26459,26459,editor,2025-12-26
26460,26460,admin,2025-08-01
26461,26461,admin,2025-06-30
26462,26462,admin,2025-12-22
26463,26463,viewer,2025-10-26
26464,26464,admin,2025-12-16
26465,26465,admin,2026-01-07
26466,26466,admin,2025-04-29
26467,26467,editor,2025-12-28
26468,26468,admin,2025-10-13
26469,26469,admin,2025-06-03
26470,26470,,2025-08-16
26471,26471,editor,2025-09-23
26472,26472,viewer,2026-01-12
26473,26473,editor,2025-12-25
26474,26474,admin,2025-09-30
26475,26475,admin,2025-10-23
26476,26476,editor,2025-11-03
26477,26477,editor,2026-01-11
26478,26478,editor,2025-11-08
26479,26479,editor,2025-07-19
26480,26480,viewer,2025-06-11
26481,26481,editor,2025-09-28
26482,26482,admin,2025-06-25
26483,26483,admin,2026-01-05
26484,26484,viewer,2025-12-28
26485,26485,viewer,2025-08-01
26486,26486,viewer,2026-02-19
26487,26487,admin,2025-09-13
26488,26488,admin,2026-01-11
26489,26489,invalid_role,2026-03-16
26490,26490,admin,2026-03-29
26491,26491,editor,2026-02-26
26492,26492,admin,2026-02-19
26493,26493,editor,2025-04-06
26494,26494,editor,2025-05-27
26495,26495,admin,2025-11-29
26496,26496,admin,2025-12-13
26497,26497,admin,2025-07-31
26498,26498,admin,2026-01-18
26499,26499,admin,2025-06-15
26500,26500,editor,2025-06-28
26501,26501,viewer,2025-07-29
26502,26502,viewer,2025-07-15
26503,26503,guest,2025-09-14
26504,26504,editor,2025-12-23
26505,26505,admin,2026-01-20
26506,26506,admin,2025-04-06
26507,26507,viewer,2025-07-26
26508,26508,editor,2025-12-14
26509,26509,viewer,2025-04-04
26510,26510,admin,2025-09-13
26511,26511,viewer,2026-02-01
26512,26512,editor,2026-03-25
26513,26513,editor,2025-06-20
26514,26514,editor,2025-12-14
26515,26515,viewer,2025-09-25
26516,26516,,2025-09-07
26517,26517,unknown,2026-02-04
26518,26518,editor,2025-09-02
26519,26519,viewer,2025-07-19
26520,26520,viewer,2025-06-09
26521,26521,viewer,2026-01-17
26522,26522,editor,2026-01-08
26523,26523,editor,2025-05-11
26524,26524,viewer,2025-07-01
26525,26525,editor,2025-04-23
26526,26526,unknown,2025-07-23
26527,26527,admin,2025-07-31
26528,26528,admin,2025-11-29
26529,26529,guest,2025-12-27
26530,26530,,2026-03-14
26531,26531,editor,2025-09-06
26532,26532,editor,2025-05-21
26533,26533,,2025-09-23
26534,26534,viewer,2025-05-19
26535,26535,editor,2025-04-28
26536,26536,viewer,2025-10-01
26537,26537,editor,2025-10-24
26538,26538,admin,2026-01-20
26539,26539,editor,2026-01-31
26540,26540,admin,2026-03-10
26541,26541,editor,2025-05-09
26542,26542,viewer,2025-12-14
26543,26543,editor,2025-05-31
26544,26544,invalid_role,2025-11-30
26545,26545,editor,2025-07-07
26546,26546,admin,2025-08-06
26547,26547,admin,2025-12-24
26548,26548,guest,2025-07-20
26549,26549,admin,2025-08-28
26550,26550,viewer,2025-03-30
26551,26551,editor,2026-01-20
26552,26552,admin,2025-09-01
26553,26553,guest,2025-05-11
26554,26554,admin,2026-02-10
26555,26555,editor,2025-11-06
26556,26556,viewer,2025-06-23
26557,26557,admin,2026-03-01
26558,26558,admin,2025-04-14
26559,26559,editor,2026-03-16
26560,26560,admin,2025-07-07
26561,26561,editor,2025-09-11
26562,26562,viewer,2025-07-21
26563,26563,editor,2025-10-22
26564,26564,editor,2025-06-06
26565,26565,editor,2025-06-30
26566,26566,editor,2025-12-22
26567,26567,viewer,2025-04-24
26568,26568,unknown,2026-02-21
26569,26569,viewer,2025-10-13
26570,26570,,2025-06-13
26571,26571,viewer,2025-11-20
26572,26572,editor,2025-09-02
26573,26573,admin,2025-12-18
26574,26574,editor,2025-12-25
26575,26575,admin,2025-11-26
26576,26576,,2025-12-19
26577,26577,admin,2026-03-08
26578,26578,admin,2026-02-24
26579,26579,viewer,2025-04-14
26580,26580,admin,2025-12-15
26581,26581,viewer,2025-10-07
26582,26582,editor,2025-11-21
26583,26583,guest,2025-11-30
26584,26584,editor,2025-10-18
26585,26585,unknown,2025-08-06
26586,26586,viewer,2025-06-10
26587,26587,viewer,2025-11-25
26588,26588,editor,2025-09-30
26589,26589,editor,2026-03-03
26590,26590,viewer,2025-06-15
26591,26591,admin,2025-06-13
26592,26592,admin,2025-11-01
26593,26593,viewer,2025-12-12
26594,26594,admin,2025-08-18
26595,26595,viewer,2025-12-10
26596,26596,editor,2026-01-13
26597,26597,editor,2025-05-06
26598,26598,editor,2026-01-26
26599,26599,invalid_role,2026-03-26
26600,26600,viewer,2025-05-28
26601,26601,viewer,2025-07-04
26602,26602,editor,2025-05-01
26603,26603,viewer,2026-02-27
26604,26604,viewer,2025-07-18
26605,26605,admin,2026-02-07
26606,26606,viewer,2025-07-06
26607,26607,unknown,2026-03-02
26608,26608,guest,2025-06-02
26609,26609,editor,2025-06-24
26610,26610,admin,2025-11-21
26611,26611,editor,2025-08-07
26612,26612,,2025-10-14
26613,26613,,2025-05-18
26614,26614,viewer,2026-02-09
26615,26615,viewer,2025-07-20
26616,26616,editor,2026-03-24
26617,26617,viewer,2025-05-20
26618,26618,,2025-06-09
26619,26619,editor,2025-10-20
26620,26620,viewer,2025-12-31
26621,26621,admin,2025-10-22
26622,26622,editor,2025-08-20
26623,26623,viewer,2026-03-09
26624,26624,viewer,2025-11-21
26625,26625,admin,2025-07-31
26626,26626,admin,2026-03-04
26627,26627,admin,2025-06-15
26628,26628,editor,2026-02-15
26629,26629,viewer,2025-11-29
26630,26630,guest,2025-08-13
26631,26631,admin,2025-11-09
26632,26632,,2025-05-19
26633,26633,admin,2025-12-19
26634,26634,editor,2026-01-25
26635,26635,viewer,2026-03-12
26636,26636,admin,2025-10-18
26637,26637,viewer,2025-12-12
26638,26638,guest,2025-04-16
26639,26639,admin,2025-09-27
26640,26640,viewer,2025-11-30
26641,26641,editor,2025-12-15
26642,26642,editor,2026-02-11
26643,26643,viewer,2025-08-24
26644,26644,editor,2026-01-04
26645,26645,editor,2026-03-25
26646,26646,admin,2025-09-03
26647,26647,viewer,2026-03-08
26648,26648,admin,2025-04-25
26649,26649,invalid_role,2026-01-06
26650,26650,admin,2025-06-24
26651,26651,viewer,2025-12-25
26652,26652,editor,2026-03-08
26653,26653,viewer,2025-05-02
26654,26654,viewer,2026-01-13
26655,26655,viewer,2025-12-12
26656,26656,editor,2026-01-14
26657,26657,viewer,2026-01-31
26658,26658,,2025-08-15
26659,26659,editor,2025-12-18
26660,26660,editor,2025-06-05
26661,26661,admin,2025-07-03
26662,26662,admin,2026-01-07
26663,26663,viewer,2026-02-09
26664,26664,editor,2026-01-09
26665,26665,,2025-07-12
26666,26666,invalid_role,2026-02-15
26667,26667,editor,2026-02-25
26668,26668,viewer,2026-02-11
26669,26669,editor,2025-06-21
26670,26670,guest,2025-05-10
26671,26671,viewer,2025-11-19
26672,26672,admin,2026-03-01
26673,26673,,2025-09-26
26674,26674,viewer,2025-11-30
26675,26675,admin,2025-06-17
26676,26676,admin,2025-04-29
26677,26677,editor,2025-12-21
26678,26678,admin,2025-10-18
26679,26679,admin,2026-02-19
26680,26680,,2026-02-19
26681,26681,,2026-02-07
26682,26682,editor,2025-09-03
26683,26683,admin,2026-03-15
26684,26684,editor,2025-09-27
26685,26685,admin,2025-10-22
26686,26686,guest,2026-02-23
26687,26687,admin,2025-11-20
26688,26688,viewer,2026-01-06
26689,26689,viewer,2026-01-27
26690,26690,viewer,2025-06-30
26691,26691,viewer,2025-05-26
26692,26692,editor,2026-01-02
26693,26693,editor,2025-08-31
26694,26694,,2025-09-13
26695,26695,viewer,2025-11-04
26696,26696,viewer,2025-12-14
26697,26697,admin,2025-12-30
26698,26698,invalid_role,2025-11-14
26699,26699,admin,2026-03-20
26700,26700,editor,2025-09-25
26701,26701,admin,2025-05-30
26702,26702,editor,2025-04-21
26703,26703,viewer,2025-10-28
26704,26704,editor,2025-07-17
26705,26705,admin,2025-09-21
26706,26706,viewer,2026-01-01
26707,26707,viewer,2025-09-20
26708,26708,viewer,2025-07-08
26709,26709,editor,2025-12-28
26710,26710,,2025-04-16
26711,26711,editor,2025-08-29
26712,26712,editor,2025-05-11
26713,26713,admin,2026-02-26
26714,26714,admin,2025-10-04
26715,26715,admin,2025-05-17
26716,26716,viewer,2025-06-21
26717,26717,admin,2026-03-19
26718,26718,viewer,2025-04-26
26719,26719,editor,2026-01-28
26720,26720,viewer,2025-04-08
26721,26721,editor,2025-10-04
26722,26722,guest,2025-10-02
26723,26723,viewer,2025-09-26
26724,26724,guest,2025-05-24
26725,26725,viewer,2025-08-03
26726,26726,editor,2025-08-23
26727,26727,unknown,2026-03-04
26728,26728,editor,2025-06-06
26729,26729,viewer,2025-06-03
26730,26730,viewer,2025-06-11
26731,26731,editor,2026-01-06
26732,26732,viewer,2025-09-20
26733,26733,editor,2025-07-30
26734,26734,viewer,2025-09-13
26735,26735,invalid_role,2025-04-07
26736,26736,unknown,2025-06-18
26737,26737,editor,2025-03-30
26738,26738,,2025-09-19
26739,26739,admin,2025-10-18
26740,26740,editor,2025-06-25
26741,26741,invalid_role,2025-06-14
26742,26742,admin,2025-07-20
26743,26743,admin,2025-08-11
26744,26744,editor,2025-12-12
26745,26745,,2025-07-20
26746,26746,viewer,2026-03-16
26747,26747,admin,2026-03-09
26748,26748,admin,2026-02-16
26749,26749,viewer,2025-09-24
26750,26750,editor,2025-06-13
26751,26751,editor,2025-09-26
26752,26752,viewer,2026-03-16
26753,26753,viewer,2026-03-11
26754,26754,admin,2025-04-22
26755,26755,admin,2026-02-02
26756,26756,editor,2026-03-25
26757,26757,editor,2026-01-15
26758,26758,editor,2025-10-22
26759,26759,admin,2025-05-18
26760,26760,admin,2025-07-07
26761,26761,editor,2025-09-03
26762,26762,admin,2025-12-20
26763,26763,,2026-01-19
26764,26764,editor,2025-04-04
26765,26765,editor,2026-01-20
26766,26766,viewer,2026-01-15
26767,26767,viewer,2026-03-14
26768,26768,viewer,2025-12-06
26769,26769,viewer,2025-11-12
26770,26770,admin,2025-07-25
26771,26771,admin,2026-02-24
26772,26772,viewer,2025-06-20
26773,26773,editor,2025-04-16
26774,26774,admin,2025-09-20
26775,26775,editor,2025-12-26
26776,26776,viewer,2025-08-09
26777,26777,unknown,2025-03-31
26778,26778,admin,2026-01-15
26779,26779,editor,2026-03-11
26780,26780,admin,2025-09-23
26781,26781,editor,2026-02-04
26782,26782,guest,2025-09-07
26783,26783,admin,2026-01-15
26784,26784,unknown,2025-07-04
26785,26785,viewer,2025-09-22
26786,26786,editor,2026-01-02
26787,26787,admin,2025-09-12
26788,26788,admin,2025-09-03
26789,26789,editor,2025-04-12
26790,26790,guest,2025-10-29
26791,26791,viewer,2025-09-15
26792,26792,editor,2026-01-04
26793,26793,,2025-06-18
26794,26794,admin,2025-06-05
26795,26795,editor,2025-10-02
26796,26796,,2025-06-07
26797,26797,viewer,2026-03-20
26798,26798,editor,2026-01-11
26799,26799,viewer,2025-07-19
26800,26800,viewer,2026-02-13
26801,26801,guest,2026-01-03
26802,26802,unknown,2025-12-12
26803,26803,unknown,2026-01-19
26804,26804,,2025-04-26
26805,26805,guest,2025-08-31
26806,26806,admin,2026-02-12
26807,26807,viewer,2025-10-09
26808,26808,editor,2025-07-21
26809,26809,admin,2025-09-02
26810,26810,viewer,2025-11-19
26811,26811,viewer,2025-07-28
26812,26812,viewer,2025-11-03
26813,26813,editor,2025-09-11
26814,26814,admin,2025-04-19
26815,26815,unknown,2025-12-06
26816,26816,viewer,2025-07-26
26817,26817,admin,2025-06-18
26818,26818,viewer,2025-08-23
26819,26819,unknown,2026-02-21
26820,26820,viewer,2026-03-01
26821,26821,editor,2025-04-20
26822,26822,viewer,2025-07-29
26823,26823,editor,2025-08-23
26824,26824,viewer,2026-03-06
26825,26825,,2025-10-27
26826,26826,,2025-07-09
26827,26827,editor,2026-01-07
26828,26828,viewer,2025-06-22
26829,26829,admin,2026-01-17
26830,26830,editor,2025-05-17
26831,26831,editor,2025-06-04
26832,26832,invalid_role,2025-12-21
26833,26833,editor,2025-08-26
26834,26834,admin,2025-08-20
26835,26835,editor,2025-04-11
26836,26836,admin,2025-11-12
26837,26837,editor,2026-01-26
26838,26838,viewer,2026-01-17
26839,26839,editor,2025-09-20
26840,26840,admin,2025-06-23
26841,26841,invalid_role,2025-11-07
26842,26842,editor,2025-04-09
26843,26843,viewer,2026-03-24
26844,26844,,2025-06-13
26845,26845,editor,2025-09-28
26846,26846,guest,2025-11-28
26847,26847,admin,2025-08-11
26848,26848,editor,2025-10-11
26849,26849,admin,2025-11-12
26850,26850,admin,2025-07-07
26851,26851,editor,2026-03-20
26852,26852,editor,2025-04-12
26853,26853,editor,2025-07-21
26854,26854,admin,2025-06-05
26855,26855,admin,2025-07-03
26856,26856,admin,2025-05-17
26857,26857,viewer,2025-07-19
26858,26858,admin,2025-12-16
26859,26859,guest,2025-10-25
26860,26860,editor,2025-07-16
26861,26861,,2025-05-10
26862,26862,editor,2025-12-27
26863,26863,viewer,2025-10-27
26864,26864,admin,2025-07-27
26865,26865,viewer,2025-07-20
26866,26866,admin,2025-12-22
26867,26867,admin,2025-04-04
26868,26868,viewer,2025-10-16
26869,26869,admin,2025-09-21
26870,26870,editor,2025-10-21
26871,26871,viewer,2026-03-22
26872,26872,admin,2025-11-17
26873,26873,admin,2026-01-31
26874,26874,admin,2025-08-14
26875,26875,editor,2025-05-11
26876,26876,invalid_role,2025-11-01
26877,26877,editor,2026-01-01
26878,26878,viewer,2026-02-12
26879,26879,viewer,2025-09-26
26880,26880,viewer,2025-11-15
26881,26881,editor,2025-12-27
26882,26882,viewer,2025-06-15
26883,26883,editor,2026-02-11
26884,26884,,2025-07-31
26885,26885,editor,2026-03-01
26886,26886,admin,2025-09-14
26887,26887,unknown,2025-04-15
26888,26888,viewer,2025-12-18
26889,26889,viewer,2026-02-11
26890,26890,admin,2025-09-27
26891,26891,editor,2025-09-01
26892,26892,viewer,2026-03-26
26893,26893,invalid_role,2025-09-23
26894,26894,invalid_role,2025-08-01
26895,26895,admin,2025-09-03
26896,26896,admin,2026-01-13
26897,26897,admin,2025-09-14
26898,26898,admin,2025-10-15
26899,26899,admin,2025-11-04
26900,26900,viewer,2025-10-12
26901,26901,guest,2025-12-08
26902,26902,viewer,2025-09-22
26903,26903,admin,2025-11-14
26904,26904,admin,2026-01-28
26905,26905,admin,2025-08-23
26906,26906,viewer,2025-11-16
26907,26907,editor,2025-07-21
26908,26908,guest,2026-02-15
26909,26909,,2025-11-14
26910,26910,admin,2026-01-06
26911,26911,,2025-06-20
26912,26912,invalid_role,2025-11-19
26913,26913,unknown,2025-06-15
26914,26914,admin,2025-12-04
26915,26915,editor,2026-01-23
26916,26916,viewer,2025-09-23
26917,26917,unknown,2026-01-15
26918,26918,invalid_role,2025-04-16
26919,26919,editor,2025-05-25
26920,26920,editor,2026-03-08
26921,26921,editor,2026-03-18
26922,26922,viewer,2025-11-15
26923,26923,admin,2025-09-02
26924,26924,guest,2025-10-03
26925,26925,editor,2025-10-09
26926,26926,viewer,2025-11-06
26927,26927,viewer,2025-11-09
26928,26928,editor,2025-10-31
26929,26929,editor,2026-02-20
26930,26930,viewer,2025-08-16
26931,26931,viewer,2026-03-21
26932,26932,admin,2026-01-08
26933,26933,viewer,2025-05-20
26934,26934,viewer,2025-11-30
26935,26935,editor,2025-08-20
26936,26936,editor,2026-03-22
26937,26937,admin,2025-08-04
26938,26938,admin,2025-08-05
26939,26939,unknown,2025-11-05
26940,26940,editor,2025-08-20
26941,26941,guest,2026-02-05
26942,26942,unknown,2025-08-31
26943,26943,admin,2025-12-28
26944,26944,viewer,2026-01-31
26945,26945,editor,2025-05-06
26946,26946,viewer,2025-06-22
26947,26947,editor,2025-12-26
26948,26948,admin,2025-09-20
26949,26949,,2025-11-11
26950,26950,viewer,2025-07-05
26951,26951,,2025-08-26
26952,26952,viewer,2026-01-17
26953,26953,editor,2025-05-07
26954,26954,viewer,2025-09-04
26955,26955,admin,2026-03-13
26956,26956,editor,2025-03-30
26957,26957,editor,2025-04-10
26958,26958,viewer,2025-09-08
26959,26959,admin,2025-08-18
26960,26960,viewer,2025-07-14
26961,26961,,2025-03-31
26962,26962,viewer,2025-11-15
26963,26963,admin,2025-11-19
26964,26964,admin,2025-12-07
26965,26965,admin,2025-04-30
26966,26966,admin,2025-06-04
26967,26967,invalid_role,2025-05-27
26968,26968,viewer,2025-12-04
26969,26969,viewer,2025-05-14
26970,26970,,2025-05-06
26971,26971,admin,2025-12-27
26972,26972,admin,2025-12-01
26973,26973,editor,2026-03-08
26974,26974,editor,2026-01-21
26975,26975,admin,2025-10-25
26976,26976,viewer,2025-11-19
26977,26977,viewer,2025-05-28
26978,26978,viewer,2025-05-03
26979,26979,invalid_role,2025-12-13
26980,26980,viewer,2025-11-20
26981,26981,editor,2026-01-07
26982,26982,viewer,2025-08-28
26983,26983,editor,2025-06-21
26984,26984,invalid_role,2026-01-16
26985,26985,editor,2025-06-11
26986,26986,viewer,2026-03-08
26987,26987,viewer,2025-07-01
26988,26988,admin,2025-12-09
26989,26989,viewer,2025-12-11
26990,26990,unknown,2025-12-13
26991,26991,admin,2026-01-14
26992,26992,invalid_role,2025-08-22
26993,26993,,2026-01-20
26994,26994,admin,2026-02-03
26995,26995,editor,2025-05-22
26996,26996,editor,2026-01-22
26997,26997,editor,2025-05-03
26998,26998,,2025-10-28
26999,26999,admin,2025-07-24
27000,27000,admin,2025-04-29
27001,27001,,2025-12-20
27002,27002,editor,2026-02-24
27003,27003,editor,2025-07-01
27004,27004,viewer,2025-06-27
27005,27005,viewer,2025-07-03
27006,27006,guest,2025-10-07
27007,27007,viewer,2025-12-27
27008,27008,viewer,2025-07-20
27009,27009,admin,2025-09-19
27010,27010,editor,2025-07-16
27011,27011,editor,2026-01-23
27012,27012,editor,2025-10-31
27013,27013,guest,2025-06-30
27014,27014,admin,2025-12-17
27015,27015,editor,2026-02-18
27016,27016,viewer,2025-05-13
27017,27017,admin,2025-08-10
27018,27018,editor,2026-03-28
27019,27019,viewer,2026-02-21
27020,27020,editor,2025-10-07
27021,27021,admin,2025-08-21
27022,27022,viewer,2025-10-19
27023,27023,admin,2025-12-02
27024,27024,admin,2025-09-21
27025,27025,viewer,2025-12-12
27026,27026,editor,2025-06-29
27027,27027,admin,2025-10-05
27028,27028,admin,2025-07-05
27029,27029,editor,2026-02-11
27030,27030,editor,2026-03-21
27031,27031,viewer,2026-02-02
27032,27032,admin,2025-07-23
27033,27033,,2026-02-18
27034,27034,admin,2025-04-10
27035,27035,,2025-10-07
27036,27036,editor,2026-01-04
27037,27037,admin,2025-04-03
27038,27038,,2026-01-28
27039,27039,,2025-08-26
27040,27040,,2025-08-11
27041,27041,editor,2025-12-22
27042,27042,admin,2025-08-13
27043,27043,invalid_role,2025-08-18
27044,27044,editor,2025-04-13
27045,27045,,2025-07-23
27046,27046,viewer,2025-05-29
27047,27047,admin,2025-09-09
27048,27048,viewer,2025-09-14
27049,27049,viewer,2025-09-22
27050,27050,editor,2026-01-01
27051,27051,admin,2025-12-29
27052,27052,editor,2025-05-22
27053,27053,viewer,2025-09-09
27054,27054,viewer,2025-05-11
27055,27055,unknown,2025-04-16
27056,27056,admin,2026-01-01
27057,27057,admin,2025-11-12
27058,27058,admin,2025-06-11
27059,27059,viewer,2025-10-02
27060,27060,viewer,2025-12-12
27061,27061,viewer,2025-08-30
27062,27062,invalid_role,2025-08-07
27063,27063,invalid_role,2026-01-16
27064,27064,editor,2026-03-15
27065,27065,editor,2025-12-20
27066,27066,editor,2025-06-26
27067,27067,admin,2025-11-06
27068,27068,editor,2025-09-15
27069,27069,admin,2025-04-02
27070,27070,admin,2025-10-26
27071,27071,viewer,2025-06-21
27072,27072,admin,2025-04-07
27073,27073,editor,2026-03-13
27074,27074,editor,2026-01-01
27075,27075,viewer,2025-10-21
27076,27076,admin,2025-04-22
27077,27077,editor,2025-10-20
27078,27078,admin,2025-08-25
27079,27079,admin,2025-05-31
27080,27080,editor,2026-02-04
27081,27081,editor,2025-10-04
27082,27082,editor,2026-01-07
27083,27083,admin,2025-10-23
27084,27084,viewer,2026-01-28
27085,27085,admin,2026-03-18
27086,27086,invalid_role,2025-12-27
27087,27087,,2025-12-07
27088,27088,viewer,2026-03-07
27089,27089,viewer,2025-12-29
27090,27090,editor,2026-02-04
27091,27091,viewer,2025-11-09
27092,27092,,2026-03-23
27093,27093,editor,2025-12-28
27094,27094,,2025-06-06
27095,27095,admin,2025-11-22
27096,27096,viewer,2026-03-04
27097,27097,admin,2026-02-11
27098,27098,admin,2025-12-30
27099,27099,editor,2025-09-27
27100,27100,unknown,2025-09-25
27101,27101,viewer,2026-01-14
27102,27102,viewer,2025-04-22
27103,27103,viewer,2026-02-12
27104,27104,viewer,2026-02-07
27105,27105,admin,2025-11-26
27106,27106,editor,2025-04-19
27107,27107,editor,2025-09-16
27108,27108,viewer,2026-01-22
27109,27109,viewer,2025-10-07
27110,27110,,2025-06-07
27111,27111,invalid_role,2025-11-18
27112,27112,editor,2025-11-21
27113,27113,viewer,2026-03-24
27114,27114,viewer,2025-04-01
27115,27115,viewer,2025-08-16
27116,27116,viewer,2025-11-23
27117,27117,unknown,2025-12-26
27118,27118,editor,2025-12-12
27119,27119,,2025-09-11
27120,27120,guest,2025-08-27
27121,27121,editor,2025-07-11
27122,27122,viewer,2026-03-26
27123,27123,admin,2025-09-27
27124,27124,guest,2025-06-09
27125,27125,editor,2025-05-14
27126,27126,viewer,2025-12-21
27127,27127,editor,2026-01-05
27128,27128,editor,2025-10-18
27129,27129,editor,2025-08-01
27130,27130,admin,2026-01-19
27131,27131,viewer,2025-05-06
27132,27132,viewer,2025-04-15
27133,27133,,2025-05-05
27134,27134,admin,2026-03-07
27135,27135,admin,2026-03-27
27136,27136,admin,2025-11-11
27137,27137,viewer,2026-03-09
27138,27138,admin,2025-11-08
27139,27139,guest,2025-04-18
27140,27140,,2025-10-26
27141,27141,editor,2025-12-21
27142,27142,admin,2025-05-26
27143,27143,viewer,2025-04-03
27144,27144,,2025-12-14
27145,27145,admin,2025-11-25
27146,27146,editor,2025-03-31
27147,27147,viewer,2026-02-20
27148,27148,admin,2025-06-25
27149,27149,,2025-08-02
27150,27150,viewer,2025-11-29
27151,27151,admin,2025-10-02
27152,27152,admin,2025-09-06
27153,27153,,2025-08-25
27154,27154,admin,2025-09-01
27155,27155,viewer,2025-05-10
27156,27156,editor,2026-02-11
27157,27157,editor,2025-07-16
27158,27158,,2025-07-31
27159,27159,admin,2025-09-14
27160,27160,viewer,2025-08-22
27161,27161,viewer,2025-12-20
27162,27162,viewer,2026-03-16
27163,27163,editor,2026-03-05
27164,27164,guest,2025-12-13
27165,27165,editor,2026-03-18
27166,27166,,2026-01-04
27167,27167,,2025-05-23
27168,27168,editor,2025-11-28
27169,27169,viewer,2025-06-27
27170,27170,viewer,2025-12-24
27171,27171,admin,2025-07-19
27172,27172,editor,2026-03-21
27173,27173,editor,2025-10-10
27174,27174,viewer,2025-04-14
27175,27175,editor,2025-04-09
27176,27176,,2025-11-16
27177,27177,admin,2025-04-13
27178,27178,editor,2026-02-04
27179,27179,editor,2025-12-13
27180,27180,editor,2025-06-13
27181,27181,admin,2025-10-31
27182,27182,admin,2025-12-06
27183,27183,viewer,2025-12-12
27184,27184,admin,2025-09-03
27185,27185,viewer,2026-03-19
27186,27186,invalid_role,2026-03-06
27187,27187,viewer,2026-02-24
27188,27188,editor,2025-07-23
27189,27189,guest,2025-10-16
27190,27190,admin,2026-03-23
27191,27191,viewer,2025-12-23
27192,27192,editor,2025-11-22
27193,27193,viewer,2025-04-22
27194,27194,editor,2025-10-18
27195,27195,admin,2025-10-02
27196,27196,editor,2026-03-13
27197,27197,admin,2026-01-08
27198,27198,,2026-01-19
27199,27199,admin,2025-12-16
27200,27200,admin,2026-01-03
27201,27201,editor,2025-10-16
27202,27202,invalid_role,2026-01-03
27203,27203,editor,2025-12-20
27204,27204,admin,2025-10-27
27205,27205,admin,2025-04-09
27206,27206,admin,2025-09-05
27207,27207,admin,2025-06-11
27208,27208,invalid_role,2025-07-05
27209,27209,editor,2025-06-16
27210,27210,unknown,2025-10-26
27211,27211,,2025-12-28
27212,27212,editor,2026-03-14
27213,27213,editor,2025-09-02
27214,27214,admin,2026-01-29
27215,27215,viewer,2025-11-28
27216,27216,admin,2025-04-30
27217,27217,viewer,2025-12-14
27218,27218,,2025-05-22
27219,27219,editor,2025-06-26
27220,27220,admin,2025-09-17
27221,27221,admin,2025-05-19
27222,27222,editor,2025-06-23
27223,27223,editor,2025-12-26
27224,27224,admin,2026-03-03
27225,27225,editor,2026-02-13
27226,27226,viewer,2025-08-30
27227,27227,editor,2025-10-06
27228,27228,admin,2025-10-22
27229,27229,editor,2025-06-25
27230,27230,,2026-01-23
27231,27231,invalid_role,2025-11-25
27232,27232,viewer,2025-08-05
27233,27233,editor,2026-03-16
27234,27234,viewer,2025-11-25
27235,27235,guest,2026-01-02
27236,27236,admin,2025-04-30
27237,27237,admin,2026-01-26
27238,27238,editor,2026-03-19
27239,27239,editor,2025-12-16
27240,27240,admin,2026-03-12
27241,27241,guest,2025-08-05
27242,27242,admin,2025-10-12
27243,27243,viewer,2025-05-15
27244,27244,editor,2025-10-25
27245,27245,guest,2025-07-24
27246,27246,viewer,2025-06-23
27247,27247,viewer,2025-09-27
27248,27248,viewer,2026-03-07
27249,27249,admin,2025-08-17
27250,27250,editor,2025-06-12
27251,27251,admin,2025-11-19
27252,27252,editor,2025-10-24
27253,27253,viewer,2025-11-17
27254,27254,viewer,2025-10-27
27255,27255,viewer,2025-12-05
27256,27256,admin,2025-11-26
27257,27257,admin,2025-06-11
27258,27258,unknown,2025-12-27
27259,27259,viewer,2025-12-31
27260,27260,viewer,2025-11-20
27261,27261,viewer,2025-07-29
27262,27262,admin,2025-06-19
27263,27263,editor,2026-03-02
27264,27264,guest,2026-03-08
27265,27265,admin,2025-11-18
27266,27266,admin,2025-07-13
27267,27267,viewer,2025-04-15
27268,27268,admin,2025-11-02
27269,27269,editor,2025-05-23
27270,27270,admin,2025-07-25
27271,27271,guest,2026-03-23
27272,27272,editor,2025-10-13
27273,27273,editor,2025-11-22
27274,27274,viewer,2025-08-11
27275,27275,invalid_role,2026-02-06
27276,27276,invalid_role,2025-05-16
27277,27277,viewer,2026-01-10
27278,27278,viewer,2025-05-14
27279,27279,editor,2025-05-25
27280,27280,viewer,2025-05-18
27281,27281,admin,2025-05-04
27282,27282,admin,2025-05-24
27283,27283,invalid_role,2025-08-20
27284,27284,admin,2025-11-12
27285,27285,viewer,2025-07-16
27286,27286,,2026-02-08
27287,27287,,2025-04-07
27288,27288,viewer,2025-03-31
27289,27289,admin,2025-04-04
27290,27290,viewer,2025-10-25
27291,27291,admin,2026-01-07
27292,27292,admin,2026-03-07
27293,27293,admin,2026-02-10
27294,27294,admin,2025-07-16
27295,27295,admin,2025-07-25
27296,27296,editor,2025-04-18
27297,27297,,2025-07-10
27298,27298,invalid_role,2025-08-19
27299,27299,,2025-06-07
27300,27300,admin,2025-05-02
27301,27301,admin,2025-10-25
27302,27302,editor,2025-05-31
27303,27303,editor,2026-01-15
27304,27304,editor,2026-01-20
27305,27305,viewer,2025-12-20
27306,27306,editor,2025-12-08
27307,27307,,2025-08-26
27308,27308,viewer,2025-11-17
27309,27309,admin,2025-12-05
27310,27310,,2026-01-15
27311,27311,editor,2026-02-09
27312,27312,viewer,2025-04-13
27313,27313,unknown,2025-11-23
27314,27314,unknown,2026-02-14
27315,27315,,2025-07-19
27316,27316,invalid_role,2025-11-17
27317,27317,editor,2026-01-31
27318,27318,viewer,2026-03-19
27319,27319,viewer,2025-11-01
27320,27320,viewer,2025-11-28
27321,27321,,2026-03-14
27322,27322,invalid_role,2025-09-18
27323,27323,editor,2026-01-22
27324,27324,viewer,2025-10-26
27325,27325,editor,2025-06-01
27326,27326,admin,2026-03-10
27327,27327,,2025-12-12
27328,27328,admin,2025-08-06
27329,27329,viewer,2026-03-16
27330,27330,viewer,2026-02-20
27331,27331,admin,2025-08-19
27332,27332,invalid_role,2026-01-28
27333,27333,,2025-08-11
27334,27334,admin,2025-09-03
27335,27335,viewer,2025-06-20
27336,27336,editor,2025-11-27
27337,27337,admin,2025-11-19
27338,27338,,2025-05-25
27339,27339,admin,2026-03-12
27340,27340,,2025-08-22
27341,27341,admin,2025-12-02
27342,27342,editor,2025-04-24
27343,27343,viewer,2025-12-13
27344,27344,editor,2025-04-04
27345,27345,editor,2025-11-03
27346,27346,editor,2025-10-14
27347,27347,editor,2025-08-22
27348,27348,viewer,2026-03-06
27349,27349,admin,2025-10-18
27350,27350,admin,2025-05-17
27351,27351,,2025-06-04
27352,27352,viewer,2025-04-01
27353,27353,,2025-12-03
27354,27354,editor,2026-03-09
27355,27355,editor,2026-02-17
27356,27356,invalid_role,2025-05-07
27357,27357,invalid_role,2025-11-11
27358,27358,viewer,2026-01-10
27359,27359,viewer,2025-06-24
27360,27360,admin,2025-12-28
27361,27361,editor,2025-08-19
27362,27362,admin,2025-06-23
27363,27363,admin,2025-08-29
27364,27364,,2026-02-08
27365,27365,admin,2025-10-15
27366,27366,editor,2025-06-13
27367,27367,viewer,2026-03-26
27368,27368,admin,2025-06-23
27369,27369,viewer,2025-06-14
27370,27370,editor,2025-09-30
27371,27371,viewer,2025-04-04
27372,27372,,2025-07-28
27373,27373,viewer,2025-12-05
27374,27374,unknown,2026-03-22
27375,27375,viewer,2026-01-14
27376,27376,viewer,2025-08-04
27377,27377,guest,2025-04-04
27378,27378,viewer,2025-12-11
27379,27379,editor,2025-04-23
27380,27380,viewer,2025-07-23
27381,27381,editor,2026-02-26
27382,27382,admin,2025-06-11
27383,27383,editor,2026-03-01
27384,27384,viewer,2025-07-07
27385,27385,editor,2026-02-26
27386,27386,editor,2025-10-30
27387,27387,admin,2025-09-11
27388,27388,editor,2025-04-10
27389,27389,admin,2025-09-26
27390,27390,editor,2025-05-22
27391,27391,viewer,2025-12-17
27392,27392,invalid_role,2025-11-08
27393,27393,admin,2025-08-09
27394,27394,admin,2025-07-20
27395,27395,,2025-05-23
27396,27396,admin,2025-11-14
27397,27397,admin,2025-04-25
27398,27398,guest,2025-10-20
27399,27399,invalid_role,2026-01-02
27400,27400,invalid_role,2025-08-01
27401,27401,admin,2025-04-12
27402,27402,editor,2025-05-21
27403,27403,editor,2026-03-20
27404,27404,viewer,2025-08-26
27405,27405,invalid_role,2026-02-01
27406,27406,admin,2025-11-05
27407,27407,admin,2026-02-21
27408,27408,viewer,2025-08-03
27409,27409,editor,2025-09-06
27410,27410,editor,2026-03-19
27411,27411,viewer,2026-03-29
27412,27412,,2025-05-20
27413,27413,viewer,2025-11-07
27414,27414,editor,2025-05-05
27415,27415,admin,2025-07-01
27416,27416,admin,2025-10-16
27417,27417,editor,2025-06-18
27418,27418,viewer,2025-05-16
27419,27419,invalid_role,2025-04-11
27420,27420,viewer,2026-01-07
27421,27421,viewer,2026-03-03
27422,27422,viewer,2025-08-17
27423,27423,,2025-09-10
27424,27424,viewer,2025-12-04
27425,27425,viewer,2025-05-26
27426,27426,admin,2025-05-13
27427,27427,,2025-08-13
27428,27428,viewer,2025-07-12
27429,27429,viewer,2025-07-06
27430,27430,admin,2025-11-15
27431,27431,viewer,2026-02-05
27432,27432,editor,2025-10-16
27433,27433,admin,2026-02-13
27434,27434,admin,2025-08-08
27435,27435,,2025-12-28
27436,27436,admin,2025-06-15
27437,27437,admin,2025-09-13
27438,27438,viewer,2025-11-12
27439,27439,editor,2025-08-08
27440,27440,admin,2025-10-06
27441,27441,unknown,2026-03-02
27442,27442,viewer,2026-02-14
27443,27443,editor,2026-01-29
27444,27444,admin,2025-09-18
27445,27445,viewer,2026-02-04
27446,27446,viewer,2025-04-23
27447,27447,admin,2025-04-24
27448,27448,viewer,2025-07-19
27449,27449,editor,2025-08-21
27450,27450,invalid_role,2025-04-29
27451,27451,admin,2026-01-22
27452,27452,admin,2026-03-15
27453,27453,admin,2025-09-09
27454,27454,admin,2025-07-19
27455,27455,viewer,2025-10-20
27456,27456,viewer,2025-05-19
27457,27457,editor,2026-03-23
27458,27458,admin,2025-10-04
27459,27459,editor,2025-12-17
27460,27460,admin,2026-03-26
27461,27461,viewer,2025-05-08
27462,27462,unknown,2025-12-30
27463,27463,admin,2025-07-22
27464,27464,editor,2026-02-21
27465,27465,editor,2026-02-06
27466,27466,editor,2026-03-02
27467,27467,viewer,2026-02-04
27468,27468,viewer,2025-05-08
27469,27469,viewer,2025-05-03
27470,27470,viewer,2026-03-21
27471,27471,viewer,2026-03-06
27472,27472,admin,2025-07-04
27473,27473,editor,2025-06-06
27474,27474,editor,2025-08-18
27475,27475,admin,2025-10-08
27476,27476,viewer,2026-03-29
27477,27477,unknown,2026-01-19
27478,27478,admin,2025-08-09
27479,27479,editor,2025-05-28
27480,27480,editor,2026-02-25
27481,27481,,2025-10-26
27482,27482,viewer,2026-01-22
27483,27483,invalid_role,2025-04-28
27484,27484,viewer,2025-03-30
27485,27485,,2025-06-01
27486,27486,invalid_role,2025-11-22
27487,27487,viewer,2025-10-06
27488,27488,viewer,2026-02-10
27489,27489,viewer,2025-11-05
27490,27490,invalid_role,2025-06-21
27491,27491,unknown,2025-12-10
27492,27492,viewer,2025-09-02
27493,27493,admin,2025-11-08
27494,27494,viewer,2025-05-11
27495,27495,editor,2025-04-24
27496,27496,viewer,2025-10-17
27497,27497,admin,2025-05-20
27498,27498,editor,2026-03-22
27499,27499,,2026-03-03
27500,27500,viewer,2025-09-15
27501,27501,editor,2025-09-25
27502,27502,admin,2026-01-09
27503,27503,,2025-10-13
27504,27504,editor,2026-03-22
27505,27505,viewer,2025-12-02
27506,27506,unknown,2025-10-18
27507,27507,admin,2025-04-20
27508,27508,editor,2026-03-20
27509,27509,admin,2025-06-06
27510,27510,viewer,2025-12-07
27511,27511,admin,2026-01-30
27512,27512,editor,2025-04-07
27513,27513,admin,2025-05-19
27514,27514,viewer,2026-01-12
27515,27515,admin,2025-05-04
27516,27516,viewer,2026-01-04
27517,27517,editor,2025-06-19
27518,27518,editor,2026-03-06
27519,27519,editor,2025-11-13
27520,27520,viewer,2026-02-15
27521,27521,admin,2026-01-20
27522,27522,admin,2025-04-02
27523,27523,editor,2025-07-16
27524,27524,viewer,2025-09-12
27525,27525,editor,2025-08-31
27526,27526,editor,2025-09-14
27527,27527,viewer,2025-07-27
27528,27528,,2025-06-06
27529,27529,viewer,2025-11-11
27530,27530,editor,2025-07-31
27531,27531,,2025-08-01
27532,27532,guest,2026-03-17
27533,27533,guest,2025-08-15
27534,27534,admin,2025-06-30
27535,27535,,2025-10-22
27536,27536,invalid_role,2025-06-20
27537,27537,admin,2025-05-31
27538,27538,viewer,2025-11-19
27539,27539,editor,2025-08-24
27540,27540,admin,2025-06-12
27541,27541,admin,2025-05-20
27542,27542,unknown,2025-08-24
27543,27543,viewer,2025-09-09
27544,27544,editor,2025-05-24
27545,27545,admin,2026-01-02
27546,27546,editor,2025-10-16
27547,27547,admin,2026-01-08
27548,27548,editor,2025-12-09
27549,27549,admin,2025-12-17
27550,27550,viewer,2025-10-16
27551,27551,editor,2025-06-29
27552,27552,viewer,2026-02-19
27553,27553,viewer,2025-11-12
27554,27554,admin,2025-04-26
27555,27555,admin,2025-07-09
27556,27556,editor,2026-01-07
27557,27557,editor,2025-08-04
27558,27558,editor,2025-08-21
27559,27559,,2025-10-04
27560,27560,admin,2025-06-13
27561,27561,admin,2025-05-31
27562,27562,admin,2026-02-06
27563,27563,guest,2026-01-24
27564,27564,editor,2026-02-11
27565,27565,,2025-06-23
27566,27566,viewer,2025-04-21
27567,27567,admin,2026-03-17
27568,27568,editor,2025-12-13
27569,27569,unknown,2025-11-06
27570,27570,editor,2026-02-04
27571,27571,viewer,2025-11-07
27572,27572,admin,2025-11-20
27573,27573,viewer,2025-10-07
27574,27574,admin,2025-07-18
27575,27575,admin,2025-10-31
27576,27576,viewer,2025-05-23
27577,27577,invalid_role,2025-05-26
27578,27578,invalid_role,2025-04-03
27579,27579,viewer,2025-08-02
27580,27580,editor,2025-11-13
27581,27581,editor,2025-08-21
27582,27582,guest,2025-03-31
27583,27583,admin,2025-12-20
27584,27584,editor,2025-11-05
27585,27585,viewer,2025-09-20
27586,27586,,2026-03-22
27587,27587,viewer,2025-10-21
27588,27588,admin,2026-01-01
27589,27589,admin,2025-08-13
27590,27590,editor,2026-03-12
27591,27591,invalid_role,2026-03-25
27592,27592,viewer,2025-04-24
27593,27593,viewer,2025-06-03
27594,27594,editor,2026-02-15
27595,27595,editor,2025-04-29
27596,27596,editor,2026-03-25
27597,27597,viewer,2025-07-21
27598,27598,,2026-02-25
27599,27599,viewer,2025-05-15
27600,27600,viewer,2025-09-04
27601,27601,editor,2025-11-16
27602,27602,,2025-06-30
27603,27603,unknown,2026-02-13
27604,27604,admin,2025-05-30
27605,27605,,2025-05-15
27606,27606,viewer,2025-10-01
27607,27607,editor,2025-10-11
27608,27608,unknown,2026-02-27
27609,27609,admin,2025-07-31
27610,27610,viewer,2025-04-16
27611,27611,admin,2025-05-01
27612,27612,editor,2025-05-07
27613,27613,viewer,2025-09-15
27614,27614,viewer,2025-04-09
27615,27615,viewer,2025-11-29
27616,27616,viewer,2025-04-21
27617,27617,viewer,2025-07-30
27618,27618,guest,2025-04-22
27619,27619,editor,2025-09-17
27620,27620,editor,2025-10-31
27621,27621,editor,2025-10-04
27622,27622,viewer,2025-11-24
27623,27623,,2025-11-19
27624,27624,admin,2025-04-13
27625,27625,admin,2025-09-22
27626,27626,viewer,2025-12-26
27627,27627,editor,2025-05-16
27628,27628,editor,2026-03-19
27629,27629,admin,2025-11-12
27630,27630,editor,2026-01-12
27631,27631,editor,2025-07-29
27632,27632,viewer,2026-03-13
27633,27633,,2025-10-13
27634,27634,guest,2026-01-03
27635,27635,editor,2025-07-17
27636,27636,editor,2026-02-01
27637,27637,viewer,2025-10-05
27638,27638,viewer,2025-06-23
27639,27639,guest,2026-03-16
27640,27640,viewer,2025-04-16
27641,27641,guest,2025-04-16
27642,27642,editor,2025-07-17
27643,27643,viewer,2026-03-23
27644,27644,viewer,2026-03-10
27645,27645,invalid_role,2025-09-20
27646,27646,editor,2025-05-10
27647,27647,unknown,2025-05-18
27648,27648,viewer,2026-01-04
27649,27649,editor,2026-01-21
27650,27650,viewer,2025-10-12
27651,27651,admin,2025-10-04
27652,27652,viewer,2025-11-05
27653,27653,admin,2025-06-25
27654,27654,admin,2026-03-04
27655,27655,editor,2025-06-27
27656,27656,viewer,2025-07-12
27657,27657,viewer,2025-09-26
27658,27658,admin,2025-06-04
27659,27659,editor,2025-07-21
27660,27660,admin,2026-02-16
27661,27661,invalid_role,2025-12-10
27662,27662,admin,2026-03-17
27663,27663,editor,2025-05-22
27664,27664,,2025-12-09
27665,27665,viewer,2026-02-08
27666,27666,editor,2026-02-01
27667,27667,editor,2025-11-03
27668,27668,admin,2025-06-19
27669,27669,admin,2025-04-20
27670,27670,editor,2025-07-28
27671,27671,editor,2025-05-22
27672,27672,unknown,2025-09-26
27673,27673,viewer,2025-09-14
27674,27674,,2025-06-17
27675,27675,admin,2025-08-13
27676,27676,admin,2025-07-06
27677,27677,admin,2025-12-23
27678,27678,guest,2025-08-07
27679,27679,editor,2025-07-10
27680,27680,unknown,2026-03-22
27681,27681,editor,2025-11-06
27682,27682,admin,2025-10-23
27683,27683,viewer,2025-04-29
27684,27684,editor,2026-02-21
27685,27685,editor,2025-05-19
27686,27686,editor,2025-10-04
27687,27687,unknown,2025-10-30
27688,27688,guest,2025-09-07
27689,27689,editor,2025-06-24
27690,27690,viewer,2025-05-15
27691,27691,admin,2026-01-24
27692,27692,,2025-06-23
27693,27693,admin,2025-11-13
27694,27694,admin,2025-09-15
27695,27695,admin,2025-08-24
27696,27696,,2025-11-17
27697,27697,viewer,2025-05-11
27698,27698,editor,2025-04-20
27699,27699,admin,2025-12-23
27700,27700,viewer,2025-08-13
27701,27701,editor,2025-05-09
27702,27702,editor,2026-02-23
27703,27703,editor,2026-03-09
27704,27704,viewer,2025-05-08
27705,27705,,2026-01-31
27706,27706,editor,2025-11-11
27707,27707,viewer,2026-02-24
27708,27708,admin,2025-07-12
27709,27709,admin,2025-06-11
27710,27710,editor,2026-01-17
27711,27711,viewer,2025-08-06
27712,27712,viewer,2026-01-01
27713,27713,,2025-10-17
27714,27714,unknown,2025-06-03
27715,27715,editor,2026-03-09
27716,27716,editor,2025-12-30
27717,27717,invalid_role,2025-11-18
27718,27718,editor,2025-08-04
27719,27719,viewer,2026-01-18
27720,27720,unknown,2025-12-30
27721,27721,,2025-10-24
27722,27722,editor,2026-02-25
27723,27723,viewer,2025-05-16
27724,27724,invalid_role,2025-07-21
27725,27725,admin,2025-04-19
27726,27726,editor,2025-12-20
27727,27727,admin,2025-12-17
27728,27728,viewer,2025-07-20
27729,27729,admin,2025-06-23
27730,27730,admin,2025-06-26
27731,27731,viewer,2025-11-26
27732,27732,editor,2025-08-10
27733,27733,editor,2025-05-08
27734,27734,admin,2025-06-01
27735,27735,editor,2025-09-29
27736,27736,editor,2025-10-27
27737,27737,viewer,2025-06-02
27738,27738,unknown,2025-04-08
27739,27739,editor,2025-07-15
27740,27740,admin,2025-07-14
27741,27741,viewer,2026-02-11
27742,27742,viewer,2025-12-25
27743,27743,viewer,2026-01-14
27744,27744,viewer,2026-01-20
27745,27745,viewer,2025-07-29
27746,27746,invalid_role,2025-04-09
27747,27747,editor,2025-09-29
27748,27748,admin,2025-09-09
27749,27749,admin,2025-04-04
27750,27750,admin,2026-01-25
27751,27751,editor,2026-02-18
27752,27752,editor,2025-09-26
27753,27753,admin,2025-07-23
27754,27754,unknown,2026-03-11
27755,27755,editor,2025-04-22
27756,27756,admin,2026-01-12
27757,27757,viewer,2026-03-08
27758,27758,editor,2025-10-24
27759,27759,admin,2025-04-22
27760,27760,admin,2025-06-13
27761,27761,viewer,2025-09-20
27762,27762,,2025-08-20
27763,27763,viewer,2025-04-13
27764,27764,admin,2026-02-25
27765,27765,admin,2025-11-16
27766,27766,guest,2026-03-28
27767,27767,viewer,2026-03-10
27768,27768,admin,2025-04-15
27769,27769,admin,2025-11-06
27770,27770,editor,2025-09-22
27771,27771,viewer,2025-07-14
27772,27772,editor,2025-10-20
27773,27773,viewer,2025-08-14
27774,27774,editor,2025-06-06
27775,27775,admin,2025-04-30
27776,27776,admin,2025-05-31
27777,27777,editor,2025-10-23
27778,27778,admin,2025-09-30
27779,27779,editor,2025-12-21
27780,27780,admin,2025-12-16
27781,27781,viewer,2026-01-24
27782,27782,viewer,2025-07-02
27783,27783,viewer,2026-02-06
27784,27784,guest,2025-06-10
27785,27785,admin,2025-10-13
27786,27786,admin,2026-03-08
27787,27787,editor,2026-01-22
27788,27788,admin,2026-01-04
27789,27789,viewer,2025-06-02
27790,27790,admin,2025-08-05
27791,27791,admin,2025-09-16
27792,27792,viewer,2025-10-19
27793,27793,,2025-08-12
27794,27794,admin,2025-08-16
27795,27795,editor,2025-09-05
27796,27796,viewer,2026-01-06
27797,27797,viewer,2025-04-28
27798,27798,editor,2026-03-06
27799,27799,viewer,2025-09-04
27800,27800,viewer,2025-06-23
27801,27801,viewer,2025-04-04
27802,27802,,2025-10-25
27803,27803,viewer,2025-04-03
27804,27804,viewer,2025-12-11
27805,27805,viewer,2025-05-05
27806,27806,admin,2025-08-08
27807,27807,editor,2025-08-17
27808,27808,viewer,2025-07-18
27809,27809,guest,2025-09-09
27810,27810,viewer,2026-01-11
27811,27811,,2026-02-22
27812,27812,admin,2025-12-22
27813,27813,,2025-05-08
27814,27814,admin,2025-10-13
27815,27815,editor,2026-02-10
27816,27816,viewer,2026-03-16
27817,27817,admin,2026-03-17
27818,27818,editor,2026-02-12
27819,27819,editor,2026-03-12
27820,27820,editor,2026-03-06
27821,27821,admin,2025-11-18
27822,27822,admin,2025-04-29
27823,27823,editor,2025-10-10
27824,27824,editor,2026-02-13
27825,27825,,2025-12-03
27826,27826,viewer,2025-08-09
27827,27827,admin,2026-03-04
27828,27828,viewer,2025-08-07
27829,27829,editor,2026-03-20
27830,27830,admin,2025-07-16
27831,27831,editor,2025-10-12
27832,27832,unknown,2025-04-10
27833,27833,admin,2025-10-17
27834,27834,invalid_role,2025-10-14
27835,27835,editor,2025-12-24
27836,27836,viewer,2025-05-23
27837,27837,admin,2025-05-28
27838,27838,viewer,2026-01-23
27839,27839,editor,2025-07-29
27840,27840,guest,2025-10-08
27841,27841,editor,2025-07-11
27842,27842,admin,2025-05-13
27843,27843,,2025-11-17
27844,27844,editor,2026-02-11
27845,27845,viewer,2025-11-03
27846,27846,editor,2025-04-18
27847,27847,editor,2026-02-08
27848,27848,unknown,2025-12-31
27849,27849,editor,2025-10-12
27850,27850,viewer,2025-08-30
27851,27851,invalid_role,2025-04-24
27852,27852,editor,2025-08-05
27853,27853,editor,2025-07-17
27854,27854,guest,2025-07-21
27855,27855,viewer,2026-03-19
27856,27856,admin,2025-12-30
27857,27857,viewer,2025-08-13
27858,27858,,2025-07-27
27859,27859,admin,2025-06-24
27860,27860,unknown,2025-05-30
27861,27861,viewer,2025-12-10
27862,27862,editor,2025-06-28
27863,27863,,2025-12-22
27864,27864,editor,2025-05-20
27865,27865,invalid_role,2026-02-24
27866,27866,,2025-12-18
27867,27867,admin,2026-01-28
27868,27868,,2025-03-31
27869,27869,viewer,2025-08-31
27870,27870,editor,2025-08-11
27871,27871,editor,2025-10-17
27872,27872,admin,2025-07-08
27873,27873,,2025-08-16
27874,27874,viewer,2025-11-18
27875,27875,viewer,2025-05-20
27876,27876,,2026-03-16
27877,27877,guest,2025-07-08
27878,27878,admin,2025-04-02
27879,27879,viewer,2025-08-12
27880,27880,viewer,2026-02-17
27881,27881,admin,2025-09-17
27882,27882,invalid_role,2025-04-27
27883,27883,viewer,2025-12-28
27884,27884,editor,2025-04-18
27885,27885,editor,2025-07-22
27886,27886,editor,2025-05-20
27887,27887,admin,2025-03-31
27888,27888,viewer,2025-06-20
27889,27889,admin,2025-08-14
27890,27890,guest,2026-03-24
27891,27891,unknown,2026-02-14
27892,27892,admin,2025-08-07
27893,27893,admin,2026-01-09
27894,27894,editor,2025-04-16
27895,27895,admin,2025-05-20
27896,27896,viewer,2026-03-10
27897,27897,viewer,2025-04-28
27898,27898,viewer,2025-07-09
27899,27899,editor,2026-03-03
27900,27900,viewer,2025-10-12
27901,27901,admin,2025-10-29
27902,27902,invalid_role,2026-02-02
27903,27903,admin,2025-12-22
27904,27904,admin,2025-05-11
27905,27905,unknown,2026-01-15
27906,27906,viewer,2025-05-25
27907,27907,editor,2025-06-28
27908,27908,viewer,2026-01-17
27909,27909,guest,2025-09-13
27910,27910,viewer,2025-06-25
27911,27911,viewer,2025-12-23
27912,27912,admin,2026-03-03
27913,27913,admin,2025-08-29
27914,27914,editor,2025-07-02
27915,27915,viewer,2025-06-07
27916,27916,viewer,2026-01-20
27917,27917,viewer,2025-12-16
27918,27918,editor,2025-06-03
27919,27919,viewer,2025-07-21
27920,27920,,2025-10-31
27921,27921,viewer,2025-08-11
27922,27922,admin,2025-10-29
27923,27923,editor,2025-06-28
27924,27924,viewer,2025-05-28
27925,27925,unknown,2025-04-20
27926,27926,viewer,2025-08-17
27927,27927,editor,2025-07-11
27928,27928,admin,2025-04-06
27929,27929,editor,2025-12-30
27930,27930,editor,2025-05-13
27931,27931,editor,2026-02-15
27932,27932,invalid_role,2025-07-04
27933,27933,editor,2026-01-19
27934,27934,editor,2026-01-12
27935,27935,guest,2025-04-23
27936,27936,viewer,2025-08-04
27937,27937,admin,2025-07-18
27938,27938,admin,2026-02-24
27939,27939,editor,2025-08-22
27940,27940,viewer,2025-07-15
27941,27941,editor,2026-02-10
27942,27942,admin,2025-08-08
27943,27943,editor,2026-01-25
27944,27944,,2025-12-26
27945,27945,guest,2025-12-18
27946,27946,viewer,2025-10-13
27947,27947,viewer,2025-04-11
27948,27948,admin,2025-11-24
27949,27949,editor,2025-11-10
27950,27950,viewer,2025-11-26
27951,27951,admin,2026-01-27
27952,27952,viewer,2026-02-12
27953,27953,admin,2025-12-21
27954,27954,invalid_role,2025-12-31
27955,27955,editor,2026-02-26
27956,27956,editor,2025-12-12
27957,27957,viewer,2025-06-15
27958,27958,admin,2025-10-25
27959,27959,admin,2025-05-02
27960,27960,admin,2025-10-27
27961,27961,admin,2025-09-27
27962,27962,editor,2025-07-07
27963,27963,editor,2026-01-05
27964,27964,admin,2025-05-18
27965,27965,,2026-02-23
27966,27966,viewer,2025-12-04
27967,27967,unknown,2026-01-29
27968,27968,admin,2026-01-20
27969,27969,admin,2026-02-17
27970,27970,guest,2025-07-16
27971,27971,admin,2025-05-29
27972,27972,unknown,2025-07-28
27973,27973,admin,2026-02-21
27974,27974,unknown,2025-05-26
27975,27975,viewer,2026-03-03
27976,27976,,2025-07-20
27977,27977,,2025-12-28
27978,27978,editor,2025-08-07
27979,27979,admin,2025-08-18
27980,27980,admin,2025-12-16
27981,27981,admin,2025-07-23
27982,27982,admin,2025-06-25
27983,27983,viewer,2026-02-13
27984,27984,editor,2025-07-07
27985,27985,admin,2025-06-02
27986,27986,admin,2025-10-13
27987,27987,admin,2025-04-13
27988,27988,viewer,2025-12-25
27989,27989,viewer,2025-06-11
27990,27990,admin,2025-07-17
27991,27991,invalid_role,2026-02-17
27992,27992,unknown,2026-03-16
27993,27993,editor,2025-10-23
27994,27994,viewer,2025-04-18
27995,27995,viewer,2025-07-18
27996,27996,admin,2025-10-09
27997,27997,editor,2025-05-07
27998,27998,admin,2025-07-23
27999,27999,admin,2025-05-26
28000,28000,admin,2025-07-30
28001,28001,editor,2026-03-06
28002,28002,viewer,2025-07-07
28003,28003,guest,2026-03-21
28004,28004,viewer,2026-01-10
28005,28005,guest,2026-01-21
28006,28006,editor,2025-10-20
28007,28007,admin,2025-07-21
28008,28008,viewer,2025-11-20
28009,28009,admin,2026-02-05
28010,28010,viewer,2026-01-28
28011,28011,,2026-02-11
28012,28012,editor,2025-11-05
28013,28013,viewer,2025-12-19
28014,28014,editor,2025-08-28
28015,28015,admin,2025-04-23
28016,28016,editor,2026-02-02
28017,28017,admin,2025-04-05
28018,28018,admin,2026-01-31
28019,28019,,2025-06-27
28020,28020,unknown,2025-06-11
28021,28021,admin,2025-06-13
28022,28022,editor,2025-09-16
28023,28023,editor,2025-05-19
28024,28024,viewer,2025-09-15
28025,28025,invalid_role,2025-08-23
28026,28026,editor,2026-03-04
28027,28027,invalid_role,2025-05-19
28028,28028,editor,2025-09-06
28029,28029,admin,2025-04-01
28030,28030,viewer,2025-12-15
28031,28031,,2025-05-16
28032,28032,viewer,2025-07-12
28033,28033,admin,2025-03-30
28034,28034,admin,2025-10-15
28035,28035,viewer,2026-01-28
28036,28036,viewer,2025-10-09
28037,28037,guest,2025-04-13
28038,28038,editor,2026-01-05
28039,28039,guest,2025-11-24
28040,28040,viewer,2025-11-02
28041,28041,editor,2025-04-18
28042,28042,admin,2025-12-18
28043,28043,editor,2025-09-11
28044,28044,admin,2026-01-01
28045,28045,admin,2026-01-05
28046,28046,admin,2025-11-30
28047,28047,viewer,2026-01-11
28048,28048,editor,2025-10-28
28049,28049,admin,2026-03-02
28050,28050,admin,2026-03-09
28051,28051,admin,2026-02-06
28052,28052,editor,2026-01-04
28053,28053,admin,2025-11-28
28054,28054,unknown,2025-08-21
28055,28055,admin,2025-12-31
28056,28056,viewer,2026-02-25
28057,28057,editor,2026-01-12
28058,28058,viewer,2026-01-04
28059,28059,editor,2026-03-20
28060,28060,admin,2025-11-04
28061,28061,editor,2025-10-25
28062,28062,admin,2025-04-19
28063,28063,guest,2025-09-19
28064,28064,editor,2026-01-21
28065,28065,viewer,2025-10-31
28066,28066,viewer,2025-08-09
28067,28067,admin,2025-05-21
28068,28068,viewer,2025-06-25
28069,28069,admin,2026-01-12
28070,28070,viewer,2025-12-20
28071,28071,,2025-10-02
28072,28072,admin,2025-07-06
28073,28073,admin,2025-08-31
28074,28074,editor,2026-03-03
28075,28075,admin,2025-09-27
28076,28076,viewer,2025-09-05
28077,28077,viewer,2026-02-06
28078,28078,admin,2025-07-23
28079,28079,,2025-12-15
28080,28080,viewer,2025-11-19
28081,28081,editor,2025-10-12
28082,28082,viewer,2025-08-31
28083,28083,admin,2025-09-17
28084,28084,admin,2025-11-12
28085,28085,editor,2026-01-23
28086,28086,,2026-01-06
28087,28087,editor,2025-12-28
28088,28088,viewer,2025-09-25
28089,28089,editor,2025-12-05
28090,28090,admin,2025-05-27
28091,28091,editor,2025-09-16
28092,28092,viewer,2025-09-01
28093,28093,editor,2025-05-17
28094,28094,admin,2025-04-12
28095,28095,admin,2025-09-07
28096,28096,editor,2025-09-12
28097,28097,invalid_role,2025-06-17
28098,28098,guest,2026-03-01
28099,28099,,2026-03-25
28100,28100,guest,2025-09-01
28101,28101,editor,2025-09-15
28102,28102,viewer,2025-10-20
28103,28103,admin,2025-04-11
28104,28104,viewer,2025-06-28
28105,28105,,2025-04-26
28106,28106,,2025-08-10
28107,28107,admin,2025-10-31
28108,28108,,2025-05-22
28109,28109,editor,2026-01-16
28110,28110,editor,2026-01-06
28111,28111,viewer,2025-09-11
28112,28112,viewer,2025-09-07
28113,28113,guest,2025-08-28
28114,28114,admin,2025-09-21
28115,28115,invalid_role,2025-05-12
28116,28116,editor,2025-06-05
28117,28117,admin,2025-05-22
28118,28118,viewer,2025-04-20
28119,28119,unknown,2026-03-13
28120,28120,viewer,2026-01-27
28121,28121,admin,2025-11-19
28122,28122,admin,2025-08-27
28123,28123,admin,2026-01-02
28124,28124,editor,2025-08-31
28125,28125,,2026-03-15
28126,28126,viewer,2026-03-02
28127,28127,admin,2026-02-11
28128,28128,editor,2025-06-15
28129,28129,editor,2025-05-29
28130,28130,admin,2025-06-05
28131,28131,admin,2025-07-19
28132,28132,viewer,2025-12-15
28133,28133,viewer,2025-05-18
28134,28134,editor,2025-11-23
28135,28135,guest,2025-04-20
28136,28136,,2025-09-17
28137,28137,admin,2025-09-30
28138,28138,admin,2025-10-17
28139,28139,editor,2025-10-26
28140,28140,admin,2025-06-29
28141,28141,admin,2025-08-04
28142,28142,viewer,2025-11-02
28143,28143,editor,2025-09-04
28144,28144,unknown,2026-03-27
28145,28145,admin,2025-05-23
28146,28146,editor,2026-02-11
28147,28147,editor,2025-10-25
28148,28148,editor,2025-10-15
28149,28149,unknown,2026-03-27
28150,28150,invalid_role,2025-09-03
28151,28151,editor,2025-04-23
28152,28152,editor,2025-05-21
28153,28153,editor,2025-09-29
28154,28154,admin,2025-05-07
28155,28155,editor,2025-12-20
28156,28156,viewer,2026-01-15
28157,28157,admin,2025-10-15
28158,28158,viewer,2026-01-09
28159,28159,viewer,2025-09-10
28160,28160,admin,2025-06-04
28161,28161,viewer,2025-11-09
28162,28162,unknown,2026-02-27
28163,28163,editor,2025-11-16
28164,28164,admin,2025-04-19
28165,28165,editor,2025-10-17
28166,28166,guest,2025-10-25
28167,28167,editor,2025-11-09
28168,28168,,2025-09-03
28169,28169,editor,2025-07-06
28170,28170,guest,2025-08-17
28171,28171,,2025-08-08
28172,28172,viewer,2026-03-18
28173,28173,viewer,2025-05-18
28174,28174,admin,2026-01-08
28175,28175,admin,2025-05-21
28176,28176,admin,2025-09-15
28177,28177,guest,2025-09-05
28178,28178,admin,2025-09-06
28179,28179,viewer,2025-06-13
28180,28180,admin,2025-09-29
28181,28181,admin,2025-08-23
28182,28182,admin,2025-05-17
28183,28183,admin,2025-04-07
28184,28184,,2025-04-28
28185,28185,editor,2026-02-26
28186,28186,admin,2025-05-15
28187,28187,viewer,2025-06-20
28188,28188,unknown,2025-06-07
28189,28189,editor,2025-04-04
28190,28190,editor,2026-02-24
28191,28191,editor,2025-05-20
28192,28192,,2026-01-20
28193,28193,viewer,2026-03-09
28194,28194,admin,2026-03-16
28195,28195,guest,2026-02-05
28196,28196,editor,2025-09-16
28197,28197,,2026-03-25
28198,28198,admin,2025-05-23
28199,28199,viewer,2026-03-16
28200,28200,editor,2025-06-27
28201,28201,invalid_role,2025-03-30
28202,28202,admin,2026-03-27
28203,28203,viewer,2025-12-22
28204,28204,editor,2025-12-17
28205,28205,viewer,2025-08-05
28206,28206,admin,2025-12-15
28207,28207,viewer,2026-02-15
28208,28208,editor,2026-01-25
28209,28209,editor,2025-04-22
28210,28210,viewer,2025-08-16
28211,28211,viewer,2025-12-21
28212,28212,admin,2026-01-17
28213,28213,editor,2025-08-12
28214,28214,editor,2025-07-20
28215,28215,admin,2025-04-08
28216,28216,admin,2026-02-04
28217,28217,unknown,2025-09-09
28218,28218,editor,2025-04-02
28219,28219,viewer,2026-03-29
28220,28220,admin,2026-01-13
28221,28221,editor,2025-09-21
28222,28222,editor,2025-08-19
28223,28223,admin,2025-06-22
28224,28224,admin,2025-04-08
28225,28225,guest,2025-04-09
28226,28226,guest,2025-07-13
28227,28227,editor,2025-04-10
28228,28228,admin,2025-09-01
28229,28229,editor,2025-04-07
28230,28230,editor,2025-06-12
28231,28231,admin,2025-12-02
28232,28232,admin,2025-10-20
28233,28233,viewer,2025-09-21
28234,28234,admin,2025-06-07
28235,28235,editor,2025-11-28
28236,28236,editor,2025-10-10
28237,28237,admin,2025-04-23
28238,28238,unknown,2025-05-26
28239,28239,unknown,2025-11-03
28240,28240,editor,2025-04-28
28241,28241,editor,2026-03-12
28242,28242,editor,2025-06-03
28243,28243,viewer,2026-03-20
28244,28244,editor,2025-05-25
28245,28245,editor,2025-11-18
28246,28246,editor,2025-07-11
28247,28247,editor,2026-02-15
28248,28248,guest,2025-10-07
28249,28249,editor,2025-12-02
28250,28250,unknown,2025-11-17
28251,28251,viewer,2025-07-11
28252,28252,invalid_role,2025-11-20
28253,28253,admin,2025-12-09
28254,28254,admin,2025-04-29
28255,28255,guest,2025-10-03
28256,28256,viewer,2025-12-09
28257,28257,editor,2025-08-13
28258,28258,unknown,2025-06-08
28259,28259,editor,2025-10-14
28260,28260,admin,2026-03-10
28261,28261,unknown,2025-10-10
28262,28262,editor,2025-04-29
28263,28263,editor,2025-11-19
28264,28264,viewer,2026-03-22
28265,28265,admin,2025-06-09
28266,28266,admin,2026-03-22
28267,28267,editor,2025-12-07
28268,28268,viewer,2025-08-24
28269,28269,editor,2025-10-25
28270,28270,,2025-08-09
28271,28271,admin,2026-01-20
28272,28272,unknown,2025-07-21
28273,28273,admin,2025-09-21
28274,28274,guest,2025-05-06
28275,28275,admin,2025-04-05
28276,28276,viewer,2025-10-21
28277,28277,guest,2026-03-16
28278,28278,admin,2025-06-02
28279,28279,admin,2025-10-25
28280,28280,editor,2025-12-22
28281,28281,admin,2025-08-02
28282,28282,viewer,2025-09-29
28283,28283,viewer,2025-12-25
28284,28284,viewer,2026-03-24
28285,28285,editor,2025-10-11
28286,28286,editor,2025-07-05
28287,28287,viewer,2025-05-13
28288,28288,admin,2025-12-21
28289,28289,invalid_role,2025-10-20
28290,28290,viewer,2025-11-17
28291,28291,viewer,2025-07-22
28292,28292,admin,2025-10-05
28293,28293,admin,2026-01-28
28294,28294,viewer,2026-02-17
28295,28295,invalid_role,2025-07-30
28296,28296,editor,2025-07-02
28297,28297,admin,2026-01-19
28298,28298,invalid_role,2025-12-21
28299,28299,viewer,2025-10-27
28300,28300,viewer,2026-02-26
28301,28301,admin,2025-06-25
28302,28302,editor,2025-05-10
28303,28303,viewer,2025-07-03
28304,28304,editor,2025-06-21
28305,28305,viewer,2025-04-19
28306,28306,editor,2025-10-30
28307,28307,editor,2026-02-01
28308,28308,,2025-04-30
28309,28309,editor,2025-10-16
28310,28310,viewer,2025-04-23
28311,28311,admin,2025-07-20
28312,28312,viewer,2026-01-25
28313,28313,admin,2025-06-23
28314,28314,admin,2025-08-27
28315,28315,viewer,2025-04-20
28316,28316,viewer,2025-12-09
28317,28317,viewer,2025-04-30
28318,28318,viewer,2025-11-06
28319,28319,unknown,2025-04-17
28320,28320,editor,2025-10-13
28321,28321,unknown,2025-04-27
28322,28322,editor,2025-10-24
28323,28323,editor,2025-05-15
28324,28324,admin,2025-06-24
28325,28325,admin,2025-05-02
28326,28326,admin,2025-12-01
28327,28327,admin,2025-11-27
28328,28328,viewer,2025-10-08
28329,28329,viewer,2026-01-27
28330,28330,,2026-01-31
28331,28331,,2025-10-23
28332,28332,editor,2025-08-24
28333,28333,viewer,2025-08-02
28334,28334,viewer,2025-09-02
28335,28335,viewer,2025-06-02
28336,28336,guest,2025-12-13
28337,28337,admin,2026-03-14
28338,28338,viewer,2026-03-04
28339,28339,,2025-09-29
28340,28340,viewer,2025-10-19
28341,28341,admin,2025-04-16
28342,28342,admin,2026-03-11
28343,28343,admin,2025-03-30
28344,28344,viewer,2025-09-04
28345,28345,viewer,2026-02-12
28346,28346,,2026-01-03
28347,28347,viewer,2025-10-31
28348,28348,admin,2025-09-09
28349,28349,admin,2025-10-08
28350,28350,editor,2026-02-11
28351,28351,viewer,2025-09-11
28352,28352,editor,2026-03-29
28353,28353,unknown,2026-01-05
28354,28354,unknown,2025-11-08
28355,28355,invalid_role,2026-03-01
28356,28356,guest,2025-12-03
28357,28357,viewer,2025-09-01
28358,28358,admin,2025-11-10
28359,28359,viewer,2026-01-14
28360,28360,viewer,2025-04-05
28361,28361,guest,2025-07-31
28362,28362,viewer,2026-02-28
28363,28363,viewer,2025-10-17
28364,28364,viewer,2025-11-08
28365,28365,viewer,2025-04-27
28366,28366,viewer,2025-06-13
28367,28367,admin,2025-04-22
28368,28368,editor,2025-05-17
28369,28369,editor,2026-03-25
28370,28370,editor,2025-11-24
28371,28371,viewer,2025-10-10
28372,28372,viewer,2026-02-03
28373,28373,admin,2025-09-04
28374,28374,guest,2026-02-09
28375,28375,editor,2025-05-05
28376,28376,editor,2025-07-27
28377,28377,editor,2025-06-12
28378,28378,guest,2025-10-30
28379,28379,viewer,2025-10-09
28380,28380,editor,2026-02-24
28381,28381,viewer,2026-03-29
28382,28382,viewer,2025-07-29
28383,28383,admin,2025-06-06
28384,28384,admin,2025-08-25
28385,28385,viewer,2025-04-11
28386,28386,editor,2025-10-05
28387,28387,viewer,2025-06-14
28388,28388,editor,2025-12-11
28389,28389,viewer,2025-12-28
28390,28390,viewer,2026-02-12
28391,28391,editor,2025-06-15
28392,28392,admin,2025-11-12
28393,28393,viewer,2025-04-03
28394,28394,unknown,2025-10-22
28395,28395,admin,2025-08-17
28396,28396,admin,2025-04-03
28397,28397,editor,2025-08-28
28398,28398,viewer,2025-07-23
28399,28399,admin,2025-07-19
28400,28400,admin,2026-01-29
28401,28401,editor,2025-08-01
28402,28402,admin,2025-05-02
28403,28403,editor,2025-07-14
28404,28404,viewer,2025-08-29
28405,28405,admin,2025-12-06
28406,28406,,2025-12-20
28407,28407,admin,2025-08-24
28408,28408,,2025-05-18
28409,28409,editor,2025-06-30
28410,28410,,2025-10-30
28411,28411,editor,2025-08-21
28412,28412,invalid_role,2025-12-30
28413,28413,editor,2026-03-25
28414,28414,editor,2025-12-02
28415,28415,editor,2026-02-23
28416,28416,admin,2025-12-24
28417,28417,admin,2026-01-17
28418,28418,admin,2025-12-12
28419,28419,editor,2025-12-10
28420,28420,editor,2026-02-16
28421,28421,guest,2025-08-26
28422,28422,editor,2025-10-28
28423,28423,editor,2026-01-09
28424,28424,viewer,2026-02-07
28425,28425,unknown,2026-01-01
28426,28426,admin,2025-08-02
28427,28427,viewer,2025-08-24
28428,28428,admin,2025-08-28
28429,28429,editor,2026-03-27
28430,28430,admin,2025-10-10
28431,28431,admin,2025-07-26
28432,28432,viewer,2025-11-27
28433,28433,editor,2025-08-10
28434,28434,admin,2025-06-03
28435,28435,editor,2026-03-19
28436,28436,admin,2025-12-21
28437,28437,viewer,2025-06-27
28438,28438,,2026-01-23
28439,28439,,2025-04-14
28440,28440,editor,2025-04-30
28441,28441,viewer,2025-12-06
28442,28442,editor,2026-02-21
28443,28443,editor,2025-08-31
28444,28444,admin,2025-04-28
28445,28445,invalid_role,2025-09-20
28446,28446,viewer,2025-04-19
28447,28447,editor,2025-09-09
28448,28448,editor,2025-06-25
28449,28449,editor,2025-09-09
28450,28450,admin,2025-10-25
28451,28451,guest,2025-08-20
28452,28452,viewer,2026-03-03
28453,28453,admin,2026-02-01
28454,28454,admin,2025-12-31
28455,28455,viewer,2026-02-10
28456,28456,viewer,2025-04-19
28457,28457,admin,2026-02-27
28458,28458,editor,2025-09-28
28459,28459,admin,2025-11-28
28460,28460,viewer,2025-05-02
28461,28461,editor,2025-09-30
28462,28462,admin,2025-06-17
28463,28463,editor,2025-05-26
28464,28464,editor,2025-08-29
28465,28465,viewer,2025-11-04
28466,28466,admin,2025-06-17
28467,28467,editor,2026-01-05
28468,28468,editor,2025-11-01
28469,28469,viewer,2025-10-13
28470,28470,unknown,2025-08-20
28471,28471,viewer,2025-04-20
28472,28472,admin,2025-10-08
28473,28473,admin,2026-01-31
28474,28474,,2026-02-24
28475,28475,admin,2025-05-20
28476,28476,admin,2026-02-27
28477,28477,,2025-11-02
28478,28478,viewer,2025-12-19
28479,28479,unknown,2025-12-09
28480,28480,admin,2025-04-28
28481,28481,invalid_role,2025-04-16
28482,28482,viewer,2025-06-04
28483,28483,editor,2025-05-27
28484,28484,editor,2025-12-01
28485,28485,admin,2025-10-13
28486,28486,,2025-10-12
28487,28487,editor,2025-03-30
28488,28488,editor,2026-03-24
28489,28489,admin,2025-09-09
28490,28490,viewer,2025-06-28
28491,28491,editor,2025-08-19
28492,28492,admin,2026-03-09
28493,28493,viewer,2025-12-27
28494,28494,,2025-06-27
28495,28495,unknown,2025-05-22
28496,28496,viewer,2025-08-16
28497,28497,editor,2025-06-30
28498,28498,editor,2025-11-22
28499,28499,admin,2025-06-11
28500,28500,viewer,2025-10-14
28501,28501,admin,2025-03-30
28502,28502,admin,2025-10-01
28503,28503,editor,2026-03-16
28504,28504,editor,2025-06-25
28505,28505,editor,2025-09-01
28506,28506,editor,2026-03-04
28507,28507,admin,2025-05-24
28508,28508,invalid_role,2025-12-31
28509,28509,editor,2025-12-02
28510,28510,editor,2025-05-27
28511,28511,editor,2025-08-31
28512,28512,viewer,2025-07-26
28513,28513,editor,2025-09-19
28514,28514,invalid_role,2025-10-12
28515,28515,viewer,2025-04-13
28516,28516,viewer,2025-07-07
28517,28517,viewer,2026-03-12
28518,28518,invalid_role,2025-08-15
28519,28519,editor,2025-08-25
28520,28520,,2026-01-22
28521,28521,admin,2025-11-20
28522,28522,admin,2025-12-04
28523,28523,admin,2025-07-18
28524,28524,editor,2025-04-24
28525,28525,,2025-10-17
28526,28526,editor,2026-01-23
28527,28527,viewer,2025-07-11
28528,28528,unknown,2025-07-26
28529,28529,,2025-07-12
28530,28530,viewer,2025-06-05
28531,28531,admin,2025-04-22
28532,28532,viewer,2025-08-16
28533,28533,viewer,2025-05-13
28534,28534,admin,2025-11-28
28535,28535,viewer,2025-12-23
28536,28536,invalid_role,2025-11-14
28537,28537,editor,2025-10-11
28538,28538,admin,2025-11-21
28539,28539,editor,2025-12-15
28540,28540,viewer,2025-07-12
28541,28541,unknown,2025-06-13
28542,28542,guest,2025-12-23
28543,28543,viewer,2025-04-17
28544,28544,,2025-12-02
28545,28545,admin,2025-06-09
28546,28546,viewer,2025-08-03
28547,28547,invalid_role,2025-12-30
28548,28548,viewer,2025-11-20
28549,28549,viewer,2026-02-12
28550,28550,viewer,2025-09-21
28551,28551,editor,2026-02-14
28552,28552,admin,2026-01-16
28553,28553,viewer,2025-12-24
28554,28554,admin,2025-04-09
28555,28555,guest,2025-04-08
28556,28556,viewer,2026-03-25
28557,28557,admin,2025-09-02
28558,28558,editor,2025-10-09
28559,28559,editor,2025-10-30
28560,28560,,2026-01-27
28561,28561,viewer,2025-06-26
28562,28562,,2025-08-05
28563,28563,editor,2025-11-02
28564,28564,viewer,2025-10-12
28565,28565,viewer,2025-10-27
28566,28566,editor,2026-01-12
28567,28567,viewer,2025-11-13
28568,28568,viewer,2025-04-17
28569,28569,admin,2025-08-07
28570,28570,viewer,2025-08-22
28571,28571,admin,2025-12-30
28572,28572,admin,2025-09-05
28573,28573,,2025-12-06
28574,28574,admin,2025-04-29
28575,28575,admin,2025-11-12
28576,28576,admin,2025-09-27
28577,28577,editor,2025-04-04
28578,28578,editor,2025-11-30
28579,28579,admin,2025-12-16
28580,28580,admin,2025-06-05
28581,28581,viewer,2026-03-10
28582,28582,viewer,2026-03-11
28583,28583,editor,2025-10-12
28584,28584,editor,2026-01-17
28585,28585,,2025-05-04
28586,28586,,2025-06-22
28587,28587,editor,2025-03-31
28588,28588,editor,2025-12-04
28589,28589,admin,2026-02-08
28590,28590,editor,2025-08-17
28591,28591,guest,2025-06-11
28592,28592,unknown,2025-07-10
28593,28593,admin,2026-02-04
28594,28594,editor,2026-01-16
28595,28595,editor,2025-05-22
28596,28596,viewer,2025-04-27
28597,28597,editor,2025-09-02
28598,28598,admin,2026-02-16
28599,28599,viewer,2025-04-06
28600,28600,editor,2025-09-30
28601,28601,editor,2025-03-31
28602,28602,admin,2025-09-13
28603,28603,viewer,2025-09-03
28604,28604,viewer,2026-01-28
28605,28605,viewer,2025-09-14
28606,28606,invalid_role,2025-04-08
28607,28607,editor,2026-02-15
28608,28608,invalid_role,2025-08-18
28609,28609,editor,2025-09-05
28610,28610,guest,2025-07-22
28611,28611,viewer,2026-03-15
28612,28612,viewer,2025-06-11
28613,28613,admin,2025-10-04
28614,28614,,2026-02-19
28615,28615,viewer,2025-09-28
28616,28616,editor,2025-10-09
28617,28617,viewer,2025-04-29
28618,28618,viewer,2025-09-09
28619,28619,editor,2026-02-21
28620,28620,admin,2025-11-22
28621,28621,viewer,2025-07-12
28622,28622,viewer,2026-01-11
28623,28623,viewer,2025-08-24
28624,28624,admin,2025-08-15
28625,28625,editor,2025-11-02
28626,28626,editor,2026-01-06
28627,28627,viewer,2025-05-14
28628,28628,viewer,2025-07-10
28629,28629,admin,2026-03-09
28630,28630,viewer,2025-12-24
28631,28631,unknown,2025-11-28
28632,28632,,2025-11-06
28633,28633,editor,2025-07-13
28634,28634,editor,2025-11-05
28635,28635,admin,2025-03-30
28636,28636,editor,2025-04-14
28637,28637,admin,2025-11-09
28638,28638,admin,2025-09-02
28639,28639,editor,2026-02-25
28640,28640,editor,2025-09-16
28641,28641,admin,2025-11-23
28642,28642,invalid_role,2025-06-17
28643,28643,admin,2025-11-08
28644,28644,editor,2025-11-20
28645,28645,viewer,2025-07-14
28646,28646,editor,2025-10-13
28647,28647,viewer,2025-06-16
28648,28648,admin,2026-01-11
28649,28649,admin,2026-02-25
28650,28650,unknown,2026-03-26
28651,28651,viewer,2026-01-28
28652,28652,unknown,2025-12-26
28653,28653,viewer,2025-06-27
28654,28654,editor,2025-12-27
28655,28655,viewer,2025-04-07
28656,28656,viewer,2026-01-05
28657,28657,admin,2025-12-21
28658,28658,editor,2026-01-01
28659,28659,,2025-12-18
28660,28660,viewer,2026-01-26
28661,28661,viewer,2025-08-13
28662,28662,admin,2025-11-24
28663,28663,editor,2025-08-23
28664,28664,editor,2025-11-26
28665,28665,admin,2025-07-03
28666,28666,viewer,2025-11-30
28667,28667,admin,2026-03-05
28668,28668,editor,2025-05-12
28669,28669,viewer,2025-05-27
28670,28670,viewer,2026-02-24
28671,28671,viewer,2026-01-03
28672,28672,editor,2025-11-03
28673,28673,admin,2026-02-04
28674,28674,editor,2026-01-20
28675,28675,viewer,2025-08-30
28676,28676,admin,2025-05-20
28677,28677,editor,2025-06-16
28678,28678,viewer,2025-04-06
28679,28679,unknown,2025-10-06
28680,28680,admin,2025-12-16
28681,28681,viewer,2025-12-13
28682,28682,admin,2025-04-07
28683,28683,viewer,2026-02-14
28684,28684,guest,2025-09-22
28685,28685,,2025-09-19
28686,28686,admin,2025-08-20
28687,28687,editor,2025-12-15
28688,28688,guest,2025-09-19
28689,28689,viewer,2025-12-30
28690,28690,admin,2025-09-12
28691,28691,admin,2025-04-04
28692,28692,,2026-01-28
28693,28693,unknown,2025-05-29
28694,28694,editor,2025-10-15
28695,28695,,2025-05-04
28696,28696,viewer,2025-12-10
28697,28697,viewer,2025-08-03
28698,28698,admin,2025-07-28
28699,28699,viewer,2026-02-12
28700,28700,viewer,2025-12-03
28701,28701,admin,2025-10-23
28702,28702,viewer,2025-06-06
28703,28703,admin,2025-12-06
28704,28704,admin,2026-01-15
28705,28705,admin,2025-07-11
28706,28706,unknown,2026-02-18
28707,28707,editor,2025-06-19
28708,28708,editor,2026-01-12
28709,28709,editor,2026-01-12
28710,28710,,2025-04-19
28711,28711,viewer,2025-08-03
28712,28712,viewer,2025-12-24
28713,28713,editor,2025-06-07
28714,28714,editor,2025-06-11
28715,28715,viewer,2025-04-17
28716,28716,admin,2025-07-05
28717,28717,admin,2025-12-22
28718,28718,admin,2025-11-14
28719,28719,admin,2026-01-15
28720,28720,guest,2025-06-27
28721,28721,admin,2025-08-26
28722,28722,editor,2025-10-11
28723,28723,admin,2025-08-15
28724,28724,editor,2025-12-02
28725,28725,guest,2025-04-30
28726,28726,editor,2025-07-01
28727,28727,admin,2025-04-18
28728,28728,invalid_role,2025-11-29
28729,28729,viewer,2026-02-01
28730,28730,editor,2025-12-12
28731,28731,viewer,2025-12-27
28732,28732,admin,2025-07-25
28733,28733,viewer,2025-06-29
28734,28734,viewer,2026-02-07
28735,28735,admin,2025-08-30
28736,28736,admin,2026-03-27
28737,28737,admin,2025-04-10
28738,28738,invalid_role,2025-12-08
28739,28739,editor,2026-02-12
28740,28740,admin,2025-07-19
28741,28741,admin,2026-03-01
28742,28742,,2025-07-02
28743,28743,unknown,2026-02-10
28744,28744,editor,2025-07-01
28745,28745,viewer,2025-08-12
28746,28746,editor,2025-06-23
28747,28747,viewer,2025-06-15
28748,28748,viewer,2025-11-06
28749,28749,viewer,2025-12-27
28750,28750,admin,2026-02-18
28751,28751,invalid_role,2025-11-08
28752,28752,editor,2025-09-07
28753,28753,admin,2025-09-02
28754,28754,admin,2026-02-12
28755,28755,editor,2025-11-15
28756,28756,editor,2025-05-16
28757,28757,guest,2026-01-07
28758,28758,viewer,2025-08-18
28759,28759,viewer,2025-12-19
28760,28760,admin,2025-05-27
28761,28761,viewer,2025-12-21
28762,28762,admin,2025-08-22
28763,28763,admin,2025-06-21
28764,28764,,2025-07-21
28765,28765,admin,2026-03-23
28766,28766,admin,2025-04-18
28767,28767,editor,2026-01-16
28768,28768,viewer,2025-10-07
28769,28769,viewer,2025-08-31
28770,28770,viewer,2025-07-28
28771,28771,viewer,2026-03-06
28772,28772,unknown,2026-03-06
28773,28773,admin,2025-06-05
28774,28774,editor,2025-08-02
28775,28775,viewer,2025-05-08
28776,28776,editor,2025-04-18
28777,28777,editor,2025-05-27
28778,28778,editor,2025-11-24
28779,28779,viewer,2026-03-05
28780,28780,editor,2025-04-19
28781,28781,viewer,2025-04-24
28782,28782,viewer,2025-05-03
28783,28783,editor,2025-11-26
28784,28784,admin,2025-06-16
28785,28785,admin,2025-08-22
28786,28786,,2026-01-10
28787,28787,guest,2025-07-27
28788,28788,guest,2025-09-12
28789,28789,admin,2025-09-11
28790,28790,viewer,2026-02-28
28791,28791,viewer,2025-12-11
28792,28792,viewer,2025-12-26
28793,28793,editor,2025-06-02
28794,28794,viewer,2025-12-17
28795,28795,admin,2025-11-09
28796,28796,editor,2025-12-22
28797,28797,guest,2025-12-03
28798,28798,viewer,2025-06-10
28799,28799,editor,2025-09-15
28800,28800,admin,2026-02-24
28801,28801,admin,2025-10-06
28802,28802,viewer,2025-05-11
28803,28803,editor,2026-01-04
28804,28804,admin,2025-08-10
28805,28805,viewer,2025-09-15
28806,28806,,2025-04-04
28807,28807,admin,2026-01-18
28808,28808,viewer,2025-06-02
28809,28809,,2025-12-11
28810,28810,viewer,2025-07-31
28811,28811,editor,2025-08-03
28812,28812,viewer,2025-07-11
28813,28813,,2026-01-28
28814,28814,editor,2026-03-28
28815,28815,guest,2025-04-25
28816,28816,viewer,2025-04-03
28817,28817,editor,2025-10-23
28818,28818,editor,2026-03-29
28819,28819,admin,2025-09-19
28820,28820,unknown,2025-11-25
28821,28821,viewer,2025-07-26
28822,28822,,2025-05-26
28823,28823,admin,2026-02-04
28824,28824,viewer,2025-07-04
28825,28825,editor,2026-03-21
28826,28826,editor,2025-08-10
28827,28827,editor,2025-05-02
28828,28828,editor,2025-09-30
28829,28829,editor,2025-07-20
28830,28830,viewer,2025-09-08
28831,28831,unknown,2025-12-27
28832,28832,editor,2025-06-03
28833,28833,guest,2025-07-06
28834,28834,viewer,2025-05-03
28835,28835,editor,2026-01-10
28836,28836,admin,2025-06-13
28837,28837,guest,2025-09-27
28838,28838,unknown,2026-03-06
28839,28839,,2025-12-31
28840,28840,admin,2025-08-11
28841,28841,viewer,2026-01-16
28842,28842,editor,2025-09-16
28843,28843,viewer,2025-11-09
28844,28844,editor,2025-09-13
28845,28845,viewer,2025-05-14
28846,28846,admin,2025-10-11
28847,28847,viewer,2025-07-18
28848,28848,editor,2026-03-02
28849,28849,viewer,2026-03-01
28850,28850,editor,2026-03-28
28851,28851,viewer,2025-08-27
28852,28852,admin,2025-04-17
28853,28853,editor,2025-12-26
28854,28854,invalid_role,2026-02-07
28855,28855,viewer,2025-07-15
28856,28856,admin,2026-02-28
28857,28857,viewer,2025-09-29
28858,28858,admin,2025-09-23
28859,28859,viewer,2025-06-03
28860,28860,editor,2025-04-25
28861,28861,admin,2025-09-28
28862,28862,editor,2025-08-10
28863,28863,editor,2025-05-26
28864,28864,,2025-05-15
28865,28865,guest,2025-04-23
28866,28866,,2025-10-19
28867,28867,admin,2025-05-23
28868,28868,admin,2025-08-13
28869,28869,admin,2025-04-04
28870,28870,admin,2026-03-11
28871,28871,,2025-09-22
28872,28872,editor,2025-07-14
28873,28873,,2025-08-24
28874,28874,viewer,2025-05-27
28875,28875,viewer,2026-03-19
28876,28876,guest,2026-03-15
28877,28877,,2025-09-23
28878,28878,editor,2025-10-11
28879,28879,editor,2025-10-16
28880,28880,,2025-10-18
28881,28881,viewer,2026-02-23
28882,28882,editor,2025-12-20
28883,28883,editor,2025-07-24
28884,28884,viewer,2025-08-21
28885,28885,guest,2026-02-03
28886,28886,viewer,2025-07-03
28887,28887,viewer,2025-10-24
28888,28888,admin,2025-04-22
28889,28889,guest,2026-02-03
28890,28890,editor,2026-01-26
28891,28891,unknown,2025-12-15
28892,28892,invalid_role,2026-02-10
28893,28893,admin,2026-01-11
28894,28894,unknown,2025-12-24
28895,28895,admin,2026-01-11
28896,28896,viewer,2025-05-24
28897,28897,viewer,2025-11-22
28898,28898,viewer,2026-02-14
28899,28899,admin,2025-09-10
28900,28900,editor,2025-06-22
28901,28901,admin,2025-12-31
28902,28902,viewer,2025-12-25
28903,28903,viewer,2025-05-31
28904,28904,,2025-06-21
28905,28905,admin,2025-03-30
28906,28906,viewer,2025-04-21
28907,28907,admin,2025-04-30
28908,28908,admin,2025-10-12
28909,28909,viewer,2025-06-19
28910,28910,viewer,2025-11-07
28911,28911,viewer,2025-05-07
28912,28912,viewer,2025-12-25
28913,28913,viewer,2025-11-28
28914,28914,viewer,2025-09-24
28915,28915,invalid_role,2025-05-15
28916,28916,admin,2026-01-17
28917,28917,,2025-06-04
28918,28918,editor,2025-08-15
28919,28919,viewer,2025-05-04
28920,28920,viewer,2025-08-28
28921,28921,admin,2025-08-23
28922,28922,viewer,2026-01-28
28923,28923,editor,2025-08-27
28924,28924,viewer,2025-11-27
28925,28925,admin,2025-10-17
28926,28926,editor,2026-01-10
28927,28927,editor,2025-08-31
28928,28928,admin,2025-09-16
28929,28929,admin,2025-06-06
28930,28930,editor,2025-08-01
28931,28931,admin,2025-10-21
28932,28932,admin,2025-11-24
28933,28933,viewer,2025-04-05
28934,28934,admin,2025-04-14
28935,28935,editor,2025-05-18
28936,28936,admin,2025-04-21
28937,28937,admin,2025-08-06
28938,28938,viewer,2025-07-10
28939,28939,,2025-11-30
28940,28940,editor,2026-01-18
28941,28941,editor,2025-06-29
28942,28942,viewer,2026-03-15
28943,28943,viewer,2025-07-05
28944,28944,editor,2025-11-20
28945,28945,viewer,2025-09-26
28946,28946,admin,2025-11-12
28947,28947,admin,2025-10-22
28948,28948,admin,2025-08-13
28949,28949,editor,2025-10-20
28950,28950,editor,2025-09-24
28951,28951,viewer,2025-05-23
28952,28952,viewer,2025-08-22
28953,28953,guest,2025-04-11
28954,28954,editor,2025-12-10
28955,28955,admin,2025-12-30
28956,28956,admin,2025-10-14
28957,28957,editor,2026-03-09
28958,28958,guest,2025-04-25
28959,28959,editor,2026-02-02
28960,28960,guest,2025-03-30
28961,28961,,2026-02-11
28962,28962,admin,2025-11-11
28963,28963,editor,2025-03-31
28964,28964,viewer,2025-12-30
28965,28965,admin,2025-08-19
28966,28966,guest,2025-09-17
28967,28967,admin,2025-06-08
28968,28968,editor,2026-01-01
28969,28969,editor,2025-08-06
28970,28970,admin,2025-12-23
28971,28971,editor,2026-01-05
28972,28972,,2025-11-27
28973,28973,viewer,2026-03-17
28974,28974,editor,2025-09-09
28975,28975,,2026-02-03
28976,28976,viewer,2025-04-29
28977,28977,admin,2025-10-10
28978,28978,unknown,2025-05-12
28979,28979,,2025-09-11
28980,28980,editor,2026-03-20
28981,28981,unknown,2026-03-19
28982,28982,viewer,2026-01-09
28983,28983,viewer,2026-01-18
28984,28984,admin,2026-01-22
28985,28985,editor,2025-09-04
28986,28986,editor,2026-02-22
28987,28987,,2025-04-22
28988,28988,viewer,2025-04-24
28989,28989,editor,2025-08-29
28990,28990,editor,2025-09-09
28991,28991,admin,2025-08-23
28992,28992,,2025-06-13
28993,28993,editor,2025-12-16
28994,28994,admin,2025-06-05
28995,28995,viewer,2025-09-20
28996,28996,invalid_role,2026-03-09
28997,28997,viewer,2025-11-25
28998,28998,admin,2025-09-02
28999,28999,,2025-09-15
29000,29000,,2025-04-15
29001,29001,admin,2025-05-31
29002,29002,admin,2025-06-13
29003,29003,admin,2025-06-15
29004,29004,admin,2026-02-25
29005,29005,admin,2025-12-13
29006,29006,editor,2025-07-23
29007,29007,viewer,2025-04-05
29008,29008,admin,2026-03-26
29009,29009,unknown,2025-05-06
29010,29010,editor,2025-04-01
29011,29011,viewer,2026-03-01
29012,29012,admin,2025-08-08
29013,29013,admin,2025-04-12
29014,29014,editor,2025-07-26
29015,29015,,2026-01-26
29016,29016,unknown,2025-04-26
29017,29017,admin,2025-12-01
29018,29018,viewer,2025-09-02
29019,29019,admin,2025-11-14
29020,29020,admin,2025-04-26
29021,29021,editor,2025-11-20
29022,29022,viewer,2025-07-16
29023,29023,,2025-06-20
29024,29024,viewer,2025-06-20
29025,29025,admin,2026-03-15
29026,29026,viewer,2026-01-20
29027,29027,admin,2025-09-01
29028,29028,,2025-05-01
29029,29029,admin,2026-02-24
29030,29030,editor,2026-02-27
29031,29031,viewer,2025-04-27
29032,29032,editor,2025-04-10
29033,29033,admin,2026-03-16
29034,29034,unknown,2025-10-08
29035,29035,editor,2026-03-17
29036,29036,admin,2026-02-24
29037,29037,admin,2025-10-31
29038,29038,viewer,2026-01-12
29039,29039,unknown,2025-04-24
29040,29040,unknown,2025-09-29
29041,29041,editor,2025-12-16
29042,29042,admin,2026-02-03
29043,29043,unknown,2025-05-03
29044,29044,editor,2025-05-08
29045,29045,admin,2026-01-05
29046,29046,admin,2026-02-26
29047,29047,,2026-01-16
29048,29048,editor,2025-12-30
29049,29049,editor,2025-09-18
29050,29050,admin,2025-12-27
29051,29051,viewer,2025-04-25
29052,29052,editor,2025-12-13
29053,29053,,2026-03-07
29054,29054,editor,2025-10-31
29055,29055,admin,2026-02-22
29056,29056,admin,2025-11-15
29057,29057,editor,2025-09-22
29058,29058,,2026-03-21
29059,29059,editor,2026-02-09
29060,29060,admin,2025-07-08
29061,29061,viewer,2026-02-25
29062,29062,viewer,2025-06-06
29063,29063,admin,2025-07-13
29064,29064,admin,2026-01-05
29065,29065,admin,2025-07-08
29066,29066,admin,2026-01-05
29067,29067,admin,2025-11-27
29068,29068,editor,2025-11-28
29069,29069,viewer,2026-03-02
29070,29070,editor,2025-10-01
29071,29071,admin,2025-07-08
29072,29072,viewer,2025-12-17
29073,29073,invalid_role,2025-05-31
29074,29074,,2025-05-21
29075,29075,admin,2025-05-10
29076,29076,editor,2026-02-22
29077,29077,admin,2026-02-20
29078,29078,editor,2025-08-06
29079,29079,invalid_role,2026-03-18
29080,29080,editor,2025-07-30
29081,29081,admin,2025-10-14
29082,29082,viewer,2026-02-28
29083,29083,,2025-10-11
29084,29084,admin,2026-01-12
29085,29085,unknown,2025-07-22
29086,29086,editor,2025-09-09
29087,29087,viewer,2025-09-01
29088,29088,editor,2026-01-13
29089,29089,admin,2025-11-25
29090,29090,viewer,2025-03-31
29091,29091,viewer,2025-06-18
29092,29092,viewer,2025-10-12
29093,29093,guest,2025-11-29
29094,29094,guest,2025-10-23
29095,29095,editor,2025-10-11
29096,29096,,2025-09-23
29097,29097,viewer,2026-01-11
29098,29098,admin,2025-11-28
29099,29099,editor,2025-05-15
29100,29100,admin,2026-02-07
29101,29101,,2025-09-20
29102,29102,admin,2026-03-23
29103,29103,editor,2026-01-24
29104,29104,unknown,2026-02-16
29105,29105,admin,2025-06-28
29106,29106,editor,2025-12-30
29107,29107,viewer,2026-01-15
29108,29108,editor,2026-01-17
29109,29109,admin,2025-06-15
29110,29110,admin,2025-04-23
29111,29111,admin,2025-10-09
29112,29112,invalid_role,2025-12-09
29113,29113,viewer,2026-02-05
29114,29114,editor,2025-12-28
29115,29115,admin,2025-09-10
29116,29116,admin,2025-10-12
29117,29117,admin,2025-09-01
29118,29118,editor,2025-10-03
29119,29119,editor,2025-04-26
29120,29120,editor,2025-10-08
29121,29121,invalid_role,2025-12-09
29122,29122,admin,2025-11-12
29123,29123,admin,2026-03-14
29124,29124,viewer,2025-07-19
29125,29125,editor,2025-06-19
29126,29126,,2025-04-18
29127,29127,admin,2025-07-21
29128,29128,admin,2025-10-10
29129,29129,guest,2026-03-25
29130,29130,viewer,2026-03-26
29131,29131,unknown,2026-03-05
29132,29132,admin,2025-07-28
29133,29133,,2025-09-11
29134,29134,viewer,2025-04-27
29135,29135,editor,2026-01-02
29136,29136,viewer,2025-12-13
29137,29137,viewer,2025-04-03
29138,29138,viewer,2026-01-24
29139,29139,admin,2026-01-20
29140,29140,editor,2025-04-25
29141,29141,admin,2025-11-05
29142,29142,viewer,2026-03-23
29143,29143,admin,2025-05-13
29144,29144,viewer,2025-08-11
29145,29145,editor,2025-11-22
29146,29146,admin,2026-03-09
29147,29147,admin,2025-04-23
29148,29148,,2025-11-25
29149,29149,viewer,2026-01-15
29150,29150,viewer,2025-12-25
29151,29151,editor,2025-06-18
29152,29152,admin,2025-06-06
29153,29153,editor,2025-07-13
29154,29154,viewer,2025-12-23
29155,29155,admin,2025-05-12
29156,29156,editor,2025-08-07
29157,29157,admin,2025-12-17
29158,29158,editor,2025-04-02
29159,29159,editor,2025-05-16
29160,29160,admin,2025-05-03
29161,29161,editor,2025-09-06
29162,29162,admin,2025-11-08
29163,29163,guest,2025-06-24
29164,29164,editor,2025-05-20
29165,29165,viewer,2026-01-13
29166,29166,viewer,2026-02-14
29167,29167,admin,2025-12-19
29168,29168,viewer,2025-07-09
29169,29169,admin,2025-04-13
29170,29170,viewer,2026-03-25
29171,29171,editor,2025-09-11
29172,29172,editor,2025-04-02
29173,29173,editor,2025-11-27
29174,29174,viewer,2026-03-04
29175,29175,viewer,2025-10-02
29176,29176,invalid_role,2025-08-23
29177,29177,viewer,2026-01-13
29178,29178,admin,2025-09-22
29179,29179,admin,2025-05-31
29180,29180,editor,2025-05-18
29181,29181,admin,2025-10-28
29182,29182,editor,2025-06-26
29183,29183,editor,2025-11-05
29184,29184,editor,2025-07-21
29185,29185,viewer,2025-06-17
29186,29186,editor,2025-10-08
29187,29187,viewer,2025-06-19
29188,29188,invalid_role,2025-06-15
29189,29189,editor,2025-10-04
29190,29190,editor,2026-02-16
29191,29191,viewer,2025-08-06
29192,29192,viewer,2025-10-12
29193,29193,viewer,2025-07-26
29194,29194,unknown,2025-06-19
29195,29195,editor,2025-08-01
29196,29196,editor,2025-12-26
29197,29197,,2026-02-12
29198,29198,admin,2025-08-08
29199,29199,admin,2026-02-17
29200,29200,viewer,2025-11-23
29201,29201,viewer,2025-07-06
29202,29202,editor,2026-02-03
29203,29203,editor,2025-12-03
29204,29204,editor,2025-04-01
29205,29205,invalid_role,2025-04-29
29206,29206,admin,2025-09-02
29207,29207,editor,2025-12-11
29208,29208,viewer,2025-08-22
29209,29209,,2025-07-22
29210,29210,viewer,2025-11-30
29211,29211,editor,2026-03-29
29212,29212,viewer,2025-05-13
29213,29213,admin,2026-03-17
29214,29214,viewer,2026-02-23
29215,29215,viewer,2025-10-05
29216,29216,admin,2026-02-18
29217,29217,,2025-04-05
29218,29218,viewer,2025-04-03
29219,29219,viewer,2026-01-28
29220,29220,viewer,2025-10-21
29221,29221,editor,2025-07-22
29222,29222,viewer,2025-09-09
29223,29223,viewer,2025-08-30
29224,29224,guest,2025-12-06
29225,29225,viewer,2025-04-28
29226,29226,viewer,2025-10-22
29227,29227,admin,2025-06-05
29228,29228,admin,2025-09-03
29229,29229,admin,2025-05-27
29230,29230,viewer,2025-04-23
29231,29231,viewer,2025-06-09
29232,29232,viewer,2025-08-10
29233,29233,admin,2025-11-22
29234,29234,,2025-06-06
29235,29235,editor,2025-11-01
29236,29236,admin,2025-09-19
29237,29237,editor,2025-08-19
29238,29238,viewer,2025-12-24
29239,29239,admin,2025-06-17
29240,29240,viewer,2025-09-19
29241,29241,viewer,2026-03-21
29242,29242,editor,2025-12-24
29243,29243,admin,2025-06-03
29244,29244,editor,2026-03-28
29245,29245,editor,2025-08-10
29246,29246,admin,2026-02-04
29247,29247,admin,2025-05-26
29248,29248,admin,2025-07-12
29249,29249,viewer,2025-04-04
29250,29250,viewer,2025-06-08
29251,29251,unknown,2026-02-11
29252,29252,,2025-09-17
29253,29253,viewer,2025-10-04
29254,29254,editor,2025-08-27
29255,29255,viewer,2025-11-14
29256,29256,admin,2025-04-30
29257,29257,invalid_role,2026-01-08
29258,29258,editor,2025-11-13
29259,29259,,2025-09-10
29260,29260,guest,2025-06-10
29261,29261,guest,2025-10-06
29262,29262,unknown,2026-03-22
29263,29263,viewer,2026-03-08
29264,29264,admin,2026-03-28
29265,29265,viewer,2025-09-30
29266,29266,editor,2026-02-15
29267,29267,admin,2025-12-28
29268,29268,editor,2025-11-13
29269,29269,admin,2026-02-11
29270,29270,editor,2026-03-26
29271,29271,guest,2025-04-03
29272,29272,editor,2025-10-12
29273,29273,editor,2025-10-15
29274,29274,viewer,2025-10-22
29275,29275,editor,2025-08-25
29276,29276,viewer,2025-04-11
29277,29277,viewer,2026-03-07
29278,29278,admin,2025-07-31
29279,29279,guest,2025-04-13
29280,29280,admin,2026-03-19
29281,29281,,2025-04-03
29282,29282,editor,2026-01-08
29283,29283,viewer,2025-09-20
29284,29284,admin,2026-02-22
29285,29285,editor,2026-03-09
29286,29286,admin,2025-08-29
29287,29287,editor,2025-09-12
29288,29288,,2025-07-24
29289,29289,viewer,2025-06-13
29290,29290,viewer,2025-12-11
29291,29291,viewer,2025-10-14
29292,29292,guest,2025-08-09
29293,29293,editor,2025-12-24
29294,29294,editor,2025-07-22
29295,29295,admin,2025-11-28
29296,29296,editor,2025-05-09
29297,29297,,2025-05-01
29298,29298,admin,2025-09-16
29299,29299,admin,2025-08-27
29300,29300,editor,2025-08-16
29301,29301,viewer,2025-12-19
29302,29302,unknown,2026-03-24
29303,29303,admin,2025-12-25
29304,29304,editor,2025-07-10
29305,29305,guest,2025-10-28
29306,29306,viewer,2026-01-29
29307,29307,editor,2025-10-28
29308,29308,viewer,2026-02-18
29309,29309,viewer,2026-01-29
29310,29310,,2025-09-30
29311,29311,viewer,2025-12-29
29312,29312,editor,2025-04-29
29313,29313,admin,2025-10-02
29314,29314,viewer,2025-04-04
29315,29315,viewer,2025-08-23
29316,29316,viewer,2025-08-02
29317,29317,admin,2025-07-20
29318,29318,admin,2026-02-09
29319,29319,admin,2025-10-13
29320,29320,viewer,2025-05-06
29321,29321,editor,2025-10-22
29322,29322,admin,2025-09-14
29323,29323,guest,2026-01-20
29324,29324,viewer,2025-04-01
29325,29325,guest,2026-02-23
29326,29326,editor,2026-03-12
29327,29327,editor,2026-01-18
29328,29328,viewer,2026-01-24
29329,29329,editor,2025-12-08
29330,29330,viewer,2025-11-13
29331,29331,viewer,2026-02-18
29332,29332,viewer,2026-03-08
29333,29333,admin,2025-09-19
29334,29334,viewer,2025-12-15
29335,29335,admin,2025-06-04
29336,29336,admin,2025-11-09
29337,29337,editor,2025-04-25
29338,29338,admin,2025-04-18
29339,29339,viewer,2025-11-02
29340,29340,viewer,2026-01-01
29341,29341,admin,2025-04-28
29342,29342,viewer,2025-05-04
29343,29343,viewer,2025-06-25
29344,29344,admin,2025-10-10
29345,29345,viewer,2026-02-25
29346,29346,admin,2025-11-07
29347,29347,,2025-10-14
29348,29348,admin,2026-02-20
29349,29349,admin,2025-12-31
29350,29350,editor,2026-01-03
29351,29351,viewer,2025-05-31
29352,29352,invalid_role,2025-12-06
29353,29353,admin,2025-04-29
29354,29354,editor,2025-09-27
29355,29355,editor,2025-10-27
29356,29356,editor,2025-12-27
29357,29357,editor,2025-08-05
29358,29358,,2025-03-30
29359,29359,,2025-09-18
29360,29360,editor,2025-12-20
29361,29361,admin,2025-07-08
29362,29362,admin,2026-03-11
29363,29363,admin,2026-03-14
29364,29364,viewer,2025-09-29
29365,29365,editor,2025-09-24
29366,29366,viewer,2025-07-20
29367,29367,editor,2025-12-15
29368,29368,viewer,2026-03-09
29369,29369,admin,2025-10-26
29370,29370,viewer,2025-06-24
29371,29371,viewer,2025-09-18
29372,29372,admin,2026-02-12
29373,29373,viewer,2026-03-16
29374,29374,admin,2025-09-23
29375,29375,editor,2026-02-02
29376,29376,admin,2026-02-25
29377,29377,admin,2026-02-12
29378,29378,editor,2025-10-08
29379,29379,viewer,2025-04-21
29380,29380,viewer,2025-10-28
29381,29381,editor,2026-01-05
29382,29382,,2026-01-06
29383,29383,editor,2025-08-04
29384,29384,editor,2026-01-20
29385,29385,admin,2025-04-06
29386,29386,editor,2026-01-19
29387,29387,admin,2025-09-06
29388,29388,viewer,2026-01-30
29389,29389,admin,2026-02-01
29390,29390,admin,2025-11-11
29391,29391,admin,2025-12-17
29392,29392,admin,2026-03-16
29393,29393,viewer,2026-02-27
29394,29394,editor,2025-03-31
29395,29395,viewer,2025-11-04
29396,29396,editor,2025-12-07
29397,29397,viewer,2025-05-05
29398,29398,viewer,2026-03-21
29399,29399,editor,2026-02-09
29400,29400,viewer,2025-07-02
29401,29401,viewer,2026-03-01
29402,29402,viewer,2025-08-06
29403,29403,unknown,2025-08-22
29404,29404,admin,2026-02-14
29405,29405,admin,2025-12-09
29406,29406,unknown,2025-09-27
29407,29407,admin,2025-11-18
29408,29408,editor,2025-05-03
29409,29409,admin,2025-11-17
29410,29410,admin,2026-02-20
29411,29411,viewer,2025-07-04
29412,29412,unknown,2025-08-01
29413,29413,editor,2025-12-23
29414,29414,guest,2025-06-19
29415,29415,admin,2025-07-03
29416,29416,viewer,2025-08-04
29417,29417,guest,2025-09-21
29418,29418,viewer,2025-10-24
29419,29419,viewer,2025-06-29
29420,29420,admin,2026-02-05
29421,29421,viewer,2025-04-26
29422,29422,admin,2025-07-26
29423,29423,invalid_role,2025-12-28
29424,29424,editor,2025-11-06
29425,29425,admin,2025-05-20
29426,29426,admin,2025-06-23
29427,29427,viewer,2025-10-11
29428,29428,editor,2026-02-25
29429,29429,admin,2025-11-03
29430,29430,viewer,2025-06-25
29431,29431,viewer,2025-07-27
29432,29432,,2025-07-17
29433,29433,viewer,2025-08-21
29434,29434,,2026-01-29
29435,29435,editor,2026-03-22
29436,29436,admin,2025-08-10
29437,29437,admin,2026-03-10
29438,29438,viewer,2026-03-12
29439,29439,editor,2025-05-27
29440,29440,admin,2025-05-07
29441,29441,editor,2025-09-27
29442,29442,admin,2025-11-05
29443,29443,unknown,2025-12-23
29444,29444,editor,2025-07-27
29445,29445,unknown,2025-10-10
29446,29446,editor,2025-07-16
29447,29447,,2025-10-01
29448,29448,viewer,2025-11-15
29449,29449,editor,2025-11-29
29450,29450,admin,2025-09-14
29451,29451,editor,2025-09-05
29452,29452,admin,2026-03-06
29453,29453,admin,2025-12-09
29454,29454,viewer,2025-08-16
29455,29455,viewer,2026-03-02
29456,29456,admin,2025-06-02
29457,29457,,2025-11-02
29458,29458,admin,2025-11-23
29459,29459,viewer,2025-07-02
29460,29460,admin,2025-09-24
29461,29461,viewer,2025-10-24
29462,29462,editor,2025-11-15
29463,29463,viewer,2026-01-12
29464,29464,viewer,2025-11-13
29465,29465,admin,2025-08-22
29466,29466,viewer,2025-05-25
29467,29467,viewer,2025-04-18
29468,29468,viewer,2026-03-22
29469,29469,viewer,2025-08-03
29470,29470,admin,2025-09-16
29471,29471,admin,2025-04-05
29472,29472,editor,2025-04-29
29473,29473,viewer,2025-09-23
29474,29474,editor,2025-06-25
29475,29475,admin,2026-03-29
29476,29476,viewer,2025-07-27
29477,29477,viewer,2025-08-14
29478,29478,editor,2025-07-20
29479,29479,admin,2025-09-08
29480,29480,viewer,2025-09-08
29481,29481,admin,2025-11-03
29482,29482,admin,2025-11-09
29483,29483,viewer,2025-10-05
29484,29484,invalid_role,2025-05-09
29485,29485,editor,2026-03-24
29486,29486,editor,2026-01-05
29487,29487,viewer,2026-03-13
29488,29488,,2026-03-15
29489,29489,admin,2025-10-11
29490,29490,viewer,2026-01-16
29491,29491,editor,2025-08-12
29492,29492,viewer,2026-03-28
29493,29493,invalid_role,2025-08-26
29494,29494,admin,2025-08-22
29495,29495,,2026-01-25
29496,29496,admin,2025-08-30
29497,29497,invalid_role,2025-06-30
29498,29498,editor,2025-12-06
29499,29499,editor,2025-08-07
29500,29500,,2025-12-27
29501,29501,editor,2025-07-01
29502,29502,editor,2025-09-13
29503,29503,editor,2025-04-07
29504,29504,viewer,2026-03-18
29505,29505,editor,2026-01-28
29506,29506,editor,2025-10-25
29507,29507,viewer,2025-08-27
29508,29508,admin,2025-07-01
29509,29509,editor,2025-11-19
29510,29510,admin,2025-04-07
29511,29511,admin,2025-05-28
29512,29512,editor,2025-08-13
29513,29513,viewer,2025-10-12
29514,29514,admin,2025-09-07
29515,29515,editor,2026-02-28
29516,29516,admin,2025-05-12
29517,29517,editor,2025-10-28
29518,29518,viewer,2026-01-30
29519,29519,admin,2026-02-03
29520,29520,admin,2025-07-21
29521,29521,admin,2026-01-01
29522,29522,guest,2026-03-05
29523,29523,invalid_role,2025-11-09
29524,29524,editor,2025-05-14
29525,29525,unknown,2026-01-09
29526,29526,editor,2025-09-13
29527,29527,viewer,2025-12-18
29528,29528,editor,2025-04-30
29529,29529,editor,2025-06-05
29530,29530,editor,2025-08-17
29531,29531,editor,2025-06-16
29532,29532,viewer,2025-05-27
29533,29533,admin,2026-02-19
29534,29534,admin,2025-05-16
29535,29535,viewer,2026-01-09
29536,29536,editor,2025-11-29
29537,29537,admin,2025-12-27
29538,29538,admin,2025-11-27
29539,29539,viewer,2025-04-22
29540,29540,viewer,2026-01-05
29541,29541,invalid_role,2025-04-13
29542,29542,viewer,2026-03-10
29543,29543,editor,2026-02-22
29544,29544,admin,2025-12-16
29545,29545,guest,2025-05-31
29546,29546,editor,2025-05-31
29547,29547,guest,2025-06-05
29548,29548,,2025-05-29
29549,29549,admin,2026-03-15
29550,29550,viewer,2025-04-12
29551,29551,admin,2025-07-23
29552,29552,invalid_role,2025-05-23
29553,29553,admin,2025-08-20
29554,29554,editor,2025-09-21
29555,29555,admin,2025-08-22
29556,29556,viewer,2025-12-20
29557,29557,admin,2025-05-15
29558,29558,viewer,2025-08-02
29559,29559,admin,2025-08-29
29560,29560,viewer,2025-10-29
29561,29561,invalid_role,2025-11-15
29562,29562,viewer,2025-05-02
29563,29563,admin,2025-11-15
29564,29564,admin,2025-06-16
29565,29565,guest,2026-02-21
29566,29566,viewer,2025-08-09
29567,29567,viewer,2025-07-06
29568,29568,viewer,2025-05-10
29569,29569,viewer,2026-03-14
29570,29570,admin,2025-08-28
29571,29571,editor,2025-07-23
29572,29572,admin,2025-11-13
29573,29573,admin,2025-09-14
29574,29574,viewer,2026-02-21
29575,29575,unknown,2026-02-26
29576,29576,viewer,2025-08-20
29577,29577,admin,2025-10-24
29578,29578,,2026-03-19
29579,29579,viewer,2025-04-12
29580,29580,editor,2025-07-31
29581,29581,admin,2026-03-20
29582,29582,guest,2026-01-07
29583,29583,invalid_role,2026-01-06
29584,29584,admin,2025-11-23
29585,29585,editor,2025-11-10
29586,29586,editor,2025-12-14
29587,29587,editor,2025-08-22
29588,29588,admin,2025-07-16
29589,29589,editor,2025-07-31
29590,29590,viewer,2025-06-20
29591,29591,admin,2026-02-21
29592,29592,viewer,2025-05-08
29593,29593,unknown,2026-02-20
29594,29594,guest,2025-12-28
29595,29595,viewer,2025-11-17
29596,29596,admin,2025-08-11
29597,29597,invalid_role,2026-01-28
29598,29598,editor,2025-09-09
29599,29599,viewer,2026-03-24
29600,29600,editor,2025-06-16
29601,29601,viewer,2026-01-16
29602,29602,guest,2025-05-12
29603,29603,editor,2025-06-11
29604,29604,admin,2025-06-02
29605,29605,editor,2025-08-30
29606,29606,admin,2026-02-07
29607,29607,unknown,2025-12-02
29608,29608,viewer,2025-12-08
29609,29609,editor,2026-02-02
29610,29610,admin,2025-06-06
29611,29611,admin,2025-12-11
29612,29612,viewer,2026-02-07
29613,29613,admin,2025-05-09
29614,29614,admin,2025-11-02
29615,29615,,2025-10-06
29616,29616,unknown,2025-05-24
29617,29617,viewer,2026-02-12
29618,29618,editor,2025-12-18
29619,29619,editor,2025-10-23
29620,29620,editor,2026-02-25
29621,29621,admin,2025-08-15
29622,29622,editor,2025-05-13
29623,29623,admin,2025-04-29
29624,29624,admin,2025-10-24
29625,29625,editor,2026-01-05
29626,29626,editor,2025-11-25
29627,29627,invalid_role,2025-06-01
29628,29628,unknown,2026-01-07
29629,29629,guest,2025-04-08
29630,29630,guest,2025-07-22
29631,29631,viewer,2025-11-08
29632,29632,viewer,2026-02-28
29633,29633,admin,2025-11-05
29634,29634,admin,2025-12-13
29635,29635,admin,2025-08-09
29636,29636,admin,2025-07-21
29637,29637,admin,2026-01-30
29638,29638,editor,2026-01-30
29639,29639,editor,2026-02-18
29640,29640,editor,2026-01-02
29641,29641,editor,2026-01-25
29642,29642,viewer,2025-10-06
29643,29643,admin,2026-02-10
29644,29644,editor,2025-08-05
29645,29645,editor,2025-07-26
29646,29646,admin,2025-12-22
29647,29647,editor,2025-07-07
29648,29648,admin,2025-09-22
29649,29649,editor,2025-12-02
29650,29650,editor,2025-07-28
29651,29651,editor,2025-12-06
29652,29652,unknown,2025-06-07
29653,29653,,2025-08-31
29654,29654,editor,2025-05-25
29655,29655,invalid_role,2025-08-22
29656,29656,viewer,2025-06-06
29657,29657,editor,2025-04-19
29658,29658,,2025-09-22
29659,29659,admin,2025-07-19
29660,29660,admin,2025-07-04
29661,29661,editor,2025-10-14
29662,29662,viewer,2026-02-28
29663,29663,guest,2025-04-21
29664,29664,editor,2025-09-23
29665,29665,editor,2025-12-09
29666,29666,viewer,2025-08-19
29667,29667,admin,2025-04-01
29668,29668,admin,2025-09-18
29669,29669,editor,2025-07-18
29670,29670,viewer,2025-08-03
29671,29671,editor,2025-08-05
29672,29672,editor,2025-05-17
29673,29673,,2025-12-14
29674,29674,viewer,2025-03-31
29675,29675,editor,2026-01-28
29676,29676,admin,2026-01-31
29677,29677,,2025-09-16
29678,29678,viewer,2026-03-22
29679,29679,viewer,2025-11-01
29680,29680,viewer,2025-06-11
29681,29681,unknown,2025-09-10
29682,29682,,2025-10-05
29683,29683,admin,2025-12-30
29684,29684,viewer,2025-05-10
29685,29685,,2025-11-02
29686,29686,viewer,2026-02-22
29687,29687,viewer,2025-07-06
29688,29688,viewer,2026-03-16
29689,29689,viewer,2026-03-03
29690,29690,admin,2025-08-09
29691,29691,guest,2025-06-11
29692,29692,editor,2025-04-04
29693,29693,viewer,2026-02-06
29694,29694,editor,2025-11-30
29695,29695,,2025-09-15
29696,29696,viewer,2025-09-15
29697,29697,,2025-12-27
29698,29698,viewer,2026-02-01
29699,29699,viewer,2026-01-09
29700,29700,editor,2025-05-28
29701,29701,editor,2025-09-06
29702,29702,viewer,2025-09-30
29703,29703,editor,2025-07-31
29704,29704,viewer,2026-01-14
29705,29705,editor,2025-04-26
29706,29706,admin,2025-08-02
29707,29707,viewer,2025-10-01
29708,29708,admin,2025-07-17
29709,29709,admin,2026-01-29
29710,29710,editor,2025-06-19
29711,29711,viewer,2025-06-02
29712,29712,invalid_role,2025-05-22
29713,29713,viewer,2025-09-22
29714,29714,editor,2026-01-15
29715,29715,editor,2025-10-11
29716,29716,editor,2025-07-05
29717,29717,editor,2025-12-09
29718,29718,editor,2025-07-07
29719,29719,guest,2026-02-12
29720,29720,guest,2025-07-05
29721,29721,editor,2025-04-12
29722,29722,admin,2025-05-23
29723,29723,viewer,2025-05-08
29724,29724,invalid_role,2025-11-07
29725,29725,viewer,2025-08-10
29726,29726,viewer,2025-04-18
29727,29727,editor,2025-05-02
29728,29728,invalid_role,2025-12-25
29729,29729,viewer,2025-07-15
29730,29730,admin,2025-04-28
29731,29731,viewer,2025-12-15
29732,29732,invalid_role,2026-03-23
29733,29733,viewer,2025-07-09
29734,29734,unknown,2025-10-13
29735,29735,admin,2025-04-14
29736,29736,admin,2025-11-11
29737,29737,unknown,2025-06-29
29738,29738,unknown,2025-05-19
29739,29739,admin,2025-06-07
29740,29740,admin,2026-03-27
29741,29741,viewer,2025-12-07
29742,29742,editor,2025-06-10
29743,29743,editor,2025-09-27
29744,29744,admin,2025-10-27
29745,29745,editor,2025-11-29
29746,29746,editor,2026-01-19
29747,29747,viewer,2025-08-09
29748,29748,viewer,2025-07-15
29749,29749,viewer,2025-05-05
29750,29750,viewer,2026-02-11
29751,29751,invalid_role,2026-01-08
29752,29752,admin,2026-03-16
29753,29753,editor,2025-07-06
29754,29754,viewer,2025-08-21
29755,29755,viewer,2026-03-19
29756,29756,viewer,2026-03-10
29757,29757,viewer,2025-12-01
29758,29758,viewer,2026-03-21
29759,29759,invalid_role,2025-12-19
29760,29760,editor,2025-12-21
29761,29761,editor,2025-04-08
29762,29762,viewer,2025-12-30
29763,29763,admin,2025-04-09
29764,29764,admin,2026-03-14
29765,29765,viewer,2025-09-19
29766,29766,viewer,2025-12-08
29767,29767,viewer,2025-12-23
29768,29768,admin,2025-09-04
29769,29769,admin,2025-08-15
29770,29770,viewer,2025-12-10
29771,29771,admin,2025-12-08
29772,29772,admin,2025-11-23
29773,29773,viewer,2025-08-20
29774,29774,admin,2025-04-08
29775,29775,editor,2025-09-09
29776,29776,viewer,2025-04-24
29777,29777,guest,2025-11-10
29778,29778,viewer,2025-12-15
29779,29779,editor,2025-04-08
29780,29780,viewer,2025-11-23
29781,29781,admin,2025-08-28
29782,29782,,2026-01-28
29783,29783,viewer,2025-09-30
29784,29784,viewer,2026-01-29
29785,29785,invalid_role,2025-10-08
29786,29786,admin,2025-04-15
29787,29787,editor,2025-04-09
29788,29788,editor,2025-05-23
29789,29789,viewer,2026-02-13
29790,29790,unknown,2025-11-22
29791,29791,guest,2025-12-11
29792,29792,unknown,2026-01-07
29793,29793,invalid_role,2025-08-07
29794,29794,admin,2026-02-03
29795,29795,viewer,2025-11-17
29796,29796,editor,2025-08-01
29797,29797,,2026-03-06
29798,29798,admin,2025-04-11
29799,29799,viewer,2025-10-26
29800,29800,,2026-02-06
29801,29801,,2025-09-08
29802,29802,admin,2025-10-04
29803,29803,editor,2025-04-21
29804,29804,viewer,2026-01-25
29805,29805,,2025-04-12
29806,29806,viewer,2025-08-14
29807,29807,admin,2025-05-09
29808,29808,editor,2026-03-21
29809,29809,editor,2026-03-24
29810,29810,editor,2025-10-03
29811,29811,admin,2025-10-25
29812,29812,guest,2025-04-12
29813,29813,,2025-07-30
29814,29814,admin,2026-01-22
29815,29815,viewer,2026-03-16
29816,29816,viewer,2025-10-13
29817,29817,editor,2025-04-01
29818,29818,,2025-04-16
29819,29819,invalid_role,2025-09-02
29820,29820,editor,2025-12-03
29821,29821,viewer,2025-11-30
29822,29822,admin,2025-08-05
29823,29823,editor,2026-03-03
29824,29824,admin,2026-02-01
29825,29825,unknown,2026-01-18
29826,29826,admin,2025-04-19
29827,29827,viewer,2025-12-13
29828,29828,editor,2025-12-18
29829,29829,,2025-07-06
29830,29830,viewer,2025-06-06
29831,29831,,2025-11-11
29832,29832,viewer,2025-08-07
29833,29833,guest,2025-07-26
29834,29834,viewer,2025-04-15
29835,29835,viewer,2025-07-27
29836,29836,invalid_role,2026-01-25
29837,29837,admin,2025-07-26
29838,29838,admin,2025-05-19
29839,29839,admin,2025-06-02
29840,29840,viewer,2025-08-23
29841,29841,,2025-10-23
29842,29842,admin,2025-07-08
29843,29843,viewer,2025-04-17
29844,29844,admin,2025-11-10
29845,29845,admin,2026-03-28
29846,29846,admin,2026-02-26
29847,29847,viewer,2026-03-27
29848,29848,admin,2025-07-25
29849,29849,viewer,2025-06-03
29850,29850,viewer,2025-07-26
29851,29851,editor,2026-02-04
29852,29852,admin,2025-11-19
29853,29853,editor,2026-02-09
29854,29854,viewer,2025-12-07
29855,29855,unknown,2026-01-31
29856,29856,unknown,2025-10-07
29857,29857,editor,2025-11-24
29858,29858,,2025-10-12
29859,29859,unknown,2025-08-16
29860,29860,editor,2025-11-03
29861,29861,viewer,2025-12-03
29862,29862,admin,2025-05-11
29863,29863,admin,2025-11-09
29864,29864,admin,2025-04-30
29865,29865,unknown,2025-07-19
29866,29866,admin,2025-11-09
29867,29867,viewer,2025-10-23
29868,29868,guest,2025-11-26
29869,29869,editor,2026-02-04
29870,29870,,2026-02-23
29871,29871,viewer,2025-07-13
29872,29872,viewer,2025-10-20
29873,29873,viewer,2025-08-13
29874,29874,invalid_role,2025-05-29
29875,29875,viewer,2025-11-16
29876,29876,viewer,2026-03-19
29877,29877,editor,2025-06-13
29878,29878,editor,2025-12-16
29879,29879,viewer,2025-10-04
29880,29880,viewer,2025-12-26
29881,29881,viewer,2026-03-07
29882,29882,admin,2025-07-01
29883,29883,viewer,2025-11-30
29884,29884,admin,2025-08-17
29885,29885,viewer,2025-12-01
29886,29886,editor,2025-04-28
29887,29887,unknown,2025-10-06
29888,29888,unknown,2025-11-10
29889,29889,viewer,2025-09-29
29890,29890,guest,2026-03-05
29891,29891,admin,2025-05-15
29892,29892,admin,2025-08-01
29893,29893,editor,2025-06-26
29894,29894,editor,2025-10-14
29895,29895,,2026-01-21
29896,29896,editor,2025-11-21
29897,29897,editor,2025-11-09
29898,29898,editor,2026-01-30
29899,29899,invalid_role,2025-11-24
29900,29900,guest,2026-03-23
29901,29901,,2025-08-24
29902,29902,viewer,2025-08-29
29903,29903,editor,2025-04-14
29904,29904,editor,2025-04-29
29905,29905,editor,2026-01-17
29906,29906,admin,2025-03-30
29907,29907,editor,2025-12-31
29908,29908,,2025-10-27
29909,29909,viewer,2025-06-02
29910,29910,viewer,2026-02-01
29911,29911,,2025-12-05
29912,29912,viewer,2025-12-10
29913,29913,,2025-04-28
29914,29914,editor,2025-12-30
29915,29915,admin,2026-02-05
29916,29916,admin,2026-02-08
29917,29917,admin,2025-04-25
29918,29918,unknown,2025-12-05
29919,29919,editor,2026-01-27
29920,29920,,2025-05-24
29921,29921,viewer,2026-03-08
29922,29922,admin,2025-10-26
29923,29923,viewer,2025-11-23
29924,29924,viewer,2026-02-05
29925,29925,viewer,2026-01-08
29926,29926,admin,2026-01-31
29927,29927,editor,2025-10-07
29928,29928,viewer,2025-06-06
29929,29929,viewer,2025-10-04
29930,29930,viewer,2025-11-15
29931,29931,editor,2026-01-20
29932,29932,editor,2025-06-06
29933,29933,admin,2025-05-09
29934,29934,viewer,2025-06-06
29935,29935,invalid_role,2025-05-13
29936,29936,viewer,2025-11-07
29937,29937,editor,2026-02-12
29938,29938,,2026-03-05
29939,29939,admin,2025-06-09
29940,29940,viewer,2025-05-03
29941,29941,viewer,2025-05-13
29942,29942,editor,2025-05-28
29943,29943,viewer,2025-10-22
29944,29944,viewer,2025-06-11
29945,29945,editor,2025-10-07
29946,29946,editor,2026-01-22
29947,29947,viewer,2025-04-18
29948,29948,admin,2025-04-18
29949,29949,admin,2025-11-07
29950,29950,editor,2025-03-30
29951,29951,editor,2025-08-12
29952,29952,editor,2025-05-23
29953,29953,editor,2025-04-13
29954,29954,admin,2026-03-04
29955,29955,viewer,2025-12-21
29956,29956,admin,2025-09-04
29957,29957,admin,2025-04-28
29958,29958,viewer,2026-02-13
29959,29959,admin,2026-03-09
29960,29960,invalid_role,2025-04-23
29961,29961,editor,2025-10-12
29962,29962,unknown,2026-03-06
29963,29963,invalid_role,2025-09-16
29964,29964,editor,2026-01-14
29965,29965,viewer,2025-08-02
29966,29966,viewer,2025-07-19
29967,29967,editor,2025-10-04
29968,29968,admin,2025-11-20
29969,29969,admin,2026-01-20
29970,29970,,2025-08-02
29971,29971,,2025-08-02
29972,29972,admin,2025-04-14
29973,29973,viewer,2025-04-07
29974,29974,viewer,2025-10-22
29975,29975,viewer,2026-03-12
29976,29976,unknown,2025-12-12
29977,29977,editor,2025-05-22
29978,29978,admin,2025-07-20
29979,29979,,2025-12-31
29980,29980,admin,2025-12-13
29981,29981,editor,2026-03-09
29982,29982,viewer,2026-02-22
29983,29983,,2025-11-19
29984,29984,editor,2025-07-12
29985,29985,unknown,2026-03-29
29986,29986,viewer,2025-10-17
29987,29987,editor,2025-04-10
29988,29988,viewer,2025-05-26
29989,29989,admin,2025-12-23
29990,29990,viewer,2025-05-07
29991,29991,viewer,2025-07-10
29992,29992,admin,2025-12-22
29993,29993,admin,2025-06-03
29994,29994,editor,2025-05-31
29995,29995,viewer,2025-04-05
29996,29996,editor,2026-03-28
29997,29997,viewer,2026-02-22
29998,29998,unknown,2026-02-18
29999,29999,editor,2025-04-08
30000,30000,admin,2025-05-11
