user_id,username,email,signup_date,status
1,user_1,user_1@test.com,2025-06-07,active
2,user_2,user_2@test.com,2026-03-24,active
3,user_3,user_3@test.com,2025-11-17,inactive
4,user_4,user_4@test.com,2025-04-25,active
5,user_5,user_5@test.com,2025-11-04,active
6,user_6,user_6@test.com,2025-09-04,active
7,user_7,user_7@test.com,2025-04-25,active
8,user_8,user_8@test.com,2025-12-27,active
9,user_9,user_9@test.com,2025-04-27,active
10,user_10,user_10@test.com,2025-05-04,active
11,user_11,user_11@test.com,2025-07-12,active
12,user_12,user_12@test.com,2025-09-07,active
13,user_13,user_13@test.com,2026-02-02,inactive
14,user_14,user_14@test.com,2025-12-11,active
15,user_15,user_15@test.com,2026-02-28,active
16,user_16,user_16@test.com,2025-11-04,inactive
17,user_17,user_17@test.com,2025-09-06,active
18,user_18,user_18@test.com,2025-12-18,active
19,user_19,user_19@test.com,2025-08-04,active
20,user_20,user_20@test.com,2025-09-09,active
21,user_21,user_21@test.com,2025-08-16,active
22,user_22,user_22@test.com,2025-04-17,inactive
23,user_23,user_23@test.com,2025-03-31,active
24,user_24,user_24@test.com,2025-09-21,active
25,user_25,user_25@test.com,2026-01-29,active
26,user_26,user_26@test.com,2025-10-11,active
27,user_27,user_27@test.com,2025-10-19,active
28,user_28,user_28@test.com,2025-04-01,inactive
29,user_29,user_29@test.com,2025-08-14,active
30,user_30,user_30@test.com,2025-05-09,active
31,user_31,user_31@test.com,2026-02-02,active
32,user_32,user_32@test.com,2025-11-03,active
33,user_33,user_33@test.com,2025-10-06,inactive
34,user_34,user_34@test.com,2026-02-11,active
35,user_35,user_35@test.com,2026-03-25,active
36,user_36,user_36@test.com,2025-06-06,inactive
37,user_37,user_37@test.com,2025-06-02,active
38,user_38,user_38@test.com,2026-02-14,active
39,user_39,user_39@test.com,2025-10-16,active
40,user_40,user_40@test.com,2025-10-08,inactive
41,user_41,user_41@test.com,2025-08-03,inactive
42,user_42,user_42@test.com,2025-04-02,active
43,user_43,user_43@test.com,2026-01-03,active
44,user_44,user_44@test.com,2026-03-17,active
45,user_45,user_45@test.com,2026-01-31,active
46,user_46,user_46@test.com,2026-02-13,active
47,user_47,user_47@test.com,2026-02-10,inactive
48,user_48,user_48@test.com,2026-01-22,active
49,user_49,user_49@test.com,2025-06-26,inactive
50,user_50,user_50@test.com,2025-07-27,inactive
51,user_51,user_51@test.com,2026-02-13,active
52,user_52,user_52@test.com,2026-01-02,active
53,user_53,user_53@test.com,2026-02-07,active
54,user_54,user_54@test.com,2025-11-30,active
55,user_55,user_55@test.com,2025-07-20,active
56,user_56,user_56@test.com,2025-09-06,active
57,user_57,user_57@test.com,2025-11-16,active
58,user_58,user_58@test.com,2025-09-28,active
59,user_59,user_59@test.com,2025-07-27,active
60,user_60,user_60@test.com,2026-01-24,active
61,user_61,user_61@test.com,2025-12-26,active
62,user_62,user_62@test.com,2026-03-11,active
63,user_63,user_63@test.com,2025-12-08,active
64,user_64,user_64@test.com,2025-05-12,inactive
65,user_65,user_65@test.com,2026-01-04,active
66,user_66,user_66@test.com,2025-08-04,active
67,user_67,user_67@test.com,2025-09-07,active
68,user_68,user_68@test.com,2026-01-04,inactive
69,user_69,user_69@test.com,2026-01-22,active
70,user_70,user_70@test.com,2025-12-21,active
71,user_71,user_71@test.com,2026-03-17,inactive
72,user_72,user_72@test.com,2025-07-22,active
73,user_73,user_73@test.com,2025-08-24,inactive
74,user_74,user_74@test.com,2025-06-18,active
75,user_75,user_75@test.com,2026-03-19,active
76,user_76,user_76@test.com,2025-11-13,active
77,user_77,user_77@test.com,2026-02-03,active
78,user_78,user_78@test.com,2026-01-28,active
79,user_79,user_79@test.com,2025-05-28,active
80,user_80,user_80@test.com,2025-11-28,active
81,user_81,user_81@test.com,2025-07-22,inactive
82,user_82,user_82@test.com,2025-09-08,inactive
83,user_83,user_83@test.com,2025-12-22,inactive
84,user_84,user_84@test.com,2026-03-04,active
85,user_85,user_85@test.com,2025-12-27,active
86,user_86,user_86@test.com,2025-06-27,active
87,user_87,user_87@test.com,2025-05-27,active
88,user_88,user_88@test.com,2025-11-05,active
89,user_89,user_89@test.com,2026-01-21,active
90,user_90,user_90@test.com,2026-02-13,active
91,user_91,user_91@test.com,2026-02-13,active
92,user_92,user_92@test.com,2026-03-03,active
93,user_93,user_93@test.com,2025-12-13,active
94,user_94,user_94@test.com,2025-05-05,active
95,user_95,user_95@test.com,2026-03-15,active
96,user_96,user_96@test.com,2025-12-11,active
97,user_97,user_97@test.com,2026-02-15,active
98,user_98,user_98@test.com,2025-10-25,inactive
99,user_99,user_99@test.com,2025-12-24,active
100,user_100,user_100@test.com,2025-11-25,inactive
101,user_101,user_101@test.com,2026-01-09,active
102,user_102,user_102@test.com,2025-10-29,inactive
103,user_103,user_103@test.com,2025-05-15,active
104,user_104,user_104@test.com,2025-04-26,inactive
105,user_105,user_105@test.com,2026-02-23,active
106,user_106,user_106@test.com,2025-11-27,active
107,user_107,user_107@test.com,2025-10-28,active
108,user_108,user_108@test.com,2026-01-07,inactive
109,user_109,user_109@test.com,2025-09-12,inactive
110,user_110,user_110@test.com,2025-11-12,active
111,user_111,user_111@test.com,2025-05-17,inactive
112,user_112,user_112@test.com,2025-08-03,inactive
113,user_113,user_113@test.com,2026-01-17,active
114,user_114,user_114@test.com,2025-08-12,active
115,user_115,user_115@test.com,2025-11-07,active
116,user_116,user_116@test.com,2026-03-25,active
117,user_117,user_117@test.com,2025-12-08,active
118,user_118,user_118@test.com,2025-12-20,active
119,user_119,user_119@test.com,2026-01-06,active
120,user_120,user_120@test.com,2025-08-30,active
121,user_121,user_121@test.com,2026-03-05,active
122,user_122,user_122@test.com,2025-04-07,active
123,user_123,user_123@test.com,2025-06-30,active
124,user_124,user_124@test.com,2025-06-20,active
125,user_125,user_125@test.com,2026-01-19,active
126,user_126,user_126@test.com,2025-08-02,active
127,user_127,user_127@test.com,2025-09-18,active
128,user_128,user_128@test.com,2026-01-23,active
129,user_129,user_129@test.com,2025-08-18,active
130,user_130,user_130@test.com,2025-11-08,active
131,user_131,user_131@test.com,2025-06-17,active
132,user_132,user_132@test.com,2025-10-02,inactive
133,user_133,user_133@test.com,2025-08-22,active
134,user_134,user_134@test.com,2025-05-19,inactive
135,user_135,user_135@test.com,2026-03-20,inactive
136,user_136,user_136@test.com,2025-11-27,active
137,user_137,user_137@test.com,2025-09-09,active
138,user_138,user_138@test.com,2025-08-22,active
139,user_139,user_139@test.com,2025-04-18,active
140,user_140,user_140@test.com,2025-08-29,active
141,user_141,user_141@test.com,2026-03-04,active
142,user_142,user_142@test.com,2025-06-21,active
143,user_143,user_143@test.com,2025-08-04,active
144,user_144,user_144@test.com,2026-01-30,inactive
145,user_145,user_145@test.com,2025-10-14,inactive
146,user_146,user_146@test.com,2025-07-15,active
147,user_147,user_147@test.com,2025-04-16,active
148,user_148,user_148@test.com,2025-05-27,inactive
149,user_149,user_149@test.com,2025-08-21,active
150,user_150,user_150@test.com,2025-07-06,active
151,user_151,user_151@test.com,2025-08-17,inactive
152,user_152,user_152@test.com,2025-07-01,inactive
153,user_153,user_153@test.com,2025-07-24,active
154,user_154,user_154@test.com,2025-08-20,inactive
155,user_155,user_155@test.com,2025-11-15,active
156,user_156,user_156@test.com,2025-08-12,active
157,user_157,user_157@test.com,2025-05-13,active
158,user_158,user_158@test.com,2025-07-27,active
159,user_159,user_159@test.com,2025-11-26,active
160,user_160,user_160@test.com,2025-12-28,active
161,user_161,user_161@test.com,2025-09-11,active
162,user_162,user_162@test.com,2025-07-02,active
163,user_163,user_163@test.com,2026-03-23,active
164,user_164,user_164@test.com,2025-11-05,active
165,user_165,user_165@test.com,2025-07-21,active
166,user_166,user_166@test.com,2025-09-13,active
167,user_167,user_167@test.com,2025-08-05,inactive
168,user_168,user_168@test.com,2025-06-14,active
169,user_169,user_169@test.com,2026-03-21,active
170,user_170,user_170@test.com,2025-04-30,active
171,user_171,user_171@test.com,2026-02-10,inactive
172,user_172,user_172@test.com,2026-02-26,active
173,user_173,user_173@test.com,2025-09-01,active
174,user_174,user_174@test.com,2025-08-08,active
175,user_175,user_175@test.com,2025-12-30,active
176,user_176,user_176@test.com,2025-11-19,inactive
177,user_177,user_177@test.com,2026-01-13,active
178,user_178,user_178@test.com,2026-02-04,active
179,user_179,user_179@test.com,2025-08-22,inactive
180,user_180,user_180@test.com,2025-04-08,active
181,user_181,user_181@test.com,2025-11-11,active
182,user_182,user_182@test.com,2025-05-10,active
183,user_183,user_183@test.com,2025-10-01,active
184,user_184,user_184@test.com,2026-03-26,active
185,user_185,user_185@test.com,2025-10-01,active
186,user_186,user_186@test.com,2025-04-03,active
187,user_187,user_187@test.com,2025-04-05,active
188,user_188,user_188@test.com,2026-01-10,active
189,user_189,user_189@test.com,2025-11-26,active
190,user_190,user_190@test.com,2025-05-19,inactive
191,user_191,user_191@test.com,2025-06-21,active
192,user_192,user_192@test.com,2025-11-02,active
193,user_193,user_193@test.com,2026-01-05,active
194,user_194,user_194@test.com,2025-11-11,active
195,user_195,user_195@test.com,2025-04-29,active
196,user_196,user_196@test.com,2025-09-26,active
197,user_197,user_197@test.com,2025-06-20,active
198,user_198,user_198@test.com,2026-01-06,active
199,user_199,user_199@test.com,2025-12-04,active
200,user_200,user_200@test.com,2026-03-05,inactive
201,user_201,user_201@test.com,2025-04-10,active
202,user_202,user_202@test.com,2025-05-13,active
203,user_203,user_203@test.com,2026-03-28,active
204,user_204,user_204@test.com,2025-04-22,active
205,user_205,user_205@test.com,2025-09-04,inactive
206,user_206,user_206@test.com,2025-07-20,active
207,user_207,user_207@test.com,2026-01-01,inactive
208,user_208,user_208@test.com,2025-10-07,active
209,user_209,user_209@test.com,2025-11-24,active
210,user_210,user_210@test.com,2025-06-18,inactive
211,user_211,user_211@test.com,2025-05-16,active
212,user_212,user_212@test.com,2025-04-11,active
213,user_213,user_213@test.com,2026-02-04,active
214,user_214,user_214@test.com,2025-05-11,active
215,user_215,user_215@test.com,2025-07-14,active
216,user_216,user_216@test.com,2025-10-05,active
217,user_217,user_217@test.com,2026-03-22,active
218,user_218,user_218@test.com,2026-02-25,active
219,user_219,user_219@test.com,2025-09-05,active
220,user_220,user_220@test.com,2025-06-13,inactive
221,user_221,user_221@test.com,2025-06-13,inactive
222,user_222,user_222@test.com,2025-05-19,active
223,user_223,user_223@test.com,2025-05-12,active
224,user_224,user_224@test.com,2025-05-15,active
225,user_225,user_225@test.com,2025-09-03,active
226,user_226,user_226@test.com,2025-10-22,active
227,user_227,user_227@test.com,2025-11-15,active
228,user_228,user_228@test.com,2026-02-26,active
229,user_229,user_229@test.com,2026-01-27,inactive
230,user_230,user_230@test.com,2026-03-18,active
231,user_231,user_231@test.com,2026-01-12,active
232,user_232,user_232@test.com,2025-10-30,active
233,user_233,user_233@test.com,2025-09-05,active
234,user_234,user_234@test.com,2025-11-21,active
235,user_235,user_235@test.com,2025-09-13,active
236,user_236,user_236@test.com,2026-03-26,inactive
237,user_237,user_237@test.com,2025-07-25,active
238,user_238,user_238@test.com,2025-04-19,active
239,user_239,user_239@test.com,2026-01-03,active
240,user_240,user_240@test.com,2025-09-02,inactive
241,user_241,user_241@test.com,2025-10-20,active
242,user_242,user_242@test.com,2025-11-11,inactive
243,user_243,user_243@test.com,2025-11-27,active
244,user_244,user_244@test.com,2025-08-08,active
245,user_245,user_245@test.com,2025-07-05,active
246,user_246,user_246@test.com,2025-05-26,active
247,user_247,user_247@test.com,2025-05-18,inactive
248,user_248,user_248@test.com,2025-12-06,active
249,user_249,user_249@test.com,2025-07-27,active
250,user_250,user_250@test.com,2025-05-17,inactive
251,user_251,user_251@test.com,2025-10-05,active
252,user_252,user_252@test.com,2025-11-14,active
253,user_253,user_253@test.com,2025-04-01,inactive
254,user_254,user_254@test.com,2025-09-27,active
255,user_255,user_255@test.com,2026-03-01,active
256,user_256,user_256@test.com,2025-06-25,active
257,user_257,user_257@test.com,2025-09-12,active
258,user_258,user_258@test.com,2025-11-20,active
259,user_259,user_259@test.com,2025-12-11,active
260,user_260,user_260@test.com,2026-01-15,active
261,user_261,user_261@test.com,2026-03-22,active
262,user_262,user_262@test.com,2025-07-04,inactive
263,user_263,user_263@test.com,2026-02-20,active
264,user_264,user_264@test.com,2025-09-18,inactive
265,user_265,user_265@test.com,2025-12-17,active
266,user_266,user_266@test.com,2025-07-09,active
267,user_267,user_267@test.com,2025-10-14,active
268,user_268,user_268@test.com,2026-01-10,inactive
269,user_269,user_269@test.com,2026-01-11,active
270,user_270,user_270@test.com,2025-04-30,active
271,user_271,user_271@test.com,2025-11-10,active
272,user_272,user_272@test.com,2025-06-16,active
273,user_273,user_273@test.com,2026-02-22,active
274,user_274,user_274@test.com,2026-03-24,active
275,user_275,user_275@test.com,2025-12-14,active
276,user_276,user_276@test.com,2025-10-17,active
277,user_277,user_277@test.com,2025-03-31,active
278,user_278,user_278@test.com,2025-06-01,active
279,user_279,user_279@test.com,2025-06-05,active
280,user_280,user_280@test.com,2025-09-06,active
281,user_281,user_281@test.com,2026-01-23,active
282,user_282,user_282@test.com,2025-04-02,inactive
283,user_283,user_283@test.com,2025-07-28,active
284,user_284,user_284@test.com,2025-12-22,inactive
285,user_285,user_285@test.com,2025-09-07,active
286,user_286,user_286@test.com,2025-04-13,inactive
287,user_287,user_287@test.com,2025-09-14,inactive
288,user_288,user_288@test.com,2025-09-28,active
289,user_289,user_289@test.com,2026-01-21,active
290,user_290,user_290@test.com,2025-06-12,inactive
291,user_291,user_291@test.com,2025-05-17,active
292,user_292,user_292@test.com,2025-09-23,active
293,user_293,user_293@test.com,2026-02-02,active
294,user_294,user_294@test.com,2025-12-21,active
295,user_295,user_295@test.com,2025-12-06,inactive
296,user_296,user_296@test.com,2025-07-27,active
297,user_297,user_297@test.com,2026-02-24,active
298,user_298,user_298@test.com,2025-04-22,active
299,user_299,user_299@test.com,2025-06-10,active
300,user_300,user_300@test.com,2025-10-24,active
301,user_301,user_301@test.com,2025-09-27,active
302,user_302,user_302@test.com,2025-11-16,active
303,user_303,user_303@test.com,2025-07-08,active
304,user_304,user_304@test.com,2025-11-07,active
305,user_305,user_305@test.com,2025-07-06,active
306,user_306,user_306@test.com,2025-10-26,active
307,user_307,user_307@test.com,2025-09-05,inactive
308,user_308,user_308@test.com,2025-12-02,active
309,user_309,user_309@test.com,2025-04-04,active
310,user_310,user_310@test.com,2026-02-10,active
311,user_311,user_311@test.com,2025-08-31,inactive
312,user_312,user_312@test.com,2025-05-11,active
313,user_313,user_313@test.com,2025-11-24,inactive
314,user_314,user_314@test.com,2026-02-02,active
315,user_315,user_315@test.com,2025-04-23,inactive
316,user_316,user_316@test.com,2026-03-14,active
317,user_317,user_317@test.com,2025-06-19,active
318,user_318,user_318@test.com,2025-12-28,inactive
319,user_319,user_319@test.com,2026-01-23,active
320,user_320,user_320@test.com,2026-01-26,inactive
321,user_321,user_321@test.com,2025-11-01,active
322,user_322,user_322@test.com,2025-09-05,active
323,user_323,user_323@test.com,2025-08-03,active
324,user_324,user_324@test.com,2025-04-30,inactive
325,user_325,user_325@test.com,2026-02-08,inactive
326,user_326,user_326@test.com,2025-04-12,active
327,user_327,user_327@test.com,2025-05-13,active
328,user_328,user_328@test.com,2025-07-17,active
329,user_329,user_329@test.com,2025-06-27,active
330,user_330,user_330@test.com,2026-03-06,active
331,user_331,user_331@test.com,2025-04-19,inactive
332,user_332,user_332@test.com,2025-04-11,active
333,user_333,user_333@test.com,2025-12-14,inactive
334,user_334,user_334@test.com,2025-06-19,active
335,user_335,user_335@test.com,2025-07-14,active
336,user_336,user_336@test.com,2025-07-02,active
337,user_337,user_337@test.com,2026-03-10,active
338,user_338,user_338@test.com,2025-07-13,active
339,user_339,user_339@test.com,2025-07-20,inactive
340,user_340,user_340@test.com,2025-04-08,inactive
341,user_341,user_341@test.com,2025-12-11,active
342,user_342,user_342@test.com,2025-08-19,active
343,user_343,user_343@test.com,2026-03-02,active
344,user_344,user_344@test.com,2026-02-27,active
345,user_345,user_345@test.com,2026-03-29,active
346,user_346,user_346@test.com,2026-02-25,inactive
347,user_347,user_347@test.com,2025-08-09,inactive
348,user_348,user_348@test.com,2025-11-08,active
349,user_349,user_349@test.com,2025-09-14,active
350,user_350,user_350@test.com,2025-09-12,active
351,user_351,user_351@test.com,2025-06-21,inactive
352,user_352,user_352@test.com,2026-03-10,active
353,user_353,user_353@test.com,2025-10-08,active
354,user_354,user_354@test.com,2025-04-19,active
355,user_355,user_355@test.com,2025-09-16,inactive
356,user_356,user_356@test.com,2026-01-19,active
357,user_357,user_357@test.com,2026-02-18,active
358,user_358,user_358@test.com,2025-12-08,active
359,user_359,user_359@test.com,2025-03-30,active
360,user_360,user_360@test.com,2025-09-14,active
361,user_361,user_361@test.com,2025-10-12,inactive
362,user_362,user_362@test.com,2025-06-07,active
363,user_363,user_363@test.com,2025-11-22,active
364,user_364,user_364@test.com,2025-04-23,active
365,user_365,user_365@test.com,2026-02-04,active
366,user_366,user_366@test.com,2025-08-19,active
367,user_367,user_367@test.com,2025-11-14,inactive
368,user_368,user_368@test.com,2026-01-20,active
369,user_369,user_369@test.com,2025-08-31,active
370,user_370,user_370@test.com,2025-05-13,active
371,user_371,user_371@test.com,2025-08-26,active
372,user_372,user_372@test.com,2025-09-28,inactive
373,user_373,user_373@test.com,2026-01-08,active
374,user_374,user_374@test.com,2025-12-26,active
375,user_375,user_375@test.com,2025-10-01,active
376,user_376,user_376@test.com,2025-09-19,inactive
377,user_377,user_377@test.com,2025-06-30,active
378,user_378,user_378@test.com,2025-04-12,inactive
379,user_379,user_379@test.com,2026-02-22,active
380,user_380,user_380@test.com,2025-12-04,active
381,user_381,user_381@test.com,2025-05-15,inactive
382,user_382,user_382@test.com,2025-09-04,active
383,user_383,user_383@test.com,2025-04-14,active
384,user_384,user_384@test.com,2025-08-26,active
385,user_385,user_385@test.com,2025-08-16,inactive
386,user_386,user_386@test.com,2025-11-19,active
387,user_387,user_387@test.com,2026-02-22,active
388,user_388,user_388@test.com,2025-09-28,inactive
389,user_389,user_389@test.com,2025-07-20,active
390,user_390,user_390@test.com,2025-07-09,active
391,user_391,user_391@test.com,2025-08-21,active
392,user_392,user_392@test.com,2025-11-06,active
393,user_393,user_393@test.com,2025-07-04,active
394,user_394,user_394@test.com,2025-09-27,active
395,user_395,user_395@test.com,2025-04-01,active
396,user_396,user_396@test.com,2025-06-29,active
397,user_397,user_397@test.com,2025-05-11,active
398,user_398,user_398@test.com,2025-05-07,active
399,user_399,user_399@test.com,2025-06-21,active
400,user_400,user_400@test.com,2026-02-20,active
401,user_401,user_401@test.com,2025-07-05,inactive
402,user_402,user_402@test.com,2025-11-27,inactive
403,user_403,user_403@test.com,2025-05-03,active
404,user_404,user_404@test.com,2025-10-07,inactive
405,user_405,user_405@test.com,2025-04-09,active
406,user_406,user_406@test.com,2025-10-26,inactive
407,user_407,user_407@test.com,2025-10-25,active
408,user_408,user_408@test.com,2025-07-07,active
409,user_409,user_409@test.com,2025-07-03,active
410,user_410,user_410@test.com,2025-07-23,inactive
411,user_411,user_411@test.com,2026-01-27,active
412,user_412,user_412@test.com,2025-11-03,active
413,user_413,user_413@test.com,2025-11-24,active
414,user_414,user_414@test.com,2025-07-29,active
415,user_415,user_415@test.com,2025-11-16,active
416,user_416,user_416@test.com,2025-06-13,active
417,user_417,user_417@test.com,2025-10-16,active
418,user_418,user_418@test.com,2026-02-12,active
419,user_419,user_419@test.com,2025-09-29,active
420,user_420,user_420@test.com,2025-07-06,active
421,user_421,user_421@test.com,2025-08-17,active
422,user_422,user_422@test.com,2025-05-30,active
423,user_423,user_423@test.com,2025-09-13,active
424,user_424,user_424@test.com,2026-02-23,inactive
425,user_425,user_425@test.com,2026-03-01,active
426,user_426,user_426@test.com,2026-03-18,active
427,user_427,user_427@test.com,2025-07-14,active
428,user_428,user_428@test.com,2026-01-31,active
429,user_429,user_429@test.com,2026-01-14,active
430,user_430,user_430@test.com,2025-12-02,active
431,user_431,user_431@test.com,2025-11-29,inactive
432,user_432,user_432@test.com,2025-05-23,active
433,user_433,user_433@test.com,2025-04-06,active
434,user_434,user_434@test.com,2026-02-16,active
435,user_435,user_435@test.com,2025-11-01,inactive
436,user_436,user_436@test.com,2025-06-15,active
437,user_437,user_437@test.com,2025-05-04,active
438,user_438,user_438@test.com,2025-05-27,active
439,user_439,user_439@test.com,2025-08-22,active
440,user_440,user_440@test.com,2026-02-23,active
441,user_441,user_441@test.com,2025-05-24,active
442,user_442,user_442@test.com,2025-09-25,active
443,user_443,user_443@test.com,2025-12-17,active
444,user_444,user_444@test.com,2026-02-15,active
445,user_445,user_445@test.com,2025-05-13,active
446,user_446,user_446@test.com,2025-04-08,active
447,user_447,user_447@test.com,2026-01-27,active
448,user_448,user_448@test.com,2025-07-22,inactive
449,user_449,user_449@test.com,2026-01-26,active
450,user_450,user_450@test.com,2025-05-19,inactive
451,user_451,user_451@test.com,2025-12-20,active
452,user_452,user_452@test.com,2025-07-14,active
453,user_453,user_453@test.com,2025-10-04,inactive
454,user_454,user_454@test.com,2025-11-05,inactive
455,user_455,user_455@test.com,2025-11-16,active
456,user_456,user_456@test.com,2026-03-14,active
457,user_457,user_457@test.com,2025-11-20,inactive
458,user_458,user_458@test.com,2026-03-03,active
459,user_459,user_459@test.com,2025-05-02,inactive
460,user_460,user_460@test.com,2025-06-15,inactive
461,user_461,user_461@test.com,2026-02-06,active
462,user_462,user_462@test.com,2025-10-21,active
463,user_463,user_463@test.com,2025-07-15,active
464,user_464,user_464@test.com,2025-07-26,active
465,user_465,user_465@test.com,2025-10-17,inactive
466,user_466,user_466@test.com,2025-08-30,active
467,user_467,user_467@test.com,2025-06-02,inactive
468,user_468,user_468@test.com,2025-09-18,active
469,user_469,user_469@test.com,2025-07-18,active
470,user_470,user_470@test.com,2025-06-12,active
471,user_471,user_471@test.com,2025-10-10,active
472,user_472,user_472@test.com,2025-05-13,active
473,user_473,user_473@test.com,2025-09-11,inactive
474,user_474,user_474@test.com,2025-07-02,inactive
475,user_475,user_475@test.com,2025-06-29,active
476,user_476,user_476@test.com,2026-02-11,active
477,user_477,user_477@test.com,2026-01-03,active
478,user_478,user_478@test.com,2025-06-14,active
479,user_479,user_479@test.com,2025-06-21,active
480,user_480,user_480@test.com,2025-11-18,active
481,user_481,user_481@test.com,2025-11-17,inactive
482,user_482,user_482@test.com,2026-02-22,active
483,user_483,user_483@test.com,2025-06-21,active
484,user_484,user_484@test.com,2025-05-11,active
485,user_485,user_485@test.com,2025-09-07,active
486,user_486,user_486@test.com,2025-08-24,active
487,user_487,user_487@test.com,2025-06-13,inactive
488,user_488,user_488@test.com,2026-02-03,inactive
489,user_489,user_489@test.com,2025-04-25,active
490,user_490,user_490@test.com,2025-08-07,active
491,user_491,user_491@test.com,2025-05-10,active
492,user_492,user_492@test.com,2025-10-16,active
493,user_493,user_493@test.com,2025-08-11,active
494,user_494,user_494@test.com,2025-07-28,inactive
495,user_495,user_495@test.com,2025-06-29,inactive
496,user_496,user_496@test.com,2025-05-15,inactive
497,user_497,user_497@test.com,2025-08-25,active
498,user_498,user_498@test.com,2025-09-01,active
499,user_499,user_499@test.com,2025-09-25,inactive
500,user_500,user_500@test.com,2025-08-10,active
501,user_501,user_501@test.com,2025-12-06,inactive
502,user_502,user_502@test.com,2025-10-03,active
503,user_503,user_503@test.com,2026-01-24,active
504,user_504,user_504@test.com,2026-01-27,active
505,user_505,user_505@test.com,2025-07-29,active
506,user_506,user_506@test.com,2025-06-13,active
507,user_507,user_507@test.com,2026-02-16,active
508,user_508,user_508@test.com,2026-02-26,inactive
509,user_509,user_509@test.com,2025-07-03,inactive
510,user_510,user_510@test.com,2025-12-24,active
511,user_511,user_511@test.com,2025-06-26,active
512,user_512,user_512@test.com,2025-12-05,active
513,user_513,user_513@test.com,2025-12-04,active
514,user_514,user_514@test.com,2025-08-15,inactive
515,user_515,user_515@test.com,2025-09-18,active
516,user_516,user_516@test.com,2025-10-17,inactive
517,user_517,user_517@test.com,2026-03-04,active
518,user_518,user_518@test.com,2026-02-21,active
519,user_519,user_519@test.com,2025-09-02,active
520,user_520,user_520@test.com,2025-10-13,inactive
521,user_521,user_521@test.com,2025-08-21,active
522,user_522,user_522@test.com,2025-07-29,active
523,user_523,user_523@test.com,2025-06-13,active
524,user_524,user_524@test.com,2025-09-27,active
525,user_525,user_525@test.com,2025-06-04,inactive
526,user_526,user_526@test.com,2025-06-08,active
527,user_527,user_527@test.com,2025-08-09,active
528,user_528,user_528@test.com,2025-11-21,active
529,user_529,user_529@test.com,2025-05-07,inactive
530,user_530,user_530@test.com,2025-07-23,active
531,user_531,user_531@test.com,2025-05-30,active
532,user_532,user_532@test.com,2025-10-03,active
533,user_533,user_533@test.com,2026-01-05,active
534,user_534,user_534@test.com,2025-06-10,inactive
535,user_535,user_535@test.com,2025-09-23,active
536,user_536,user_536@test.com,2025-07-09,active
537,user_537,user_537@test.com,2025-08-03,active
538,user_538,user_538@test.com,2025-04-28,active
539,user_539,user_539@test.com,2026-03-02,active
540,user_540,user_540@test.com,2025-12-14,active
541,user_541,user_541@test.com,2026-03-22,active
542,user_542,user_542@test.com,2025-09-19,active
543,user_543,user_543@test.com,2025-10-22,active
544,user_544,user_544@test.com,2025-11-10,inactive
545,user_545,user_545@test.com,2025-04-27,inactive
546,user_546,user_546@test.com,2025-11-25,inactive
547,user_547,user_547@test.com,2026-03-08,active
548,user_548,user_548@test.com,2025-09-11,active
549,user_549,user_549@test.com,2025-05-10,inactive
550,user_550,user_550@test.com,2025-06-12,active
551,user_551,user_551@test.com,2025-03-30,active
552,user_552,user_552@test.com,2025-05-26,active
553,user_553,user_553@test.com,2025-12-08,active
554,user_554,user_554@test.com,2025-06-23,inactive
555,user_555,user_555@test.com,2025-09-10,active
556,user_556,user_556@test.com,2025-10-14,active
557,user_557,user_557@test.com,2025-07-05,active
558,user_558,user_558@test.com,2025-08-18,inactive
559,user_559,user_559@test.com,2026-02-01,inactive
560,user_560,user_560@test.com,2025-06-14,inactive
561,user_561,user_561@test.com,2025-06-06,active
562,user_562,user_562@test.com,2025-09-17,active
563,user_563,user_563@test.com,2026-02-20,active
564,user_564,user_564@test.com,2025-08-05,active
565,user_565,user_565@test.com,2025-08-13,active
566,user_566,user_566@test.com,2025-10-14,active
567,user_567,user_567@test.com,2025-09-29,active
568,user_568,user_568@test.com,2026-01-07,inactive
569,user_569,user_569@test.com,2025-08-07,active
570,user_570,user_570@test.com,2025-04-04,inactive
571,user_571,user_571@test.com,2025-08-21,active
572,user_572,user_572@test.com,2025-09-15,active
573,user_573,user_573@test.com,2025-10-11,active
574,user_574,user_574@test.com,2025-11-26,inactive
575,user_575,user_575@test.com,2025-10-28,active
576,user_576,user_576@test.com,2025-09-14,active
577,user_577,user_577@test.com,2025-04-06,active
578,user_578,user_578@test.com,2025-09-09,inactive
579,user_579,user_579@test.com,2026-02-23,active
580,user_580,user_580@test.com,2025-11-04,active
581,user_581,user_581@test.com,2025-04-22,inactive
582,user_582,user_582@test.com,2025-11-17,active
583,user_583,user_583@test.com,2025-04-15,active
584,user_584,user_584@test.com,2026-01-25,active
585,user_585,user_585@test.com,2026-02-19,active
586,user_586,user_586@test.com,2025-11-28,active
587,user_587,user_587@test.com,2025-10-26,inactive
588,user_588,user_588@test.com,2025-07-02,active
589,user_589,user_589@test.com,2025-11-24,active
590,user_590,user_590@test.com,2025-07-02,active
591,user_591,user_591@test.com,2025-10-26,inactive
592,user_592,user_592@test.com,2026-03-24,active
593,user_593,user_593@test.com,2025-12-28,active
594,user_594,user_594@test.com,2026-03-15,active
595,user_595,user_595@test.com,2025-06-13,active
596,user_596,user_596@test.com,2025-10-25,active
597,user_597,user_597@test.com,2025-10-25,inactive
598,user_598,user_598@test.com,2026-02-23,inactive
599,user_599,user_599@test.com,2025-12-24,inactive
600,user_600,user_600@test.com,2026-02-02,inactive
601,user_601,user_601@test.com,2025-06-16,inactive
602,user_602,user_602@test.com,2025-04-09,inactive
603,user_603,user_603@test.com,2026-02-07,active
604,user_604,user_604@test.com,2026-01-01,active
605,user_605,user_605@test.com,2025-07-24,active
606,user_606,user_606@test.com,2025-08-13,active
607,user_607,user_607@test.com,2025-04-16,active
608,user_608,user_608@test.com,2025-07-21,active
609,user_609,user_609@test.com,2025-05-07,active
610,user_610,user_610@test.com,2026-01-25,inactive
611,user_611,user_611@test.com,2025-10-02,active
612,user_612,user_612@test.com,2025-10-18,inactive
613,user_613,user_613@test.com,2026-03-12,active
614,user_614,user_614@test.com,2026-01-26,active
615,user_615,user_615@test.com,2025-05-15,active
616,user_616,user_616@test.com,2025-12-26,inactive
617,user_617,user_617@test.com,2025-12-16,active
618,user_618,user_618@test.com,2025-11-28,inactive
619,user_619,user_619@test.com,2025-10-23,inactive
620,user_620,user_620@test.com,2025-05-21,active
621,user_621,user_621@test.com,2026-01-06,active
622,user_622,user_622@test.com,2026-01-16,active
623,user_623,user_623@test.com,2025-08-16,active
624,user_624,user_624@test.com,2025-07-23,active
625,user_625,user_625@test.com,2026-01-05,active
626,user_626,user_626@test.com,2025-07-08,active
627,user_627,user_627@test.com,2025-07-31,active
628,user_628,user_628@test.com,2025-10-07,active
629,user_629,user_629@test.com,2025-12-06,active
630,user_630,user_630@test.com,2025-08-11,inactive
631,user_631,user_631@test.com,2025-11-18,active
632,user_632,user_632@test.com,2025-04-24,active
633,user_633,user_633@test.com,2026-03-22,active
634,user_634,user_634@test.com,2025-05-17,inactive
635,user_635,user_635@test.com,2026-02-10,active
636,user_636,user_636@test.com,2025-11-08,active
637,user_637,user_637@test.com,2025-04-24,active
638,user_638,user_638@test.com,2025-06-18,active
639,user_639,user_639@test.com,2025-10-24,active
640,user_640,user_640@test.com,2026-03-21,active
641,user_641,user_641@test.com,2025-10-04,active
642,user_642,user_642@test.com,2025-06-25,active
643,user_643,user_643@test.com,2025-04-14,inactive
644,user_644,user_644@test.com,2026-03-28,inactive
645,user_645,user_645@test.com,2025-10-05,active
646,user_646,user_646@test.com,2025-10-14,active
647,user_647,user_647@test.com,2026-03-19,active
648,user_648,user_648@test.com,2025-11-02,active
649,user_649,user_649@test.com,2025-11-23,active
650,user_650,user_650@test.com,2025-08-16,active
651,user_651,user_651@test.com,2025-06-09,active
652,user_652,user_652@test.com,2025-11-28,active
653,user_653,user_653@test.com,2025-08-26,active
654,user_654,user_654@test.com,2025-04-17,active
655,user_655,user_655@test.com,2025-07-12,active
656,user_656,user_656@test.com,2026-02-18,active
657,user_657,user_657@test.com,2025-10-03,inactive
658,user_658,user_658@test.com,2025-08-22,active
659,user_659,user_659@test.com,2025-08-30,active
660,user_660,user_660@test.com,2025-05-21,inactive
661,user_661,user_661@test.com,2025-06-27,active
662,user_662,user_662@test.com,2025-09-22,active
663,user_663,user_663@test.com,2025-06-14,active
664,user_664,user_664@test.com,2025-10-08,active
665,user_665,user_665@test.com,2026-03-06,active
666,user_666,user_666@test.com,2025-08-25,active
667,user_667,user_667@test.com,2026-03-12,active
668,user_668,user_668@test.com,2026-01-08,active
669,user_669,user_669@test.com,2025-12-01,active
670,user_670,user_670@test.com,2025-04-10,active
671,user_671,user_671@test.com,2026-03-18,active
672,user_672,user_672@test.com,2025-09-17,active
673,user_673,user_673@test.com,2025-05-26,active
674,user_674,user_674@test.com,2025-11-10,active
675,user_675,user_675@test.com,2025-05-25,active
676,user_676,user_676@test.com,2025-09-26,active
677,user_677,user_677@test.com,2025-10-31,active
678,user_678,user_678@test.com,2025-08-31,active
679,user_679,user_679@test.com,2025-08-24,inactive
680,user_680,user_680@test.com,2025-10-06,active
681,user_681,user_681@test.com,2025-04-21,active
682,user_682,user_682@test.com,2026-03-22,active
683,user_683,user_683@test.com,2025-11-28,active
684,user_684,user_684@test.com,2025-11-25,active
685,user_685,user_685@test.com,2025-09-11,active
686,user_686,user_686@test.com,2025-08-10,active
687,user_687,user_687@test.com,2025-05-24,active
688,user_688,user_688@test.com,2025-06-13,inactive
689,user_689,user_689@test.com,2025-04-15,active
690,user_690,user_690@test.com,2025-04-16,active
691,user_691,user_691@test.com,2026-01-25,active
692,user_692,user_692@test.com,2025-08-29,active
693,user_693,user_693@test.com,2025-04-28,active
694,user_694,user_694@test.com,2026-03-11,active
695,user_695,user_695@test.com,2025-09-28,active
696,user_696,user_696@test.com,2025-06-19,active
697,user_697,user_697@test.com,2025-08-09,active
698,user_698,user_698@test.com,2025-05-24,active
699,user_699,user_699@test.com,2025-08-30,active
700,user_700,user_700@test.com,2025-07-06,active
701,user_701,user_701@test.com,2025-06-21,inactive
702,user_702,user_702@test.com,2025-06-08,active
703,user_703,user_703@test.com,2026-01-12,active
704,user_704,user_704@test.com,2025-12-24,inactive
705,user_705,user_705@test.com,2026-03-24,active
706,user_706,user_706@test.com,2025-06-09,inactive
707,user_707,user_707@test.com,2026-01-14,inactive
708,user_708,user_708@test.com,2025-07-27,active
709,user_709,user_709@test.com,2026-03-16,active
710,user_710,user_710@test.com,2025-10-05,active
711,user_711,user_711@test.com,2025-04-23,active
712,user_712,user_712@test.com,2025-09-19,inactive
713,user_713,user_713@test.com,2025-12-27,active
714,user_714,user_714@test.com,2026-03-04,active
715,user_715,user_715@test.com,2025-07-02,active
716,user_716,user_716@test.com,2025-04-04,inactive
717,user_717,user_717@test.com,2025-06-25,active
718,user_718,user_718@test.com,2025-11-23,active
719,user_719,user_719@test.com,2025-11-27,active
720,user_720,user_720@test.com,2025-04-19,active
721,user_721,user_721@test.com,2025-06-11,active
722,user_722,user_722@test.com,2026-01-20,active
723,user_723,user_723@test.com,2025-12-04,active
724,user_724,user_724@test.com,2025-10-02,active
725,user_725,user_725@test.com,2025-11-19,active
726,user_726,user_726@test.com,2025-05-09,active
727,user_727,user_727@test.com,2025-09-22,active
728,user_728,user_728@test.com,2025-05-22,active
729,user_729,user_729@test.com,2025-06-01,active
730,user_730,user_730@test.com,2026-02-22,active
731,user_731,user_731@test.com,2025-05-04,inactive
732,user_732,user_732@test.com,2026-02-24,inactive
733,user_733,user_733@test.com,2025-09-06,active
734,user_734,user_734@test.com,2025-06-19,active
735,user_735,user_735@test.com,2025-07-01,inactive
736,user_736,user_736@test.com,2025-04-25,active
737,user_737,user_737@test.com,2025-10-18,active
738,user_738,user_738@test.com,2025-05-01,active
739,user_739,user_739@test.com,2026-03-24,active
740,user_740,user_740@test.com,2025-07-29,inactive
741,user_741,user_741@test.com,2025-06-15,active
742,user_742,user_742@test.com,2025-06-05,active
743,user_743,user_743@test.com,2025-05-29,active
744,user_744,user_744@test.com,2026-01-05,inactive
745,user_745,user_745@test.com,2025-06-04,active
746,user_746,user_746@test.com,2026-03-28,active
747,user_747,user_747@test.com,2025-08-14,active
748,user_748,user_748@test.com,2026-02-25,inactive
749,user_749,user_749@test.com,2025-12-09,inactive
750,user_750,user_750@test.com,2026-03-04,active
751,user_751,user_751@test.com,2025-11-26,inactive
752,user_752,user_752@test.com,2025-09-29,inactive
753,user_753,user_753@test.com,2026-03-12,active
754,user_754,user_754@test.com,2025-12-29,active
755,user_755,user_755@test.com,2025-11-03,active
756,user_756,user_756@test.com,2025-06-01,active
757,user_757,user_757@test.com,2025-04-29,active
758,user_758,user_758@test.com,2026-03-04,active
759,user_759,user_759@test.com,2026-02-09,active
760,user_760,user_760@test.com,2025-10-02,active
761,user_761,user_761@test.com,2025-06-21,inactive
762,user_762,user_762@test.com,2025-07-02,active
763,user_763,user_763@test.com,2026-02-02,active
764,user_764,user_764@test.com,2025-12-22,active
765,user_765,user_765@test.com,2025-11-10,active
766,user_766,user_766@test.com,2025-04-08,active
767,user_767,user_767@test.com,2025-11-18,active
768,user_768,user_768@test.com,2025-04-26,inactive
769,user_769,user_769@test.com,2026-01-23,active
770,user_770,user_770@test.com,2026-01-04,active
771,user_771,user_771@test.com,2025-04-11,inactive
772,user_772,user_772@test.com,2026-01-13,active
773,user_773,user_773@test.com,2025-08-04,inactive
774,user_774,user_774@test.com,2025-11-16,active
775,user_775,user_775@test.com,2025-05-17,inactive
776,user_776,user_776@test.com,2025-06-03,active
777,user_777,user_777@test.com,2025-04-10,active
778,user_778,user_778@test.com,2025-09-21,active
779,user_779,user_779@test.com,2025-12-25,active
780,user_780,user_780@test.com,2025-12-07,active
781,user_781,user_781@test.com,2025-09-30,inactive
782,user_782,user_782@test.com,2025-06-10,inactive
783,user_783,user_783@test.com,2025-12-10,active
784,user_784,user_784@test.com,2026-03-16,active
785,user_785,user_785@test.com,2025-06-27,active
786,user_786,user_786@test.com,2025-06-27,active
787,user_787,user_787@test.com,2025-04-24,active
788,user_788,user_788@test.com,2025-04-22,active
789,user_789,user_789@test.com,2025-11-02,active
790,user_790,user_790@test.com,2026-03-13,active
791,user_791,user_791@test.com,2025-04-28,inactive
792,user_792,user_792@test.com,2025-09-15,active
793,user_793,user_793@test.com,2025-08-28,active
794,user_794,user_794@test.com,2025-11-20,active
795,user_795,user_795@test.com,2025-05-28,active
796,user_796,user_796@test.com,2026-02-01,active
797,user_797,user_797@test.com,2025-07-18,active
798,user_798,user_798@test.com,2026-01-16,inactive
799,user_799,user_799@test.com,2025-07-19,active
800,user_800,user_800@test.com,2025-08-06,inactive
801,user_801,user_801@test.com,2025-09-21,active
802,user_802,user_802@test.com,2025-04-01,inactive
803,user_803,user_803@test.com,2025-04-26,inactive
804,user_804,user_804@test.com,2025-06-09,active
805,user_805,user_805@test.com,2025-06-11,active
806,user_806,user_806@test.com,2026-03-26,active
807,user_807,user_807@test.com,2026-03-20,active
808,user_808,user_808@test.com,2025-11-05,active
809,user_809,user_809@test.com,2026-02-05,active
810,user_810,user_810@test.com,2026-01-28,active
811,user_811,user_811@test.com,2025-11-23,active
812,user_812,user_812@test.com,2025-05-02,active
813,user_813,user_813@test.com,2025-08-21,active
814,user_814,user_814@test.com,2025-11-10,active
815,user_815,user_815@test.com,2025-06-12,active
816,user_816,user_816@test.com,2025-04-30,active
817,user_817,user_817@test.com,2025-10-28,active
818,user_818,user_818@test.com,2025-07-07,active
819,user_819,user_819@test.com,2025-08-20,active
820,user_820,user_820@test.com,2025-11-03,active
821,user_821,user_821@test.com,2025-08-05,active
822,user_822,user_822@test.com,2025-09-09,active
823,user_823,user_823@test.com,2025-05-10,active
824,user_824,user_824@test.com,2025-09-29,inactive
825,user_825,user_825@test.com,2025-12-12,inactive
826,user_826,user_826@test.com,2025-04-23,active
827,user_827,user_827@test.com,2025-10-14,inactive
828,user_828,user_828@test.com,2026-03-28,active
829,user_829,user_829@test.com,2026-03-17,active
830,user_830,user_830@test.com,2026-02-27,active
831,user_831,user_831@test.com,2025-10-02,active
832,user_832,user_832@test.com,2026-02-01,active
833,user_833,user_833@test.com,2025-12-03,active
834,user_834,user_834@test.com,2025-07-19,active
835,user_835,user_835@test.com,2026-02-28,active
836,user_836,user_836@test.com,2026-02-27,active
837,user_837,user_837@test.com,2025-09-05,active
838,user_838,user_838@test.com,2026-02-08,active
839,user_839,user_839@test.com,2025-06-19,active
840,user_840,user_840@test.com,2026-03-11,active
841,user_841,user_841@test.com,2025-09-23,active
842,user_842,user_842@test.com,2025-09-14,inactive
843,user_843,user_843@test.com,2026-03-09,active
844,user_844,user_844@test.com,2025-07-15,active
845,user_845,user_845@test.com,2026-01-11,active
846,user_846,user_846@test.com,2026-03-26,active
847,user_847,user_847@test.com,2025-09-28,inactive
848,user_848,user_848@test.com,2025-12-04,active
849,user_849,user_849@test.com,2026-03-03,active
850,user_850,user_850@test.com,2025-12-23,active
851,user_851,user_851@test.com,2025-09-19,active
852,user_852,user_852@test.com,2026-01-15,inactive
853,user_853,user_853@test.com,2025-06-04,active
854,user_854,user_854@test.com,2025-06-06,active
855,user_855,user_855@test.com,2026-01-08,active
856,user_856,user_856@test.com,2025-12-08,active
857,user_857,user_857@test.com,2025-05-12,inactive
858,user_858,user_858@test.com,2025-05-02,active
859,user_859,user_859@test.com,2025-11-23,active
860,user_860,user_860@test.com,2025-08-25,active
861,user_861,user_861@test.com,2025-09-21,active
862,user_862,user_862@test.com,2025-09-05,active
863,user_863,user_863@test.com,2025-08-23,active
864,user_864,user_864@test.com,2025-08-24,active
865,user_865,user_865@test.com,2025-12-07,inactive
866,user_866,user_866@test.com,2025-10-12,inactive
867,user_867,user_867@test.com,2025-11-26,active
868,user_868,user_868@test.com,2025-10-23,inactive
869,user_869,user_869@test.com,2025-08-12,active
870,user_870,user_870@test.com,2025-12-09,active
871,user_871,user_871@test.com,2026-03-17,active
872,user_872,user_872@test.com,2025-05-18,inactive
873,user_873,user_873@test.com,2025-05-25,active
874,user_874,user_874@test.com,2025-12-03,active
875,user_875,user_875@test.com,2026-01-14,active
876,user_876,user_876@test.com,2025-07-14,active
877,user_877,user_877@test.com,2025-11-22,inactive
878,user_878,user_878@test.com,2025-05-06,active
879,user_879,user_879@test.com,2025-11-20,active
880,user_880,user_880@test.com,2025-05-07,active
881,user_881,user_881@test.com,2025-12-04,active
882,user_882,user_882@test.com,2025-07-27,active
883,user_883,user_883@test.com,2026-03-18,active
884,user_884,user_884@test.com,2025-10-13,active
885,user_885,user_885@test.com,2025-04-02,active
886,user_886,user_886@test.com,2025-11-07,active
887,user_887,user_887@test.com,2026-02-22,inactive
888,user_888,user_888@test.com,2025-08-02,active
889,user_889,user_889@test.com,2025-05-11,inactive
890,user_890,user_890@test.com,2025-07-05,inactive
891,user_891,user_891@test.com,2025-12-24,active
892,user_892,user_892@test.com,2025-04-14,active
893,user_893,user_893@test.com,2025-06-26,active
894,user_894,user_894@test.com,2025-11-15,active
895,user_895,user_895@test.com,2026-03-01,inactive
896,user_896,user_896@test.com,2025-08-17,inactive
897,user_897,user_897@test.com,2025-09-28,active
898,user_898,user_898@test.com,2026-02-18,active
899,user_899,user_899@test.com,2025-09-07,active
900,user_900,user_900@test.com,2025-07-31,active
901,user_901,user_901@test.com,2026-02-19,active
902,user_902,user_902@test.com,2025-09-07,active
903,user_903,user_903@test.com,2025-12-06,active
904,user_904,user_904@test.com,2025-10-22,inactive
905,user_905,user_905@test.com,2025-12-19,inactive
906,user_906,user_906@test.com,2025-10-20,active
907,user_907,user_907@test.com,2025-09-29,active
908,user_908,user_908@test.com,2025-08-13,active
909,user_909,user_909@test.com,2025-04-04,active
910,user_910,user_910@test.com,2025-05-22,inactive
911,user_911,user_911@test.com,2026-01-16,active
912,user_912,user_912@test.com,2025-12-03,active
913,user_913,user_913@test.com,2025-06-24,active
914,user_914,user_914@test.com,2025-06-15,active
915,user_915,user_915@test.com,2026-03-16,active
916,user_916,user_916@test.com,2025-09-21,inactive
917,user_917,user_917@test.com,2025-08-11,active
918,user_918,user_918@test.com,2025-07-02,active
919,user_919,user_919@test.com,2025-08-29,inactive
920,user_920,user_920@test.com,2025-04-11,inactive
921,user_921,user_921@test.com,2025-08-20,active
922,user_922,user_922@test.com,2026-01-12,active
923,user_923,user_923@test.com,2026-03-14,active
924,user_924,user_924@test.com,2025-06-10,active
925,user_925,user_925@test.com,2025-08-31,active
926,user_926,user_926@test.com,2025-12-08,active
927,user_927,user_927@test.com,2025-11-09,active
928,user_928,user_928@test.com,2026-01-06,active
929,user_929,user_929@test.com,2025-06-15,active
930,user_930,user_930@test.com,2025-11-17,active
931,user_931,user_931@test.com,2026-02-20,active
932,user_932,user_932@test.com,2025-10-18,inactive
933,user_933,user_933@test.com,2025-06-19,active
934,user_934,user_934@test.com,2025-12-19,active
935,user_935,user_935@test.com,2025-08-10,active
936,user_936,user_936@test.com,2026-02-28,active
937,user_937,user_937@test.com,2025-04-22,active
938,user_938,user_938@test.com,2025-05-30,inactive
939,user_939,user_939@test.com,2025-10-03,active
940,user_940,user_940@test.com,2026-03-20,active
941,user_941,user_941@test.com,2025-12-21,active
942,user_942,user_942@test.com,2025-11-08,active
943,user_943,user_943@test.com,2026-02-03,active
944,user_944,user_944@test.com,2025-05-26,active
945,user_945,user_945@test.com,2025-06-14,active
946,user_946,user_946@test.com,2026-03-09,active
947,user_947,user_947@test.com,2025-08-17,active
948,user_948,user_948@test.com,2025-09-17,active
949,user_949,user_949@test.com,2025-08-29,inactive
950,user_950,user_950@test.com,2025-12-04,active
951,user_951,user_951@test.com,2025-04-25,active
952,user_952,user_952@test.com,2025-12-11,active
953,user_953,user_953@test.com,2026-01-30,active
954,user_954,user_954@test.com,2026-01-01,inactive
955,user_955,user_955@test.com,2025-07-19,active
956,user_956,user_956@test.com,2025-08-28,active
957,user_957,user_957@test.com,2026-01-12,inactive
958,user_958,user_958@test.com,2026-02-28,inactive
959,user_959,user_959@test.com,2026-03-01,active
960,user_960,user_960@test.com,2026-01-05,active
961,user_961,user_961@test.com,2025-05-20,active
962,user_962,user_962@test.com,2026-03-29,active
963,user_963,user_963@test.com,2025-07-19,active
964,user_964,user_964@test.com,2026-02-08,active
965,user_965,user_965@test.com,2025-08-02,active
966,user_966,user_966@test.com,2026-03-03,active
967,user_967,user_967@test.com,2025-11-05,active
968,user_968,user_968@test.com,2025-06-04,active
969,user_969,user_969@test.com,2025-04-23,active
970,user_970,user_970@test.com,2025-11-12,active
971,user_971,user_971@test.com,2025-07-27,active
972,user_972,user_972@test.com,2025-11-24,active
973,user_973,user_973@test.com,2025-12-08,active
974,user_974,user_974@test.com,2026-01-15,active
975,user_975,user_975@test.com,2026-01-06,inactive
976,user_976,user_976@test.com,2025-10-25,active
977,user_977,user_977@test.com,2025-12-31,inactive
978,user_978,user_978@test.com,2026-03-28,active
979,user_979,user_979@test.com,2025-06-09,inactive
980,user_980,user_980@test.com,2025-11-25,active
981,user_981,user_981@test.com,2025-06-27,inactive
982,user_982,user_982@test.com,2025-12-13,active
983,user_983,user_983@test.com,2025-10-04,active
984,user_984,user_984@test.com,2025-06-16,active
985,user_985,user_985@test.com,2026-02-27,active
986,user_986,user_986@test.com,2026-01-10,active
987,user_987,user_987@test.com,2026-02-05,inactive
988,user_988,user_988@test.com,2025-09-03,active
989,user_989,user_989@test.com,2025-07-23,active
990,user_990,user_990@test.com,2025-11-29,active
991,user_991,user_991@test.com,2025-06-14,active
992,user_992,user_992@test.com,2025-10-03,inactive
993,user_993,user_993@test.com,2025-05-15,active
994,user_994,user_994@test.com,2025-10-20,active
995,user_995,user_995@test.com,2025-04-12,active
996,user_996,user_996@test.com,2025-05-21,active
997,user_997,user_997@test.com,2026-03-18,active
998,user_998,user_998@test.com,2026-03-25,inactive
999,user_999,user_999@test.com,2025-07-22,active
1000,user_1000,user_1000@test.com,2025-06-23,active
1001,user_1001,user_1001@test.com,2026-01-26,active
1002,user_1002,user_1002@test.com,2025-10-11,inactive
1003,user_1003,user_1003@test.com,2025-07-18,inactive
1004,user_1004,user_1004@test.com,2025-07-07,active
1005,user_1005,user_1005@test.com,2026-01-12,active
1006,user_1006,user_1006@test.com,2025-08-09,active
1007,user_1007,user_1007@test.com,2025-05-08,active
1008,user_1008,user_1008@test.com,2026-01-06,inactive
1009,user_1009,user_1009@test.com,2025-06-12,inactive
1010,user_1010,user_1010@test.com,2026-02-09,active
1011,user_1011,user_1011@test.com,2025-12-12,active
1012,user_1012,user_1012@test.com,2025-09-10,active
1013,user_1013,user_1013@test.com,2025-10-11,active
1014,user_1014,user_1014@test.com,2025-07-14,inactive
1015,user_1015,user_1015@test.com,2025-09-14,active
1016,user_1016,user_1016@test.com,2026-02-09,active
1017,user_1017,user_1017@test.com,2025-07-30,active
1018,user_1018,user_1018@test.com,2026-03-02,active
1019,user_1019,user_1019@test.com,2026-03-07,active
1020,user_1020,user_1020@test.com,2026-02-08,active
1021,user_1021,user_1021@test.com,2025-09-02,inactive
1022,user_1022,user_1022@test.com,2025-10-23,active
1023,user_1023,user_1023@test.com,2025-12-21,active
1024,user_1024,user_1024@test.com,2025-06-01,active
1025,user_1025,user_1025@test.com,2025-06-17,active
1026,user_1026,user_1026@test.com,2025-05-17,active
1027,user_1027,user_1027@test.com,2025-05-08,active
1028,user_1028,user_1028@test.com,2025-09-01,active
1029,user_1029,user_1029@test.com,2026-02-12,active
1030,user_1030,user_1030@test.com,2025-07-29,inactive
1031,user_1031,user_1031@test.com,2025-10-13,active
1032,user_1032,user_1032@test.com,2025-12-03,active
1033,user_1033,user_1033@test.com,2025-12-14,active
1034,user_1034,user_1034@test.com,2026-02-04,active
1035,user_1035,user_1035@test.com,2025-05-08,active
1036,user_1036,user_1036@test.com,2025-05-05,active
1037,user_1037,user_1037@test.com,2026-01-12,active
1038,user_1038,user_1038@test.com,2025-08-13,active
1039,user_1039,user_1039@test.com,2025-10-04,active
1040,user_1040,user_1040@test.com,2025-06-09,active
1041,user_1041,user_1041@test.com,2025-07-24,active
1042,user_1042,user_1042@test.com,2025-07-11,active
1043,user_1043,user_1043@test.com,2025-11-10,active
1044,user_1044,user_1044@test.com,2025-05-29,active
1045,user_1045,user_1045@test.com,2026-01-30,active
1046,user_1046,user_1046@test.com,2026-02-26,active
1047,user_1047,user_1047@test.com,2025-12-29,active
1048,user_1048,user_1048@test.com,2025-06-07,active
1049,user_1049,user_1049@test.com,2025-07-05,active
1050,user_1050,user_1050@test.com,2026-02-24,active
1051,user_1051,user_1051@test.com,2025-07-16,active
1052,user_1052,user_1052@test.com,2025-09-06,active
1053,user_1053,user_1053@test.com,2025-12-27,active
1054,user_1054,user_1054@test.com,2025-12-20,active
1055,user_1055,user_1055@test.com,2025-09-24,inactive
1056,user_1056,user_1056@test.com,2025-07-07,active
1057,user_1057,user_1057@test.com,2026-03-06,active
1058,user_1058,user_1058@test.com,2025-11-05,inactive
1059,user_1059,user_1059@test.com,2025-11-25,active
1060,user_1060,user_1060@test.com,2025-05-20,active
1061,user_1061,user_1061@test.com,2025-08-07,active
1062,user_1062,user_1062@test.com,2025-04-30,inactive
1063,user_1063,user_1063@test.com,2025-08-29,active
1064,user_1064,user_1064@test.com,2025-09-02,inactive
1065,user_1065,user_1065@test.com,2025-05-25,active
1066,user_1066,user_1066@test.com,2025-10-12,active
1067,user_1067,user_1067@test.com,2025-05-19,active
1068,user_1068,user_1068@test.com,2025-06-30,active
1069,user_1069,user_1069@test.com,2025-05-23,inactive
1070,user_1070,user_1070@test.com,2025-11-03,active
1071,user_1071,user_1071@test.com,2025-11-26,active
1072,user_1072,user_1072@test.com,2025-08-06,active
1073,user_1073,user_1073@test.com,2025-05-22,inactive
1074,user_1074,user_1074@test.com,2025-11-30,active
1075,user_1075,user_1075@test.com,2026-01-02,active
1076,user_1076,user_1076@test.com,2025-08-07,active
1077,user_1077,user_1077@test.com,2025-12-30,inactive
1078,user_1078,user_1078@test.com,2025-11-28,active
1079,user_1079,user_1079@test.com,2025-07-30,active
1080,user_1080,user_1080@test.com,2025-11-01,inactive
1081,user_1081,user_1081@test.com,2025-06-04,active
1082,user_1082,user_1082@test.com,2025-12-20,active
1083,user_1083,user_1083@test.com,2025-06-20,inactive
1084,user_1084,user_1084@test.com,2025-04-20,inactive
1085,user_1085,user_1085@test.com,2025-07-03,active
1086,user_1086,user_1086@test.com,2025-11-05,active
1087,user_1087,user_1087@test.com,2025-12-16,active
1088,user_1088,user_1088@test.com,2025-08-12,active
1089,user_1089,user_1089@test.com,2025-09-30,active
1090,user_1090,user_1090@test.com,2025-07-19,active
1091,user_1091,user_1091@test.com,2025-06-20,active
1092,user_1092,user_1092@test.com,2026-01-17,active
1093,user_1093,user_1093@test.com,2026-01-21,inactive
1094,user_1094,user_1094@test.com,2025-09-21,active
1095,user_1095,user_1095@test.com,2025-08-04,inactive
1096,user_1096,user_1096@test.com,2025-06-13,active
1097,user_1097,user_1097@test.com,2026-02-16,active
1098,user_1098,user_1098@test.com,2025-12-12,active
1099,user_1099,user_1099@test.com,2025-08-11,active
1100,user_1100,user_1100@test.com,2026-01-23,active
1101,user_1101,user_1101@test.com,2025-04-06,active
1102,user_1102,user_1102@test.com,2026-02-28,active
1103,user_1103,user_1103@test.com,2025-04-01,active
1104,user_1104,user_1104@test.com,2025-11-26,active
1105,user_1105,user_1105@test.com,2025-10-01,inactive
1106,user_1106,user_1106@test.com,2026-03-03,active
1107,user_1107,user_1107@test.com,2026-02-11,active
1108,user_1108,user_1108@test.com,2026-01-25,inactive
1109,user_1109,user_1109@test.com,2025-12-19,active
1110,user_1110,user_1110@test.com,2025-05-25,inactive
1111,user_1111,user_1111@test.com,2025-08-31,active
1112,user_1112,user_1112@test.com,2026-02-10,inactive
1113,user_1113,user_1113@test.com,2025-04-07,inactive
1114,user_1114,user_1114@test.com,2025-07-05,active
1115,user_1115,user_1115@test.com,2025-12-19,inactive
1116,user_1116,user_1116@test.com,2026-02-19,active
1117,user_1117,user_1117@test.com,2026-03-25,active
1118,user_1118,user_1118@test.com,2025-11-12,active
1119,user_1119,user_1119@test.com,2025-07-20,active
1120,user_1120,user_1120@test.com,2025-12-21,inactive
1121,user_1121,user_1121@test.com,2025-04-09,inactive
1122,user_1122,user_1122@test.com,2025-09-16,active
1123,user_1123,user_1123@test.com,2025-09-21,active
1124,user_1124,user_1124@test.com,2026-01-01,active
1125,user_1125,user_1125@test.com,2025-05-02,active
1126,user_1126,user_1126@test.com,2026-01-26,active
1127,user_1127,user_1127@test.com,2025-09-25,inactive
1128,user_1128,user_1128@test.com,2025-09-09,active
1129,user_1129,user_1129@test.com,2026-03-04,active
1130,user_1130,user_1130@test.com,2025-06-09,active
1131,user_1131,user_1131@test.com,2026-01-25,active
1132,user_1132,user_1132@test.com,2025-07-13,active
1133,user_1133,user_1133@test.com,2025-09-10,active
1134,user_1134,user_1134@test.com,2025-11-10,inactive
1135,user_1135,user_1135@test.com,2025-07-06,active
1136,user_1136,user_1136@test.com,2026-01-23,active
1137,user_1137,user_1137@test.com,2025-12-01,active
1138,user_1138,user_1138@test.com,2025-08-03,active
1139,user_1139,user_1139@test.com,2025-06-11,active
1140,user_1140,user_1140@test.com,2025-08-22,active
1141,user_1141,user_1141@test.com,2025-04-27,inactive
1142,user_1142,user_1142@test.com,2025-07-14,active
1143,user_1143,user_1143@test.com,2025-10-19,active
1144,user_1144,user_1144@test.com,2025-12-17,active
1145,user_1145,user_1145@test.com,2025-08-22,active
1146,user_1146,user_1146@test.com,2025-09-30,active
1147,user_1147,user_1147@test.com,2025-11-08,active
1148,user_1148,user_1148@test.com,2025-08-28,active
1149,user_1149,user_1149@test.com,2025-12-10,active
1150,user_1150,user_1150@test.com,2026-01-08,active
1151,user_1151,user_1151@test.com,2025-08-06,inactive
1152,user_1152,user_1152@test.com,2025-07-21,active
1153,user_1153,user_1153@test.com,2025-07-07,active
1154,user_1154,user_1154@test.com,2025-05-20,inactive
1155,user_1155,user_1155@test.com,2025-11-08,inactive
1156,user_1156,user_1156@test.com,2026-01-23,active
1157,user_1157,user_1157@test.com,2026-03-14,inactive
1158,user_1158,user_1158@test.com,2025-04-25,active
1159,user_1159,user_1159@test.com,2026-03-02,active
1160,user_1160,user_1160@test.com,2026-03-27,active
1161,user_1161,user_1161@test.com,2025-09-05,active
1162,user_1162,user_1162@test.com,2025-03-30,active
1163,user_1163,user_1163@test.com,2025-11-17,inactive
1164,user_1164,user_1164@test.com,2025-06-15,active
1165,user_1165,user_1165@test.com,2025-04-07,active
1166,user_1166,user_1166@test.com,2026-03-26,active
1167,user_1167,user_1167@test.com,2025-08-13,active
1168,user_1168,user_1168@test.com,2025-04-17,active
1169,user_1169,user_1169@test.com,2025-09-01,active
1170,user_1170,user_1170@test.com,2026-03-25,active
1171,user_1171,user_1171@test.com,2025-09-30,active
1172,user_1172,user_1172@test.com,2026-02-13,active
1173,user_1173,user_1173@test.com,2025-05-13,active
1174,user_1174,user_1174@test.com,2026-03-02,active
1175,user_1175,user_1175@test.com,2025-10-16,active
1176,user_1176,user_1176@test.com,2026-03-14,active
1177,user_1177,user_1177@test.com,2025-10-14,active
1178,user_1178,user_1178@test.com,2025-12-19,active
1179,user_1179,user_1179@test.com,2025-04-22,active
1180,user_1180,user_1180@test.com,2026-01-23,active
1181,user_1181,user_1181@test.com,2025-06-01,inactive
1182,user_1182,user_1182@test.com,2026-03-05,active
1183,user_1183,user_1183@test.com,2025-04-18,active
1184,user_1184,user_1184@test.com,2025-12-21,active
1185,user_1185,user_1185@test.com,2025-08-23,active
1186,user_1186,user_1186@test.com,2026-03-27,inactive
1187,user_1187,user_1187@test.com,2025-07-15,inactive
1188,user_1188,user_1188@test.com,2025-07-20,active
1189,user_1189,user_1189@test.com,2025-07-27,inactive
1190,user_1190,user_1190@test.com,2025-08-03,active
1191,user_1191,user_1191@test.com,2026-03-21,active
1192,user_1192,user_1192@test.com,2025-10-08,inactive
1193,user_1193,user_1193@test.com,2025-12-05,active
1194,user_1194,user_1194@test.com,2025-05-17,inactive
1195,user_1195,user_1195@test.com,2025-06-26,active
1196,user_1196,user_1196@test.com,2025-04-18,active
1197,user_1197,user_1197@test.com,2025-12-24,active
1198,user_1198,user_1198@test.com,2025-09-04,active
1199,user_1199,user_1199@test.com,2026-02-24,active
1200,user_1200,user_1200@test.com,2026-01-27,inactive
1201,user_1201,user_1201@test.com,2025-04-18,active
1202,user_1202,user_1202@test.com,2026-01-08,inactive
1203,user_1203,user_1203@test.com,2025-11-30,active
1204,user_1204,user_1204@test.com,2025-06-24,active
1205,user_1205,user_1205@test.com,2025-08-25,active
1206,user_1206,user_1206@test.com,2025-04-19,active
1207,user_1207,user_1207@test.com,2025-05-29,active
1208,user_1208,user_1208@test.com,2025-04-05,inactive
1209,user_1209,user_1209@test.com,2025-11-06,active
1210,user_1210,user_1210@test.com,2025-07-30,active
1211,user_1211,user_1211@test.com,2025-07-25,active
1212,user_1212,user_1212@test.com,2025-07-31,active
1213,user_1213,user_1213@test.com,2025-11-28,active
1214,user_1214,user_1214@test.com,2025-07-18,active
1215,user_1215,user_1215@test.com,2026-01-04,active
1216,user_1216,user_1216@test.com,2026-02-18,active
1217,user_1217,user_1217@test.com,2026-02-14,inactive
1218,user_1218,user_1218@test.com,2025-04-29,active
1219,user_1219,user_1219@test.com,2025-09-13,active
1220,user_1220,user_1220@test.com,2025-10-23,active
1221,user_1221,user_1221@test.com,2025-12-23,active
1222,user_1222,user_1222@test.com,2025-07-27,active
1223,user_1223,user_1223@test.com,2025-05-03,active
1224,user_1224,user_1224@test.com,2025-12-11,active
1225,user_1225,user_1225@test.com,2026-03-21,active
1226,user_1226,user_1226@test.com,2025-10-21,active
1227,user_1227,user_1227@test.com,2026-02-13,active
1228,user_1228,user_1228@test.com,2026-03-17,inactive
1229,user_1229,user_1229@test.com,2025-06-19,active
1230,user_1230,user_1230@test.com,2025-07-21,inactive
1231,user_1231,user_1231@test.com,2025-07-06,active
1232,user_1232,user_1232@test.com,2025-04-16,active
1233,user_1233,user_1233@test.com,2026-02-12,inactive
1234,user_1234,user_1234@test.com,2025-06-05,active
1235,user_1235,user_1235@test.com,2025-11-27,active
1236,user_1236,user_1236@test.com,2026-03-23,active
1237,user_1237,user_1237@test.com,2025-12-30,inactive
1238,user_1238,user_1238@test.com,2025-07-21,active
1239,user_1239,user_1239@test.com,2025-04-17,active
1240,user_1240,user_1240@test.com,2025-10-03,active
1241,user_1241,user_1241@test.com,2025-11-30,inactive
1242,user_1242,user_1242@test.com,2025-04-08,inactive
1243,user_1243,user_1243@test.com,2025-11-05,active
1244,user_1244,user_1244@test.com,2025-07-16,active
1245,user_1245,user_1245@test.com,2026-01-24,active
1246,user_1246,user_1246@test.com,2025-12-02,active
1247,user_1247,user_1247@test.com,2025-12-15,inactive
1248,user_1248,user_1248@test.com,2025-10-24,inactive
1249,user_1249,user_1249@test.com,2025-08-18,active
1250,user_1250,user_1250@test.com,2025-07-06,active
1251,user_1251,user_1251@test.com,2025-05-15,active
1252,user_1252,user_1252@test.com,2026-03-05,active
1253,user_1253,user_1253@test.com,2025-05-21,inactive
1254,user_1254,user_1254@test.com,2026-02-21,active
1255,user_1255,user_1255@test.com,2025-04-19,active
1256,user_1256,user_1256@test.com,2025-11-14,active
1257,user_1257,user_1257@test.com,2025-06-16,active
1258,user_1258,user_1258@test.com,2025-10-16,active
1259,user_1259,user_1259@test.com,2025-05-01,active
1260,user_1260,user_1260@test.com,2025-09-06,active
1261,user_1261,user_1261@test.com,2025-06-12,active
1262,user_1262,user_1262@test.com,2025-11-11,active
1263,user_1263,user_1263@test.com,2025-09-02,active
1264,user_1264,user_1264@test.com,2025-09-15,active
1265,user_1265,user_1265@test.com,2025-10-12,active
1266,user_1266,user_1266@test.com,2026-01-17,active
1267,user_1267,user_1267@test.com,2025-08-21,active
1268,user_1268,user_1268@test.com,2025-04-11,active
1269,user_1269,user_1269@test.com,2026-01-07,inactive
1270,user_1270,user_1270@test.com,2025-12-28,active
1271,user_1271,user_1271@test.com,2025-10-04,active
1272,user_1272,user_1272@test.com,2025-08-31,active
1273,user_1273,user_1273@test.com,2025-05-05,active
1274,user_1274,user_1274@test.com,2025-12-23,active
1275,user_1275,user_1275@test.com,2026-01-11,inactive
1276,user_1276,user_1276@test.com,2025-04-10,active
1277,user_1277,user_1277@test.com,2026-01-28,active
1278,user_1278,user_1278@test.com,2025-05-01,active
1279,user_1279,user_1279@test.com,2025-09-10,active
1280,user_1280,user_1280@test.com,2025-04-18,active
1281,user_1281,user_1281@test.com,2025-05-05,active
1282,user_1282,user_1282@test.com,2026-02-24,active
1283,user_1283,user_1283@test.com,2025-12-23,active
1284,user_1284,user_1284@test.com,2025-12-04,active
1285,user_1285,user_1285@test.com,2026-01-06,active
1286,user_1286,user_1286@test.com,2025-12-17,active
1287,user_1287,user_1287@test.com,2026-02-07,active
1288,user_1288,user_1288@test.com,2025-09-30,active
1289,user_1289,user_1289@test.com,2025-11-07,active
1290,user_1290,user_1290@test.com,2025-07-03,active
1291,user_1291,user_1291@test.com,2025-04-30,inactive
1292,user_1292,user_1292@test.com,2026-03-08,active
1293,user_1293,user_1293@test.com,2025-07-10,active
1294,user_1294,user_1294@test.com,2025-04-03,active
1295,user_1295,user_1295@test.com,2025-12-17,inactive
1296,user_1296,user_1296@test.com,2026-03-26,active
1297,user_1297,user_1297@test.com,2025-05-04,inactive
1298,user_1298,user_1298@test.com,2025-04-15,inactive
1299,user_1299,user_1299@test.com,2025-05-21,active
1300,user_1300,user_1300@test.com,2025-10-19,active
1301,user_1301,user_1301@test.com,2025-08-17,active
1302,user_1302,user_1302@test.com,2025-09-21,active
1303,user_1303,user_1303@test.com,2025-06-11,active
1304,user_1304,user_1304@test.com,2026-02-25,active
1305,user_1305,user_1305@test.com,2025-07-09,active
1306,user_1306,user_1306@test.com,2025-05-19,active
1307,user_1307,user_1307@test.com,2025-12-08,active
1308,user_1308,user_1308@test.com,2026-01-14,inactive
1309,user_1309,user_1309@test.com,2025-04-12,inactive
1310,user_1310,user_1310@test.com,2025-11-24,active
1311,user_1311,user_1311@test.com,2026-03-27,active
1312,user_1312,user_1312@test.com,2025-05-10,inactive
1313,user_1313,user_1313@test.com,2025-09-23,active
1314,user_1314,user_1314@test.com,2026-03-12,active
1315,user_1315,user_1315@test.com,2025-09-21,active
1316,user_1316,user_1316@test.com,2025-10-24,active
1317,user_1317,user_1317@test.com,2025-06-10,active
1318,user_1318,user_1318@test.com,2025-06-03,active
1319,user_1319,user_1319@test.com,2025-10-01,active
1320,user_1320,user_1320@test.com,2025-06-24,active
1321,user_1321,user_1321@test.com,2025-07-08,active
1322,user_1322,user_1322@test.com,2025-04-29,active
1323,user_1323,user_1323@test.com,2026-02-07,active
1324,user_1324,user_1324@test.com,2025-09-03,active
1325,user_1325,user_1325@test.com,2026-02-14,active
1326,user_1326,user_1326@test.com,2025-08-31,inactive
1327,user_1327,user_1327@test.com,2025-07-30,inactive
1328,user_1328,user_1328@test.com,2025-04-23,active
1329,user_1329,user_1329@test.com,2026-03-22,active
1330,user_1330,user_1330@test.com,2025-06-18,active
1331,user_1331,user_1331@test.com,2026-01-28,active
1332,user_1332,user_1332@test.com,2025-08-31,inactive
1333,user_1333,user_1333@test.com,2025-09-06,active
1334,user_1334,user_1334@test.com,2026-03-01,inactive
1335,user_1335,user_1335@test.com,2026-02-12,active
1336,user_1336,user_1336@test.com,2026-02-06,active
1337,user_1337,user_1337@test.com,2026-01-03,active
1338,user_1338,user_1338@test.com,2025-12-16,active
1339,user_1339,user_1339@test.com,2026-03-13,active
1340,user_1340,user_1340@test.com,2026-01-08,active
1341,user_1341,user_1341@test.com,2025-09-08,active
1342,user_1342,user_1342@test.com,2025-10-19,active
1343,user_1343,user_1343@test.com,2025-09-06,active
1344,user_1344,user_1344@test.com,2026-01-24,active
1345,user_1345,user_1345@test.com,2025-11-27,active
1346,user_1346,user_1346@test.com,2025-08-16,inactive
1347,user_1347,user_1347@test.com,2025-12-20,active
1348,user_1348,user_1348@test.com,2025-11-16,active
1349,user_1349,user_1349@test.com,2025-09-27,active
1350,user_1350,user_1350@test.com,2026-03-03,active
1351,user_1351,user_1351@test.com,2026-02-03,active
1352,user_1352,user_1352@test.com,2025-05-29,active
1353,user_1353,user_1353@test.com,2026-02-24,active
1354,user_1354,user_1354@test.com,2026-01-23,inactive
1355,user_1355,user_1355@test.com,2026-02-05,active
1356,user_1356,user_1356@test.com,2026-02-08,active
1357,user_1357,user_1357@test.com,2025-11-22,inactive
1358,user_1358,user_1358@test.com,2025-11-15,active
1359,user_1359,user_1359@test.com,2026-02-12,active
1360,user_1360,user_1360@test.com,2026-03-25,active
1361,user_1361,user_1361@test.com,2025-08-24,active
1362,user_1362,user_1362@test.com,2025-05-08,active
1363,user_1363,user_1363@test.com,2025-12-04,active
1364,user_1364,user_1364@test.com,2026-03-06,active
1365,user_1365,user_1365@test.com,2025-10-30,active
1366,user_1366,user_1366@test.com,2025-10-16,active
1367,user_1367,user_1367@test.com,2025-06-30,active
1368,user_1368,user_1368@test.com,2026-03-16,active
1369,user_1369,user_1369@test.com,2025-08-02,inactive
1370,user_1370,user_1370@test.com,2026-03-23,active
1371,user_1371,user_1371@test.com,2025-10-31,active
1372,user_1372,user_1372@test.com,2025-07-19,active
1373,user_1373,user_1373@test.com,2025-09-02,active
1374,user_1374,user_1374@test.com,2025-12-10,active
1375,user_1375,user_1375@test.com,2025-09-09,active
1376,user_1376,user_1376@test.com,2025-09-06,active
1377,user_1377,user_1377@test.com,2025-09-26,inactive
1378,user_1378,user_1378@test.com,2025-10-06,active
1379,user_1379,user_1379@test.com,2025-08-08,active
1380,user_1380,user_1380@test.com,2026-02-02,inactive
1381,user_1381,user_1381@test.com,2025-11-18,active
1382,user_1382,user_1382@test.com,2025-07-16,inactive
1383,user_1383,user_1383@test.com,2025-08-08,active
1384,user_1384,user_1384@test.com,2025-06-30,active
1385,user_1385,user_1385@test.com,2025-06-21,active
1386,user_1386,user_1386@test.com,2026-02-14,active
1387,user_1387,user_1387@test.com,2025-04-20,active
1388,user_1388,user_1388@test.com,2025-04-17,inactive
1389,user_1389,user_1389@test.com,2025-05-04,inactive
1390,user_1390,user_1390@test.com,2026-03-24,active
1391,user_1391,user_1391@test.com,2025-10-16,active
1392,user_1392,user_1392@test.com,2025-11-02,active
1393,user_1393,user_1393@test.com,2026-03-25,inactive
1394,user_1394,user_1394@test.com,2026-02-12,active
1395,user_1395,user_1395@test.com,2026-03-12,active
1396,user_1396,user_1396@test.com,2025-11-19,active
1397,user_1397,user_1397@test.com,2025-09-30,active
1398,user_1398,user_1398@test.com,2025-07-13,active
1399,user_1399,user_1399@test.com,2025-11-20,active
1400,user_1400,user_1400@test.com,2026-02-22,active
1401,user_1401,user_1401@test.com,2025-12-05,active
1402,user_1402,user_1402@test.com,2025-04-29,active
1403,user_1403,user_1403@test.com,2025-03-30,inactive
1404,user_1404,user_1404@test.com,2025-12-05,active
1405,user_1405,user_1405@test.com,2025-10-31,active
1406,user_1406,user_1406@test.com,2025-04-25,active
1407,user_1407,user_1407@test.com,2025-05-28,active
1408,user_1408,user_1408@test.com,2026-03-24,active
1409,user_1409,user_1409@test.com,2025-06-13,active
1410,user_1410,user_1410@test.com,2025-10-30,active
1411,user_1411,user_1411@test.com,2025-12-22,active
1412,user_1412,user_1412@test.com,2025-11-27,active
1413,user_1413,user_1413@test.com,2025-12-18,active
1414,user_1414,user_1414@test.com,2026-03-09,active
1415,user_1415,user_1415@test.com,2026-01-03,active
1416,user_1416,user_1416@test.com,2025-05-18,inactive
1417,user_1417,user_1417@test.com,2025-04-05,active
1418,user_1418,user_1418@test.com,2025-11-27,inactive
1419,user_1419,user_1419@test.com,2025-10-22,active
1420,user_1420,user_1420@test.com,2026-03-23,active
1421,user_1421,user_1421@test.com,2025-04-24,active
1422,user_1422,user_1422@test.com,2025-06-09,active
1423,user_1423,user_1423@test.com,2026-01-09,inactive
1424,user_1424,user_1424@test.com,2025-03-31,inactive
1425,user_1425,user_1425@test.com,2025-05-05,active
1426,user_1426,user_1426@test.com,2025-11-10,inactive
1427,user_1427,user_1427@test.com,2025-07-19,active
1428,user_1428,user_1428@test.com,2025-08-28,active
1429,user_1429,user_1429@test.com,2025-12-28,active
1430,user_1430,user_1430@test.com,2025-04-16,active
1431,user_1431,user_1431@test.com,2026-03-06,active
1432,user_1432,user_1432@test.com,2026-01-18,inactive
1433,user_1433,user_1433@test.com,2025-05-03,active
1434,user_1434,user_1434@test.com,2025-09-10,active
1435,user_1435,user_1435@test.com,2025-08-25,inactive
1436,user_1436,user_1436@test.com,2025-11-22,active
1437,user_1437,user_1437@test.com,2025-04-11,active
1438,user_1438,user_1438@test.com,2026-03-04,active
1439,user_1439,user_1439@test.com,2025-08-17,active
1440,user_1440,user_1440@test.com,2026-02-03,inactive
1441,user_1441,user_1441@test.com,2025-05-17,inactive
1442,user_1442,user_1442@test.com,2025-11-28,active
1443,user_1443,user_1443@test.com,2025-11-19,active
1444,user_1444,user_1444@test.com,2025-05-07,inactive
1445,user_1445,user_1445@test.com,2026-03-11,active
1446,user_1446,user_1446@test.com,2025-08-05,active
1447,user_1447,user_1447@test.com,2025-12-26,active
1448,user_1448,user_1448@test.com,2025-07-30,inactive
1449,user_1449,user_1449@test.com,2025-09-25,active
1450,user_1450,user_1450@test.com,2025-09-19,active
1451,user_1451,user_1451@test.com,2025-06-10,active
1452,user_1452,user_1452@test.com,2025-05-02,inactive
1453,user_1453,user_1453@test.com,2026-01-14,active
1454,user_1454,user_1454@test.com,2025-06-03,active
1455,user_1455,user_1455@test.com,2025-04-12,active
1456,user_1456,user_1456@test.com,2025-10-22,active
1457,user_1457,user_1457@test.com,2025-10-13,active
1458,user_1458,user_1458@test.com,2025-09-11,active
1459,user_1459,user_1459@test.com,2026-02-05,active
1460,user_1460,user_1460@test.com,2025-11-30,active
1461,user_1461,user_1461@test.com,2026-03-01,active
1462,user_1462,user_1462@test.com,2026-03-10,active
1463,user_1463,user_1463@test.com,2025-05-29,active
1464,user_1464,user_1464@test.com,2026-02-21,active
1465,user_1465,user_1465@test.com,2025-09-30,inactive
1466,user_1466,user_1466@test.com,2025-09-25,active
1467,user_1467,user_1467@test.com,2025-07-06,active
1468,user_1468,user_1468@test.com,2025-06-15,active
1469,user_1469,user_1469@test.com,2025-06-23,active
1470,user_1470,user_1470@test.com,2025-08-24,active
1471,user_1471,user_1471@test.com,2025-09-22,active
1472,user_1472,user_1472@test.com,2025-05-02,active
1473,user_1473,user_1473@test.com,2026-01-30,active
1474,user_1474,user_1474@test.com,2025-07-11,active
1475,user_1475,user_1475@test.com,2025-07-01,active
1476,user_1476,user_1476@test.com,2025-05-12,active
1477,user_1477,user_1477@test.com,2026-02-01,active
1478,user_1478,user_1478@test.com,2025-10-28,active
1479,user_1479,user_1479@test.com,2026-01-03,active
1480,user_1480,user_1480@test.com,2026-01-26,active
1481,user_1481,user_1481@test.com,2025-10-19,active
1482,user_1482,user_1482@test.com,2025-08-21,active
1483,user_1483,user_1483@test.com,2025-07-16,active
1484,user_1484,user_1484@test.com,2026-02-08,active
1485,user_1485,user_1485@test.com,2025-09-27,active
1486,user_1486,user_1486@test.com,2025-12-26,active
1487,user_1487,user_1487@test.com,2025-11-27,active
1488,user_1488,user_1488@test.com,2026-03-17,active
1489,user_1489,user_1489@test.com,2026-03-28,active
1490,user_1490,user_1490@test.com,2025-06-27,active
1491,user_1491,user_1491@test.com,2025-11-19,active
1492,user_1492,user_1492@test.com,2025-12-06,inactive
1493,user_1493,user_1493@test.com,2025-09-28,active
1494,user_1494,user_1494@test.com,2026-02-17,active
1495,user_1495,user_1495@test.com,2025-10-23,active
1496,user_1496,user_1496@test.com,2025-05-11,active
1497,user_1497,user_1497@test.com,2025-04-12,active
1498,user_1498,user_1498@test.com,2025-10-13,active
1499,user_1499,user_1499@test.com,2025-05-26,inactive
1500,user_1500,user_1500@test.com,2025-10-23,active
1501,user_1501,user_1501@test.com,2025-07-03,active
1502,user_1502,user_1502@test.com,2026-03-20,active
1503,user_1503,user_1503@test.com,2025-04-12,active
1504,user_1504,user_1504@test.com,2025-11-19,active
1505,user_1505,user_1505@test.com,2025-09-04,active
1506,user_1506,user_1506@test.com,2025-12-14,active
1507,user_1507,user_1507@test.com,2025-10-03,active
1508,user_1508,user_1508@test.com,2025-10-21,active
1509,user_1509,user_1509@test.com,2026-02-12,active
1510,user_1510,user_1510@test.com,2025-10-09,inactive
1511,user_1511,user_1511@test.com,2025-04-05,active
1512,user_1512,user_1512@test.com,2025-04-05,inactive
1513,user_1513,user_1513@test.com,2025-09-24,active
1514,user_1514,user_1514@test.com,2025-11-18,active
1515,user_1515,user_1515@test.com,2025-07-10,active
1516,user_1516,user_1516@test.com,2025-10-11,active
1517,user_1517,user_1517@test.com,2025-06-02,inactive
1518,user_1518,user_1518@test.com,2025-04-20,active
1519,user_1519,user_1519@test.com,2025-11-09,active
1520,user_1520,user_1520@test.com,2025-06-06,inactive
1521,user_1521,user_1521@test.com,2026-03-18,active
1522,user_1522,user_1522@test.com,2025-11-17,active
1523,user_1523,user_1523@test.com,2025-05-24,active
1524,user_1524,user_1524@test.com,2025-05-29,active
1525,user_1525,user_1525@test.com,2025-04-06,active
1526,user_1526,user_1526@test.com,2025-10-20,active
1527,user_1527,user_1527@test.com,2025-10-06,active
1528,user_1528,user_1528@test.com,2025-08-16,inactive
1529,user_1529,user_1529@test.com,2025-12-30,inactive
1530,user_1530,user_1530@test.com,2025-12-23,active
1531,user_1531,user_1531@test.com,2025-05-01,inactive
1532,user_1532,user_1532@test.com,2026-01-31,active
1533,user_1533,user_1533@test.com,2026-01-01,active
1534,user_1534,user_1534@test.com,2025-04-03,active
1535,user_1535,user_1535@test.com,2025-07-16,active
1536,user_1536,user_1536@test.com,2025-10-19,active
1537,user_1537,user_1537@test.com,2025-07-07,inactive
1538,user_1538,user_1538@test.com,2025-12-18,active
1539,user_1539,user_1539@test.com,2026-02-11,inactive
1540,user_1540,user_1540@test.com,2026-03-19,active
1541,user_1541,user_1541@test.com,2025-11-17,active
1542,user_1542,user_1542@test.com,2025-11-12,inactive
1543,user_1543,user_1543@test.com,2025-09-07,active
1544,user_1544,user_1544@test.com,2026-01-23,active
1545,user_1545,user_1545@test.com,2026-02-23,active
1546,user_1546,user_1546@test.com,2025-07-12,active
1547,user_1547,user_1547@test.com,2025-05-03,active
1548,user_1548,user_1548@test.com,2025-11-21,active
1549,user_1549,user_1549@test.com,2025-10-14,active
1550,user_1550,user_1550@test.com,2025-07-14,active
1551,user_1551,user_1551@test.com,2025-05-15,active
1552,user_1552,user_1552@test.com,2025-07-20,active
1553,user_1553,user_1553@test.com,2025-04-02,active
1554,user_1554,user_1554@test.com,2025-12-28,inactive
1555,user_1555,user_1555@test.com,2025-10-27,inactive
1556,user_1556,user_1556@test.com,2025-12-18,inactive
1557,user_1557,user_1557@test.com,2026-01-21,active
1558,user_1558,user_1558@test.com,2025-12-07,active
1559,user_1559,user_1559@test.com,2025-03-31,inactive
1560,user_1560,user_1560@test.com,2025-06-24,active
1561,user_1561,user_1561@test.com,2025-04-11,active
1562,user_1562,user_1562@test.com,2025-06-27,active
1563,user_1563,user_1563@test.com,2025-10-24,active
1564,user_1564,user_1564@test.com,2026-01-17,active
1565,user_1565,user_1565@test.com,2025-08-16,active
1566,user_1566,user_1566@test.com,2025-06-05,active
1567,user_1567,user_1567@test.com,2025-08-14,active
1568,user_1568,user_1568@test.com,2025-05-22,active
1569,user_1569,user_1569@test.com,2026-01-04,active
1570,user_1570,user_1570@test.com,2025-08-09,active
1571,user_1571,user_1571@test.com,2025-09-19,active
1572,user_1572,user_1572@test.com,2025-07-13,active
1573,user_1573,user_1573@test.com,2025-11-11,active
1574,user_1574,user_1574@test.com,2025-11-07,active
1575,user_1575,user_1575@test.com,2025-04-28,active
1576,user_1576,user_1576@test.com,2025-10-06,active
1577,user_1577,user_1577@test.com,2025-07-28,active
1578,user_1578,user_1578@test.com,2026-01-15,active
1579,user_1579,user_1579@test.com,2025-12-07,active
1580,user_1580,user_1580@test.com,2025-10-16,active
1581,user_1581,user_1581@test.com,2025-05-16,active
1582,user_1582,user_1582@test.com,2025-06-03,active
1583,user_1583,user_1583@test.com,2026-02-01,active
1584,user_1584,user_1584@test.com,2026-03-01,active
1585,user_1585,user_1585@test.com,2025-11-24,active
1586,user_1586,user_1586@test.com,2026-01-20,inactive
1587,user_1587,user_1587@test.com,2025-07-29,active
1588,user_1588,user_1588@test.com,2025-10-19,active
1589,user_1589,user_1589@test.com,2025-06-23,active
1590,user_1590,user_1590@test.com,2025-12-30,active
1591,user_1591,user_1591@test.com,2025-10-01,active
1592,user_1592,user_1592@test.com,2025-09-27,inactive
1593,user_1593,user_1593@test.com,2026-03-20,active
1594,user_1594,user_1594@test.com,2026-03-17,active
1595,user_1595,user_1595@test.com,2025-11-25,active
1596,user_1596,user_1596@test.com,2025-06-06,active
1597,user_1597,user_1597@test.com,2026-03-19,inactive
1598,user_1598,user_1598@test.com,2025-10-29,active
1599,user_1599,user_1599@test.com,2025-07-04,active
1600,user_1600,user_1600@test.com,2026-03-22,active
1601,user_1601,user_1601@test.com,2025-08-27,inactive
1602,user_1602,user_1602@test.com,2025-04-22,active
1603,user_1603,user_1603@test.com,2025-09-09,inactive
1604,user_1604,user_1604@test.com,2025-04-15,active
1605,user_1605,user_1605@test.com,2025-06-07,active
1606,user_1606,user_1606@test.com,2025-08-02,active
1607,user_1607,user_1607@test.com,2025-11-10,active
1608,user_1608,user_1608@test.com,2026-03-08,active
1609,user_1609,user_1609@test.com,2026-03-12,inactive
1610,user_1610,user_1610@test.com,2025-08-25,active
1611,user_1611,user_1611@test.com,2025-09-03,active
1612,user_1612,user_1612@test.com,2025-11-17,active
1613,user_1613,user_1613@test.com,2025-11-06,active
1614,user_1614,user_1614@test.com,2026-03-16,active
1615,user_1615,user_1615@test.com,2025-11-08,active
1616,user_1616,user_1616@test.com,2026-03-06,active
1617,user_1617,user_1617@test.com,2025-04-08,active
1618,user_1618,user_1618@test.com,2026-03-03,inactive
1619,user_1619,user_1619@test.com,2025-03-31,active
1620,user_1620,user_1620@test.com,2025-06-10,active
1621,user_1621,user_1621@test.com,2026-03-13,inactive
1622,user_1622,user_1622@test.com,2025-10-15,active
1623,user_1623,user_1623@test.com,2025-07-29,active
1624,user_1624,user_1624@test.com,2026-03-10,inactive
1625,user_1625,user_1625@test.com,2025-06-12,active
1626,user_1626,user_1626@test.com,2026-01-08,active
1627,user_1627,user_1627@test.com,2025-08-22,inactive
1628,user_1628,user_1628@test.com,2025-04-05,active
1629,user_1629,user_1629@test.com,2026-01-30,active
1630,user_1630,user_1630@test.com,2025-12-16,inactive
1631,user_1631,user_1631@test.com,2025-10-09,inactive
1632,user_1632,user_1632@test.com,2025-06-27,inactive
1633,user_1633,user_1633@test.com,2026-02-06,active
1634,user_1634,user_1634@test.com,2025-10-13,active
1635,user_1635,user_1635@test.com,2025-04-30,inactive
1636,user_1636,user_1636@test.com,2026-02-18,active
1637,user_1637,user_1637@test.com,2026-02-23,active
1638,user_1638,user_1638@test.com,2025-06-12,active
1639,user_1639,user_1639@test.com,2026-01-01,active
1640,user_1640,user_1640@test.com,2025-09-25,active
1641,user_1641,user_1641@test.com,2025-05-16,active
1642,user_1642,user_1642@test.com,2025-09-28,active
1643,user_1643,user_1643@test.com,2025-12-03,active
1644,user_1644,user_1644@test.com,2025-11-04,active
1645,user_1645,user_1645@test.com,2025-12-02,active
1646,user_1646,user_1646@test.com,2025-08-09,active
1647,user_1647,user_1647@test.com,2025-10-24,active
1648,user_1648,user_1648@test.com,2025-08-11,active
1649,user_1649,user_1649@test.com,2025-09-03,inactive
1650,user_1650,user_1650@test.com,2025-11-09,active
1651,user_1651,user_1651@test.com,2025-06-26,inactive
1652,user_1652,user_1652@test.com,2025-05-30,active
1653,user_1653,user_1653@test.com,2025-04-02,active
1654,user_1654,user_1654@test.com,2025-11-19,inactive
1655,user_1655,user_1655@test.com,2025-10-03,active
1656,user_1656,user_1656@test.com,2025-07-20,active
1657,user_1657,user_1657@test.com,2025-11-18,active
1658,user_1658,user_1658@test.com,2025-06-18,active
1659,user_1659,user_1659@test.com,2026-02-27,active
1660,user_1660,user_1660@test.com,2025-11-26,active
1661,user_1661,user_1661@test.com,2025-05-07,active
1662,user_1662,user_1662@test.com,2026-02-03,active
1663,user_1663,user_1663@test.com,2025-05-28,active
1664,user_1664,user_1664@test.com,2025-11-24,active
1665,user_1665,user_1665@test.com,2025-09-13,active
1666,user_1666,user_1666@test.com,2025-04-15,active
1667,user_1667,user_1667@test.com,2025-10-08,active
1668,user_1668,user_1668@test.com,2025-03-30,active
1669,user_1669,user_1669@test.com,2026-03-03,active
1670,user_1670,user_1670@test.com,2025-06-07,active
1671,user_1671,user_1671@test.com,2025-11-28,active
1672,user_1672,user_1672@test.com,2025-07-05,active
1673,user_1673,user_1673@test.com,2025-05-08,active
1674,user_1674,user_1674@test.com,2025-07-13,active
1675,user_1675,user_1675@test.com,2026-02-08,active
1676,user_1676,user_1676@test.com,2025-06-16,inactive
1677,user_1677,user_1677@test.com,2025-05-14,active
1678,user_1678,user_1678@test.com,2025-07-16,active
1679,user_1679,user_1679@test.com,2025-10-27,active
1680,user_1680,user_1680@test.com,2025-04-07,active
1681,user_1681,user_1681@test.com,2025-07-12,inactive
1682,user_1682,user_1682@test.com,2025-12-08,active
1683,user_1683,user_1683@test.com,2025-12-13,active
1684,user_1684,user_1684@test.com,2025-06-07,active
1685,user_1685,user_1685@test.com,2025-11-12,active
1686,user_1686,user_1686@test.com,2025-09-23,active
1687,user_1687,user_1687@test.com,2025-06-21,active
1688,user_1688,user_1688@test.com,2025-07-19,active
1689,user_1689,user_1689@test.com,2025-08-04,active
1690,user_1690,user_1690@test.com,2026-02-08,active
1691,user_1691,user_1691@test.com,2025-07-22,active
1692,user_1692,user_1692@test.com,2025-06-18,active
1693,user_1693,user_1693@test.com,2026-02-26,active
1694,user_1694,user_1694@test.com,2025-06-28,inactive
1695,user_1695,user_1695@test.com,2026-02-26,active
1696,user_1696,user_1696@test.com,2025-04-21,active
1697,user_1697,user_1697@test.com,2025-11-23,inactive
1698,user_1698,user_1698@test.com,2026-02-24,inactive
1699,user_1699,user_1699@test.com,2025-11-12,active
1700,user_1700,user_1700@test.com,2025-08-05,active
1701,user_1701,user_1701@test.com,2026-01-20,inactive
1702,user_1702,user_1702@test.com,2025-05-06,active
1703,user_1703,user_1703@test.com,2026-02-20,active
1704,user_1704,user_1704@test.com,2025-06-03,active
1705,user_1705,user_1705@test.com,2026-02-06,active
1706,user_1706,user_1706@test.com,2026-01-14,active
1707,user_1707,user_1707@test.com,2026-03-14,active
1708,user_1708,user_1708@test.com,2025-07-03,inactive
1709,user_1709,user_1709@test.com,2025-12-01,inactive
1710,user_1710,user_1710@test.com,2026-02-16,active
1711,user_1711,user_1711@test.com,2025-07-10,active
1712,user_1712,user_1712@test.com,2025-05-16,inactive
1713,user_1713,user_1713@test.com,2025-05-20,active
1714,user_1714,user_1714@test.com,2025-06-15,active
1715,user_1715,user_1715@test.com,2025-12-28,active
1716,user_1716,user_1716@test.com,2026-03-26,inactive
1717,user_1717,user_1717@test.com,2025-12-10,active
1718,user_1718,user_1718@test.com,2026-01-06,active
1719,user_1719,user_1719@test.com,2026-01-31,active
1720,user_1720,user_1720@test.com,2025-10-07,active
1721,user_1721,user_1721@test.com,2025-08-20,active
1722,user_1722,user_1722@test.com,2025-12-11,active
1723,user_1723,user_1723@test.com,2026-02-03,active
1724,user_1724,user_1724@test.com,2025-05-03,active
1725,user_1725,user_1725@test.com,2026-03-27,active
1726,user_1726,user_1726@test.com,2025-06-13,active
1727,user_1727,user_1727@test.com,2025-06-04,active
1728,user_1728,user_1728@test.com,2025-10-08,active
1729,user_1729,user_1729@test.com,2026-02-07,active
1730,user_1730,user_1730@test.com,2025-05-05,active
1731,user_1731,user_1731@test.com,2025-12-16,active
1732,user_1732,user_1732@test.com,2025-05-18,active
1733,user_1733,user_1733@test.com,2025-11-01,active
1734,user_1734,user_1734@test.com,2025-06-25,inactive
1735,user_1735,user_1735@test.com,2025-10-14,active
1736,user_1736,user_1736@test.com,2025-12-15,active
1737,user_1737,user_1737@test.com,2026-02-19,inactive
1738,user_1738,user_1738@test.com,2025-05-02,active
1739,user_1739,user_1739@test.com,2025-06-18,active
1740,user_1740,user_1740@test.com,2025-12-08,active
1741,user_1741,user_1741@test.com,2025-05-08,active
1742,user_1742,user_1742@test.com,2026-02-27,active
1743,user_1743,user_1743@test.com,2025-05-01,active
1744,user_1744,user_1744@test.com,2025-07-29,active
1745,user_1745,user_1745@test.com,2025-04-15,active
1746,user_1746,user_1746@test.com,2025-05-23,active
1747,user_1747,user_1747@test.com,2025-05-09,active
1748,user_1748,user_1748@test.com,2025-10-25,active
1749,user_1749,user_1749@test.com,2025-06-11,active
1750,user_1750,user_1750@test.com,2026-01-18,active
1751,user_1751,user_1751@test.com,2025-07-31,active
1752,user_1752,user_1752@test.com,2025-06-10,active
1753,user_1753,user_1753@test.com,2026-02-19,active
1754,user_1754,user_1754@test.com,2025-10-22,active
1755,user_1755,user_1755@test.com,2026-03-25,active
1756,user_1756,user_1756@test.com,2025-07-17,active
1757,user_1757,user_1757@test.com,2025-07-12,inactive
1758,user_1758,user_1758@test.com,2025-04-01,inactive
1759,user_1759,user_1759@test.com,2025-07-09,inactive
1760,user_1760,user_1760@test.com,2025-06-25,active
1761,user_1761,user_1761@test.com,2025-07-05,active
1762,user_1762,user_1762@test.com,2026-01-23,active
1763,user_1763,user_1763@test.com,2026-03-23,inactive
1764,user_1764,user_1764@test.com,2026-03-26,active
1765,user_1765,user_1765@test.com,2026-03-23,active
1766,user_1766,user_1766@test.com,2025-04-17,active
1767,user_1767,user_1767@test.com,2025-06-10,inactive
1768,user_1768,user_1768@test.com,2026-03-16,active
1769,user_1769,user_1769@test.com,2025-09-11,inactive
1770,user_1770,user_1770@test.com,2026-03-01,active
1771,user_1771,user_1771@test.com,2026-03-25,active
1772,user_1772,user_1772@test.com,2025-04-03,inactive
1773,user_1773,user_1773@test.com,2026-01-09,active
1774,user_1774,user_1774@test.com,2026-02-28,active
1775,user_1775,user_1775@test.com,2025-04-12,active
1776,user_1776,user_1776@test.com,2025-06-03,active
1777,user_1777,user_1777@test.com,2026-03-16,active
1778,user_1778,user_1778@test.com,2025-10-02,active
1779,user_1779,user_1779@test.com,2025-12-27,active
1780,user_1780,user_1780@test.com,2025-12-20,active
1781,user_1781,user_1781@test.com,2025-08-07,active
1782,user_1782,user_1782@test.com,2025-12-10,inactive
1783,user_1783,user_1783@test.com,2025-11-17,active
1784,user_1784,user_1784@test.com,2025-07-02,active
1785,user_1785,user_1785@test.com,2026-03-14,active
1786,user_1786,user_1786@test.com,2025-10-25,inactive
1787,user_1787,user_1787@test.com,2025-08-23,active
1788,user_1788,user_1788@test.com,2025-07-24,active
1789,user_1789,user_1789@test.com,2025-12-14,active
1790,user_1790,user_1790@test.com,2025-12-14,active
1791,user_1791,user_1791@test.com,2025-06-05,active
1792,user_1792,user_1792@test.com,2025-09-14,active
1793,user_1793,user_1793@test.com,2025-07-30,active
1794,user_1794,user_1794@test.com,2026-03-13,active
1795,user_1795,user_1795@test.com,2025-07-08,active
1796,user_1796,user_1796@test.com,2025-12-06,active
1797,user_1797,user_1797@test.com,2025-08-09,active
1798,user_1798,user_1798@test.com,2025-05-15,active
1799,user_1799,user_1799@test.com,2026-03-25,active
1800,user_1800,user_1800@test.com,2025-09-25,active
1801,user_1801,user_1801@test.com,2025-11-22,active
1802,user_1802,user_1802@test.com,2025-10-15,active
1803,user_1803,user_1803@test.com,2025-07-23,active
1804,user_1804,user_1804@test.com,2025-04-06,active
1805,user_1805,user_1805@test.com,2026-03-27,active
1806,user_1806,user_1806@test.com,2025-06-08,active
1807,user_1807,user_1807@test.com,2025-07-14,active
1808,user_1808,user_1808@test.com,2026-03-19,active
1809,user_1809,user_1809@test.com,2025-11-21,active
1810,user_1810,user_1810@test.com,2025-05-22,active
1811,user_1811,user_1811@test.com,2025-04-20,active
1812,user_1812,user_1812@test.com,2025-10-29,active
1813,user_1813,user_1813@test.com,2025-06-09,inactive
1814,user_1814,user_1814@test.com,2026-03-09,active
1815,user_1815,user_1815@test.com,2025-09-07,active
1816,user_1816,user_1816@test.com,2026-03-13,active
1817,user_1817,user_1817@test.com,2025-12-11,active
1818,user_1818,user_1818@test.com,2026-02-12,inactive
1819,user_1819,user_1819@test.com,2025-09-16,inactive
1820,user_1820,user_1820@test.com,2025-04-16,active
1821,user_1821,user_1821@test.com,2025-05-31,active
1822,user_1822,user_1822@test.com,2026-03-21,active
1823,user_1823,user_1823@test.com,2025-04-18,active
1824,user_1824,user_1824@test.com,2025-06-28,active
1825,user_1825,user_1825@test.com,2026-01-02,active
1826,user_1826,user_1826@test.com,2025-08-25,active
1827,user_1827,user_1827@test.com,2025-09-20,active
1828,user_1828,user_1828@test.com,2025-07-15,active
1829,user_1829,user_1829@test.com,2026-02-03,active
1830,user_1830,user_1830@test.com,2025-08-08,inactive
1831,user_1831,user_1831@test.com,2025-12-03,active
1832,user_1832,user_1832@test.com,2025-07-25,active
1833,user_1833,user_1833@test.com,2025-10-14,active
1834,user_1834,user_1834@test.com,2025-04-05,active
1835,user_1835,user_1835@test.com,2026-01-28,inactive
1836,user_1836,user_1836@test.com,2025-08-14,inactive
1837,user_1837,user_1837@test.com,2025-07-10,inactive
1838,user_1838,user_1838@test.com,2025-09-12,active
1839,user_1839,user_1839@test.com,2025-05-22,active
1840,user_1840,user_1840@test.com,2025-12-24,active
1841,user_1841,user_1841@test.com,2025-04-23,inactive
1842,user_1842,user_1842@test.com,2025-12-13,inactive
1843,user_1843,user_1843@test.com,2025-12-19,active
1844,user_1844,user_1844@test.com,2025-05-26,active
1845,user_1845,user_1845@test.com,2025-08-10,active
1846,user_1846,user_1846@test.com,2025-09-24,active
1847,user_1847,user_1847@test.com,2025-04-02,active
1848,user_1848,user_1848@test.com,2025-06-30,inactive
1849,user_1849,user_1849@test.com,2025-07-31,active
1850,user_1850,user_1850@test.com,2025-06-03,inactive
1851,user_1851,user_1851@test.com,2025-09-14,active
1852,user_1852,user_1852@test.com,2025-04-27,active
1853,user_1853,user_1853@test.com,2025-04-20,inactive
1854,user_1854,user_1854@test.com,2025-07-11,active
1855,user_1855,user_1855@test.com,2025-12-29,active
1856,user_1856,user_1856@test.com,2026-02-24,active
1857,user_1857,user_1857@test.com,2025-08-22,active
1858,user_1858,user_1858@test.com,2026-03-29,active
1859,user_1859,user_1859@test.com,2025-07-23,active
1860,user_1860,user_1860@test.com,2025-05-31,active
1861,user_1861,user_1861@test.com,2026-01-02,inactive
1862,user_1862,user_1862@test.com,2025-11-21,inactive
1863,user_1863,user_1863@test.com,2026-03-16,inactive
1864,user_1864,user_1864@test.com,2025-09-08,active
1865,user_1865,user_1865@test.com,2025-10-20,active
1866,user_1866,user_1866@test.com,2025-05-30,active
1867,user_1867,user_1867@test.com,2026-02-06,active
1868,user_1868,user_1868@test.com,2025-05-13,active
1869,user_1869,user_1869@test.com,2025-08-28,active
1870,user_1870,user_1870@test.com,2025-11-03,active
1871,user_1871,user_1871@test.com,2025-09-01,active
1872,user_1872,user_1872@test.com,2025-06-01,active
1873,user_1873,user_1873@test.com,2025-11-29,active
1874,user_1874,user_1874@test.com,2026-02-03,active
1875,user_1875,user_1875@test.com,2026-02-09,active
1876,user_1876,user_1876@test.com,2025-07-24,active
1877,user_1877,user_1877@test.com,2025-11-06,inactive
1878,user_1878,user_1878@test.com,2025-05-16,inactive
1879,user_1879,user_1879@test.com,2026-02-09,active
1880,user_1880,user_1880@test.com,2026-03-28,active
1881,user_1881,user_1881@test.com,2026-03-04,active
1882,user_1882,user_1882@test.com,2025-04-18,active
1883,user_1883,user_1883@test.com,2025-10-21,active
1884,user_1884,user_1884@test.com,2025-08-16,active
1885,user_1885,user_1885@test.com,2026-03-27,active
1886,user_1886,user_1886@test.com,2025-12-22,inactive
1887,user_1887,user_1887@test.com,2025-05-05,inactive
1888,user_1888,user_1888@test.com,2025-08-12,active
1889,user_1889,user_1889@test.com,2025-08-31,active
1890,user_1890,user_1890@test.com,2026-02-21,active
1891,user_1891,user_1891@test.com,2025-05-28,inactive
1892,user_1892,user_1892@test.com,2025-11-19,active
1893,user_1893,user_1893@test.com,2025-05-01,active
1894,user_1894,user_1894@test.com,2025-08-14,active
1895,user_1895,user_1895@test.com,2026-03-21,active
1896,user_1896,user_1896@test.com,2025-05-19,active
1897,user_1897,user_1897@test.com,2026-02-26,inactive
1898,user_1898,user_1898@test.com,2025-05-03,active
1899,user_1899,user_1899@test.com,2025-09-05,active
1900,user_1900,user_1900@test.com,2025-10-11,active
1901,user_1901,user_1901@test.com,2025-04-12,active
1902,user_1902,user_1902@test.com,2026-01-01,active
1903,user_1903,user_1903@test.com,2025-05-30,active
1904,user_1904,user_1904@test.com,2025-05-18,active
1905,user_1905,user_1905@test.com,2025-10-05,active
1906,user_1906,user_1906@test.com,2025-10-04,active
1907,user_1907,user_1907@test.com,2025-12-02,active
1908,user_1908,user_1908@test.com,2025-04-20,active
1909,user_1909,user_1909@test.com,2025-08-26,inactive
1910,user_1910,user_1910@test.com,2026-03-25,active
1911,user_1911,user_1911@test.com,2025-10-11,active
1912,user_1912,user_1912@test.com,2025-10-06,active
1913,user_1913,user_1913@test.com,2026-03-09,active
1914,user_1914,user_1914@test.com,2025-04-25,inactive
1915,user_1915,user_1915@test.com,2025-10-10,active
1916,user_1916,user_1916@test.com,2026-01-02,active
1917,user_1917,user_1917@test.com,2025-08-26,active
1918,user_1918,user_1918@test.com,2025-11-06,inactive
1919,user_1919,user_1919@test.com,2025-06-27,active
1920,user_1920,user_1920@test.com,2026-01-15,active
1921,user_1921,user_1921@test.com,2026-01-16,active
1922,user_1922,user_1922@test.com,2026-01-07,active
1923,user_1923,user_1923@test.com,2026-02-25,active
1924,user_1924,user_1924@test.com,2025-06-03,active
1925,user_1925,user_1925@test.com,2026-03-25,inactive
1926,user_1926,user_1926@test.com,2025-08-06,active
1927,user_1927,user_1927@test.com,2025-11-20,active
1928,user_1928,user_1928@test.com,2025-09-25,active
1929,user_1929,user_1929@test.com,2025-05-23,active
1930,user_1930,user_1930@test.com,2025-08-09,active
1931,user_1931,user_1931@test.com,2025-06-07,active
1932,user_1932,user_1932@test.com,2025-12-14,active
1933,user_1933,user_1933@test.com,2025-06-26,active
1934,user_1934,user_1934@test.com,2025-06-06,active
1935,user_1935,user_1935@test.com,2025-06-28,active
1936,user_1936,user_1936@test.com,2025-09-08,active
1937,user_1937,user_1937@test.com,2025-09-07,active
1938,user_1938,user_1938@test.com,2025-08-01,inactive
1939,user_1939,user_1939@test.com,2025-12-04,active
1940,user_1940,user_1940@test.com,2025-06-26,active
1941,user_1941,user_1941@test.com,2026-02-20,active
1942,user_1942,user_1942@test.com,2026-01-12,active
1943,user_1943,user_1943@test.com,2025-11-22,active
1944,user_1944,user_1944@test.com,2026-01-28,active
1945,user_1945,user_1945@test.com,2025-12-24,active
1946,user_1946,user_1946@test.com,2025-05-22,active
1947,user_1947,user_1947@test.com,2025-11-16,active
1948,user_1948,user_1948@test.com,2025-04-14,active
1949,user_1949,user_1949@test.com,2026-01-10,active
1950,user_1950,user_1950@test.com,2025-06-01,inactive
1951,user_1951,user_1951@test.com,2025-11-17,active
1952,user_1952,user_1952@test.com,2025-09-06,active
1953,user_1953,user_1953@test.com,2026-02-24,active
1954,user_1954,user_1954@test.com,2025-12-20,active
1955,user_1955,user_1955@test.com,2025-10-06,active
1956,user_1956,user_1956@test.com,2025-12-11,active
1957,user_1957,user_1957@test.com,2025-06-29,active
1958,user_1958,user_1958@test.com,2025-11-12,active
1959,user_1959,user_1959@test.com,2026-01-31,active
1960,user_1960,user_1960@test.com,2025-09-27,inactive
1961,user_1961,user_1961@test.com,2025-10-23,active
1962,user_1962,user_1962@test.com,2025-07-26,active
1963,user_1963,user_1963@test.com,2025-08-29,active
1964,user_1964,user_1964@test.com,2025-04-29,active
1965,user_1965,user_1965@test.com,2025-05-17,inactive
1966,user_1966,user_1966@test.com,2025-10-20,active
1967,user_1967,user_1967@test.com,2025-05-15,active
1968,user_1968,user_1968@test.com,2025-11-30,active
1969,user_1969,user_1969@test.com,2025-11-03,active
1970,user_1970,user_1970@test.com,2025-05-06,active
1971,user_1971,user_1971@test.com,2025-09-14,active
1972,user_1972,user_1972@test.com,2025-05-08,active
1973,user_1973,user_1973@test.com,2025-12-02,active
1974,user_1974,user_1974@test.com,2025-10-16,active
1975,user_1975,user_1975@test.com,2025-09-19,inactive
1976,user_1976,user_1976@test.com,2025-06-18,inactive
1977,user_1977,user_1977@test.com,2025-12-27,active
1978,user_1978,user_1978@test.com,2025-07-09,inactive
1979,user_1979,user_1979@test.com,2026-01-23,active
1980,user_1980,user_1980@test.com,2025-10-19,active
1981,user_1981,user_1981@test.com,2025-05-07,active
1982,user_1982,user_1982@test.com,2025-11-02,active
1983,user_1983,user_1983@test.com,2025-09-22,inactive
1984,user_1984,user_1984@test.com,2025-09-12,active
1985,user_1985,user_1985@test.com,2026-01-06,active
1986,user_1986,user_1986@test.com,2025-06-12,inactive
1987,user_1987,user_1987@test.com,2026-01-12,inactive
1988,user_1988,user_1988@test.com,2025-09-27,inactive
1989,user_1989,user_1989@test.com,2025-06-18,active
1990,user_1990,user_1990@test.com,2026-01-06,active
1991,user_1991,user_1991@test.com,2025-09-14,active
1992,user_1992,user_1992@test.com,2025-06-12,active
1993,user_1993,user_1993@test.com,2026-01-16,active
1994,user_1994,user_1994@test.com,2025-06-28,inactive
1995,user_1995,user_1995@test.com,2025-05-11,inactive
1996,user_1996,user_1996@test.com,2025-09-03,active
1997,user_1997,user_1997@test.com,2025-11-17,inactive
1998,user_1998,user_1998@test.com,2025-04-27,active
1999,user_1999,user_1999@test.com,2026-01-05,inactive
2000,user_2000,user_2000@test.com,2026-01-15,active
2001,user_2001,user_2001@test.com,2025-08-11,active
2002,user_2002,user_2002@test.com,2025-10-22,active
2003,user_2003,user_2003@test.com,2025-08-19,active
2004,user_2004,user_2004@test.com,2025-04-15,active
2005,user_2005,user_2005@test.com,2026-01-17,active
2006,user_2006,user_2006@test.com,2025-10-07,active
2007,user_2007,user_2007@test.com,2025-12-27,active
2008,user_2008,user_2008@test.com,2025-05-06,active
2009,user_2009,user_2009@test.com,2025-05-29,inactive
2010,user_2010,user_2010@test.com,2026-02-08,active
2011,user_2011,user_2011@test.com,2025-09-17,inactive
2012,user_2012,user_2012@test.com,2026-02-11,active
2013,user_2013,user_2013@test.com,2025-11-13,active
2014,user_2014,user_2014@test.com,2025-04-04,active
2015,user_2015,user_2015@test.com,2026-03-05,active
2016,user_2016,user_2016@test.com,2025-10-19,active
2017,user_2017,user_2017@test.com,2026-02-21,active
2018,user_2018,user_2018@test.com,2025-11-18,active
2019,user_2019,user_2019@test.com,2025-09-07,active
2020,user_2020,user_2020@test.com,2025-11-13,inactive
2021,user_2021,user_2021@test.com,2026-01-25,inactive
2022,user_2022,user_2022@test.com,2026-03-08,active
2023,user_2023,user_2023@test.com,2025-11-05,active
2024,user_2024,user_2024@test.com,2025-12-27,active
2025,user_2025,user_2025@test.com,2026-01-29,active
2026,user_2026,user_2026@test.com,2025-04-21,inactive
2027,user_2027,user_2027@test.com,2025-05-29,active
2028,user_2028,user_2028@test.com,2026-02-11,active
2029,user_2029,user_2029@test.com,2025-05-28,inactive
2030,user_2030,user_2030@test.com,2025-06-01,inactive
2031,user_2031,user_2031@test.com,2025-11-30,active
2032,user_2032,user_2032@test.com,2025-06-15,active
2033,user_2033,user_2033@test.com,2025-08-17,active
2034,user_2034,user_2034@test.com,2025-08-31,inactive
2035,user_2035,user_2035@test.com,2025-05-03,active
2036,user_2036,user_2036@test.com,2026-03-15,active
2037,user_2037,user_2037@test.com,2025-05-31,active
2038,user_2038,user_2038@test.com,2026-03-11,active
2039,user_2039,user_2039@test.com,2025-04-04,active
2040,user_2040,user_2040@test.com,2026-02-21,inactive
2041,user_2041,user_2041@test.com,2026-01-30,active
2042,user_2042,user_2042@test.com,2025-08-15,active
2043,user_2043,user_2043@test.com,2025-04-18,inactive
2044,user_2044,user_2044@test.com,2025-10-31,active
2045,user_2045,user_2045@test.com,2025-12-07,active
2046,user_2046,user_2046@test.com,2026-01-03,inactive
2047,user_2047,user_2047@test.com,2025-12-07,inactive
2048,user_2048,user_2048@test.com,2026-03-27,active
2049,user_2049,user_2049@test.com,2025-07-04,active
2050,user_2050,user_2050@test.com,2025-10-22,inactive
2051,user_2051,user_2051@test.com,2025-08-14,active
2052,user_2052,user_2052@test.com,2026-01-19,active
2053,user_2053,user_2053@test.com,2025-08-23,active
2054,user_2054,user_2054@test.com,2025-09-22,active
2055,user_2055,user_2055@test.com,2025-12-13,active
2056,user_2056,user_2056@test.com,2026-02-19,active
2057,user_2057,user_2057@test.com,2025-11-25,active
2058,user_2058,user_2058@test.com,2025-08-05,active
2059,user_2059,user_2059@test.com,2025-06-17,inactive
2060,user_2060,user_2060@test.com,2025-04-04,active
2061,user_2061,user_2061@test.com,2026-03-09,inactive
2062,user_2062,user_2062@test.com,2026-03-06,inactive
2063,user_2063,user_2063@test.com,2026-03-09,active
2064,user_2064,user_2064@test.com,2025-05-01,active
2065,user_2065,user_2065@test.com,2025-07-29,active
2066,user_2066,user_2066@test.com,2025-05-10,active
2067,user_2067,user_2067@test.com,2025-11-18,active
2068,user_2068,user_2068@test.com,2025-11-15,active
2069,user_2069,user_2069@test.com,2026-01-30,active
2070,user_2070,user_2070@test.com,2025-09-22,active
2071,user_2071,user_2071@test.com,2025-09-10,inactive
2072,user_2072,user_2072@test.com,2025-06-13,inactive
2073,user_2073,user_2073@test.com,2025-11-12,inactive
2074,user_2074,user_2074@test.com,2025-12-02,active
2075,user_2075,user_2075@test.com,2026-01-17,inactive
2076,user_2076,user_2076@test.com,2025-07-07,active
2077,user_2077,user_2077@test.com,2025-11-02,active
2078,user_2078,user_2078@test.com,2025-04-07,inactive
2079,user_2079,user_2079@test.com,2025-10-17,active
2080,user_2080,user_2080@test.com,2026-03-14,active
2081,user_2081,user_2081@test.com,2025-11-18,active
2082,user_2082,user_2082@test.com,2026-03-22,inactive
2083,user_2083,user_2083@test.com,2025-10-01,inactive
2084,user_2084,user_2084@test.com,2026-03-15,active
2085,user_2085,user_2085@test.com,2025-08-04,active
2086,user_2086,user_2086@test.com,2025-10-15,active
2087,user_2087,user_2087@test.com,2025-10-14,active
2088,user_2088,user_2088@test.com,2025-04-13,active
2089,user_2089,user_2089@test.com,2026-02-28,active
2090,user_2090,user_2090@test.com,2025-09-17,active
2091,user_2091,user_2091@test.com,2026-01-11,active
2092,user_2092,user_2092@test.com,2025-08-22,active
2093,user_2093,user_2093@test.com,2025-09-02,active
2094,user_2094,user_2094@test.com,2025-05-06,active
2095,user_2095,user_2095@test.com,2025-11-27,active
2096,user_2096,user_2096@test.com,2025-08-14,inactive
2097,user_2097,user_2097@test.com,2025-10-22,active
2098,user_2098,user_2098@test.com,2026-02-02,inactive
2099,user_2099,user_2099@test.com,2026-01-20,active
2100,user_2100,user_2100@test.com,2026-02-20,active
2101,user_2101,user_2101@test.com,2025-08-11,active
2102,user_2102,user_2102@test.com,2025-10-08,active
2103,user_2103,user_2103@test.com,2025-04-29,active
2104,user_2104,user_2104@test.com,2026-03-13,active
2105,user_2105,user_2105@test.com,2026-02-10,inactive
2106,user_2106,user_2106@test.com,2025-07-11,active
2107,user_2107,user_2107@test.com,2025-07-20,active
2108,user_2108,user_2108@test.com,2026-02-28,active
2109,user_2109,user_2109@test.com,2025-09-07,active
2110,user_2110,user_2110@test.com,2025-05-29,active
2111,user_2111,user_2111@test.com,2025-11-11,active
2112,user_2112,user_2112@test.com,2026-03-07,active
2113,user_2113,user_2113@test.com,2026-01-25,active
2114,user_2114,user_2114@test.com,2026-01-15,active
2115,user_2115,user_2115@test.com,2025-09-12,inactive
2116,user_2116,user_2116@test.com,2025-06-09,active
2117,user_2117,user_2117@test.com,2026-03-24,active
2118,user_2118,user_2118@test.com,2025-07-26,active
2119,user_2119,user_2119@test.com,2026-01-15,active
2120,user_2120,user_2120@test.com,2025-06-15,active
2121,user_2121,user_2121@test.com,2026-03-12,active
2122,user_2122,user_2122@test.com,2025-09-11,active
2123,user_2123,user_2123@test.com,2025-05-15,active
2124,user_2124,user_2124@test.com,2025-06-28,inactive
2125,user_2125,user_2125@test.com,2025-04-03,active
2126,user_2126,user_2126@test.com,2026-03-14,active
2127,user_2127,user_2127@test.com,2026-02-09,inactive
2128,user_2128,user_2128@test.com,2025-11-01,inactive
2129,user_2129,user_2129@test.com,2025-11-16,active
2130,user_2130,user_2130@test.com,2026-03-03,active
2131,user_2131,user_2131@test.com,2025-11-07,active
2132,user_2132,user_2132@test.com,2026-01-08,inactive
2133,user_2133,user_2133@test.com,2025-10-15,active
2134,user_2134,user_2134@test.com,2025-08-06,active
2135,user_2135,user_2135@test.com,2026-02-08,active
2136,user_2136,user_2136@test.com,2025-08-09,active
2137,user_2137,user_2137@test.com,2026-02-13,active
2138,user_2138,user_2138@test.com,2025-04-19,inactive
2139,user_2139,user_2139@test.com,2025-09-23,active
2140,user_2140,user_2140@test.com,2025-04-09,inactive
2141,user_2141,user_2141@test.com,2025-07-13,active
2142,user_2142,user_2142@test.com,2026-02-12,inactive
2143,user_2143,user_2143@test.com,2025-11-03,active
2144,user_2144,user_2144@test.com,2025-11-23,active
2145,user_2145,user_2145@test.com,2025-08-12,active
2146,user_2146,user_2146@test.com,2025-10-24,active
2147,user_2147,user_2147@test.com,2025-05-10,inactive
2148,user_2148,user_2148@test.com,2025-10-16,active
2149,user_2149,user_2149@test.com,2025-10-28,inactive
2150,user_2150,user_2150@test.com,2025-09-10,active
2151,user_2151,user_2151@test.com,2026-02-04,active
2152,user_2152,user_2152@test.com,2025-07-19,active
2153,user_2153,user_2153@test.com,2025-05-28,active
2154,user_2154,user_2154@test.com,2026-02-07,active
2155,user_2155,user_2155@test.com,2025-12-20,inactive
2156,user_2156,user_2156@test.com,2026-02-25,active
2157,user_2157,user_2157@test.com,2026-02-08,active
2158,user_2158,user_2158@test.com,2025-11-28,active
2159,user_2159,user_2159@test.com,2025-11-29,active
2160,user_2160,user_2160@test.com,2025-04-04,active
2161,user_2161,user_2161@test.com,2025-04-10,active
2162,user_2162,user_2162@test.com,2026-03-09,active
2163,user_2163,user_2163@test.com,2025-12-25,active
2164,user_2164,user_2164@test.com,2025-05-12,active
2165,user_2165,user_2165@test.com,2026-02-14,active
2166,user_2166,user_2166@test.com,2025-10-08,active
2167,user_2167,user_2167@test.com,2025-12-31,active
2168,user_2168,user_2168@test.com,2025-04-17,inactive
2169,user_2169,user_2169@test.com,2026-03-14,active
2170,user_2170,user_2170@test.com,2026-02-06,active
2171,user_2171,user_2171@test.com,2025-03-30,inactive
2172,user_2172,user_2172@test.com,2025-08-14,active
2173,user_2173,user_2173@test.com,2025-11-01,active
2174,user_2174,user_2174@test.com,2025-04-07,active
2175,user_2175,user_2175@test.com,2025-10-04,active
2176,user_2176,user_2176@test.com,2025-07-04,active
2177,user_2177,user_2177@test.com,2026-02-11,active
2178,user_2178,user_2178@test.com,2025-08-11,inactive
2179,user_2179,user_2179@test.com,2025-12-13,active
2180,user_2180,user_2180@test.com,2025-12-10,active
2181,user_2181,user_2181@test.com,2025-07-22,inactive
2182,user_2182,user_2182@test.com,2025-10-26,active
2183,user_2183,user_2183@test.com,2025-10-27,inactive
2184,user_2184,user_2184@test.com,2026-02-10,active
2185,user_2185,user_2185@test.com,2025-07-26,active
2186,user_2186,user_2186@test.com,2025-07-10,active
2187,user_2187,user_2187@test.com,2025-07-29,active
2188,user_2188,user_2188@test.com,2025-07-26,active
2189,user_2189,user_2189@test.com,2025-05-18,active
2190,user_2190,user_2190@test.com,2025-05-21,active
2191,user_2191,user_2191@test.com,2025-09-07,active
2192,user_2192,user_2192@test.com,2025-09-22,active
2193,user_2193,user_2193@test.com,2025-09-16,inactive
2194,user_2194,user_2194@test.com,2026-02-13,active
2195,user_2195,user_2195@test.com,2025-09-19,inactive
2196,user_2196,user_2196@test.com,2025-05-17,active
2197,user_2197,user_2197@test.com,2026-02-12,active
2198,user_2198,user_2198@test.com,2025-05-25,inactive
2199,user_2199,user_2199@test.com,2025-09-12,active
2200,user_2200,user_2200@test.com,2025-05-10,active
2201,user_2201,user_2201@test.com,2025-06-06,active
2202,user_2202,user_2202@test.com,2025-12-19,active
2203,user_2203,user_2203@test.com,2025-04-01,active
2204,user_2204,user_2204@test.com,2025-05-14,active
2205,user_2205,user_2205@test.com,2025-03-31,active
2206,user_2206,user_2206@test.com,2025-11-23,active
2207,user_2207,user_2207@test.com,2026-03-14,active
2208,user_2208,user_2208@test.com,2025-08-23,active
2209,user_2209,user_2209@test.com,2025-10-06,active
2210,user_2210,user_2210@test.com,2025-04-06,active
2211,user_2211,user_2211@test.com,2026-02-01,active
2212,user_2212,user_2212@test.com,2025-10-04,active
2213,user_2213,user_2213@test.com,2025-11-02,active
2214,user_2214,user_2214@test.com,2025-12-14,active
2215,user_2215,user_2215@test.com,2025-12-13,active
2216,user_2216,user_2216@test.com,2025-09-29,active
2217,user_2217,user_2217@test.com,2025-09-10,active
2218,user_2218,user_2218@test.com,2025-05-18,active
2219,user_2219,user_2219@test.com,2025-07-10,active
2220,user_2220,user_2220@test.com,2026-02-28,active
2221,user_2221,user_2221@test.com,2025-06-04,active
2222,user_2222,user_2222@test.com,2025-04-14,inactive
2223,user_2223,user_2223@test.com,2026-03-06,active
2224,user_2224,user_2224@test.com,2025-05-04,inactive
2225,user_2225,user_2225@test.com,2025-08-30,active
2226,user_2226,user_2226@test.com,2025-08-26,active
2227,user_2227,user_2227@test.com,2026-01-09,active
2228,user_2228,user_2228@test.com,2025-06-25,active
2229,user_2229,user_2229@test.com,2025-08-05,active
2230,user_2230,user_2230@test.com,2025-12-11,active
2231,user_2231,user_2231@test.com,2025-09-18,active
2232,user_2232,user_2232@test.com,2025-04-22,active
2233,user_2233,user_2233@test.com,2025-10-08,active
2234,user_2234,user_2234@test.com,2025-04-04,active
2235,user_2235,user_2235@test.com,2025-10-03,active
2236,user_2236,user_2236@test.com,2025-12-04,inactive
2237,user_2237,user_2237@test.com,2026-01-22,active
2238,user_2238,user_2238@test.com,2025-05-25,active
2239,user_2239,user_2239@test.com,2025-05-19,active
2240,user_2240,user_2240@test.com,2026-01-06,inactive
2241,user_2241,user_2241@test.com,2025-10-08,active
2242,user_2242,user_2242@test.com,2025-11-21,inactive
2243,user_2243,user_2243@test.com,2025-10-10,active
2244,user_2244,user_2244@test.com,2025-04-09,active
2245,user_2245,user_2245@test.com,2025-06-15,active
2246,user_2246,user_2246@test.com,2025-06-01,active
2247,user_2247,user_2247@test.com,2025-09-06,active
2248,user_2248,user_2248@test.com,2025-04-20,active
2249,user_2249,user_2249@test.com,2025-12-29,active
2250,user_2250,user_2250@test.com,2025-11-06,inactive
2251,user_2251,user_2251@test.com,2026-01-03,active
2252,user_2252,user_2252@test.com,2025-07-06,active
2253,user_2253,user_2253@test.com,2025-10-10,active
2254,user_2254,user_2254@test.com,2025-09-21,active
2255,user_2255,user_2255@test.com,2025-08-16,active
2256,user_2256,user_2256@test.com,2025-09-03,active
2257,user_2257,user_2257@test.com,2025-04-07,active
2258,user_2258,user_2258@test.com,2026-01-21,inactive
2259,user_2259,user_2259@test.com,2026-02-12,active
2260,user_2260,user_2260@test.com,2025-10-26,active
2261,user_2261,user_2261@test.com,2026-03-08,inactive
2262,user_2262,user_2262@test.com,2025-05-21,active
2263,user_2263,user_2263@test.com,2025-06-25,active
2264,user_2264,user_2264@test.com,2025-11-28,active
2265,user_2265,user_2265@test.com,2026-01-19,active
2266,user_2266,user_2266@test.com,2026-03-26,inactive
2267,user_2267,user_2267@test.com,2026-01-19,inactive
2268,user_2268,user_2268@test.com,2026-01-02,active
2269,user_2269,user_2269@test.com,2025-05-09,active
2270,user_2270,user_2270@test.com,2025-12-20,active
2271,user_2271,user_2271@test.com,2025-11-18,active
2272,user_2272,user_2272@test.com,2025-12-05,active
2273,user_2273,user_2273@test.com,2026-03-29,active
2274,user_2274,user_2274@test.com,2025-04-11,inactive
2275,user_2275,user_2275@test.com,2026-02-06,active
2276,user_2276,user_2276@test.com,2026-02-22,active
2277,user_2277,user_2277@test.com,2025-12-30,active
2278,user_2278,user_2278@test.com,2026-03-16,inactive
2279,user_2279,user_2279@test.com,2026-01-23,active
2280,user_2280,user_2280@test.com,2026-01-21,active
2281,user_2281,user_2281@test.com,2025-07-20,inactive
2282,user_2282,user_2282@test.com,2025-11-23,active
2283,user_2283,user_2283@test.com,2025-06-08,active
2284,user_2284,user_2284@test.com,2025-06-17,active
2285,user_2285,user_2285@test.com,2025-05-29,inactive
2286,user_2286,user_2286@test.com,2025-11-05,active
2287,user_2287,user_2287@test.com,2026-03-26,inactive
2288,user_2288,user_2288@test.com,2025-06-23,active
2289,user_2289,user_2289@test.com,2025-06-28,active
2290,user_2290,user_2290@test.com,2026-03-22,active
2291,user_2291,user_2291@test.com,2025-07-24,active
2292,user_2292,user_2292@test.com,2025-11-24,inactive
2293,user_2293,user_2293@test.com,2026-01-26,inactive
2294,user_2294,user_2294@test.com,2026-01-04,active
2295,user_2295,user_2295@test.com,2025-11-13,active
2296,user_2296,user_2296@test.com,2025-11-02,active
2297,user_2297,user_2297@test.com,2026-03-11,active
2298,user_2298,user_2298@test.com,2025-12-04,active
2299,user_2299,user_2299@test.com,2025-10-19,active
2300,user_2300,user_2300@test.com,2025-06-24,active
2301,user_2301,user_2301@test.com,2025-06-17,active
2302,user_2302,user_2302@test.com,2025-09-11,inactive
2303,user_2303,user_2303@test.com,2025-06-17,active
2304,user_2304,user_2304@test.com,2026-02-05,active
2305,user_2305,user_2305@test.com,2026-02-19,active
2306,user_2306,user_2306@test.com,2025-11-09,active
2307,user_2307,user_2307@test.com,2025-09-17,active
2308,user_2308,user_2308@test.com,2025-09-21,inactive
2309,user_2309,user_2309@test.com,2025-08-25,inactive
2310,user_2310,user_2310@test.com,2025-09-24,active
2311,user_2311,user_2311@test.com,2025-09-04,active
2312,user_2312,user_2312@test.com,2025-12-08,active
2313,user_2313,user_2313@test.com,2025-12-03,inactive
2314,user_2314,user_2314@test.com,2025-07-16,inactive
2315,user_2315,user_2315@test.com,2026-01-13,active
2316,user_2316,user_2316@test.com,2025-04-24,active
2317,user_2317,user_2317@test.com,2025-06-18,inactive
2318,user_2318,user_2318@test.com,2025-08-08,active
2319,user_2319,user_2319@test.com,2025-10-27,active
2320,user_2320,user_2320@test.com,2025-04-21,inactive
2321,user_2321,user_2321@test.com,2026-03-29,active
2322,user_2322,user_2322@test.com,2025-07-06,active
2323,user_2323,user_2323@test.com,2025-04-19,active
2324,user_2324,user_2324@test.com,2025-07-10,inactive
2325,user_2325,user_2325@test.com,2025-09-11,inactive
2326,user_2326,user_2326@test.com,2025-11-08,active
2327,user_2327,user_2327@test.com,2025-09-06,active
2328,user_2328,user_2328@test.com,2025-12-31,active
2329,user_2329,user_2329@test.com,2025-10-19,inactive
2330,user_2330,user_2330@test.com,2026-02-21,active
2331,user_2331,user_2331@test.com,2025-11-12,active
2332,user_2332,user_2332@test.com,2025-05-01,active
2333,user_2333,user_2333@test.com,2025-04-30,active
2334,user_2334,user_2334@test.com,2025-09-12,active
2335,user_2335,user_2335@test.com,2026-03-08,active
2336,user_2336,user_2336@test.com,2026-02-23,active
2337,user_2337,user_2337@test.com,2025-06-17,inactive
2338,user_2338,user_2338@test.com,2025-12-11,active
2339,user_2339,user_2339@test.com,2026-03-17,active
2340,user_2340,user_2340@test.com,2025-11-18,active
2341,user_2341,user_2341@test.com,2025-12-12,active
2342,user_2342,user_2342@test.com,2025-07-08,inactive
2343,user_2343,user_2343@test.com,2025-08-12,active
2344,user_2344,user_2344@test.com,2025-04-09,inactive
2345,user_2345,user_2345@test.com,2025-07-12,active
2346,user_2346,user_2346@test.com,2026-02-11,active
2347,user_2347,user_2347@test.com,2026-03-28,active
2348,user_2348,user_2348@test.com,2025-06-30,inactive
2349,user_2349,user_2349@test.com,2025-05-05,active
2350,user_2350,user_2350@test.com,2025-06-13,active
2351,user_2351,user_2351@test.com,2025-12-21,active
2352,user_2352,user_2352@test.com,2025-05-16,active
2353,user_2353,user_2353@test.com,2025-05-03,inactive
2354,user_2354,user_2354@test.com,2025-11-04,active
2355,user_2355,user_2355@test.com,2025-06-29,active
2356,user_2356,user_2356@test.com,2025-08-23,inactive
2357,user_2357,user_2357@test.com,2025-10-04,active
2358,user_2358,user_2358@test.com,2025-08-13,inactive
2359,user_2359,user_2359@test.com,2026-02-03,active
2360,user_2360,user_2360@test.com,2026-02-07,inactive
2361,user_2361,user_2361@test.com,2026-02-08,active
2362,user_2362,user_2362@test.com,2025-05-27,inactive
2363,user_2363,user_2363@test.com,2025-08-18,inactive
2364,user_2364,user_2364@test.com,2025-07-28,inactive
2365,user_2365,user_2365@test.com,2025-04-14,active
2366,user_2366,user_2366@test.com,2025-05-14,active
2367,user_2367,user_2367@test.com,2025-06-23,inactive
2368,user_2368,user_2368@test.com,2025-07-26,active
2369,user_2369,user_2369@test.com,2025-11-04,inactive
2370,user_2370,user_2370@test.com,2026-02-06,active
2371,user_2371,user_2371@test.com,2025-10-12,active
2372,user_2372,user_2372@test.com,2025-05-27,active
2373,user_2373,user_2373@test.com,2026-01-25,active
2374,user_2374,user_2374@test.com,2026-03-14,active
2375,user_2375,user_2375@test.com,2026-01-07,active
2376,user_2376,user_2376@test.com,2025-04-16,active
2377,user_2377,user_2377@test.com,2026-01-20,active
2378,user_2378,user_2378@test.com,2025-11-24,active
2379,user_2379,user_2379@test.com,2025-10-08,active
2380,user_2380,user_2380@test.com,2025-07-25,active
2381,user_2381,user_2381@test.com,2025-12-14,active
2382,user_2382,user_2382@test.com,2025-10-13,active
2383,user_2383,user_2383@test.com,2025-10-22,active
2384,user_2384,user_2384@test.com,2025-08-02,active
2385,user_2385,user_2385@test.com,2026-01-15,active
2386,user_2386,user_2386@test.com,2025-06-20,inactive
2387,user_2387,user_2387@test.com,2025-08-30,active
2388,user_2388,user_2388@test.com,2025-10-06,active
2389,user_2389,user_2389@test.com,2025-09-15,active
2390,user_2390,user_2390@test.com,2025-09-30,inactive
2391,user_2391,user_2391@test.com,2025-09-22,active
2392,user_2392,user_2392@test.com,2026-03-22,active
2393,user_2393,user_2393@test.com,2025-03-31,active
2394,user_2394,user_2394@test.com,2025-08-15,inactive
2395,user_2395,user_2395@test.com,2025-09-11,active
2396,user_2396,user_2396@test.com,2025-12-07,active
2397,user_2397,user_2397@test.com,2025-05-11,active
2398,user_2398,user_2398@test.com,2025-04-24,active
2399,user_2399,user_2399@test.com,2026-02-26,active
2400,user_2400,user_2400@test.com,2025-08-19,active
2401,user_2401,user_2401@test.com,2025-07-14,active
2402,user_2402,user_2402@test.com,2025-04-01,active
2403,user_2403,user_2403@test.com,2025-12-20,active
2404,user_2404,user_2404@test.com,2025-11-17,inactive
2405,user_2405,user_2405@test.com,2025-08-20,active
2406,user_2406,user_2406@test.com,2025-12-14,active
2407,user_2407,user_2407@test.com,2025-08-06,active
2408,user_2408,user_2408@test.com,2026-03-04,active
2409,user_2409,user_2409@test.com,2025-07-25,active
2410,user_2410,user_2410@test.com,2025-07-06,inactive
2411,user_2411,user_2411@test.com,2025-12-16,active
2412,user_2412,user_2412@test.com,2026-03-24,active
2413,user_2413,user_2413@test.com,2026-03-25,active
2414,user_2414,user_2414@test.com,2025-05-03,active
2415,user_2415,user_2415@test.com,2025-04-12,active
2416,user_2416,user_2416@test.com,2025-11-05,inactive
2417,user_2417,user_2417@test.com,2025-10-07,active
2418,user_2418,user_2418@test.com,2025-07-03,active
2419,user_2419,user_2419@test.com,2025-11-18,inactive
2420,user_2420,user_2420@test.com,2025-10-24,active
2421,user_2421,user_2421@test.com,2025-12-03,active
2422,user_2422,user_2422@test.com,2025-07-16,active
2423,user_2423,user_2423@test.com,2025-11-28,active
2424,user_2424,user_2424@test.com,2025-10-09,inactive
2425,user_2425,user_2425@test.com,2026-02-03,active
2426,user_2426,user_2426@test.com,2025-07-16,active
2427,user_2427,user_2427@test.com,2025-05-30,active
2428,user_2428,user_2428@test.com,2025-07-30,active
2429,user_2429,user_2429@test.com,2026-01-04,active
2430,user_2430,user_2430@test.com,2026-01-30,active
2431,user_2431,user_2431@test.com,2026-02-01,active
2432,user_2432,user_2432@test.com,2025-11-21,active
2433,user_2433,user_2433@test.com,2025-08-14,active
2434,user_2434,user_2434@test.com,2025-09-04,active
2435,user_2435,user_2435@test.com,2025-12-02,active
2436,user_2436,user_2436@test.com,2025-12-14,active
2437,user_2437,user_2437@test.com,2025-07-08,inactive
2438,user_2438,user_2438@test.com,2025-04-01,active
2439,user_2439,user_2439@test.com,2025-06-08,active
2440,user_2440,user_2440@test.com,2025-10-11,active
2441,user_2441,user_2441@test.com,2025-07-15,active
2442,user_2442,user_2442@test.com,2025-11-09,active
2443,user_2443,user_2443@test.com,2025-07-03,active
2444,user_2444,user_2444@test.com,2025-06-01,active
2445,user_2445,user_2445@test.com,2025-09-07,active
2446,user_2446,user_2446@test.com,2025-10-13,inactive
2447,user_2447,user_2447@test.com,2025-09-19,active
2448,user_2448,user_2448@test.com,2025-05-06,active
2449,user_2449,user_2449@test.com,2025-07-28,active
2450,user_2450,user_2450@test.com,2026-02-11,active
2451,user_2451,user_2451@test.com,2025-11-13,active
2452,user_2452,user_2452@test.com,2025-05-05,active
2453,user_2453,user_2453@test.com,2025-06-19,inactive
2454,user_2454,user_2454@test.com,2026-03-10,active
2455,user_2455,user_2455@test.com,2025-06-25,active
2456,user_2456,user_2456@test.com,2025-11-05,active
2457,user_2457,user_2457@test.com,2025-04-13,active
2458,user_2458,user_2458@test.com,2025-07-09,inactive
2459,user_2459,user_2459@test.com,2025-09-21,active
2460,user_2460,user_2460@test.com,2025-09-28,active
2461,user_2461,user_2461@test.com,2025-06-29,inactive
2462,user_2462,user_2462@test.com,2025-08-07,active
2463,user_2463,user_2463@test.com,2025-10-05,active
2464,user_2464,user_2464@test.com,2025-10-11,active
2465,user_2465,user_2465@test.com,2025-08-12,active
2466,user_2466,user_2466@test.com,2025-09-24,active
2467,user_2467,user_2467@test.com,2025-06-21,inactive
2468,user_2468,user_2468@test.com,2025-03-31,active
2469,user_2469,user_2469@test.com,2025-07-11,active
2470,user_2470,user_2470@test.com,2025-08-29,active
2471,user_2471,user_2471@test.com,2026-02-18,inactive
2472,user_2472,user_2472@test.com,2025-07-31,active
2473,user_2473,user_2473@test.com,2026-02-20,active
2474,user_2474,user_2474@test.com,2025-06-10,active
2475,user_2475,user_2475@test.com,2025-07-06,inactive
2476,user_2476,user_2476@test.com,2025-07-30,active
2477,user_2477,user_2477@test.com,2025-08-26,active
2478,user_2478,user_2478@test.com,2026-02-07,active
2479,user_2479,user_2479@test.com,2025-07-09,active
2480,user_2480,user_2480@test.com,2025-10-20,active
2481,user_2481,user_2481@test.com,2025-09-01,active
2482,user_2482,user_2482@test.com,2025-04-17,inactive
2483,user_2483,user_2483@test.com,2025-08-18,active
2484,user_2484,user_2484@test.com,2025-04-16,active
2485,user_2485,user_2485@test.com,2026-01-04,active
2486,user_2486,user_2486@test.com,2026-03-26,active
2487,user_2487,user_2487@test.com,2025-11-25,active
2488,user_2488,user_2488@test.com,2025-12-31,inactive
2489,user_2489,user_2489@test.com,2025-06-27,active
2490,user_2490,user_2490@test.com,2025-09-24,inactive
2491,user_2491,user_2491@test.com,2025-11-13,active
2492,user_2492,user_2492@test.com,2026-01-06,active
2493,user_2493,user_2493@test.com,2026-03-02,active
2494,user_2494,user_2494@test.com,2025-04-17,active
2495,user_2495,user_2495@test.com,2025-12-01,active
2496,user_2496,user_2496@test.com,2026-02-15,inactive
2497,user_2497,user_2497@test.com,2025-07-05,active
2498,user_2498,user_2498@test.com,2025-07-12,inactive
2499,user_2499,user_2499@test.com,2025-09-27,active
2500,user_2500,user_2500@test.com,2025-08-26,active
2501,user_2501,user_2501@test.com,2025-12-10,active
2502,user_2502,user_2502@test.com,2025-08-17,active
2503,user_2503,user_2503@test.com,2025-05-28,inactive
2504,user_2504,user_2504@test.com,2025-11-03,active
2505,user_2505,user_2505@test.com,2025-08-20,active
2506,user_2506,user_2506@test.com,2026-02-20,active
2507,user_2507,user_2507@test.com,2026-02-07,active
2508,user_2508,user_2508@test.com,2025-10-24,inactive
2509,user_2509,user_2509@test.com,2025-10-12,active
2510,user_2510,user_2510@test.com,2025-10-11,active
2511,user_2511,user_2511@test.com,2025-07-14,active
2512,user_2512,user_2512@test.com,2025-10-24,active
2513,user_2513,user_2513@test.com,2025-06-18,active
2514,user_2514,user_2514@test.com,2025-09-09,active
2515,user_2515,user_2515@test.com,2026-03-02,inactive
2516,user_2516,user_2516@test.com,2026-03-04,active
2517,user_2517,user_2517@test.com,2025-09-14,active
2518,user_2518,user_2518@test.com,2025-11-05,active
2519,user_2519,user_2519@test.com,2025-10-15,active
2520,user_2520,user_2520@test.com,2026-03-09,active
2521,user_2521,user_2521@test.com,2025-08-03,active
2522,user_2522,user_2522@test.com,2025-12-07,active
2523,user_2523,user_2523@test.com,2026-02-06,active
2524,user_2524,user_2524@test.com,2026-03-20,active
2525,user_2525,user_2525@test.com,2025-08-25,active
2526,user_2526,user_2526@test.com,2026-03-13,active
2527,user_2527,user_2527@test.com,2025-05-10,active
2528,user_2528,user_2528@test.com,2025-07-16,inactive
2529,user_2529,user_2529@test.com,2026-02-09,active
2530,user_2530,user_2530@test.com,2025-12-19,active
2531,user_2531,user_2531@test.com,2025-05-24,active
2532,user_2532,user_2532@test.com,2025-04-28,inactive
2533,user_2533,user_2533@test.com,2025-10-23,active
2534,user_2534,user_2534@test.com,2025-08-21,active
2535,user_2535,user_2535@test.com,2025-07-24,active
2536,user_2536,user_2536@test.com,2026-01-19,active
2537,user_2537,user_2537@test.com,2025-06-23,active
2538,user_2538,user_2538@test.com,2025-12-13,active
2539,user_2539,user_2539@test.com,2025-06-28,active
2540,user_2540,user_2540@test.com,2026-01-09,active
2541,user_2541,user_2541@test.com,2025-06-30,active
2542,user_2542,user_2542@test.com,2025-05-14,inactive
2543,user_2543,user_2543@test.com,2025-07-21,active
2544,user_2544,user_2544@test.com,2026-03-26,active
2545,user_2545,user_2545@test.com,2025-11-14,inactive
2546,user_2546,user_2546@test.com,2025-07-28,inactive
2547,user_2547,user_2547@test.com,2025-07-18,active
2548,user_2548,user_2548@test.com,2025-11-16,active
2549,user_2549,user_2549@test.com,2026-02-21,inactive
2550,user_2550,user_2550@test.com,2026-02-20,active
2551,user_2551,user_2551@test.com,2025-05-05,active
2552,user_2552,user_2552@test.com,2025-12-26,active
2553,user_2553,user_2553@test.com,2025-07-27,active
2554,user_2554,user_2554@test.com,2025-04-01,active
2555,user_2555,user_2555@test.com,2025-08-20,active
2556,user_2556,user_2556@test.com,2025-11-13,inactive
2557,user_2557,user_2557@test.com,2025-06-07,active
2558,user_2558,user_2558@test.com,2025-06-15,active
2559,user_2559,user_2559@test.com,2025-05-03,active
2560,user_2560,user_2560@test.com,2026-01-06,active
2561,user_2561,user_2561@test.com,2025-11-09,active
2562,user_2562,user_2562@test.com,2025-09-09,active
2563,user_2563,user_2563@test.com,2025-12-09,inactive
2564,user_2564,user_2564@test.com,2025-06-22,active
2565,user_2565,user_2565@test.com,2025-07-17,active
2566,user_2566,user_2566@test.com,2025-05-26,active
2567,user_2567,user_2567@test.com,2025-07-04,active
2568,user_2568,user_2568@test.com,2026-03-02,active
2569,user_2569,user_2569@test.com,2025-04-01,inactive
2570,user_2570,user_2570@test.com,2026-01-19,active
2571,user_2571,user_2571@test.com,2025-08-03,inactive
2572,user_2572,user_2572@test.com,2025-06-12,active
2573,user_2573,user_2573@test.com,2026-03-22,active
2574,user_2574,user_2574@test.com,2025-11-12,inactive
2575,user_2575,user_2575@test.com,2025-12-14,active
2576,user_2576,user_2576@test.com,2025-10-13,active
2577,user_2577,user_2577@test.com,2025-09-14,active
2578,user_2578,user_2578@test.com,2025-11-05,active
2579,user_2579,user_2579@test.com,2025-05-06,active
2580,user_2580,user_2580@test.com,2025-08-09,active
2581,user_2581,user_2581@test.com,2025-04-06,active
2582,user_2582,user_2582@test.com,2025-06-15,active
2583,user_2583,user_2583@test.com,2025-05-04,inactive
2584,user_2584,user_2584@test.com,2025-11-16,active
2585,user_2585,user_2585@test.com,2025-07-10,active
2586,user_2586,user_2586@test.com,2025-07-29,active
2587,user_2587,user_2587@test.com,2025-04-05,active
2588,user_2588,user_2588@test.com,2026-01-10,active
2589,user_2589,user_2589@test.com,2026-03-10,active
2590,user_2590,user_2590@test.com,2026-01-03,inactive
2591,user_2591,user_2591@test.com,2025-08-10,active
2592,user_2592,user_2592@test.com,2025-08-27,active
2593,user_2593,user_2593@test.com,2026-01-16,active
2594,user_2594,user_2594@test.com,2026-03-25,active
2595,user_2595,user_2595@test.com,2025-05-25,active
2596,user_2596,user_2596@test.com,2026-03-02,active
2597,user_2597,user_2597@test.com,2026-01-22,active
2598,user_2598,user_2598@test.com,2026-02-27,active
2599,user_2599,user_2599@test.com,2025-05-29,inactive
2600,user_2600,user_2600@test.com,2025-05-20,active
2601,user_2601,user_2601@test.com,2025-05-13,active
2602,user_2602,user_2602@test.com,2025-10-19,active
2603,user_2603,user_2603@test.com,2026-03-18,active
2604,user_2604,user_2604@test.com,2025-08-20,active
2605,user_2605,user_2605@test.com,2025-06-09,active
2606,user_2606,user_2606@test.com,2025-04-04,active
2607,user_2607,user_2607@test.com,2025-11-23,active
2608,user_2608,user_2608@test.com,2025-11-03,active
2609,user_2609,user_2609@test.com,2025-09-04,active
2610,user_2610,user_2610@test.com,2025-11-28,active
2611,user_2611,user_2611@test.com,2025-06-11,active
2612,user_2612,user_2612@test.com,2026-03-02,active
2613,user_2613,user_2613@test.com,2026-02-18,active
2614,user_2614,user_2614@test.com,2025-12-26,active
2615,user_2615,user_2615@test.com,2026-02-27,inactive
2616,user_2616,user_2616@test.com,2025-06-07,inactive
2617,user_2617,user_2617@test.com,2025-06-26,active
2618,user_2618,user_2618@test.com,2025-06-29,active
2619,user_2619,user_2619@test.com,2025-12-18,active
2620,user_2620,user_2620@test.com,2026-01-25,inactive
2621,user_2621,user_2621@test.com,2025-06-22,active
2622,user_2622,user_2622@test.com,2025-06-12,active
2623,user_2623,user_2623@test.com,2026-03-26,inactive
2624,user_2624,user_2624@test.com,2025-06-16,active
2625,user_2625,user_2625@test.com,2025-08-27,active
2626,user_2626,user_2626@test.com,2025-08-24,active
2627,user_2627,user_2627@test.com,2025-05-27,active
2628,user_2628,user_2628@test.com,2025-10-29,inactive
2629,user_2629,user_2629@test.com,2025-11-02,active
2630,user_2630,user_2630@test.com,2025-11-05,active
2631,user_2631,user_2631@test.com,2025-10-13,active
2632,user_2632,user_2632@test.com,2026-02-21,active
2633,user_2633,user_2633@test.com,2026-03-09,active
2634,user_2634,user_2634@test.com,2025-05-25,active
2635,user_2635,user_2635@test.com,2025-06-29,active
2636,user_2636,user_2636@test.com,2025-10-31,active
2637,user_2637,user_2637@test.com,2025-04-30,active
2638,user_2638,user_2638@test.com,2025-05-31,active
2639,user_2639,user_2639@test.com,2025-04-21,active
2640,user_2640,user_2640@test.com,2025-11-28,active
2641,user_2641,user_2641@test.com,2025-10-06,active
2642,user_2642,user_2642@test.com,2025-07-19,active
2643,user_2643,user_2643@test.com,2025-05-02,active
2644,user_2644,user_2644@test.com,2025-05-24,inactive
2645,user_2645,user_2645@test.com,2026-02-11,active
2646,user_2646,user_2646@test.com,2025-06-25,active
2647,user_2647,user_2647@test.com,2025-10-22,active
2648,user_2648,user_2648@test.com,2026-01-17,active
2649,user_2649,user_2649@test.com,2025-09-24,active
2650,user_2650,user_2650@test.com,2025-08-01,active
2651,user_2651,user_2651@test.com,2025-09-12,active
2652,user_2652,user_2652@test.com,2025-12-05,active
2653,user_2653,user_2653@test.com,2026-01-17,active
2654,user_2654,user_2654@test.com,2025-10-17,active
2655,user_2655,user_2655@test.com,2026-02-22,active
2656,user_2656,user_2656@test.com,2026-03-23,active
2657,user_2657,user_2657@test.com,2026-01-23,active
2658,user_2658,user_2658@test.com,2025-12-16,active
2659,user_2659,user_2659@test.com,2026-03-07,active
2660,user_2660,user_2660@test.com,2026-02-26,active
2661,user_2661,user_2661@test.com,2025-08-05,inactive
2662,user_2662,user_2662@test.com,2026-02-17,active
2663,user_2663,user_2663@test.com,2025-10-25,active
2664,user_2664,user_2664@test.com,2025-06-18,active
2665,user_2665,user_2665@test.com,2025-08-02,active
2666,user_2666,user_2666@test.com,2025-05-16,active
2667,user_2667,user_2667@test.com,2025-12-08,active
2668,user_2668,user_2668@test.com,2025-11-28,inactive
2669,user_2669,user_2669@test.com,2025-05-02,active
2670,user_2670,user_2670@test.com,2025-12-18,active
2671,user_2671,user_2671@test.com,2025-06-23,active
2672,user_2672,user_2672@test.com,2026-02-17,active
2673,user_2673,user_2673@test.com,2026-03-27,active
2674,user_2674,user_2674@test.com,2025-11-19,active
2675,user_2675,user_2675@test.com,2025-11-04,active
2676,user_2676,user_2676@test.com,2025-11-23,active
2677,user_2677,user_2677@test.com,2026-03-20,active
2678,user_2678,user_2678@test.com,2025-06-07,active
2679,user_2679,user_2679@test.com,2025-11-21,active
2680,user_2680,user_2680@test.com,2026-03-11,active
2681,user_2681,user_2681@test.com,2025-06-04,inactive
2682,user_2682,user_2682@test.com,2025-06-02,inactive
2683,user_2683,user_2683@test.com,2026-01-29,active
2684,user_2684,user_2684@test.com,2025-08-03,active
2685,user_2685,user_2685@test.com,2026-03-01,inactive
2686,user_2686,user_2686@test.com,2026-03-20,inactive
2687,user_2687,user_2687@test.com,2025-12-23,active
2688,user_2688,user_2688@test.com,2025-05-11,inactive
2689,user_2689,user_2689@test.com,2025-05-11,active
2690,user_2690,user_2690@test.com,2025-06-24,active
2691,user_2691,user_2691@test.com,2025-06-13,active
2692,user_2692,user_2692@test.com,2025-07-01,active
2693,user_2693,user_2693@test.com,2026-03-08,active
2694,user_2694,user_2694@test.com,2026-02-27,inactive
2695,user_2695,user_2695@test.com,2025-04-01,active
2696,user_2696,user_2696@test.com,2025-07-15,active
2697,user_2697,user_2697@test.com,2025-10-17,active
2698,user_2698,user_2698@test.com,2026-02-10,inactive
2699,user_2699,user_2699@test.com,2025-10-30,active
2700,user_2700,user_2700@test.com,2025-11-08,inactive
2701,user_2701,user_2701@test.com,2025-10-17,active
2702,user_2702,user_2702@test.com,2026-02-12,active
2703,user_2703,user_2703@test.com,2025-12-20,active
2704,user_2704,user_2704@test.com,2025-07-24,active
2705,user_2705,user_2705@test.com,2025-08-09,active
2706,user_2706,user_2706@test.com,2026-01-10,active
2707,user_2707,user_2707@test.com,2025-09-03,active
2708,user_2708,user_2708@test.com,2025-10-27,active
2709,user_2709,user_2709@test.com,2025-06-27,active
2710,user_2710,user_2710@test.com,2026-01-12,active
2711,user_2711,user_2711@test.com,2025-09-22,active
2712,user_2712,user_2712@test.com,2025-12-04,inactive
2713,user_2713,user_2713@test.com,2026-02-20,active
2714,user_2714,user_2714@test.com,2025-06-20,active
2715,user_2715,user_2715@test.com,2025-05-27,active
2716,user_2716,user_2716@test.com,2025-06-11,active
2717,user_2717,user_2717@test.com,2026-03-29,inactive
2718,user_2718,user_2718@test.com,2025-11-10,active
2719,user_2719,user_2719@test.com,2025-08-24,inactive
2720,user_2720,user_2720@test.com,2025-11-27,inactive
2721,user_2721,user_2721@test.com,2025-08-26,active
2722,user_2722,user_2722@test.com,2025-09-12,active
2723,user_2723,user_2723@test.com,2025-04-23,active
2724,user_2724,user_2724@test.com,2026-02-16,active
2725,user_2725,user_2725@test.com,2025-10-16,inactive
2726,user_2726,user_2726@test.com,2026-01-08,inactive
2727,user_2727,user_2727@test.com,2025-04-25,active
2728,user_2728,user_2728@test.com,2025-08-22,active
2729,user_2729,user_2729@test.com,2026-03-17,inactive
2730,user_2730,user_2730@test.com,2025-12-08,inactive
2731,user_2731,user_2731@test.com,2025-06-12,active
2732,user_2732,user_2732@test.com,2025-09-11,inactive
2733,user_2733,user_2733@test.com,2025-05-14,active
2734,user_2734,user_2734@test.com,2025-11-13,active
2735,user_2735,user_2735@test.com,2025-05-12,active
2736,user_2736,user_2736@test.com,2025-07-08,active
2737,user_2737,user_2737@test.com,2025-05-09,active
2738,user_2738,user_2738@test.com,2025-10-08,active
2739,user_2739,user_2739@test.com,2025-09-30,active
2740,user_2740,user_2740@test.com,2025-07-15,active
2741,user_2741,user_2741@test.com,2026-01-05,inactive
2742,user_2742,user_2742@test.com,2025-09-25,active
2743,user_2743,user_2743@test.com,2026-02-24,inactive
2744,user_2744,user_2744@test.com,2025-12-06,active
2745,user_2745,user_2745@test.com,2026-01-22,active
2746,user_2746,user_2746@test.com,2025-04-28,active
2747,user_2747,user_2747@test.com,2025-06-22,active
2748,user_2748,user_2748@test.com,2025-11-21,active
2749,user_2749,user_2749@test.com,2026-03-19,active
2750,user_2750,user_2750@test.com,2025-04-16,active
2751,user_2751,user_2751@test.com,2025-09-26,active
2752,user_2752,user_2752@test.com,2025-06-09,active
2753,user_2753,user_2753@test.com,2025-06-25,active
2754,user_2754,user_2754@test.com,2025-12-13,active
2755,user_2755,user_2755@test.com,2025-08-07,active
2756,user_2756,user_2756@test.com,2025-08-13,inactive
2757,user_2757,user_2757@test.com,2026-01-27,inactive
2758,user_2758,user_2758@test.com,2025-05-16,active
2759,user_2759,user_2759@test.com,2025-12-10,active
2760,user_2760,user_2760@test.com,2025-10-26,active
2761,user_2761,user_2761@test.com,2026-03-13,active
2762,user_2762,user_2762@test.com,2026-02-20,active
2763,user_2763,user_2763@test.com,2025-08-25,active
2764,user_2764,user_2764@test.com,2026-03-03,active
2765,user_2765,user_2765@test.com,2025-08-27,active
2766,user_2766,user_2766@test.com,2025-05-25,active
2767,user_2767,user_2767@test.com,2025-12-01,active
2768,user_2768,user_2768@test.com,2025-05-06,active
2769,user_2769,user_2769@test.com,2026-01-10,inactive
2770,user_2770,user_2770@test.com,2025-05-27,active
2771,user_2771,user_2771@test.com,2025-12-05,active
2772,user_2772,user_2772@test.com,2026-03-27,active
2773,user_2773,user_2773@test.com,2025-09-09,active
2774,user_2774,user_2774@test.com,2025-08-21,active
2775,user_2775,user_2775@test.com,2025-10-21,active
2776,user_2776,user_2776@test.com,2025-06-07,active
2777,user_2777,user_2777@test.com,2025-04-18,active
2778,user_2778,user_2778@test.com,2026-02-07,active
2779,user_2779,user_2779@test.com,2025-09-20,active
2780,user_2780,user_2780@test.com,2026-01-12,active
2781,user_2781,user_2781@test.com,2026-01-26,active
2782,user_2782,user_2782@test.com,2025-12-13,active
2783,user_2783,user_2783@test.com,2025-06-30,active
2784,user_2784,user_2784@test.com,2025-06-20,active
2785,user_2785,user_2785@test.com,2025-05-02,active
2786,user_2786,user_2786@test.com,2025-08-28,active
2787,user_2787,user_2787@test.com,2025-09-14,inactive
2788,user_2788,user_2788@test.com,2026-02-03,inactive
2789,user_2789,user_2789@test.com,2025-08-30,active
2790,user_2790,user_2790@test.com,2025-05-18,inactive
2791,user_2791,user_2791@test.com,2026-01-06,active
2792,user_2792,user_2792@test.com,2025-04-13,active
2793,user_2793,user_2793@test.com,2025-11-25,inactive
2794,user_2794,user_2794@test.com,2025-05-28,active
2795,user_2795,user_2795@test.com,2026-01-01,active
2796,user_2796,user_2796@test.com,2026-02-02,active
2797,user_2797,user_2797@test.com,2025-12-16,active
2798,user_2798,user_2798@test.com,2025-06-19,active
2799,user_2799,user_2799@test.com,2025-05-08,active
2800,user_2800,user_2800@test.com,2026-03-07,active
2801,user_2801,user_2801@test.com,2025-04-01,inactive
2802,user_2802,user_2802@test.com,2025-08-15,active
2803,user_2803,user_2803@test.com,2025-11-12,active
2804,user_2804,user_2804@test.com,2025-11-18,active
2805,user_2805,user_2805@test.com,2025-10-22,inactive
2806,user_2806,user_2806@test.com,2026-03-28,active
2807,user_2807,user_2807@test.com,2025-04-09,active
2808,user_2808,user_2808@test.com,2025-10-08,active
2809,user_2809,user_2809@test.com,2025-11-17,active
2810,user_2810,user_2810@test.com,2025-04-24,inactive
2811,user_2811,user_2811@test.com,2025-06-05,inactive
2812,user_2812,user_2812@test.com,2025-07-14,inactive
2813,user_2813,user_2813@test.com,2025-11-22,active
2814,user_2814,user_2814@test.com,2025-10-19,active
2815,user_2815,user_2815@test.com,2025-10-13,active
2816,user_2816,user_2816@test.com,2026-02-03,active
2817,user_2817,user_2817@test.com,2025-10-11,active
2818,user_2818,user_2818@test.com,2025-03-31,active
2819,user_2819,user_2819@test.com,2025-11-14,active
2820,user_2820,user_2820@test.com,2026-03-18,active
2821,user_2821,user_2821@test.com,2026-01-17,active
2822,user_2822,user_2822@test.com,2025-10-20,active
2823,user_2823,user_2823@test.com,2025-10-01,active
2824,user_2824,user_2824@test.com,2025-07-18,active
2825,user_2825,user_2825@test.com,2025-08-02,active
2826,user_2826,user_2826@test.com,2025-06-21,active
2827,user_2827,user_2827@test.com,2025-09-26,inactive
2828,user_2828,user_2828@test.com,2025-09-27,active
2829,user_2829,user_2829@test.com,2025-12-07,active
2830,user_2830,user_2830@test.com,2025-12-13,active
2831,user_2831,user_2831@test.com,2025-04-01,inactive
2832,user_2832,user_2832@test.com,2025-05-27,inactive
2833,user_2833,user_2833@test.com,2025-07-10,active
2834,user_2834,user_2834@test.com,2026-01-06,active
2835,user_2835,user_2835@test.com,2025-05-23,active
2836,user_2836,user_2836@test.com,2025-10-21,active
2837,user_2837,user_2837@test.com,2025-04-21,active
2838,user_2838,user_2838@test.com,2025-08-12,active
2839,user_2839,user_2839@test.com,2026-03-15,active
2840,user_2840,user_2840@test.com,2025-04-07,active
2841,user_2841,user_2841@test.com,2025-06-17,inactive
2842,user_2842,user_2842@test.com,2025-07-07,active
2843,user_2843,user_2843@test.com,2025-11-05,active
2844,user_2844,user_2844@test.com,2025-08-14,active
2845,user_2845,user_2845@test.com,2025-09-09,active
2846,user_2846,user_2846@test.com,2025-09-26,active
2847,user_2847,user_2847@test.com,2025-07-18,active
2848,user_2848,user_2848@test.com,2025-12-25,active
2849,user_2849,user_2849@test.com,2025-09-05,active
2850,user_2850,user_2850@test.com,2025-07-11,active
2851,user_2851,user_2851@test.com,2025-06-27,active
2852,user_2852,user_2852@test.com,2025-06-23,active
2853,user_2853,user_2853@test.com,2026-02-26,inactive
2854,user_2854,user_2854@test.com,2025-04-29,active
2855,user_2855,user_2855@test.com,2026-02-18,inactive
2856,user_2856,user_2856@test.com,2025-03-30,active
2857,user_2857,user_2857@test.com,2026-02-12,inactive
2858,user_2858,user_2858@test.com,2025-12-06,active
2859,user_2859,user_2859@test.com,2025-06-28,active
2860,user_2860,user_2860@test.com,2026-02-05,active
2861,user_2861,user_2861@test.com,2026-02-11,inactive
2862,user_2862,user_2862@test.com,2025-07-20,inactive
2863,user_2863,user_2863@test.com,2025-07-02,inactive
2864,user_2864,user_2864@test.com,2025-06-08,active
2865,user_2865,user_2865@test.com,2025-09-28,active
2866,user_2866,user_2866@test.com,2025-12-23,active
2867,user_2867,user_2867@test.com,2025-09-29,active
2868,user_2868,user_2868@test.com,2025-06-12,inactive
2869,user_2869,user_2869@test.com,2025-09-20,active
2870,user_2870,user_2870@test.com,2026-01-12,active
2871,user_2871,user_2871@test.com,2025-11-20,active
2872,user_2872,user_2872@test.com,2025-07-15,inactive
2873,user_2873,user_2873@test.com,2025-11-03,active
2874,user_2874,user_2874@test.com,2025-09-15,active
2875,user_2875,user_2875@test.com,2025-09-24,inactive
2876,user_2876,user_2876@test.com,2025-07-13,active
2877,user_2877,user_2877@test.com,2025-12-12,inactive
2878,user_2878,user_2878@test.com,2025-08-26,active
2879,user_2879,user_2879@test.com,2025-10-03,inactive
2880,user_2880,user_2880@test.com,2025-05-23,active
2881,user_2881,user_2881@test.com,2025-09-12,active
2882,user_2882,user_2882@test.com,2025-11-23,active
2883,user_2883,user_2883@test.com,2026-02-20,inactive
2884,user_2884,user_2884@test.com,2026-03-07,active
2885,user_2885,user_2885@test.com,2025-07-14,active
2886,user_2886,user_2886@test.com,2025-09-06,inactive
2887,user_2887,user_2887@test.com,2026-01-04,active
2888,user_2888,user_2888@test.com,2025-10-20,active
2889,user_2889,user_2889@test.com,2026-01-03,active
2890,user_2890,user_2890@test.com,2026-03-02,active
2891,user_2891,user_2891@test.com,2025-07-03,active
2892,user_2892,user_2892@test.com,2025-09-23,active
2893,user_2893,user_2893@test.com,2026-03-26,active
2894,user_2894,user_2894@test.com,2026-02-19,inactive
2895,user_2895,user_2895@test.com,2025-09-03,active
2896,user_2896,user_2896@test.com,2025-07-28,active
2897,user_2897,user_2897@test.com,2025-06-10,active
2898,user_2898,user_2898@test.com,2025-10-13,active
2899,user_2899,user_2899@test.com,2025-05-26,active
2900,user_2900,user_2900@test.com,2025-05-13,active
2901,user_2901,user_2901@test.com,2026-01-18,active
2902,user_2902,user_2902@test.com,2025-08-26,inactive
2903,user_2903,user_2903@test.com,2025-11-10,active
2904,user_2904,user_2904@test.com,2025-11-25,active
2905,user_2905,user_2905@test.com,2026-01-24,active
2906,user_2906,user_2906@test.com,2025-11-07,active
2907,user_2907,user_2907@test.com,2025-12-13,inactive
2908,user_2908,user_2908@test.com,2026-01-31,inactive
2909,user_2909,user_2909@test.com,2025-06-25,inactive
2910,user_2910,user_2910@test.com,2025-06-22,inactive
2911,user_2911,user_2911@test.com,2026-03-26,inactive
2912,user_2912,user_2912@test.com,2026-01-21,active
2913,user_2913,user_2913@test.com,2025-04-30,inactive
2914,user_2914,user_2914@test.com,2025-08-18,active
2915,user_2915,user_2915@test.com,2025-09-12,active
2916,user_2916,user_2916@test.com,2026-02-09,active
2917,user_2917,user_2917@test.com,2025-06-15,active
2918,user_2918,user_2918@test.com,2025-09-27,active
2919,user_2919,user_2919@test.com,2025-06-06,active
2920,user_2920,user_2920@test.com,2026-01-01,active
2921,user_2921,user_2921@test.com,2025-08-15,active
2922,user_2922,user_2922@test.com,2025-08-04,active
2923,user_2923,user_2923@test.com,2025-07-07,active
2924,user_2924,user_2924@test.com,2025-05-08,active
2925,user_2925,user_2925@test.com,2025-04-23,active
2926,user_2926,user_2926@test.com,2026-01-03,active
2927,user_2927,user_2927@test.com,2025-06-12,active
2928,user_2928,user_2928@test.com,2025-12-23,active
2929,user_2929,user_2929@test.com,2026-03-29,active
2930,user_2930,user_2930@test.com,2025-12-29,active
2931,user_2931,user_2931@test.com,2025-05-14,inactive
2932,user_2932,user_2932@test.com,2025-04-07,active
2933,user_2933,user_2933@test.com,2025-06-30,active
2934,user_2934,user_2934@test.com,2025-10-30,active
2935,user_2935,user_2935@test.com,2026-02-04,active
2936,user_2936,user_2936@test.com,2025-11-02,inactive
2937,user_2937,user_2937@test.com,2025-05-31,active
2938,user_2938,user_2938@test.com,2025-11-19,active
2939,user_2939,user_2939@test.com,2025-09-06,inactive
2940,user_2940,user_2940@test.com,2025-08-31,inactive
2941,user_2941,user_2941@test.com,2025-10-08,active
2942,user_2942,user_2942@test.com,2025-09-15,active
2943,user_2943,user_2943@test.com,2025-12-18,inactive
2944,user_2944,user_2944@test.com,2025-10-13,active
2945,user_2945,user_2945@test.com,2025-04-06,active
2946,user_2946,user_2946@test.com,2025-10-22,inactive
2947,user_2947,user_2947@test.com,2025-09-10,active
2948,user_2948,user_2948@test.com,2026-01-06,inactive
2949,user_2949,user_2949@test.com,2025-12-18,active
2950,user_2950,user_2950@test.com,2026-03-22,active
2951,user_2951,user_2951@test.com,2025-06-18,inactive
2952,user_2952,user_2952@test.com,2026-03-02,active
2953,user_2953,user_2953@test.com,2025-11-17,inactive
2954,user_2954,user_2954@test.com,2025-05-25,active
2955,user_2955,user_2955@test.com,2025-05-29,active
2956,user_2956,user_2956@test.com,2025-07-04,inactive
2957,user_2957,user_2957@test.com,2025-09-11,active
2958,user_2958,user_2958@test.com,2025-04-06,active
2959,user_2959,user_2959@test.com,2025-11-10,active
2960,user_2960,user_2960@test.com,2025-07-09,active
2961,user_2961,user_2961@test.com,2025-06-08,active
2962,user_2962,user_2962@test.com,2025-09-13,active
2963,user_2963,user_2963@test.com,2026-01-11,active
2964,user_2964,user_2964@test.com,2025-08-17,inactive
2965,user_2965,user_2965@test.com,2025-04-02,active
2966,user_2966,user_2966@test.com,2025-10-08,active
2967,user_2967,user_2967@test.com,2026-02-24,inactive
2968,user_2968,user_2968@test.com,2026-01-21,active
2969,user_2969,user_2969@test.com,2025-12-04,inactive
2970,user_2970,user_2970@test.com,2025-06-17,active
2971,user_2971,user_2971@test.com,2025-05-26,inactive
2972,user_2972,user_2972@test.com,2025-11-04,active
2973,user_2973,user_2973@test.com,2025-06-10,active
2974,user_2974,user_2974@test.com,2025-05-13,active
2975,user_2975,user_2975@test.com,2025-10-27,active
2976,user_2976,user_2976@test.com,2025-06-24,inactive
2977,user_2977,user_2977@test.com,2025-09-03,inactive
2978,user_2978,user_2978@test.com,2025-12-03,active
2979,user_2979,user_2979@test.com,2025-04-30,active
2980,user_2980,user_2980@test.com,2026-02-25,active
2981,user_2981,user_2981@test.com,2025-10-23,inactive
2982,user_2982,user_2982@test.com,2026-03-27,active
2983,user_2983,user_2983@test.com,2026-01-11,inactive
2984,user_2984,user_2984@test.com,2026-02-20,active
2985,user_2985,user_2985@test.com,2025-04-13,active
2986,user_2986,user_2986@test.com,2025-06-07,inactive
2987,user_2987,user_2987@test.com,2026-03-07,active
2988,user_2988,user_2988@test.com,2025-08-09,inactive
2989,user_2989,user_2989@test.com,2026-03-05,inactive
2990,user_2990,user_2990@test.com,2025-08-07,inactive
2991,user_2991,user_2991@test.com,2025-07-31,active
2992,user_2992,user_2992@test.com,2025-12-16,active
2993,user_2993,user_2993@test.com,2025-05-24,active
2994,user_2994,user_2994@test.com,2025-11-17,active
2995,user_2995,user_2995@test.com,2025-08-30,active
2996,user_2996,user_2996@test.com,2025-11-01,active
2997,user_2997,user_2997@test.com,2025-11-30,active
2998,user_2998,user_2998@test.com,2026-03-11,active
2999,user_2999,user_2999@test.com,2025-08-20,inactive
3000,user_3000,user_3000@test.com,2026-01-12,active
3001,user_3001,user_3001@test.com,2025-05-15,active
3002,user_3002,user_3002@test.com,2025-07-03,active
3003,user_3003,user_3003@test.com,2025-06-19,active
3004,user_3004,user_3004@test.com,2026-02-09,active
3005,user_3005,user_3005@test.com,2026-03-01,active
3006,user_3006,user_3006@test.com,2025-12-28,active
3007,user_3007,user_3007@test.com,2025-12-06,active
3008,user_3008,user_3008@test.com,2025-07-25,active
3009,user_3009,user_3009@test.com,2025-09-17,inactive
3010,user_3010,user_3010@test.com,2025-06-28,active
3011,user_3011,user_3011@test.com,2025-10-21,inactive
3012,user_3012,user_3012@test.com,2025-07-18,active
3013,user_3013,user_3013@test.com,2026-02-21,active
3014,user_3014,user_3014@test.com,2025-04-13,active
3015,user_3015,user_3015@test.com,2025-09-08,active
3016,user_3016,user_3016@test.com,2025-12-27,active
3017,user_3017,user_3017@test.com,2026-01-18,inactive
3018,user_3018,user_3018@test.com,2025-04-18,active
3019,user_3019,user_3019@test.com,2026-03-11,active
3020,user_3020,user_3020@test.com,2025-05-27,active
3021,user_3021,user_3021@test.com,2025-05-28,active
3022,user_3022,user_3022@test.com,2025-11-25,active
3023,user_3023,user_3023@test.com,2026-02-10,active
3024,user_3024,user_3024@test.com,2025-09-06,active
3025,user_3025,user_3025@test.com,2025-11-03,inactive
3026,user_3026,user_3026@test.com,2025-09-18,active
3027,user_3027,user_3027@test.com,2025-05-05,active
3028,user_3028,user_3028@test.com,2025-06-14,inactive
3029,user_3029,user_3029@test.com,2026-02-20,inactive
3030,user_3030,user_3030@test.com,2025-05-01,active
3031,user_3031,user_3031@test.com,2025-06-06,active
3032,user_3032,user_3032@test.com,2025-05-23,active
3033,user_3033,user_3033@test.com,2025-07-09,active
3034,user_3034,user_3034@test.com,2025-10-22,active
3035,user_3035,user_3035@test.com,2025-09-18,active
3036,user_3036,user_3036@test.com,2025-06-23,inactive
3037,user_3037,user_3037@test.com,2025-10-09,active
3038,user_3038,user_3038@test.com,2026-02-15,inactive
3039,user_3039,user_3039@test.com,2025-03-31,inactive
3040,user_3040,user_3040@test.com,2025-05-10,inactive
3041,user_3041,user_3041@test.com,2025-05-26,active
3042,user_3042,user_3042@test.com,2025-12-31,active
3043,user_3043,user_3043@test.com,2025-10-16,active
3044,user_3044,user_3044@test.com,2025-10-07,inactive
3045,user_3045,user_3045@test.com,2025-12-07,active
3046,user_3046,user_3046@test.com,2025-04-07,active
3047,user_3047,user_3047@test.com,2025-06-22,active
3048,user_3048,user_3048@test.com,2025-05-01,active
3049,user_3049,user_3049@test.com,2025-09-28,inactive
3050,user_3050,user_3050@test.com,2025-07-14,active
3051,user_3051,user_3051@test.com,2025-09-13,active
3052,user_3052,user_3052@test.com,2025-10-05,active
3053,user_3053,user_3053@test.com,2025-11-08,active
3054,user_3054,user_3054@test.com,2026-01-24,active
3055,user_3055,user_3055@test.com,2025-10-25,active
3056,user_3056,user_3056@test.com,2025-05-30,active
3057,user_3057,user_3057@test.com,2026-01-04,inactive
3058,user_3058,user_3058@test.com,2025-11-20,active
3059,user_3059,user_3059@test.com,2025-11-21,active
3060,user_3060,user_3060@test.com,2025-09-06,active
3061,user_3061,user_3061@test.com,2025-05-23,inactive
3062,user_3062,user_3062@test.com,2025-04-21,inactive
3063,user_3063,user_3063@test.com,2026-03-20,inactive
3064,user_3064,user_3064@test.com,2026-02-08,active
3065,user_3065,user_3065@test.com,2026-02-14,active
3066,user_3066,user_3066@test.com,2025-07-07,inactive
3067,user_3067,user_3067@test.com,2025-04-10,active
3068,user_3068,user_3068@test.com,2026-01-26,inactive
3069,user_3069,user_3069@test.com,2025-06-13,active
3070,user_3070,user_3070@test.com,2025-12-18,active
3071,user_3071,user_3071@test.com,2025-04-10,active
3072,user_3072,user_3072@test.com,2025-09-12,active
3073,user_3073,user_3073@test.com,2025-12-30,inactive
3074,user_3074,user_3074@test.com,2025-07-10,active
3075,user_3075,user_3075@test.com,2025-09-10,active
3076,user_3076,user_3076@test.com,2025-09-05,inactive
3077,user_3077,user_3077@test.com,2025-05-18,active
3078,user_3078,user_3078@test.com,2025-08-07,inactive
3079,user_3079,user_3079@test.com,2025-08-31,active
3080,user_3080,user_3080@test.com,2025-09-21,active
3081,user_3081,user_3081@test.com,2025-12-24,active
3082,user_3082,user_3082@test.com,2025-05-13,active
3083,user_3083,user_3083@test.com,2025-06-26,inactive
3084,user_3084,user_3084@test.com,2025-11-24,active
3085,user_3085,user_3085@test.com,2026-03-08,active
3086,user_3086,user_3086@test.com,2025-07-11,inactive
3087,user_3087,user_3087@test.com,2025-12-15,active
3088,user_3088,user_3088@test.com,2025-10-13,active
3089,user_3089,user_3089@test.com,2025-07-19,active
3090,user_3090,user_3090@test.com,2025-05-18,active
3091,user_3091,user_3091@test.com,2025-09-27,inactive
3092,user_3092,user_3092@test.com,2026-01-19,active
3093,user_3093,user_3093@test.com,2026-02-05,active
3094,user_3094,user_3094@test.com,2025-05-02,active
3095,user_3095,user_3095@test.com,2025-11-17,active
3096,user_3096,user_3096@test.com,2025-07-01,active
3097,user_3097,user_3097@test.com,2025-10-11,active
3098,user_3098,user_3098@test.com,2025-08-13,active
3099,user_3099,user_3099@test.com,2025-05-18,active
3100,user_3100,user_3100@test.com,2025-05-14,active
3101,user_3101,user_3101@test.com,2025-11-02,active
3102,user_3102,user_3102@test.com,2025-04-27,active
3103,user_3103,user_3103@test.com,2025-12-04,active
3104,user_3104,user_3104@test.com,2026-03-16,active
3105,user_3105,user_3105@test.com,2025-10-16,active
3106,user_3106,user_3106@test.com,2025-07-31,active
3107,user_3107,user_3107@test.com,2025-08-26,active
3108,user_3108,user_3108@test.com,2025-10-28,active
3109,user_3109,user_3109@test.com,2025-04-12,active
3110,user_3110,user_3110@test.com,2025-05-14,active
3111,user_3111,user_3111@test.com,2025-09-20,inactive
3112,user_3112,user_3112@test.com,2025-10-14,active
3113,user_3113,user_3113@test.com,2025-10-18,active
3114,user_3114,user_3114@test.com,2025-04-07,active
3115,user_3115,user_3115@test.com,2025-05-21,inactive
3116,user_3116,user_3116@test.com,2025-05-27,active
3117,user_3117,user_3117@test.com,2025-04-06,inactive
3118,user_3118,user_3118@test.com,2025-05-20,active
3119,user_3119,user_3119@test.com,2025-09-25,active
3120,user_3120,user_3120@test.com,2026-02-20,active
3121,user_3121,user_3121@test.com,2025-08-31,inactive
3122,user_3122,user_3122@test.com,2026-03-28,active
3123,user_3123,user_3123@test.com,2025-11-13,active
3124,user_3124,user_3124@test.com,2026-02-15,active
3125,user_3125,user_3125@test.com,2025-05-01,active
3126,user_3126,user_3126@test.com,2025-12-07,active
3127,user_3127,user_3127@test.com,2025-07-23,active
3128,user_3128,user_3128@test.com,2025-10-30,active
3129,user_3129,user_3129@test.com,2026-02-13,inactive
3130,user_3130,user_3130@test.com,2026-02-19,active
3131,user_3131,user_3131@test.com,2025-09-11,active
3132,user_3132,user_3132@test.com,2026-01-27,active
3133,user_3133,user_3133@test.com,2025-10-08,active
3134,user_3134,user_3134@test.com,2025-11-19,active
3135,user_3135,user_3135@test.com,2025-04-01,active
3136,user_3136,user_3136@test.com,2025-04-14,inactive
3137,user_3137,user_3137@test.com,2026-03-02,active
3138,user_3138,user_3138@test.com,2026-01-26,active
3139,user_3139,user_3139@test.com,2025-05-28,active
3140,user_3140,user_3140@test.com,2025-11-15,active
3141,user_3141,user_3141@test.com,2025-08-20,active
3142,user_3142,user_3142@test.com,2025-07-21,active
3143,user_3143,user_3143@test.com,2025-10-22,active
3144,user_3144,user_3144@test.com,2025-06-09,inactive
3145,user_3145,user_3145@test.com,2025-08-19,active
3146,user_3146,user_3146@test.com,2025-11-06,active
3147,user_3147,user_3147@test.com,2025-04-09,active
3148,user_3148,user_3148@test.com,2026-03-09,active
3149,user_3149,user_3149@test.com,2025-10-06,active
3150,user_3150,user_3150@test.com,2026-03-10,active
3151,user_3151,user_3151@test.com,2025-09-22,active
3152,user_3152,user_3152@test.com,2025-05-31,active
3153,user_3153,user_3153@test.com,2025-12-05,active
3154,user_3154,user_3154@test.com,2025-06-17,active
3155,user_3155,user_3155@test.com,2025-04-29,active
3156,user_3156,user_3156@test.com,2025-09-18,inactive
3157,user_3157,user_3157@test.com,2025-11-06,active
3158,user_3158,user_3158@test.com,2025-04-15,active
3159,user_3159,user_3159@test.com,2026-01-02,inactive
3160,user_3160,user_3160@test.com,2025-11-19,active
3161,user_3161,user_3161@test.com,2025-11-17,active
3162,user_3162,user_3162@test.com,2026-01-21,active
3163,user_3163,user_3163@test.com,2025-06-11,active
3164,user_3164,user_3164@test.com,2025-10-14,active
3165,user_3165,user_3165@test.com,2025-09-17,active
3166,user_3166,user_3166@test.com,2026-02-02,active
3167,user_3167,user_3167@test.com,2026-02-27,inactive
3168,user_3168,user_3168@test.com,2025-08-07,active
3169,user_3169,user_3169@test.com,2026-03-16,active
3170,user_3170,user_3170@test.com,2025-12-21,active
3171,user_3171,user_3171@test.com,2026-01-01,active
3172,user_3172,user_3172@test.com,2025-08-10,active
3173,user_3173,user_3173@test.com,2025-10-11,active
3174,user_3174,user_3174@test.com,2026-01-26,active
3175,user_3175,user_3175@test.com,2025-12-26,active
3176,user_3176,user_3176@test.com,2026-02-27,active
3177,user_3177,user_3177@test.com,2025-11-16,active
3178,user_3178,user_3178@test.com,2025-10-02,active
3179,user_3179,user_3179@test.com,2025-10-15,active
3180,user_3180,user_3180@test.com,2025-06-01,active
3181,user_3181,user_3181@test.com,2025-07-03,active
3182,user_3182,user_3182@test.com,2026-02-10,inactive
3183,user_3183,user_3183@test.com,2026-03-23,active
3184,user_3184,user_3184@test.com,2025-04-23,active
3185,user_3185,user_3185@test.com,2025-10-05,inactive
3186,user_3186,user_3186@test.com,2025-08-23,active
3187,user_3187,user_3187@test.com,2025-06-09,active
3188,user_3188,user_3188@test.com,2025-11-05,inactive
3189,user_3189,user_3189@test.com,2026-03-12,active
3190,user_3190,user_3190@test.com,2025-07-12,inactive
3191,user_3191,user_3191@test.com,2025-07-30,active
3192,user_3192,user_3192@test.com,2025-09-05,active
3193,user_3193,user_3193@test.com,2025-04-15,active
3194,user_3194,user_3194@test.com,2025-08-04,active
3195,user_3195,user_3195@test.com,2025-10-09,active
3196,user_3196,user_3196@test.com,2026-03-12,active
3197,user_3197,user_3197@test.com,2026-02-18,inactive
3198,user_3198,user_3198@test.com,2025-08-07,active
3199,user_3199,user_3199@test.com,2025-05-21,inactive
3200,user_3200,user_3200@test.com,2025-11-21,active
3201,user_3201,user_3201@test.com,2025-10-21,active
3202,user_3202,user_3202@test.com,2025-05-01,active
3203,user_3203,user_3203@test.com,2026-03-04,active
3204,user_3204,user_3204@test.com,2025-12-27,active
3205,user_3205,user_3205@test.com,2025-07-05,active
3206,user_3206,user_3206@test.com,2025-04-28,active
3207,user_3207,user_3207@test.com,2025-08-22,active
3208,user_3208,user_3208@test.com,2025-07-13,active
3209,user_3209,user_3209@test.com,2025-08-30,inactive
3210,user_3210,user_3210@test.com,2025-05-30,inactive
3211,user_3211,user_3211@test.com,2025-05-03,inactive
3212,user_3212,user_3212@test.com,2025-12-28,active
3213,user_3213,user_3213@test.com,2025-10-11,active
3214,user_3214,user_3214@test.com,2025-07-20,active
3215,user_3215,user_3215@test.com,2026-02-04,active
3216,user_3216,user_3216@test.com,2025-06-28,active
3217,user_3217,user_3217@test.com,2025-05-15,active
3218,user_3218,user_3218@test.com,2025-05-25,inactive
3219,user_3219,user_3219@test.com,2025-12-24,active
3220,user_3220,user_3220@test.com,2026-03-09,inactive
3221,user_3221,user_3221@test.com,2026-02-09,inactive
3222,user_3222,user_3222@test.com,2026-03-13,active
3223,user_3223,user_3223@test.com,2025-04-30,inactive
3224,user_3224,user_3224@test.com,2025-10-13,active
3225,user_3225,user_3225@test.com,2026-01-09,active
3226,user_3226,user_3226@test.com,2025-06-30,active
3227,user_3227,user_3227@test.com,2026-01-18,active
3228,user_3228,user_3228@test.com,2026-02-20,active
3229,user_3229,user_3229@test.com,2025-07-06,active
3230,user_3230,user_3230@test.com,2025-12-30,active
3231,user_3231,user_3231@test.com,2025-10-25,inactive
3232,user_3232,user_3232@test.com,2025-07-28,active
3233,user_3233,user_3233@test.com,2025-05-12,active
3234,user_3234,user_3234@test.com,2026-02-28,active
3235,user_3235,user_3235@test.com,2025-05-20,inactive
3236,user_3236,user_3236@test.com,2026-01-31,active
3237,user_3237,user_3237@test.com,2025-08-03,active
3238,user_3238,user_3238@test.com,2026-01-11,active
3239,user_3239,user_3239@test.com,2026-03-28,active
3240,user_3240,user_3240@test.com,2025-09-21,active
3241,user_3241,user_3241@test.com,2025-09-25,active
3242,user_3242,user_3242@test.com,2025-10-31,active
3243,user_3243,user_3243@test.com,2025-11-04,active
3244,user_3244,user_3244@test.com,2025-07-05,active
3245,user_3245,user_3245@test.com,2026-02-16,active
3246,user_3246,user_3246@test.com,2025-12-11,inactive
3247,user_3247,user_3247@test.com,2026-02-03,active
3248,user_3248,user_3248@test.com,2026-01-18,active
3249,user_3249,user_3249@test.com,2025-07-06,active
3250,user_3250,user_3250@test.com,2025-10-18,inactive
3251,user_3251,user_3251@test.com,2025-06-24,active
3252,user_3252,user_3252@test.com,2025-05-18,active
3253,user_3253,user_3253@test.com,2025-05-19,active
3254,user_3254,user_3254@test.com,2026-01-30,inactive
3255,user_3255,user_3255@test.com,2025-06-05,active
3256,user_3256,user_3256@test.com,2025-11-04,active
3257,user_3257,user_3257@test.com,2025-08-30,inactive
3258,user_3258,user_3258@test.com,2025-07-03,active
3259,user_3259,user_3259@test.com,2025-10-02,active
3260,user_3260,user_3260@test.com,2026-02-25,active
3261,user_3261,user_3261@test.com,2025-12-31,active
3262,user_3262,user_3262@test.com,2025-12-12,active
3263,user_3263,user_3263@test.com,2025-04-28,active
3264,user_3264,user_3264@test.com,2025-09-26,inactive
3265,user_3265,user_3265@test.com,2025-10-13,active
3266,user_3266,user_3266@test.com,2025-08-20,active
3267,user_3267,user_3267@test.com,2025-10-16,active
3268,user_3268,user_3268@test.com,2025-09-18,active
3269,user_3269,user_3269@test.com,2025-08-25,inactive
3270,user_3270,user_3270@test.com,2025-09-05,active
3271,user_3271,user_3271@test.com,2025-09-06,active
3272,user_3272,user_3272@test.com,2025-10-03,active
3273,user_3273,user_3273@test.com,2025-08-20,active
3274,user_3274,user_3274@test.com,2025-08-08,active
3275,user_3275,user_3275@test.com,2025-06-19,active
3276,user_3276,user_3276@test.com,2026-02-05,active
3277,user_3277,user_3277@test.com,2025-07-28,active
3278,user_3278,user_3278@test.com,2025-11-29,active
3279,user_3279,user_3279@test.com,2025-08-12,active
3280,user_3280,user_3280@test.com,2025-10-30,active
3281,user_3281,user_3281@test.com,2025-11-09,active
3282,user_3282,user_3282@test.com,2025-11-21,active
3283,user_3283,user_3283@test.com,2026-01-10,active
3284,user_3284,user_3284@test.com,2025-07-05,active
3285,user_3285,user_3285@test.com,2025-04-21,active
3286,user_3286,user_3286@test.com,2025-08-03,active
3287,user_3287,user_3287@test.com,2025-05-01,active
3288,user_3288,user_3288@test.com,2025-06-11,active
3289,user_3289,user_3289@test.com,2025-04-16,active
3290,user_3290,user_3290@test.com,2025-04-04,active
3291,user_3291,user_3291@test.com,2026-03-06,active
3292,user_3292,user_3292@test.com,2025-07-11,active
3293,user_3293,user_3293@test.com,2026-01-03,active
3294,user_3294,user_3294@test.com,2025-10-01,active
3295,user_3295,user_3295@test.com,2025-08-08,active
3296,user_3296,user_3296@test.com,2025-06-20,active
3297,user_3297,user_3297@test.com,2025-11-09,active
3298,user_3298,user_3298@test.com,2025-04-04,inactive
3299,user_3299,user_3299@test.com,2025-12-16,active
3300,user_3300,user_3300@test.com,2025-11-08,active
3301,user_3301,user_3301@test.com,2025-11-18,active
3302,user_3302,user_3302@test.com,2025-05-15,active
3303,user_3303,user_3303@test.com,2025-12-18,active
3304,user_3304,user_3304@test.com,2025-10-13,active
3305,user_3305,user_3305@test.com,2025-07-30,active
3306,user_3306,user_3306@test.com,2026-01-23,active
3307,user_3307,user_3307@test.com,2026-03-02,inactive
3308,user_3308,user_3308@test.com,2025-09-24,inactive
3309,user_3309,user_3309@test.com,2026-02-20,active
3310,user_3310,user_3310@test.com,2025-09-24,active
3311,user_3311,user_3311@test.com,2026-01-02,active
3312,user_3312,user_3312@test.com,2025-12-13,active
3313,user_3313,user_3313@test.com,2025-04-20,inactive
3314,user_3314,user_3314@test.com,2025-05-24,active
3315,user_3315,user_3315@test.com,2025-04-13,active
3316,user_3316,user_3316@test.com,2025-07-22,active
3317,user_3317,user_3317@test.com,2025-11-01,inactive
3318,user_3318,user_3318@test.com,2026-02-17,active
3319,user_3319,user_3319@test.com,2025-05-20,inactive
3320,user_3320,user_3320@test.com,2026-03-06,active
3321,user_3321,user_3321@test.com,2025-11-01,active
3322,user_3322,user_3322@test.com,2025-05-19,active
3323,user_3323,user_3323@test.com,2025-07-18,active
3324,user_3324,user_3324@test.com,2025-08-14,active
3325,user_3325,user_3325@test.com,2026-02-24,active
3326,user_3326,user_3326@test.com,2025-12-05,active
3327,user_3327,user_3327@test.com,2025-04-04,active
3328,user_3328,user_3328@test.com,2025-06-21,active
3329,user_3329,user_3329@test.com,2025-12-16,active
3330,user_3330,user_3330@test.com,2025-11-04,active
3331,user_3331,user_3331@test.com,2026-03-16,active
3332,user_3332,user_3332@test.com,2026-02-05,active
3333,user_3333,user_3333@test.com,2025-11-13,active
3334,user_3334,user_3334@test.com,2025-04-19,active
3335,user_3335,user_3335@test.com,2025-09-18,active
3336,user_3336,user_3336@test.com,2025-04-13,active
3337,user_3337,user_3337@test.com,2026-01-03,active
3338,user_3338,user_3338@test.com,2026-03-03,active
3339,user_3339,user_3339@test.com,2026-01-24,active
3340,user_3340,user_3340@test.com,2025-04-07,inactive
3341,user_3341,user_3341@test.com,2025-08-03,active
3342,user_3342,user_3342@test.com,2025-09-20,active
3343,user_3343,user_3343@test.com,2026-02-15,active
3344,user_3344,user_3344@test.com,2025-06-25,inactive
3345,user_3345,user_3345@test.com,2025-07-17,inactive
3346,user_3346,user_3346@test.com,2025-05-18,active
3347,user_3347,user_3347@test.com,2025-11-01,active
3348,user_3348,user_3348@test.com,2025-04-28,active
3349,user_3349,user_3349@test.com,2026-03-08,inactive
3350,user_3350,user_3350@test.com,2026-01-29,active
3351,user_3351,user_3351@test.com,2025-08-05,active
3352,user_3352,user_3352@test.com,2025-12-31,active
3353,user_3353,user_3353@test.com,2025-07-10,active
3354,user_3354,user_3354@test.com,2025-10-17,inactive
3355,user_3355,user_3355@test.com,2025-06-25,active
3356,user_3356,user_3356@test.com,2026-02-20,active
3357,user_3357,user_3357@test.com,2025-11-10,active
3358,user_3358,user_3358@test.com,2025-06-23,active
3359,user_3359,user_3359@test.com,2025-06-28,active
3360,user_3360,user_3360@test.com,2025-10-17,active
3361,user_3361,user_3361@test.com,2025-09-05,active
3362,user_3362,user_3362@test.com,2026-03-02,active
3363,user_3363,user_3363@test.com,2025-10-09,inactive
3364,user_3364,user_3364@test.com,2025-04-14,inactive
3365,user_3365,user_3365@test.com,2026-01-02,active
3366,user_3366,user_3366@test.com,2025-06-04,active
3367,user_3367,user_3367@test.com,2025-04-11,active
3368,user_3368,user_3368@test.com,2026-01-26,active
3369,user_3369,user_3369@test.com,2025-06-25,active
3370,user_3370,user_3370@test.com,2025-04-27,active
3371,user_3371,user_3371@test.com,2026-03-22,active
3372,user_3372,user_3372@test.com,2025-05-22,inactive
3373,user_3373,user_3373@test.com,2025-04-27,active
3374,user_3374,user_3374@test.com,2025-09-17,active
3375,user_3375,user_3375@test.com,2026-02-03,active
3376,user_3376,user_3376@test.com,2025-06-16,active
3377,user_3377,user_3377@test.com,2026-03-09,active
3378,user_3378,user_3378@test.com,2026-01-09,active
3379,user_3379,user_3379@test.com,2025-06-10,active
3380,user_3380,user_3380@test.com,2025-10-13,active
3381,user_3381,user_3381@test.com,2025-05-10,active
3382,user_3382,user_3382@test.com,2026-03-18,active
3383,user_3383,user_3383@test.com,2025-10-17,active
3384,user_3384,user_3384@test.com,2025-05-25,active
3385,user_3385,user_3385@test.com,2025-09-29,inactive
3386,user_3386,user_3386@test.com,2025-11-20,active
3387,user_3387,user_3387@test.com,2025-11-13,active
3388,user_3388,user_3388@test.com,2025-06-23,active
3389,user_3389,user_3389@test.com,2026-03-01,active
3390,user_3390,user_3390@test.com,2026-01-02,active
3391,user_3391,user_3391@test.com,2025-04-14,active
3392,user_3392,user_3392@test.com,2025-12-29,active
3393,user_3393,user_3393@test.com,2025-11-12,active
3394,user_3394,user_3394@test.com,2025-07-23,active
3395,user_3395,user_3395@test.com,2025-12-07,active
3396,user_3396,user_3396@test.com,2025-04-29,active
3397,user_3397,user_3397@test.com,2025-06-23,active
3398,user_3398,user_3398@test.com,2025-03-30,inactive
3399,user_3399,user_3399@test.com,2025-05-22,active
3400,user_3400,user_3400@test.com,2026-02-02,active
3401,user_3401,user_3401@test.com,2026-01-06,active
3402,user_3402,user_3402@test.com,2025-07-28,active
3403,user_3403,user_3403@test.com,2025-07-19,inactive
3404,user_3404,user_3404@test.com,2025-12-30,active
3405,user_3405,user_3405@test.com,2025-08-31,active
3406,user_3406,user_3406@test.com,2025-08-26,active
3407,user_3407,user_3407@test.com,2025-06-20,active
3408,user_3408,user_3408@test.com,2025-10-29,active
3409,user_3409,user_3409@test.com,2025-06-26,active
3410,user_3410,user_3410@test.com,2026-02-14,active
3411,user_3411,user_3411@test.com,2025-10-26,active
3412,user_3412,user_3412@test.com,2025-08-31,active
3413,user_3413,user_3413@test.com,2026-01-20,active
3414,user_3414,user_3414@test.com,2025-08-03,active
3415,user_3415,user_3415@test.com,2025-10-21,inactive
3416,user_3416,user_3416@test.com,2026-02-08,active
3417,user_3417,user_3417@test.com,2026-02-15,active
3418,user_3418,user_3418@test.com,2025-11-10,inactive
3419,user_3419,user_3419@test.com,2025-10-01,active
3420,user_3420,user_3420@test.com,2026-01-29,active
3421,user_3421,user_3421@test.com,2025-05-20,active
3422,user_3422,user_3422@test.com,2025-11-16,inactive
3423,user_3423,user_3423@test.com,2025-12-11,active
3424,user_3424,user_3424@test.com,2025-07-12,inactive
3425,user_3425,user_3425@test.com,2025-12-01,active
3426,user_3426,user_3426@test.com,2025-12-22,inactive
3427,user_3427,user_3427@test.com,2025-07-25,active
3428,user_3428,user_3428@test.com,2025-07-06,active
3429,user_3429,user_3429@test.com,2025-08-31,active
3430,user_3430,user_3430@test.com,2026-02-23,active
3431,user_3431,user_3431@test.com,2025-12-07,inactive
3432,user_3432,user_3432@test.com,2025-05-08,active
3433,user_3433,user_3433@test.com,2025-08-15,active
3434,user_3434,user_3434@test.com,2025-04-16,inactive
3435,user_3435,user_3435@test.com,2025-05-13,active
3436,user_3436,user_3436@test.com,2025-11-18,inactive
3437,user_3437,user_3437@test.com,2025-06-22,active
3438,user_3438,user_3438@test.com,2025-08-01,active
3439,user_3439,user_3439@test.com,2026-03-02,active
3440,user_3440,user_3440@test.com,2025-07-17,active
3441,user_3441,user_3441@test.com,2025-12-18,active
3442,user_3442,user_3442@test.com,2026-01-01,active
3443,user_3443,user_3443@test.com,2026-02-21,inactive
3444,user_3444,user_3444@test.com,2025-07-10,inactive
3445,user_3445,user_3445@test.com,2026-01-21,inactive
3446,user_3446,user_3446@test.com,2025-09-20,inactive
3447,user_3447,user_3447@test.com,2025-10-25,inactive
3448,user_3448,user_3448@test.com,2025-05-08,active
3449,user_3449,user_3449@test.com,2025-09-13,inactive
3450,user_3450,user_3450@test.com,2025-08-31,active
3451,user_3451,user_3451@test.com,2025-10-03,active
3452,user_3452,user_3452@test.com,2025-04-16,inactive
3453,user_3453,user_3453@test.com,2025-12-03,active
3454,user_3454,user_3454@test.com,2025-05-27,active
3455,user_3455,user_3455@test.com,2026-03-29,active
3456,user_3456,user_3456@test.com,2026-01-20,active
3457,user_3457,user_3457@test.com,2025-08-28,active
3458,user_3458,user_3458@test.com,2025-09-01,active
3459,user_3459,user_3459@test.com,2025-07-06,active
3460,user_3460,user_3460@test.com,2025-11-16,active
3461,user_3461,user_3461@test.com,2025-10-02,active
3462,user_3462,user_3462@test.com,2025-04-11,inactive
3463,user_3463,user_3463@test.com,2026-03-16,active
3464,user_3464,user_3464@test.com,2026-03-02,active
3465,user_3465,user_3465@test.com,2025-08-02,active
3466,user_3466,user_3466@test.com,2025-04-20,active
3467,user_3467,user_3467@test.com,2025-12-21,active
3468,user_3468,user_3468@test.com,2026-01-12,inactive
3469,user_3469,user_3469@test.com,2025-05-16,active
3470,user_3470,user_3470@test.com,2025-06-26,active
3471,user_3471,user_3471@test.com,2025-10-09,active
3472,user_3472,user_3472@test.com,2025-06-21,active
3473,user_3473,user_3473@test.com,2025-05-23,inactive
3474,user_3474,user_3474@test.com,2025-04-27,active
3475,user_3475,user_3475@test.com,2026-02-03,active
3476,user_3476,user_3476@test.com,2026-01-08,inactive
3477,user_3477,user_3477@test.com,2026-01-05,active
3478,user_3478,user_3478@test.com,2025-07-30,active
3479,user_3479,user_3479@test.com,2025-08-14,inactive
3480,user_3480,user_3480@test.com,2025-07-07,active
3481,user_3481,user_3481@test.com,2026-01-05,active
3482,user_3482,user_3482@test.com,2025-04-04,active
3483,user_3483,user_3483@test.com,2025-09-28,active
3484,user_3484,user_3484@test.com,2026-02-01,active
3485,user_3485,user_3485@test.com,2025-09-08,active
3486,user_3486,user_3486@test.com,2025-10-14,active
3487,user_3487,user_3487@test.com,2025-11-09,active
3488,user_3488,user_3488@test.com,2025-10-31,active
3489,user_3489,user_3489@test.com,2025-08-21,active
3490,user_3490,user_3490@test.com,2025-08-01,active
3491,user_3491,user_3491@test.com,2025-10-07,active
3492,user_3492,user_3492@test.com,2026-01-10,active
3493,user_3493,user_3493@test.com,2025-12-21,inactive
3494,user_3494,user_3494@test.com,2025-06-13,inactive
3495,user_3495,user_3495@test.com,2025-05-11,inactive
3496,user_3496,user_3496@test.com,2025-09-10,active
3497,user_3497,user_3497@test.com,2026-02-22,active
3498,user_3498,user_3498@test.com,2025-05-10,active
3499,user_3499,user_3499@test.com,2025-06-05,active
3500,user_3500,user_3500@test.com,2025-08-18,active
3501,user_3501,user_3501@test.com,2025-06-10,active
3502,user_3502,user_3502@test.com,2025-04-18,active
3503,user_3503,user_3503@test.com,2025-10-05,active
3504,user_3504,user_3504@test.com,2026-03-18,active
3505,user_3505,user_3505@test.com,2025-12-25,inactive
3506,user_3506,user_3506@test.com,2025-07-25,active
3507,user_3507,user_3507@test.com,2025-12-14,active
3508,user_3508,user_3508@test.com,2025-12-07,active
3509,user_3509,user_3509@test.com,2025-08-20,active
3510,user_3510,user_3510@test.com,2025-05-31,active
3511,user_3511,user_3511@test.com,2025-12-11,active
3512,user_3512,user_3512@test.com,2025-06-06,active
3513,user_3513,user_3513@test.com,2025-06-07,active
3514,user_3514,user_3514@test.com,2025-12-05,active
3515,user_3515,user_3515@test.com,2025-07-26,active
3516,user_3516,user_3516@test.com,2025-11-02,active
3517,user_3517,user_3517@test.com,2025-10-18,active
3518,user_3518,user_3518@test.com,2025-06-09,active
3519,user_3519,user_3519@test.com,2025-11-24,inactive
3520,user_3520,user_3520@test.com,2025-08-17,inactive
3521,user_3521,user_3521@test.com,2026-03-16,inactive
3522,user_3522,user_3522@test.com,2025-04-25,active
3523,user_3523,user_3523@test.com,2025-10-21,inactive
3524,user_3524,user_3524@test.com,2025-05-03,active
3525,user_3525,user_3525@test.com,2025-10-16,active
3526,user_3526,user_3526@test.com,2026-01-04,active
3527,user_3527,user_3527@test.com,2025-11-09,active
3528,user_3528,user_3528@test.com,2026-03-26,active
3529,user_3529,user_3529@test.com,2025-08-09,active
3530,user_3530,user_3530@test.com,2025-05-12,inactive
3531,user_3531,user_3531@test.com,2025-05-21,active
3532,user_3532,user_3532@test.com,2025-04-01,active
3533,user_3533,user_3533@test.com,2025-09-20,active
3534,user_3534,user_3534@test.com,2025-04-29,active
3535,user_3535,user_3535@test.com,2025-05-19,active
3536,user_3536,user_3536@test.com,2025-07-26,inactive
3537,user_3537,user_3537@test.com,2025-04-16,active
3538,user_3538,user_3538@test.com,2025-06-26,active
3539,user_3539,user_3539@test.com,2025-04-01,active
3540,user_3540,user_3540@test.com,2026-01-07,active
3541,user_3541,user_3541@test.com,2026-03-13,active
3542,user_3542,user_3542@test.com,2025-05-24,active
3543,user_3543,user_3543@test.com,2025-12-05,inactive
3544,user_3544,user_3544@test.com,2025-09-20,active
3545,user_3545,user_3545@test.com,2026-03-01,active
3546,user_3546,user_3546@test.com,2025-07-13,active
3547,user_3547,user_3547@test.com,2026-02-02,active
3548,user_3548,user_3548@test.com,2025-08-10,active
3549,user_3549,user_3549@test.com,2025-10-25,active
3550,user_3550,user_3550@test.com,2026-03-22,active
3551,user_3551,user_3551@test.com,2025-07-24,active
3552,user_3552,user_3552@test.com,2026-02-12,active
3553,user_3553,user_3553@test.com,2025-05-30,active
3554,user_3554,user_3554@test.com,2025-11-28,active
3555,user_3555,user_3555@test.com,2025-11-02,inactive
3556,user_3556,user_3556@test.com,2026-01-07,inactive
3557,user_3557,user_3557@test.com,2025-09-19,active
3558,user_3558,user_3558@test.com,2026-03-21,active
3559,user_3559,user_3559@test.com,2025-10-03,active
3560,user_3560,user_3560@test.com,2025-07-08,inactive
3561,user_3561,user_3561@test.com,2025-08-12,inactive
3562,user_3562,user_3562@test.com,2025-06-06,active
3563,user_3563,user_3563@test.com,2026-02-23,active
3564,user_3564,user_3564@test.com,2025-09-18,inactive
3565,user_3565,user_3565@test.com,2025-10-16,active
3566,user_3566,user_3566@test.com,2026-03-16,active
3567,user_3567,user_3567@test.com,2025-05-02,active
3568,user_3568,user_3568@test.com,2025-11-05,active
3569,user_3569,user_3569@test.com,2025-07-01,inactive
3570,user_3570,user_3570@test.com,2025-09-04,active
3571,user_3571,user_3571@test.com,2025-05-29,active
3572,user_3572,user_3572@test.com,2025-04-22,active
3573,user_3573,user_3573@test.com,2025-06-12,inactive
3574,user_3574,user_3574@test.com,2025-05-11,inactive
3575,user_3575,user_3575@test.com,2025-07-28,inactive
3576,user_3576,user_3576@test.com,2025-10-15,active
3577,user_3577,user_3577@test.com,2026-02-16,active
3578,user_3578,user_3578@test.com,2025-05-10,active
3579,user_3579,user_3579@test.com,2025-11-05,active
3580,user_3580,user_3580@test.com,2025-12-04,active
3581,user_3581,user_3581@test.com,2025-08-01,inactive
3582,user_3582,user_3582@test.com,2025-08-06,active
3583,user_3583,user_3583@test.com,2026-03-02,active
3584,user_3584,user_3584@test.com,2025-11-06,active
3585,user_3585,user_3585@test.com,2025-05-19,active
3586,user_3586,user_3586@test.com,2026-02-17,active
3587,user_3587,user_3587@test.com,2025-07-01,active
3588,user_3588,user_3588@test.com,2025-04-28,active
3589,user_3589,user_3589@test.com,2025-08-22,active
3590,user_3590,user_3590@test.com,2026-03-22,inactive
3591,user_3591,user_3591@test.com,2025-11-15,active
3592,user_3592,user_3592@test.com,2025-12-31,active
3593,user_3593,user_3593@test.com,2025-08-07,active
3594,user_3594,user_3594@test.com,2025-08-06,active
3595,user_3595,user_3595@test.com,2026-03-27,active
3596,user_3596,user_3596@test.com,2025-08-25,active
3597,user_3597,user_3597@test.com,2025-12-23,active
3598,user_3598,user_3598@test.com,2025-10-01,active
3599,user_3599,user_3599@test.com,2025-05-01,active
3600,user_3600,user_3600@test.com,2025-07-28,active
3601,user_3601,user_3601@test.com,2026-03-12,active
3602,user_3602,user_3602@test.com,2026-03-10,inactive
3603,user_3603,user_3603@test.com,2026-03-13,active
3604,user_3604,user_3604@test.com,2025-09-09,active
3605,user_3605,user_3605@test.com,2025-12-05,active
3606,user_3606,user_3606@test.com,2025-11-04,active
3607,user_3607,user_3607@test.com,2025-11-04,inactive
3608,user_3608,user_3608@test.com,2025-07-18,active
3609,user_3609,user_3609@test.com,2025-12-20,active
3610,user_3610,user_3610@test.com,2025-12-30,active
3611,user_3611,user_3611@test.com,2025-11-27,active
3612,user_3612,user_3612@test.com,2025-11-13,active
3613,user_3613,user_3613@test.com,2025-11-11,inactive
3614,user_3614,user_3614@test.com,2025-09-11,active
3615,user_3615,user_3615@test.com,2025-08-02,inactive
3616,user_3616,user_3616@test.com,2025-10-28,active
3617,user_3617,user_3617@test.com,2025-05-03,active
3618,user_3618,user_3618@test.com,2025-08-03,inactive
3619,user_3619,user_3619@test.com,2026-02-27,active
3620,user_3620,user_3620@test.com,2025-07-10,active
3621,user_3621,user_3621@test.com,2025-06-03,active
3622,user_3622,user_3622@test.com,2025-09-06,active
3623,user_3623,user_3623@test.com,2026-03-04,active
3624,user_3624,user_3624@test.com,2025-09-03,active
3625,user_3625,user_3625@test.com,2025-11-18,active
3626,user_3626,user_3626@test.com,2025-05-30,active
3627,user_3627,user_3627@test.com,2025-12-31,active
3628,user_3628,user_3628@test.com,2025-08-18,active
3629,user_3629,user_3629@test.com,2026-03-11,inactive
3630,user_3630,user_3630@test.com,2025-08-14,active
3631,user_3631,user_3631@test.com,2025-08-06,inactive
3632,user_3632,user_3632@test.com,2025-12-05,active
3633,user_3633,user_3633@test.com,2025-09-30,active
3634,user_3634,user_3634@test.com,2025-06-14,active
3635,user_3635,user_3635@test.com,2026-01-28,active
3636,user_3636,user_3636@test.com,2025-08-27,active
3637,user_3637,user_3637@test.com,2025-11-19,active
3638,user_3638,user_3638@test.com,2025-07-11,active
3639,user_3639,user_3639@test.com,2025-06-05,active
3640,user_3640,user_3640@test.com,2025-12-06,active
3641,user_3641,user_3641@test.com,2025-12-14,active
3642,user_3642,user_3642@test.com,2025-09-24,inactive
3643,user_3643,user_3643@test.com,2025-09-11,active
3644,user_3644,user_3644@test.com,2026-02-01,active
3645,user_3645,user_3645@test.com,2026-01-20,active
3646,user_3646,user_3646@test.com,2025-06-10,active
3647,user_3647,user_3647@test.com,2025-09-06,inactive
3648,user_3648,user_3648@test.com,2025-12-07,active
3649,user_3649,user_3649@test.com,2025-08-05,active
3650,user_3650,user_3650@test.com,2025-07-28,active
3651,user_3651,user_3651@test.com,2025-11-10,active
3652,user_3652,user_3652@test.com,2025-12-11,active
3653,user_3653,user_3653@test.com,2025-05-19,active
3654,user_3654,user_3654@test.com,2025-08-01,active
3655,user_3655,user_3655@test.com,2025-04-05,active
3656,user_3656,user_3656@test.com,2025-09-16,active
3657,user_3657,user_3657@test.com,2025-08-09,inactive
3658,user_3658,user_3658@test.com,2025-11-14,active
3659,user_3659,user_3659@test.com,2025-04-28,active
3660,user_3660,user_3660@test.com,2026-02-07,active
3661,user_3661,user_3661@test.com,2025-12-13,active
3662,user_3662,user_3662@test.com,2025-08-11,inactive
3663,user_3663,user_3663@test.com,2025-10-27,active
3664,user_3664,user_3664@test.com,2026-03-07,active
3665,user_3665,user_3665@test.com,2026-03-10,active
3666,user_3666,user_3666@test.com,2025-11-19,active
3667,user_3667,user_3667@test.com,2025-09-09,active
3668,user_3668,user_3668@test.com,2025-08-31,active
3669,user_3669,user_3669@test.com,2025-09-12,active
3670,user_3670,user_3670@test.com,2025-08-02,active
3671,user_3671,user_3671@test.com,2025-09-04,inactive
3672,user_3672,user_3672@test.com,2025-06-19,inactive
3673,user_3673,user_3673@test.com,2025-05-25,active
3674,user_3674,user_3674@test.com,2025-08-05,active
3675,user_3675,user_3675@test.com,2025-08-29,active
3676,user_3676,user_3676@test.com,2025-06-16,inactive
3677,user_3677,user_3677@test.com,2025-10-30,active
3678,user_3678,user_3678@test.com,2025-04-18,active
3679,user_3679,user_3679@test.com,2026-03-18,active
3680,user_3680,user_3680@test.com,2025-04-09,active
3681,user_3681,user_3681@test.com,2025-12-27,inactive
3682,user_3682,user_3682@test.com,2025-04-21,active
3683,user_3683,user_3683@test.com,2025-06-03,active
3684,user_3684,user_3684@test.com,2026-02-07,active
3685,user_3685,user_3685@test.com,2026-02-09,active
3686,user_3686,user_3686@test.com,2025-10-29,inactive
3687,user_3687,user_3687@test.com,2025-08-17,active
3688,user_3688,user_3688@test.com,2025-03-31,active
3689,user_3689,user_3689@test.com,2025-08-01,active
3690,user_3690,user_3690@test.com,2025-06-28,active
3691,user_3691,user_3691@test.com,2025-12-04,active
3692,user_3692,user_3692@test.com,2026-02-20,active
3693,user_3693,user_3693@test.com,2025-07-30,inactive
3694,user_3694,user_3694@test.com,2025-04-17,active
3695,user_3695,user_3695@test.com,2025-08-03,active
3696,user_3696,user_3696@test.com,2025-10-27,active
3697,user_3697,user_3697@test.com,2025-09-08,inactive
3698,user_3698,user_3698@test.com,2025-10-25,active
3699,user_3699,user_3699@test.com,2025-08-15,active
3700,user_3700,user_3700@test.com,2025-08-24,active
3701,user_3701,user_3701@test.com,2025-07-22,active
3702,user_3702,user_3702@test.com,2025-05-21,active
3703,user_3703,user_3703@test.com,2025-12-13,active
3704,user_3704,user_3704@test.com,2025-08-18,active
3705,user_3705,user_3705@test.com,2025-08-08,active
3706,user_3706,user_3706@test.com,2026-01-17,active
3707,user_3707,user_3707@test.com,2026-01-29,active
3708,user_3708,user_3708@test.com,2025-12-01,active
3709,user_3709,user_3709@test.com,2025-12-28,active
3710,user_3710,user_3710@test.com,2025-08-03,active
3711,user_3711,user_3711@test.com,2026-03-01,active
3712,user_3712,user_3712@test.com,2025-06-29,active
3713,user_3713,user_3713@test.com,2025-09-24,active
3714,user_3714,user_3714@test.com,2025-05-01,active
3715,user_3715,user_3715@test.com,2025-07-13,inactive
3716,user_3716,user_3716@test.com,2025-06-08,active
3717,user_3717,user_3717@test.com,2026-03-26,active
3718,user_3718,user_3718@test.com,2025-04-09,active
3719,user_3719,user_3719@test.com,2025-10-03,active
3720,user_3720,user_3720@test.com,2025-11-27,active
3721,user_3721,user_3721@test.com,2025-11-25,active
3722,user_3722,user_3722@test.com,2026-02-06,active
3723,user_3723,user_3723@test.com,2026-01-24,active
3724,user_3724,user_3724@test.com,2026-01-22,inactive
3725,user_3725,user_3725@test.com,2025-04-19,inactive
3726,user_3726,user_3726@test.com,2025-06-04,active
3727,user_3727,user_3727@test.com,2025-10-04,active
3728,user_3728,user_3728@test.com,2025-11-27,active
3729,user_3729,user_3729@test.com,2026-01-01,active
3730,user_3730,user_3730@test.com,2025-11-19,active
3731,user_3731,user_3731@test.com,2025-07-20,inactive
3732,user_3732,user_3732@test.com,2025-04-28,active
3733,user_3733,user_3733@test.com,2025-10-02,inactive
3734,user_3734,user_3734@test.com,2025-08-10,active
3735,user_3735,user_3735@test.com,2025-12-31,active
3736,user_3736,user_3736@test.com,2025-05-26,active
3737,user_3737,user_3737@test.com,2025-07-16,active
3738,user_3738,user_3738@test.com,2026-01-31,active
3739,user_3739,user_3739@test.com,2026-01-30,inactive
3740,user_3740,user_3740@test.com,2025-05-16,active
3741,user_3741,user_3741@test.com,2025-12-09,active
3742,user_3742,user_3742@test.com,2025-10-14,inactive
3743,user_3743,user_3743@test.com,2025-10-11,active
3744,user_3744,user_3744@test.com,2026-02-12,active
3745,user_3745,user_3745@test.com,2025-04-23,active
3746,user_3746,user_3746@test.com,2025-09-04,active
3747,user_3747,user_3747@test.com,2026-01-08,active
3748,user_3748,user_3748@test.com,2025-10-26,inactive
3749,user_3749,user_3749@test.com,2025-06-28,active
3750,user_3750,user_3750@test.com,2025-10-21,active
3751,user_3751,user_3751@test.com,2026-02-14,active
3752,user_3752,user_3752@test.com,2026-03-10,active
3753,user_3753,user_3753@test.com,2025-07-30,inactive
3754,user_3754,user_3754@test.com,2025-08-27,active
3755,user_3755,user_3755@test.com,2025-04-21,active
3756,user_3756,user_3756@test.com,2025-11-27,active
3757,user_3757,user_3757@test.com,2026-03-23,active
3758,user_3758,user_3758@test.com,2025-05-22,active
3759,user_3759,user_3759@test.com,2025-11-26,active
3760,user_3760,user_3760@test.com,2026-01-06,inactive
3761,user_3761,user_3761@test.com,2025-11-16,active
3762,user_3762,user_3762@test.com,2025-10-03,active
3763,user_3763,user_3763@test.com,2025-04-27,active
3764,user_3764,user_3764@test.com,2025-03-31,active
3765,user_3765,user_3765@test.com,2025-05-14,active
3766,user_3766,user_3766@test.com,2025-04-08,active
3767,user_3767,user_3767@test.com,2026-03-14,active
3768,user_3768,user_3768@test.com,2025-08-02,active
3769,user_3769,user_3769@test.com,2025-04-11,active
3770,user_3770,user_3770@test.com,2026-03-01,active
3771,user_3771,user_3771@test.com,2025-04-25,active
3772,user_3772,user_3772@test.com,2025-08-08,active
3773,user_3773,user_3773@test.com,2025-06-21,active
3774,user_3774,user_3774@test.com,2025-09-26,active
3775,user_3775,user_3775@test.com,2025-08-31,active
3776,user_3776,user_3776@test.com,2025-09-18,active
3777,user_3777,user_3777@test.com,2025-09-03,active
3778,user_3778,user_3778@test.com,2025-09-12,active
3779,user_3779,user_3779@test.com,2025-09-29,active
3780,user_3780,user_3780@test.com,2025-06-22,active
3781,user_3781,user_3781@test.com,2025-05-07,active
3782,user_3782,user_3782@test.com,2025-11-30,active
3783,user_3783,user_3783@test.com,2025-06-29,active
3784,user_3784,user_3784@test.com,2025-05-08,active
3785,user_3785,user_3785@test.com,2026-03-19,active
3786,user_3786,user_3786@test.com,2025-10-04,inactive
3787,user_3787,user_3787@test.com,2025-06-16,active
3788,user_3788,user_3788@test.com,2025-08-17,inactive
3789,user_3789,user_3789@test.com,2025-05-06,active
3790,user_3790,user_3790@test.com,2025-10-08,active
3791,user_3791,user_3791@test.com,2025-04-10,active
3792,user_3792,user_3792@test.com,2025-04-28,active
3793,user_3793,user_3793@test.com,2025-09-23,inactive
3794,user_3794,user_3794@test.com,2025-03-31,active
3795,user_3795,user_3795@test.com,2025-06-17,active
3796,user_3796,user_3796@test.com,2026-01-07,active
3797,user_3797,user_3797@test.com,2025-08-17,active
3798,user_3798,user_3798@test.com,2025-11-02,active
3799,user_3799,user_3799@test.com,2025-03-31,active
3800,user_3800,user_3800@test.com,2026-02-11,inactive
3801,user_3801,user_3801@test.com,2026-01-12,active
3802,user_3802,user_3802@test.com,2025-10-12,inactive
3803,user_3803,user_3803@test.com,2025-05-09,inactive
3804,user_3804,user_3804@test.com,2026-02-02,active
3805,user_3805,user_3805@test.com,2025-09-17,inactive
3806,user_3806,user_3806@test.com,2025-04-06,active
3807,user_3807,user_3807@test.com,2025-10-10,active
3808,user_3808,user_3808@test.com,2025-10-20,active
3809,user_3809,user_3809@test.com,2025-05-26,active
3810,user_3810,user_3810@test.com,2025-06-08,inactive
3811,user_3811,user_3811@test.com,2025-12-10,active
3812,user_3812,user_3812@test.com,2025-07-27,active
3813,user_3813,user_3813@test.com,2026-03-28,inactive
3814,user_3814,user_3814@test.com,2025-10-23,inactive
3815,user_3815,user_3815@test.com,2025-07-03,inactive
3816,user_3816,user_3816@test.com,2025-08-01,active
3817,user_3817,user_3817@test.com,2026-03-22,active
3818,user_3818,user_3818@test.com,2025-05-19,active
3819,user_3819,user_3819@test.com,2026-02-05,active
3820,user_3820,user_3820@test.com,2025-05-02,active
3821,user_3821,user_3821@test.com,2026-02-05,active
3822,user_3822,user_3822@test.com,2025-08-29,active
3823,user_3823,user_3823@test.com,2025-07-20,inactive
3824,user_3824,user_3824@test.com,2025-05-11,active
3825,user_3825,user_3825@test.com,2025-04-27,active
3826,user_3826,user_3826@test.com,2025-08-13,inactive
3827,user_3827,user_3827@test.com,2026-02-01,active
3828,user_3828,user_3828@test.com,2025-04-21,active
3829,user_3829,user_3829@test.com,2025-08-01,active
3830,user_3830,user_3830@test.com,2025-06-25,inactive
3831,user_3831,user_3831@test.com,2025-05-31,active
3832,user_3832,user_3832@test.com,2026-03-08,active
3833,user_3833,user_3833@test.com,2025-04-21,inactive
3834,user_3834,user_3834@test.com,2025-10-17,inactive
3835,user_3835,user_3835@test.com,2025-05-17,active
3836,user_3836,user_3836@test.com,2025-10-18,active
3837,user_3837,user_3837@test.com,2025-06-05,active
3838,user_3838,user_3838@test.com,2025-12-15,active
3839,user_3839,user_3839@test.com,2025-04-24,active
3840,user_3840,user_3840@test.com,2025-11-01,inactive
3841,user_3841,user_3841@test.com,2025-11-10,active
3842,user_3842,user_3842@test.com,2025-08-11,active
3843,user_3843,user_3843@test.com,2025-08-01,inactive
3844,user_3844,user_3844@test.com,2025-04-04,inactive
3845,user_3845,user_3845@test.com,2025-12-02,active
3846,user_3846,user_3846@test.com,2025-09-18,inactive
3847,user_3847,user_3847@test.com,2026-01-31,active
3848,user_3848,user_3848@test.com,2026-01-02,active
3849,user_3849,user_3849@test.com,2026-02-07,active
3850,user_3850,user_3850@test.com,2025-10-18,active
3851,user_3851,user_3851@test.com,2025-08-05,active
3852,user_3852,user_3852@test.com,2025-09-12,inactive
3853,user_3853,user_3853@test.com,2026-01-26,active
3854,user_3854,user_3854@test.com,2025-06-08,active
3855,user_3855,user_3855@test.com,2025-08-21,active
3856,user_3856,user_3856@test.com,2026-02-03,active
3857,user_3857,user_3857@test.com,2026-02-10,active
3858,user_3858,user_3858@test.com,2025-12-08,active
3859,user_3859,user_3859@test.com,2025-04-26,active
3860,user_3860,user_3860@test.com,2026-01-28,active
3861,user_3861,user_3861@test.com,2025-09-22,active
3862,user_3862,user_3862@test.com,2025-05-12,active
3863,user_3863,user_3863@test.com,2025-12-28,active
3864,user_3864,user_3864@test.com,2025-08-23,active
3865,user_3865,user_3865@test.com,2025-05-21,active
3866,user_3866,user_3866@test.com,2026-01-31,active
3867,user_3867,user_3867@test.com,2025-06-27,inactive
3868,user_3868,user_3868@test.com,2025-05-06,inactive
3869,user_3869,user_3869@test.com,2025-11-24,active
3870,user_3870,user_3870@test.com,2026-02-08,active
3871,user_3871,user_3871@test.com,2025-11-23,active
3872,user_3872,user_3872@test.com,2025-11-24,active
3873,user_3873,user_3873@test.com,2025-05-06,active
3874,user_3874,user_3874@test.com,2025-04-06,inactive
3875,user_3875,user_3875@test.com,2025-10-22,active
3876,user_3876,user_3876@test.com,2025-04-26,active
3877,user_3877,user_3877@test.com,2025-11-06,active
3878,user_3878,user_3878@test.com,2026-02-06,active
3879,user_3879,user_3879@test.com,2025-04-08,active
3880,user_3880,user_3880@test.com,2025-08-17,inactive
3881,user_3881,user_3881@test.com,2025-08-16,active
3882,user_3882,user_3882@test.com,2025-12-01,inactive
3883,user_3883,user_3883@test.com,2025-06-29,active
3884,user_3884,user_3884@test.com,2025-12-30,active
3885,user_3885,user_3885@test.com,2026-01-12,active
3886,user_3886,user_3886@test.com,2025-10-17,active
3887,user_3887,user_3887@test.com,2025-10-12,active
3888,user_3888,user_3888@test.com,2026-02-05,active
3889,user_3889,user_3889@test.com,2026-02-20,active
3890,user_3890,user_3890@test.com,2025-10-22,active
3891,user_3891,user_3891@test.com,2025-08-28,inactive
3892,user_3892,user_3892@test.com,2025-05-08,active
3893,user_3893,user_3893@test.com,2025-07-30,active
3894,user_3894,user_3894@test.com,2025-07-26,active
3895,user_3895,user_3895@test.com,2026-01-26,active
3896,user_3896,user_3896@test.com,2025-04-15,active
3897,user_3897,user_3897@test.com,2025-12-10,inactive
3898,user_3898,user_3898@test.com,2026-03-16,active
3899,user_3899,user_3899@test.com,2025-12-25,inactive
3900,user_3900,user_3900@test.com,2026-01-01,active
3901,user_3901,user_3901@test.com,2025-09-25,active
3902,user_3902,user_3902@test.com,2025-07-16,active
3903,user_3903,user_3903@test.com,2025-09-03,active
3904,user_3904,user_3904@test.com,2026-01-04,active
3905,user_3905,user_3905@test.com,2025-04-27,active
3906,user_3906,user_3906@test.com,2026-03-15,active
3907,user_3907,user_3907@test.com,2025-10-13,active
3908,user_3908,user_3908@test.com,2025-09-27,active
3909,user_3909,user_3909@test.com,2026-02-20,inactive
3910,user_3910,user_3910@test.com,2025-09-17,active
3911,user_3911,user_3911@test.com,2025-06-28,active
3912,user_3912,user_3912@test.com,2025-05-11,active
3913,user_3913,user_3913@test.com,2025-07-13,active
3914,user_3914,user_3914@test.com,2025-04-24,active
3915,user_3915,user_3915@test.com,2025-09-22,active
3916,user_3916,user_3916@test.com,2025-10-16,inactive
3917,user_3917,user_3917@test.com,2025-05-25,inactive
3918,user_3918,user_3918@test.com,2025-03-31,active
3919,user_3919,user_3919@test.com,2026-01-07,active
3920,user_3920,user_3920@test.com,2025-12-20,inactive
3921,user_3921,user_3921@test.com,2025-10-09,active
3922,user_3922,user_3922@test.com,2025-10-27,active
3923,user_3923,user_3923@test.com,2025-09-23,active
3924,user_3924,user_3924@test.com,2025-07-30,active
3925,user_3925,user_3925@test.com,2025-07-12,active
3926,user_3926,user_3926@test.com,2025-08-16,active
3927,user_3927,user_3927@test.com,2025-08-24,active
3928,user_3928,user_3928@test.com,2025-08-11,inactive
3929,user_3929,user_3929@test.com,2025-09-29,active
3930,user_3930,user_3930@test.com,2025-09-05,active
3931,user_3931,user_3931@test.com,2026-03-23,active
3932,user_3932,user_3932@test.com,2025-05-07,active
3933,user_3933,user_3933@test.com,2025-12-22,active
3934,user_3934,user_3934@test.com,2025-10-26,inactive
3935,user_3935,user_3935@test.com,2026-03-25,inactive
3936,user_3936,user_3936@test.com,2025-06-05,active
3937,user_3937,user_3937@test.com,2025-09-12,active
3938,user_3938,user_3938@test.com,2025-04-16,active
3939,user_3939,user_3939@test.com,2026-03-28,active
3940,user_3940,user_3940@test.com,2026-02-15,active
3941,user_3941,user_3941@test.com,2026-01-13,active
3942,user_3942,user_3942@test.com,2026-03-22,active
3943,user_3943,user_3943@test.com,2026-02-03,active
3944,user_3944,user_3944@test.com,2026-01-06,active
3945,user_3945,user_3945@test.com,2025-04-24,active
3946,user_3946,user_3946@test.com,2025-10-06,inactive
3947,user_3947,user_3947@test.com,2025-09-06,active
3948,user_3948,user_3948@test.com,2026-02-15,inactive
3949,user_3949,user_3949@test.com,2025-08-10,active
3950,user_3950,user_3950@test.com,2025-06-05,active
3951,user_3951,user_3951@test.com,2025-04-12,active
3952,user_3952,user_3952@test.com,2025-08-17,inactive
3953,user_3953,user_3953@test.com,2026-01-02,active
3954,user_3954,user_3954@test.com,2025-09-23,active
3955,user_3955,user_3955@test.com,2025-09-26,inactive
3956,user_3956,user_3956@test.com,2025-09-14,inactive
3957,user_3957,user_3957@test.com,2025-12-15,inactive
3958,user_3958,user_3958@test.com,2025-11-12,active
3959,user_3959,user_3959@test.com,2025-07-31,active
3960,user_3960,user_3960@test.com,2026-02-17,active
3961,user_3961,user_3961@test.com,2025-06-10,active
3962,user_3962,user_3962@test.com,2026-03-15,active
3963,user_3963,user_3963@test.com,2025-04-29,active
3964,user_3964,user_3964@test.com,2025-07-27,active
3965,user_3965,user_3965@test.com,2025-11-10,inactive
3966,user_3966,user_3966@test.com,2026-03-15,active
3967,user_3967,user_3967@test.com,2025-10-22,active
3968,user_3968,user_3968@test.com,2025-06-13,active
3969,user_3969,user_3969@test.com,2025-11-21,active
3970,user_3970,user_3970@test.com,2025-09-09,active
3971,user_3971,user_3971@test.com,2026-01-25,active
3972,user_3972,user_3972@test.com,2025-11-20,active
3973,user_3973,user_3973@test.com,2025-07-21,active
3974,user_3974,user_3974@test.com,2025-11-24,active
3975,user_3975,user_3975@test.com,2025-09-21,active
3976,user_3976,user_3976@test.com,2026-01-28,active
3977,user_3977,user_3977@test.com,2025-10-29,active
3978,user_3978,user_3978@test.com,2025-08-21,inactive
3979,user_3979,user_3979@test.com,2025-06-30,inactive
3980,user_3980,user_3980@test.com,2026-03-05,active
3981,user_3981,user_3981@test.com,2025-08-03,active
3982,user_3982,user_3982@test.com,2025-09-24,inactive
3983,user_3983,user_3983@test.com,2025-04-13,active
3984,user_3984,user_3984@test.com,2025-07-07,active
3985,user_3985,user_3985@test.com,2025-11-19,active
3986,user_3986,user_3986@test.com,2026-03-11,inactive
3987,user_3987,user_3987@test.com,2025-08-26,active
3988,user_3988,user_3988@test.com,2025-12-26,active
3989,user_3989,user_3989@test.com,2025-10-13,active
3990,user_3990,user_3990@test.com,2025-03-31,active
3991,user_3991,user_3991@test.com,2025-12-30,active
3992,user_3992,user_3992@test.com,2025-12-05,active
3993,user_3993,user_3993@test.com,2026-02-19,active
3994,user_3994,user_3994@test.com,2025-05-22,active
3995,user_3995,user_3995@test.com,2025-09-15,active
3996,user_3996,user_3996@test.com,2025-08-23,active
3997,user_3997,user_3997@test.com,2025-08-18,inactive
3998,user_3998,user_3998@test.com,2026-01-10,active
3999,user_3999,user_3999@test.com,2025-04-27,inactive
4000,user_4000,user_4000@test.com,2025-11-21,active
4001,user_4001,user_4001@test.com,2025-04-08,active
4002,user_4002,user_4002@test.com,2025-04-07,inactive
4003,user_4003,user_4003@test.com,2026-01-30,active
4004,user_4004,user_4004@test.com,2026-02-09,active
4005,user_4005,user_4005@test.com,2025-06-26,inactive
4006,user_4006,user_4006@test.com,2026-03-20,active
4007,user_4007,user_4007@test.com,2025-11-02,active
4008,user_4008,user_4008@test.com,2025-08-30,active
4009,user_4009,user_4009@test.com,2025-07-17,active
4010,user_4010,user_4010@test.com,2026-03-23,active
4011,user_4011,user_4011@test.com,2025-11-04,active
4012,user_4012,user_4012@test.com,2026-02-18,active
4013,user_4013,user_4013@test.com,2025-08-28,active
4014,user_4014,user_4014@test.com,2025-10-26,active
4015,user_4015,user_4015@test.com,2025-06-04,active
4016,user_4016,user_4016@test.com,2025-07-26,inactive
4017,user_4017,user_4017@test.com,2025-06-17,active
4018,user_4018,user_4018@test.com,2025-09-17,active
4019,user_4019,user_4019@test.com,2026-01-21,active
4020,user_4020,user_4020@test.com,2025-08-02,active
4021,user_4021,user_4021@test.com,2025-12-06,active
4022,user_4022,user_4022@test.com,2025-10-18,active
4023,user_4023,user_4023@test.com,2025-11-28,active
4024,user_4024,user_4024@test.com,2025-10-20,active
4025,user_4025,user_4025@test.com,2025-05-18,active
4026,user_4026,user_4026@test.com,2025-03-30,active
4027,user_4027,user_4027@test.com,2025-11-05,active
4028,user_4028,user_4028@test.com,2026-01-12,active
4029,user_4029,user_4029@test.com,2025-11-03,active
4030,user_4030,user_4030@test.com,2025-08-08,active
4031,user_4031,user_4031@test.com,2025-11-26,active
4032,user_4032,user_4032@test.com,2026-02-24,active
4033,user_4033,user_4033@test.com,2026-03-24,active
4034,user_4034,user_4034@test.com,2026-02-27,active
4035,user_4035,user_4035@test.com,2025-12-04,inactive
4036,user_4036,user_4036@test.com,2025-07-28,active
4037,user_4037,user_4037@test.com,2025-05-17,inactive
4038,user_4038,user_4038@test.com,2025-07-02,active
4039,user_4039,user_4039@test.com,2025-08-11,active
4040,user_4040,user_4040@test.com,2025-10-19,inactive
4041,user_4041,user_4041@test.com,2025-08-22,inactive
4042,user_4042,user_4042@test.com,2026-02-04,active
4043,user_4043,user_4043@test.com,2025-05-13,inactive
4044,user_4044,user_4044@test.com,2025-07-13,active
4045,user_4045,user_4045@test.com,2025-09-05,inactive
4046,user_4046,user_4046@test.com,2025-05-27,active
4047,user_4047,user_4047@test.com,2025-10-17,active
4048,user_4048,user_4048@test.com,2025-04-12,inactive
4049,user_4049,user_4049@test.com,2025-05-21,active
4050,user_4050,user_4050@test.com,2025-05-04,active
4051,user_4051,user_4051@test.com,2025-05-13,inactive
4052,user_4052,user_4052@test.com,2025-09-13,inactive
4053,user_4053,user_4053@test.com,2025-07-03,active
4054,user_4054,user_4054@test.com,2026-01-04,active
4055,user_4055,user_4055@test.com,2025-07-16,active
4056,user_4056,user_4056@test.com,2026-03-29,active
4057,user_4057,user_4057@test.com,2025-06-25,active
4058,user_4058,user_4058@test.com,2025-06-29,active
4059,user_4059,user_4059@test.com,2025-04-08,active
4060,user_4060,user_4060@test.com,2026-03-13,inactive
4061,user_4061,user_4061@test.com,2026-02-23,active
4062,user_4062,user_4062@test.com,2026-03-17,active
4063,user_4063,user_4063@test.com,2026-02-28,active
4064,user_4064,user_4064@test.com,2025-05-23,active
4065,user_4065,user_4065@test.com,2025-05-02,inactive
4066,user_4066,user_4066@test.com,2025-08-30,active
4067,user_4067,user_4067@test.com,2025-12-05,active
4068,user_4068,user_4068@test.com,2025-06-25,active
4069,user_4069,user_4069@test.com,2025-05-10,active
4070,user_4070,user_4070@test.com,2025-06-17,inactive
4071,user_4071,user_4071@test.com,2025-09-10,active
4072,user_4072,user_4072@test.com,2025-08-16,active
4073,user_4073,user_4073@test.com,2025-08-22,active
4074,user_4074,user_4074@test.com,2025-10-19,active
4075,user_4075,user_4075@test.com,2025-10-29,active
4076,user_4076,user_4076@test.com,2025-04-05,inactive
4077,user_4077,user_4077@test.com,2025-05-16,active
4078,user_4078,user_4078@test.com,2026-03-17,active
4079,user_4079,user_4079@test.com,2025-11-16,active
4080,user_4080,user_4080@test.com,2025-04-06,active
4081,user_4081,user_4081@test.com,2025-07-19,active
4082,user_4082,user_4082@test.com,2026-01-18,active
4083,user_4083,user_4083@test.com,2025-07-29,inactive
4084,user_4084,user_4084@test.com,2026-03-27,active
4085,user_4085,user_4085@test.com,2025-12-02,active
4086,user_4086,user_4086@test.com,2025-09-25,active
4087,user_4087,user_4087@test.com,2026-01-15,active
4088,user_4088,user_4088@test.com,2026-03-21,inactive
4089,user_4089,user_4089@test.com,2025-04-11,active
4090,user_4090,user_4090@test.com,2025-04-24,active
4091,user_4091,user_4091@test.com,2025-09-26,active
4092,user_4092,user_4092@test.com,2025-08-27,active
4093,user_4093,user_4093@test.com,2025-08-02,active
4094,user_4094,user_4094@test.com,2026-02-09,active
4095,user_4095,user_4095@test.com,2025-10-19,active
4096,user_4096,user_4096@test.com,2025-04-06,inactive
4097,user_4097,user_4097@test.com,2025-04-23,active
4098,user_4098,user_4098@test.com,2026-02-27,active
4099,user_4099,user_4099@test.com,2025-04-14,active
4100,user_4100,user_4100@test.com,2025-04-26,active
4101,user_4101,user_4101@test.com,2026-01-20,inactive
4102,user_4102,user_4102@test.com,2025-10-16,active
4103,user_4103,user_4103@test.com,2025-05-17,active
4104,user_4104,user_4104@test.com,2025-05-13,active
4105,user_4105,user_4105@test.com,2026-01-15,active
4106,user_4106,user_4106@test.com,2026-02-17,active
4107,user_4107,user_4107@test.com,2026-01-22,active
4108,user_4108,user_4108@test.com,2025-12-15,active
4109,user_4109,user_4109@test.com,2025-09-13,inactive
4110,user_4110,user_4110@test.com,2025-11-25,inactive
4111,user_4111,user_4111@test.com,2025-04-11,active
4112,user_4112,user_4112@test.com,2025-08-19,active
4113,user_4113,user_4113@test.com,2025-05-04,active
4114,user_4114,user_4114@test.com,2025-05-20,active
4115,user_4115,user_4115@test.com,2025-04-02,active
4116,user_4116,user_4116@test.com,2025-10-04,active
4117,user_4117,user_4117@test.com,2025-12-25,inactive
4118,user_4118,user_4118@test.com,2025-04-17,active
4119,user_4119,user_4119@test.com,2025-08-12,active
4120,user_4120,user_4120@test.com,2025-08-18,active
4121,user_4121,user_4121@test.com,2025-09-28,active
4122,user_4122,user_4122@test.com,2025-10-01,active
4123,user_4123,user_4123@test.com,2025-10-24,active
4124,user_4124,user_4124@test.com,2026-01-09,inactive
4125,user_4125,user_4125@test.com,2025-04-30,active
4126,user_4126,user_4126@test.com,2025-09-23,active
4127,user_4127,user_4127@test.com,2025-05-10,active
4128,user_4128,user_4128@test.com,2025-11-03,active
4129,user_4129,user_4129@test.com,2025-11-20,active
4130,user_4130,user_4130@test.com,2025-09-28,active
4131,user_4131,user_4131@test.com,2026-02-21,active
4132,user_4132,user_4132@test.com,2026-02-20,active
4133,user_4133,user_4133@test.com,2025-09-08,active
4134,user_4134,user_4134@test.com,2026-01-11,active
4135,user_4135,user_4135@test.com,2025-12-26,active
4136,user_4136,user_4136@test.com,2025-11-17,active
4137,user_4137,user_4137@test.com,2026-02-05,active
4138,user_4138,user_4138@test.com,2025-12-03,active
4139,user_4139,user_4139@test.com,2025-05-08,active
4140,user_4140,user_4140@test.com,2025-08-11,active
4141,user_4141,user_4141@test.com,2026-03-10,active
4142,user_4142,user_4142@test.com,2025-07-25,active
4143,user_4143,user_4143@test.com,2026-01-14,active
4144,user_4144,user_4144@test.com,2025-10-20,active
4145,user_4145,user_4145@test.com,2026-01-12,active
4146,user_4146,user_4146@test.com,2025-04-03,active
4147,user_4147,user_4147@test.com,2025-07-25,active
4148,user_4148,user_4148@test.com,2026-01-28,active
4149,user_4149,user_4149@test.com,2026-03-08,active
4150,user_4150,user_4150@test.com,2025-12-28,active
4151,user_4151,user_4151@test.com,2025-12-29,active
4152,user_4152,user_4152@test.com,2025-07-09,active
4153,user_4153,user_4153@test.com,2026-02-28,active
4154,user_4154,user_4154@test.com,2026-01-30,inactive
4155,user_4155,user_4155@test.com,2025-11-27,active
4156,user_4156,user_4156@test.com,2025-05-30,active
4157,user_4157,user_4157@test.com,2026-03-14,active
4158,user_4158,user_4158@test.com,2025-11-02,active
4159,user_4159,user_4159@test.com,2025-11-26,active
4160,user_4160,user_4160@test.com,2025-10-07,active
4161,user_4161,user_4161@test.com,2025-05-11,active
4162,user_4162,user_4162@test.com,2026-01-26,active
4163,user_4163,user_4163@test.com,2025-07-10,active
4164,user_4164,user_4164@test.com,2026-02-15,active
4165,user_4165,user_4165@test.com,2025-05-06,active
4166,user_4166,user_4166@test.com,2025-04-14,active
4167,user_4167,user_4167@test.com,2025-10-07,active
4168,user_4168,user_4168@test.com,2025-04-24,active
4169,user_4169,user_4169@test.com,2025-08-23,active
4170,user_4170,user_4170@test.com,2025-11-10,active
4171,user_4171,user_4171@test.com,2025-10-29,active
4172,user_4172,user_4172@test.com,2025-07-16,active
4173,user_4173,user_4173@test.com,2025-08-09,inactive
4174,user_4174,user_4174@test.com,2025-05-08,active
4175,user_4175,user_4175@test.com,2025-07-18,active
4176,user_4176,user_4176@test.com,2026-02-07,active
4177,user_4177,user_4177@test.com,2025-06-21,active
4178,user_4178,user_4178@test.com,2025-08-22,active
4179,user_4179,user_4179@test.com,2026-03-06,active
4180,user_4180,user_4180@test.com,2025-05-31,active
4181,user_4181,user_4181@test.com,2025-08-21,active
4182,user_4182,user_4182@test.com,2025-12-11,active
4183,user_4183,user_4183@test.com,2025-12-25,active
4184,user_4184,user_4184@test.com,2025-05-31,active
4185,user_4185,user_4185@test.com,2025-08-25,active
4186,user_4186,user_4186@test.com,2025-04-15,inactive
4187,user_4187,user_4187@test.com,2025-05-09,active
4188,user_4188,user_4188@test.com,2025-07-20,active
4189,user_4189,user_4189@test.com,2026-03-16,active
4190,user_4190,user_4190@test.com,2026-03-05,inactive
4191,user_4191,user_4191@test.com,2025-12-14,active
4192,user_4192,user_4192@test.com,2025-12-26,active
4193,user_4193,user_4193@test.com,2026-01-12,active
4194,user_4194,user_4194@test.com,2025-08-10,active
4195,user_4195,user_4195@test.com,2025-04-26,inactive
4196,user_4196,user_4196@test.com,2026-02-18,active
4197,user_4197,user_4197@test.com,2025-10-22,inactive
4198,user_4198,user_4198@test.com,2025-04-18,active
4199,user_4199,user_4199@test.com,2025-10-17,active
4200,user_4200,user_4200@test.com,2025-12-20,inactive
4201,user_4201,user_4201@test.com,2025-08-17,inactive
4202,user_4202,user_4202@test.com,2025-08-19,active
4203,user_4203,user_4203@test.com,2026-02-28,inactive
4204,user_4204,user_4204@test.com,2025-11-17,active
4205,user_4205,user_4205@test.com,2025-12-07,active
4206,user_4206,user_4206@test.com,2025-09-20,active
4207,user_4207,user_4207@test.com,2025-05-27,active
4208,user_4208,user_4208@test.com,2025-07-02,active
4209,user_4209,user_4209@test.com,2025-10-13,active
4210,user_4210,user_4210@test.com,2025-06-20,active
4211,user_4211,user_4211@test.com,2025-04-25,active
4212,user_4212,user_4212@test.com,2025-07-10,active
4213,user_4213,user_4213@test.com,2025-11-24,active
4214,user_4214,user_4214@test.com,2025-09-27,active
4215,user_4215,user_4215@test.com,2025-10-01,active
4216,user_4216,user_4216@test.com,2025-05-18,active
4217,user_4217,user_4217@test.com,2025-09-12,active
4218,user_4218,user_4218@test.com,2025-12-26,active
4219,user_4219,user_4219@test.com,2026-03-24,active
4220,user_4220,user_4220@test.com,2026-02-06,inactive
4221,user_4221,user_4221@test.com,2025-12-30,active
4222,user_4222,user_4222@test.com,2026-03-08,active
4223,user_4223,user_4223@test.com,2025-08-29,active
4224,user_4224,user_4224@test.com,2025-05-04,active
4225,user_4225,user_4225@test.com,2025-05-04,active
4226,user_4226,user_4226@test.com,2026-03-28,active
4227,user_4227,user_4227@test.com,2026-03-01,active
4228,user_4228,user_4228@test.com,2026-01-15,inactive
4229,user_4229,user_4229@test.com,2025-08-27,active
4230,user_4230,user_4230@test.com,2025-07-05,inactive
4231,user_4231,user_4231@test.com,2025-09-15,active
4232,user_4232,user_4232@test.com,2025-07-10,active
4233,user_4233,user_4233@test.com,2025-12-07,inactive
4234,user_4234,user_4234@test.com,2025-12-09,active
4235,user_4235,user_4235@test.com,2026-01-15,inactive
4236,user_4236,user_4236@test.com,2025-04-21,inactive
4237,user_4237,user_4237@test.com,2025-08-12,inactive
4238,user_4238,user_4238@test.com,2026-02-19,inactive
4239,user_4239,user_4239@test.com,2025-08-23,active
4240,user_4240,user_4240@test.com,2025-05-01,active
4241,user_4241,user_4241@test.com,2025-06-20,active
4242,user_4242,user_4242@test.com,2025-04-13,active
4243,user_4243,user_4243@test.com,2025-08-15,active
4244,user_4244,user_4244@test.com,2026-01-03,active
4245,user_4245,user_4245@test.com,2025-06-07,active
4246,user_4246,user_4246@test.com,2026-01-04,active
4247,user_4247,user_4247@test.com,2025-09-07,active
4248,user_4248,user_4248@test.com,2025-08-13,active
4249,user_4249,user_4249@test.com,2025-10-12,active
4250,user_4250,user_4250@test.com,2025-04-04,active
4251,user_4251,user_4251@test.com,2025-09-06,active
4252,user_4252,user_4252@test.com,2025-09-06,active
4253,user_4253,user_4253@test.com,2026-03-24,inactive
4254,user_4254,user_4254@test.com,2025-08-25,active
4255,user_4255,user_4255@test.com,2026-03-12,active
4256,user_4256,user_4256@test.com,2025-10-19,active
4257,user_4257,user_4257@test.com,2025-04-19,active
4258,user_4258,user_4258@test.com,2025-11-03,active
4259,user_4259,user_4259@test.com,2025-10-24,active
4260,user_4260,user_4260@test.com,2026-03-12,active
4261,user_4261,user_4261@test.com,2025-04-02,inactive
4262,user_4262,user_4262@test.com,2025-05-31,active
4263,user_4263,user_4263@test.com,2026-02-15,active
4264,user_4264,user_4264@test.com,2026-03-22,active
4265,user_4265,user_4265@test.com,2025-12-17,active
4266,user_4266,user_4266@test.com,2026-01-26,active
4267,user_4267,user_4267@test.com,2025-06-24,active
4268,user_4268,user_4268@test.com,2025-10-03,active
4269,user_4269,user_4269@test.com,2025-04-14,active
4270,user_4270,user_4270@test.com,2026-03-17,active
4271,user_4271,user_4271@test.com,2026-02-17,inactive
4272,user_4272,user_4272@test.com,2025-08-15,active
4273,user_4273,user_4273@test.com,2025-07-24,active
4274,user_4274,user_4274@test.com,2025-08-26,active
4275,user_4275,user_4275@test.com,2025-10-03,inactive
4276,user_4276,user_4276@test.com,2025-08-28,active
4277,user_4277,user_4277@test.com,2025-09-21,active
4278,user_4278,user_4278@test.com,2025-06-21,active
4279,user_4279,user_4279@test.com,2025-08-16,active
4280,user_4280,user_4280@test.com,2025-05-22,active
4281,user_4281,user_4281@test.com,2025-10-14,active
4282,user_4282,user_4282@test.com,2025-06-20,inactive
4283,user_4283,user_4283@test.com,2025-06-09,active
4284,user_4284,user_4284@test.com,2025-11-30,active
4285,user_4285,user_4285@test.com,2025-11-27,active
4286,user_4286,user_4286@test.com,2025-12-29,active
4287,user_4287,user_4287@test.com,2025-09-19,active
4288,user_4288,user_4288@test.com,2025-10-29,active
4289,user_4289,user_4289@test.com,2025-08-30,active
4290,user_4290,user_4290@test.com,2025-07-09,active
4291,user_4291,user_4291@test.com,2025-10-12,active
4292,user_4292,user_4292@test.com,2026-02-01,inactive
4293,user_4293,user_4293@test.com,2025-07-01,active
4294,user_4294,user_4294@test.com,2025-05-29,active
4295,user_4295,user_4295@test.com,2025-12-06,active
4296,user_4296,user_4296@test.com,2026-02-08,inactive
4297,user_4297,user_4297@test.com,2025-06-24,active
4298,user_4298,user_4298@test.com,2025-11-27,inactive
4299,user_4299,user_4299@test.com,2026-03-16,active
4300,user_4300,user_4300@test.com,2026-02-25,inactive
4301,user_4301,user_4301@test.com,2025-10-02,active
4302,user_4302,user_4302@test.com,2025-09-09,active
4303,user_4303,user_4303@test.com,2026-01-13,active
4304,user_4304,user_4304@test.com,2025-09-09,active
4305,user_4305,user_4305@test.com,2025-07-12,active
4306,user_4306,user_4306@test.com,2025-07-03,active
4307,user_4307,user_4307@test.com,2025-09-12,inactive
4308,user_4308,user_4308@test.com,2026-01-09,active
4309,user_4309,user_4309@test.com,2026-03-16,active
4310,user_4310,user_4310@test.com,2025-04-03,active
4311,user_4311,user_4311@test.com,2025-04-07,active
4312,user_4312,user_4312@test.com,2025-08-17,active
4313,user_4313,user_4313@test.com,2025-04-02,active
4314,user_4314,user_4314@test.com,2025-09-20,active
4315,user_4315,user_4315@test.com,2025-12-15,active
4316,user_4316,user_4316@test.com,2025-04-11,active
4317,user_4317,user_4317@test.com,2025-09-04,active
4318,user_4318,user_4318@test.com,2025-06-18,inactive
4319,user_4319,user_4319@test.com,2025-04-08,active
4320,user_4320,user_4320@test.com,2025-04-29,active
4321,user_4321,user_4321@test.com,2025-04-12,active
4322,user_4322,user_4322@test.com,2025-08-28,active
4323,user_4323,user_4323@test.com,2026-03-07,active
4324,user_4324,user_4324@test.com,2025-12-28,active
4325,user_4325,user_4325@test.com,2025-09-21,active
4326,user_4326,user_4326@test.com,2025-06-19,active
4327,user_4327,user_4327@test.com,2025-11-19,inactive
4328,user_4328,user_4328@test.com,2026-01-12,active
4329,user_4329,user_4329@test.com,2025-09-13,active
4330,user_4330,user_4330@test.com,2025-08-18,active
4331,user_4331,user_4331@test.com,2025-11-29,inactive
4332,user_4332,user_4332@test.com,2025-09-16,active
4333,user_4333,user_4333@test.com,2025-08-11,active
4334,user_4334,user_4334@test.com,2026-03-11,active
4335,user_4335,user_4335@test.com,2025-04-23,active
4336,user_4336,user_4336@test.com,2025-11-07,active
4337,user_4337,user_4337@test.com,2025-07-07,active
4338,user_4338,user_4338@test.com,2025-07-23,active
4339,user_4339,user_4339@test.com,2025-11-04,inactive
4340,user_4340,user_4340@test.com,2025-06-15,active
4341,user_4341,user_4341@test.com,2025-11-30,active
4342,user_4342,user_4342@test.com,2025-08-26,inactive
4343,user_4343,user_4343@test.com,2025-10-30,active
4344,user_4344,user_4344@test.com,2025-10-20,active
4345,user_4345,user_4345@test.com,2025-04-15,active
4346,user_4346,user_4346@test.com,2025-12-16,active
4347,user_4347,user_4347@test.com,2025-08-12,active
4348,user_4348,user_4348@test.com,2026-02-02,inactive
4349,user_4349,user_4349@test.com,2025-04-13,active
4350,user_4350,user_4350@test.com,2025-05-27,active
4351,user_4351,user_4351@test.com,2025-07-15,inactive
4352,user_4352,user_4352@test.com,2026-02-14,active
4353,user_4353,user_4353@test.com,2025-05-17,active
4354,user_4354,user_4354@test.com,2026-03-01,active
4355,user_4355,user_4355@test.com,2025-07-24,active
4356,user_4356,user_4356@test.com,2025-08-21,active
4357,user_4357,user_4357@test.com,2025-10-08,active
4358,user_4358,user_4358@test.com,2025-07-04,active
4359,user_4359,user_4359@test.com,2025-07-05,active
4360,user_4360,user_4360@test.com,2026-03-09,active
4361,user_4361,user_4361@test.com,2025-12-03,active
4362,user_4362,user_4362@test.com,2025-06-30,active
4363,user_4363,user_4363@test.com,2025-04-21,active
4364,user_4364,user_4364@test.com,2026-03-22,inactive
4365,user_4365,user_4365@test.com,2025-07-04,active
4366,user_4366,user_4366@test.com,2025-04-26,active
4367,user_4367,user_4367@test.com,2025-08-19,active
4368,user_4368,user_4368@test.com,2025-09-22,inactive
4369,user_4369,user_4369@test.com,2025-10-27,active
4370,user_4370,user_4370@test.com,2025-06-11,active
4371,user_4371,user_4371@test.com,2026-03-14,active
4372,user_4372,user_4372@test.com,2025-08-15,active
4373,user_4373,user_4373@test.com,2026-02-08,inactive
4374,user_4374,user_4374@test.com,2026-03-15,inactive
4375,user_4375,user_4375@test.com,2025-03-31,active
4376,user_4376,user_4376@test.com,2025-09-20,active
4377,user_4377,user_4377@test.com,2025-04-20,inactive
4378,user_4378,user_4378@test.com,2025-12-08,active
4379,user_4379,user_4379@test.com,2026-02-17,inactive
4380,user_4380,user_4380@test.com,2025-09-14,active
4381,user_4381,user_4381@test.com,2026-01-04,active
4382,user_4382,user_4382@test.com,2026-02-08,inactive
4383,user_4383,user_4383@test.com,2025-09-17,inactive
4384,user_4384,user_4384@test.com,2025-05-16,inactive
4385,user_4385,user_4385@test.com,2026-01-20,inactive
4386,user_4386,user_4386@test.com,2025-06-10,active
4387,user_4387,user_4387@test.com,2026-02-04,active
4388,user_4388,user_4388@test.com,2025-05-03,active
4389,user_4389,user_4389@test.com,2026-03-26,active
4390,user_4390,user_4390@test.com,2025-04-16,active
4391,user_4391,user_4391@test.com,2025-09-30,active
4392,user_4392,user_4392@test.com,2025-05-13,inactive
4393,user_4393,user_4393@test.com,2025-11-25,active
4394,user_4394,user_4394@test.com,2025-08-13,active
4395,user_4395,user_4395@test.com,2026-02-12,active
4396,user_4396,user_4396@test.com,2025-12-06,active
4397,user_4397,user_4397@test.com,2025-06-19,active
4398,user_4398,user_4398@test.com,2025-09-04,active
4399,user_4399,user_4399@test.com,2025-10-19,inactive
4400,user_4400,user_4400@test.com,2026-03-29,active
4401,user_4401,user_4401@test.com,2025-05-13,active
4402,user_4402,user_4402@test.com,2025-08-01,active
4403,user_4403,user_4403@test.com,2025-04-04,active
4404,user_4404,user_4404@test.com,2025-11-18,active
4405,user_4405,user_4405@test.com,2026-01-13,active
4406,user_4406,user_4406@test.com,2025-10-31,inactive
4407,user_4407,user_4407@test.com,2026-01-04,active
4408,user_4408,user_4408@test.com,2025-07-09,active
4409,user_4409,user_4409@test.com,2026-03-07,inactive
4410,user_4410,user_4410@test.com,2025-08-21,active
4411,user_4411,user_4411@test.com,2025-11-10,active
4412,user_4412,user_4412@test.com,2025-08-10,inactive
4413,user_4413,user_4413@test.com,2026-02-15,active
4414,user_4414,user_4414@test.com,2025-05-29,active
4415,user_4415,user_4415@test.com,2025-04-07,active
4416,user_4416,user_4416@test.com,2025-10-01,active
4417,user_4417,user_4417@test.com,2026-03-22,active
4418,user_4418,user_4418@test.com,2025-12-23,active
4419,user_4419,user_4419@test.com,2025-07-13,active
4420,user_4420,user_4420@test.com,2025-11-17,active
4421,user_4421,user_4421@test.com,2025-11-28,active
4422,user_4422,user_4422@test.com,2025-07-10,active
4423,user_4423,user_4423@test.com,2025-12-13,active
4424,user_4424,user_4424@test.com,2025-12-22,active
4425,user_4425,user_4425@test.com,2025-10-10,active
4426,user_4426,user_4426@test.com,2025-09-19,active
4427,user_4427,user_4427@test.com,2025-07-18,active
4428,user_4428,user_4428@test.com,2026-02-15,active
4429,user_4429,user_4429@test.com,2025-10-30,inactive
4430,user_4430,user_4430@test.com,2026-03-26,active
4431,user_4431,user_4431@test.com,2025-06-05,active
4432,user_4432,user_4432@test.com,2026-01-05,active
4433,user_4433,user_4433@test.com,2025-09-09,inactive
4434,user_4434,user_4434@test.com,2026-03-12,active
4435,user_4435,user_4435@test.com,2025-06-01,active
4436,user_4436,user_4436@test.com,2025-04-02,active
4437,user_4437,user_4437@test.com,2025-09-01,active
4438,user_4438,user_4438@test.com,2025-09-12,active
4439,user_4439,user_4439@test.com,2025-07-26,inactive
4440,user_4440,user_4440@test.com,2025-11-06,active
4441,user_4441,user_4441@test.com,2025-05-23,inactive
4442,user_4442,user_4442@test.com,2025-12-22,active
4443,user_4443,user_4443@test.com,2025-07-30,active
4444,user_4444,user_4444@test.com,2025-07-31,active
4445,user_4445,user_4445@test.com,2026-03-23,inactive
4446,user_4446,user_4446@test.com,2025-11-07,inactive
4447,user_4447,user_4447@test.com,2025-05-04,active
4448,user_4448,user_4448@test.com,2025-08-07,active
4449,user_4449,user_4449@test.com,2026-03-10,inactive
4450,user_4450,user_4450@test.com,2025-08-28,active
4451,user_4451,user_4451@test.com,2025-04-19,active
4452,user_4452,user_4452@test.com,2025-10-17,active
4453,user_4453,user_4453@test.com,2026-03-17,active
4454,user_4454,user_4454@test.com,2026-02-24,inactive
4455,user_4455,user_4455@test.com,2025-05-07,active
4456,user_4456,user_4456@test.com,2026-01-30,active
4457,user_4457,user_4457@test.com,2025-06-21,active
4458,user_4458,user_4458@test.com,2025-11-04,active
4459,user_4459,user_4459@test.com,2025-08-09,active
4460,user_4460,user_4460@test.com,2025-10-22,active
4461,user_4461,user_4461@test.com,2025-05-20,active
4462,user_4462,user_4462@test.com,2025-05-30,active
4463,user_4463,user_4463@test.com,2025-11-04,active
4464,user_4464,user_4464@test.com,2025-12-24,active
4465,user_4465,user_4465@test.com,2025-10-05,active
4466,user_4466,user_4466@test.com,2026-01-27,inactive
4467,user_4467,user_4467@test.com,2025-06-27,active
4468,user_4468,user_4468@test.com,2025-06-01,active
4469,user_4469,user_4469@test.com,2025-07-06,active
4470,user_4470,user_4470@test.com,2026-02-10,active
4471,user_4471,user_4471@test.com,2026-02-01,active
4472,user_4472,user_4472@test.com,2026-02-03,inactive
4473,user_4473,user_4473@test.com,2025-12-10,active
4474,user_4474,user_4474@test.com,2025-05-01,active
4475,user_4475,user_4475@test.com,2025-11-12,active
4476,user_4476,user_4476@test.com,2025-11-09,active
4477,user_4477,user_4477@test.com,2025-10-26,inactive
4478,user_4478,user_4478@test.com,2025-12-26,active
4479,user_4479,user_4479@test.com,2025-11-04,inactive
4480,user_4480,user_4480@test.com,2025-07-11,active
4481,user_4481,user_4481@test.com,2025-12-30,active
4482,user_4482,user_4482@test.com,2026-03-17,active
4483,user_4483,user_4483@test.com,2025-07-07,active
4484,user_4484,user_4484@test.com,2025-11-09,active
4485,user_4485,user_4485@test.com,2026-03-13,active
4486,user_4486,user_4486@test.com,2025-07-31,active
4487,user_4487,user_4487@test.com,2025-12-02,active
4488,user_4488,user_4488@test.com,2025-11-03,active
4489,user_4489,user_4489@test.com,2025-10-31,active
4490,user_4490,user_4490@test.com,2026-02-20,active
4491,user_4491,user_4491@test.com,2026-01-19,active
4492,user_4492,user_4492@test.com,2025-09-13,active
4493,user_4493,user_4493@test.com,2026-03-20,active
4494,user_4494,user_4494@test.com,2025-09-02,active
4495,user_4495,user_4495@test.com,2025-04-16,active
4496,user_4496,user_4496@test.com,2025-08-09,active
4497,user_4497,user_4497@test.com,2025-09-16,inactive
4498,user_4498,user_4498@test.com,2025-12-09,active
4499,user_4499,user_4499@test.com,2025-05-02,inactive
4500,user_4500,user_4500@test.com,2025-12-29,active
4501,user_4501,user_4501@test.com,2025-10-02,active
4502,user_4502,user_4502@test.com,2025-04-22,active
4503,user_4503,user_4503@test.com,2025-08-17,active
4504,user_4504,user_4504@test.com,2026-01-30,active
4505,user_4505,user_4505@test.com,2025-04-14,active
4506,user_4506,user_4506@test.com,2026-01-09,active
4507,user_4507,user_4507@test.com,2025-12-19,active
4508,user_4508,user_4508@test.com,2025-05-12,active
4509,user_4509,user_4509@test.com,2025-07-20,active
4510,user_4510,user_4510@test.com,2025-06-15,active
4511,user_4511,user_4511@test.com,2025-11-26,active
4512,user_4512,user_4512@test.com,2026-03-19,active
4513,user_4513,user_4513@test.com,2025-09-26,active
4514,user_4514,user_4514@test.com,2025-06-12,active
4515,user_4515,user_4515@test.com,2025-04-11,active
4516,user_4516,user_4516@test.com,2026-03-15,active
4517,user_4517,user_4517@test.com,2025-04-07,inactive
4518,user_4518,user_4518@test.com,2025-11-13,inactive
4519,user_4519,user_4519@test.com,2025-12-22,inactive
4520,user_4520,user_4520@test.com,2025-12-30,active
4521,user_4521,user_4521@test.com,2026-03-18,active
4522,user_4522,user_4522@test.com,2026-03-12,inactive
4523,user_4523,user_4523@test.com,2026-02-20,inactive
4524,user_4524,user_4524@test.com,2025-08-24,active
4525,user_4525,user_4525@test.com,2025-10-27,inactive
4526,user_4526,user_4526@test.com,2025-06-30,active
4527,user_4527,user_4527@test.com,2025-06-24,active
4528,user_4528,user_4528@test.com,2025-09-26,inactive
4529,user_4529,user_4529@test.com,2025-07-18,active
4530,user_4530,user_4530@test.com,2026-01-28,active
4531,user_4531,user_4531@test.com,2025-12-31,active
4532,user_4532,user_4532@test.com,2025-12-18,active
4533,user_4533,user_4533@test.com,2025-04-12,active
4534,user_4534,user_4534@test.com,2025-11-08,active
4535,user_4535,user_4535@test.com,2025-08-12,active
4536,user_4536,user_4536@test.com,2025-06-10,active
4537,user_4537,user_4537@test.com,2025-10-05,active
4538,user_4538,user_4538@test.com,2026-03-07,active
4539,user_4539,user_4539@test.com,2025-05-05,active
4540,user_4540,user_4540@test.com,2025-03-30,active
4541,user_4541,user_4541@test.com,2025-08-15,active
4542,user_4542,user_4542@test.com,2025-05-20,active
4543,user_4543,user_4543@test.com,2025-05-17,active
4544,user_4544,user_4544@test.com,2025-10-16,active
4545,user_4545,user_4545@test.com,2025-04-18,active
4546,user_4546,user_4546@test.com,2025-05-11,active
4547,user_4547,user_4547@test.com,2025-12-25,active
4548,user_4548,user_4548@test.com,2025-09-14,inactive
4549,user_4549,user_4549@test.com,2025-04-30,active
4550,user_4550,user_4550@test.com,2025-04-26,active
4551,user_4551,user_4551@test.com,2025-10-27,active
4552,user_4552,user_4552@test.com,2025-11-19,active
4553,user_4553,user_4553@test.com,2025-08-13,active
4554,user_4554,user_4554@test.com,2025-05-24,inactive
4555,user_4555,user_4555@test.com,2025-12-17,inactive
4556,user_4556,user_4556@test.com,2026-03-08,active
4557,user_4557,user_4557@test.com,2025-07-25,active
4558,user_4558,user_4558@test.com,2025-09-26,active
4559,user_4559,user_4559@test.com,2025-11-18,active
4560,user_4560,user_4560@test.com,2025-12-17,inactive
4561,user_4561,user_4561@test.com,2025-08-31,active
4562,user_4562,user_4562@test.com,2025-06-08,active
4563,user_4563,user_4563@test.com,2025-12-30,active
4564,user_4564,user_4564@test.com,2025-08-16,active
4565,user_4565,user_4565@test.com,2025-06-13,active
4566,user_4566,user_4566@test.com,2026-02-12,active
4567,user_4567,user_4567@test.com,2025-07-06,active
4568,user_4568,user_4568@test.com,2025-04-16,active
4569,user_4569,user_4569@test.com,2025-05-12,active
4570,user_4570,user_4570@test.com,2026-01-10,active
4571,user_4571,user_4571@test.com,2025-06-19,active
4572,user_4572,user_4572@test.com,2026-01-20,active
4573,user_4573,user_4573@test.com,2025-07-26,active
4574,user_4574,user_4574@test.com,2025-07-12,active
4575,user_4575,user_4575@test.com,2025-09-12,active
4576,user_4576,user_4576@test.com,2025-12-27,inactive
4577,user_4577,user_4577@test.com,2025-09-11,inactive
4578,user_4578,user_4578@test.com,2026-01-07,active
4579,user_4579,user_4579@test.com,2025-09-04,active
4580,user_4580,user_4580@test.com,2026-03-19,active
4581,user_4581,user_4581@test.com,2026-02-18,active
4582,user_4582,user_4582@test.com,2026-03-22,inactive
4583,user_4583,user_4583@test.com,2025-12-31,active
4584,user_4584,user_4584@test.com,2025-08-15,active
4585,user_4585,user_4585@test.com,2025-05-06,active
4586,user_4586,user_4586@test.com,2025-08-28,active
4587,user_4587,user_4587@test.com,2025-07-31,active
4588,user_4588,user_4588@test.com,2025-11-17,active
4589,user_4589,user_4589@test.com,2025-12-19,inactive
4590,user_4590,user_4590@test.com,2025-06-07,active
4591,user_4591,user_4591@test.com,2025-11-02,inactive
4592,user_4592,user_4592@test.com,2025-09-20,active
4593,user_4593,user_4593@test.com,2025-05-15,active
4594,user_4594,user_4594@test.com,2025-12-05,active
4595,user_4595,user_4595@test.com,2025-05-08,active
4596,user_4596,user_4596@test.com,2025-07-22,active
4597,user_4597,user_4597@test.com,2025-10-01,active
4598,user_4598,user_4598@test.com,2025-04-09,active
4599,user_4599,user_4599@test.com,2025-12-20,active
4600,user_4600,user_4600@test.com,2025-06-10,active
4601,user_4601,user_4601@test.com,2026-01-29,active
4602,user_4602,user_4602@test.com,2025-07-10,active
4603,user_4603,user_4603@test.com,2026-03-28,active
4604,user_4604,user_4604@test.com,2025-06-26,inactive
4605,user_4605,user_4605@test.com,2025-12-12,active
4606,user_4606,user_4606@test.com,2026-02-01,active
4607,user_4607,user_4607@test.com,2025-08-06,active
4608,user_4608,user_4608@test.com,2026-03-16,active
4609,user_4609,user_4609@test.com,2025-09-11,inactive
4610,user_4610,user_4610@test.com,2026-01-09,active
4611,user_4611,user_4611@test.com,2025-04-21,active
4612,user_4612,user_4612@test.com,2025-05-23,active
4613,user_4613,user_4613@test.com,2025-10-17,inactive
4614,user_4614,user_4614@test.com,2025-12-07,inactive
4615,user_4615,user_4615@test.com,2026-02-05,inactive
4616,user_4616,user_4616@test.com,2025-12-01,active
4617,user_4617,user_4617@test.com,2025-12-10,inactive
4618,user_4618,user_4618@test.com,2025-06-12,active
4619,user_4619,user_4619@test.com,2026-01-03,active
4620,user_4620,user_4620@test.com,2025-12-30,active
4621,user_4621,user_4621@test.com,2025-04-02,active
4622,user_4622,user_4622@test.com,2025-04-09,active
4623,user_4623,user_4623@test.com,2025-11-01,active
4624,user_4624,user_4624@test.com,2025-12-08,active
4625,user_4625,user_4625@test.com,2025-10-09,active
4626,user_4626,user_4626@test.com,2026-03-23,active
4627,user_4627,user_4627@test.com,2026-02-23,active
4628,user_4628,user_4628@test.com,2025-10-03,inactive
4629,user_4629,user_4629@test.com,2025-05-28,active
4630,user_4630,user_4630@test.com,2025-04-24,active
4631,user_4631,user_4631@test.com,2025-04-03,active
4632,user_4632,user_4632@test.com,2025-06-17,active
4633,user_4633,user_4633@test.com,2025-10-08,active
4634,user_4634,user_4634@test.com,2025-11-19,inactive
4635,user_4635,user_4635@test.com,2026-01-26,active
4636,user_4636,user_4636@test.com,2025-09-03,active
4637,user_4637,user_4637@test.com,2025-11-29,active
4638,user_4638,user_4638@test.com,2025-09-18,inactive
4639,user_4639,user_4639@test.com,2025-07-25,active
4640,user_4640,user_4640@test.com,2025-07-13,active
4641,user_4641,user_4641@test.com,2026-02-03,active
4642,user_4642,user_4642@test.com,2025-12-25,active
4643,user_4643,user_4643@test.com,2025-10-25,active
4644,user_4644,user_4644@test.com,2025-09-04,active
4645,user_4645,user_4645@test.com,2025-08-08,active
4646,user_4646,user_4646@test.com,2025-04-20,active
4647,user_4647,user_4647@test.com,2026-02-25,active
4648,user_4648,user_4648@test.com,2025-11-11,active
4649,user_4649,user_4649@test.com,2025-12-24,active
4650,user_4650,user_4650@test.com,2026-02-18,active
4651,user_4651,user_4651@test.com,2025-06-12,inactive
4652,user_4652,user_4652@test.com,2025-08-02,active
4653,user_4653,user_4653@test.com,2025-06-29,active
4654,user_4654,user_4654@test.com,2025-03-30,active
4655,user_4655,user_4655@test.com,2025-07-02,active
4656,user_4656,user_4656@test.com,2025-04-11,active
4657,user_4657,user_4657@test.com,2026-01-20,active
4658,user_4658,user_4658@test.com,2026-01-20,inactive
4659,user_4659,user_4659@test.com,2026-01-22,active
4660,user_4660,user_4660@test.com,2025-12-19,active
4661,user_4661,user_4661@test.com,2025-04-12,active
4662,user_4662,user_4662@test.com,2025-09-16,inactive
4663,user_4663,user_4663@test.com,2025-07-09,active
4664,user_4664,user_4664@test.com,2025-04-05,inactive
4665,user_4665,user_4665@test.com,2025-05-06,active
4666,user_4666,user_4666@test.com,2025-07-02,inactive
4667,user_4667,user_4667@test.com,2026-01-14,active
4668,user_4668,user_4668@test.com,2026-02-20,inactive
4669,user_4669,user_4669@test.com,2025-04-16,inactive
4670,user_4670,user_4670@test.com,2025-10-23,active
4671,user_4671,user_4671@test.com,2025-12-23,inactive
4672,user_4672,user_4672@test.com,2025-12-26,inactive
4673,user_4673,user_4673@test.com,2025-09-17,active
4674,user_4674,user_4674@test.com,2025-11-13,active
4675,user_4675,user_4675@test.com,2025-05-31,active
4676,user_4676,user_4676@test.com,2025-09-30,active
4677,user_4677,user_4677@test.com,2025-07-29,inactive
4678,user_4678,user_4678@test.com,2025-04-07,active
4679,user_4679,user_4679@test.com,2025-11-20,active
4680,user_4680,user_4680@test.com,2025-07-28,inactive
4681,user_4681,user_4681@test.com,2025-10-19,active
4682,user_4682,user_4682@test.com,2026-01-14,inactive
4683,user_4683,user_4683@test.com,2026-02-22,active
4684,user_4684,user_4684@test.com,2026-03-17,active
4685,user_4685,user_4685@test.com,2025-11-10,inactive
4686,user_4686,user_4686@test.com,2025-10-08,active
4687,user_4687,user_4687@test.com,2025-11-29,inactive
4688,user_4688,user_4688@test.com,2025-12-11,active
4689,user_4689,user_4689@test.com,2026-03-12,active
4690,user_4690,user_4690@test.com,2026-01-24,active
4691,user_4691,user_4691@test.com,2026-01-19,active
4692,user_4692,user_4692@test.com,2025-11-26,active
4693,user_4693,user_4693@test.com,2025-07-21,active
4694,user_4694,user_4694@test.com,2025-11-03,active
4695,user_4695,user_4695@test.com,2025-09-15,active
4696,user_4696,user_4696@test.com,2025-07-03,active
4697,user_4697,user_4697@test.com,2025-06-30,inactive
4698,user_4698,user_4698@test.com,2025-05-17,active
4699,user_4699,user_4699@test.com,2025-11-13,active
4700,user_4700,user_4700@test.com,2025-04-15,active
4701,user_4701,user_4701@test.com,2025-06-18,active
4702,user_4702,user_4702@test.com,2025-06-05,active
4703,user_4703,user_4703@test.com,2025-09-16,active
4704,user_4704,user_4704@test.com,2026-02-07,active
4705,user_4705,user_4705@test.com,2025-04-05,active
4706,user_4706,user_4706@test.com,2025-09-26,active
4707,user_4707,user_4707@test.com,2025-06-16,active
4708,user_4708,user_4708@test.com,2025-08-09,inactive
4709,user_4709,user_4709@test.com,2026-02-18,active
4710,user_4710,user_4710@test.com,2026-01-13,inactive
4711,user_4711,user_4711@test.com,2025-09-06,active
4712,user_4712,user_4712@test.com,2025-11-15,inactive
4713,user_4713,user_4713@test.com,2025-04-19,active
4714,user_4714,user_4714@test.com,2025-12-16,active
4715,user_4715,user_4715@test.com,2025-06-16,active
4716,user_4716,user_4716@test.com,2025-05-10,active
4717,user_4717,user_4717@test.com,2025-08-30,active
4718,user_4718,user_4718@test.com,2025-11-22,active
4719,user_4719,user_4719@test.com,2025-04-18,active
4720,user_4720,user_4720@test.com,2025-10-28,active
4721,user_4721,user_4721@test.com,2025-09-18,active
4722,user_4722,user_4722@test.com,2025-12-04,active
4723,user_4723,user_4723@test.com,2025-05-26,active
4724,user_4724,user_4724@test.com,2026-01-06,active
4725,user_4725,user_4725@test.com,2025-12-07,active
4726,user_4726,user_4726@test.com,2025-06-07,inactive
4727,user_4727,user_4727@test.com,2026-02-05,inactive
4728,user_4728,user_4728@test.com,2026-03-24,active
4729,user_4729,user_4729@test.com,2025-12-13,active
4730,user_4730,user_4730@test.com,2026-03-03,active
4731,user_4731,user_4731@test.com,2025-11-03,active
4732,user_4732,user_4732@test.com,2025-12-28,active
4733,user_4733,user_4733@test.com,2025-12-02,active
4734,user_4734,user_4734@test.com,2026-02-20,inactive
4735,user_4735,user_4735@test.com,2025-07-26,active
4736,user_4736,user_4736@test.com,2025-05-24,inactive
4737,user_4737,user_4737@test.com,2025-11-24,active
4738,user_4738,user_4738@test.com,2026-01-11,active
4739,user_4739,user_4739@test.com,2025-06-15,inactive
4740,user_4740,user_4740@test.com,2025-12-24,active
4741,user_4741,user_4741@test.com,2025-12-31,active
4742,user_4742,user_4742@test.com,2026-01-09,active
4743,user_4743,user_4743@test.com,2025-08-05,active
4744,user_4744,user_4744@test.com,2025-09-22,inactive
4745,user_4745,user_4745@test.com,2025-10-19,active
4746,user_4746,user_4746@test.com,2026-01-10,inactive
4747,user_4747,user_4747@test.com,2025-11-28,active
4748,user_4748,user_4748@test.com,2025-09-21,inactive
4749,user_4749,user_4749@test.com,2025-11-16,active
4750,user_4750,user_4750@test.com,2025-07-27,active
4751,user_4751,user_4751@test.com,2025-05-30,active
4752,user_4752,user_4752@test.com,2025-09-30,active
4753,user_4753,user_4753@test.com,2026-03-10,inactive
4754,user_4754,user_4754@test.com,2025-08-23,active
4755,user_4755,user_4755@test.com,2025-10-16,active
4756,user_4756,user_4756@test.com,2025-06-28,active
4757,user_4757,user_4757@test.com,2025-06-19,active
4758,user_4758,user_4758@test.com,2025-10-01,active
4759,user_4759,user_4759@test.com,2025-11-28,active
4760,user_4760,user_4760@test.com,2025-10-29,inactive
4761,user_4761,user_4761@test.com,2025-05-27,active
4762,user_4762,user_4762@test.com,2025-10-08,inactive
4763,user_4763,user_4763@test.com,2025-06-09,active
4764,user_4764,user_4764@test.com,2025-10-12,active
4765,user_4765,user_4765@test.com,2025-08-09,active
4766,user_4766,user_4766@test.com,2025-10-23,active
4767,user_4767,user_4767@test.com,2026-03-10,active
4768,user_4768,user_4768@test.com,2025-10-28,inactive
4769,user_4769,user_4769@test.com,2026-03-14,active
4770,user_4770,user_4770@test.com,2025-05-16,active
4771,user_4771,user_4771@test.com,2026-01-31,active
4772,user_4772,user_4772@test.com,2026-03-04,active
4773,user_4773,user_4773@test.com,2025-11-07,active
4774,user_4774,user_4774@test.com,2025-12-30,active
4775,user_4775,user_4775@test.com,2025-06-08,active
4776,user_4776,user_4776@test.com,2025-07-20,active
4777,user_4777,user_4777@test.com,2026-03-21,active
4778,user_4778,user_4778@test.com,2026-01-24,active
4779,user_4779,user_4779@test.com,2025-04-17,active
4780,user_4780,user_4780@test.com,2025-09-02,active
4781,user_4781,user_4781@test.com,2025-10-02,active
4782,user_4782,user_4782@test.com,2025-08-31,active
4783,user_4783,user_4783@test.com,2025-07-17,active
4784,user_4784,user_4784@test.com,2025-07-09,active
4785,user_4785,user_4785@test.com,2025-06-17,active
4786,user_4786,user_4786@test.com,2025-06-19,active
4787,user_4787,user_4787@test.com,2026-02-11,active
4788,user_4788,user_4788@test.com,2025-05-28,active
4789,user_4789,user_4789@test.com,2026-02-02,active
4790,user_4790,user_4790@test.com,2025-12-03,inactive
4791,user_4791,user_4791@test.com,2025-08-23,active
4792,user_4792,user_4792@test.com,2025-12-15,inactive
4793,user_4793,user_4793@test.com,2025-06-14,active
4794,user_4794,user_4794@test.com,2025-06-07,active
4795,user_4795,user_4795@test.com,2026-02-27,active
4796,user_4796,user_4796@test.com,2025-12-21,inactive
4797,user_4797,user_4797@test.com,2025-12-18,active
4798,user_4798,user_4798@test.com,2025-05-19,active
4799,user_4799,user_4799@test.com,2025-08-17,active
4800,user_4800,user_4800@test.com,2025-04-06,active
4801,user_4801,user_4801@test.com,2025-07-01,active
4802,user_4802,user_4802@test.com,2025-05-27,active
4803,user_4803,user_4803@test.com,2025-06-26,active
4804,user_4804,user_4804@test.com,2026-02-04,active
4805,user_4805,user_4805@test.com,2025-05-30,inactive
4806,user_4806,user_4806@test.com,2025-12-11,active
4807,user_4807,user_4807@test.com,2025-04-21,active
4808,user_4808,user_4808@test.com,2026-03-12,active
4809,user_4809,user_4809@test.com,2025-05-24,active
4810,user_4810,user_4810@test.com,2025-04-22,active
4811,user_4811,user_4811@test.com,2025-12-03,active
4812,user_4812,user_4812@test.com,2025-09-13,inactive
4813,user_4813,user_4813@test.com,2026-02-13,active
4814,user_4814,user_4814@test.com,2025-07-11,inactive
4815,user_4815,user_4815@test.com,2025-04-06,active
4816,user_4816,user_4816@test.com,2025-10-15,active
4817,user_4817,user_4817@test.com,2025-04-22,inactive
4818,user_4818,user_4818@test.com,2025-11-08,active
4819,user_4819,user_4819@test.com,2025-11-09,active
4820,user_4820,user_4820@test.com,2026-03-22,active
4821,user_4821,user_4821@test.com,2026-02-20,active
4822,user_4822,user_4822@test.com,2025-11-20,active
4823,user_4823,user_4823@test.com,2025-12-17,active
4824,user_4824,user_4824@test.com,2025-11-29,active
4825,user_4825,user_4825@test.com,2025-07-24,active
4826,user_4826,user_4826@test.com,2025-12-01,active
4827,user_4827,user_4827@test.com,2026-01-10,active
4828,user_4828,user_4828@test.com,2025-04-07,active
4829,user_4829,user_4829@test.com,2025-10-13,active
4830,user_4830,user_4830@test.com,2025-10-05,active
4831,user_4831,user_4831@test.com,2025-03-31,active
4832,user_4832,user_4832@test.com,2026-02-15,active
4833,user_4833,user_4833@test.com,2025-10-26,active
4834,user_4834,user_4834@test.com,2025-07-27,active
4835,user_4835,user_4835@test.com,2025-06-13,active
4836,user_4836,user_4836@test.com,2025-12-03,active
4837,user_4837,user_4837@test.com,2025-11-09,active
4838,user_4838,user_4838@test.com,2025-12-29,active
4839,user_4839,user_4839@test.com,2025-12-18,active
4840,user_4840,user_4840@test.com,2025-11-02,active
4841,user_4841,user_4841@test.com,2025-06-18,active
4842,user_4842,user_4842@test.com,2025-07-28,active
4843,user_4843,user_4843@test.com,2025-08-07,inactive
4844,user_4844,user_4844@test.com,2026-01-22,inactive
4845,user_4845,user_4845@test.com,2025-10-15,active
4846,user_4846,user_4846@test.com,2025-04-29,active
4847,user_4847,user_4847@test.com,2025-08-01,inactive
4848,user_4848,user_4848@test.com,2025-09-29,active
4849,user_4849,user_4849@test.com,2025-08-03,active
4850,user_4850,user_4850@test.com,2025-04-12,active
4851,user_4851,user_4851@test.com,2025-10-23,active
4852,user_4852,user_4852@test.com,2026-01-12,active
4853,user_4853,user_4853@test.com,2025-07-01,active
4854,user_4854,user_4854@test.com,2026-01-01,active
4855,user_4855,user_4855@test.com,2026-02-23,active
4856,user_4856,user_4856@test.com,2025-12-04,active
4857,user_4857,user_4857@test.com,2026-03-12,active
4858,user_4858,user_4858@test.com,2025-09-04,inactive
4859,user_4859,user_4859@test.com,2025-09-03,active
4860,user_4860,user_4860@test.com,2026-02-18,active
4861,user_4861,user_4861@test.com,2025-12-15,active
4862,user_4862,user_4862@test.com,2026-03-25,active
4863,user_4863,user_4863@test.com,2025-04-28,active
4864,user_4864,user_4864@test.com,2025-10-12,inactive
4865,user_4865,user_4865@test.com,2025-06-11,active
4866,user_4866,user_4866@test.com,2025-06-13,active
4867,user_4867,user_4867@test.com,2025-04-11,active
4868,user_4868,user_4868@test.com,2025-12-12,active
4869,user_4869,user_4869@test.com,2025-08-02,active
4870,user_4870,user_4870@test.com,2025-11-16,active
4871,user_4871,user_4871@test.com,2025-07-13,active
4872,user_4872,user_4872@test.com,2026-03-24,active
4873,user_4873,user_4873@test.com,2025-09-18,active
4874,user_4874,user_4874@test.com,2025-09-29,active
4875,user_4875,user_4875@test.com,2025-07-04,active
4876,user_4876,user_4876@test.com,2025-10-06,inactive
4877,user_4877,user_4877@test.com,2026-03-08,active
4878,user_4878,user_4878@test.com,2025-11-18,active
4879,user_4879,user_4879@test.com,2025-07-05,active
4880,user_4880,user_4880@test.com,2025-07-15,inactive
4881,user_4881,user_4881@test.com,2025-07-16,active
4882,user_4882,user_4882@test.com,2026-03-13,inactive
4883,user_4883,user_4883@test.com,2025-09-17,active
4884,user_4884,user_4884@test.com,2025-04-29,active
4885,user_4885,user_4885@test.com,2026-01-17,inactive
4886,user_4886,user_4886@test.com,2026-03-24,active
4887,user_4887,user_4887@test.com,2025-04-28,active
4888,user_4888,user_4888@test.com,2025-09-22,active
4889,user_4889,user_4889@test.com,2025-06-20,active
4890,user_4890,user_4890@test.com,2026-01-17,active
4891,user_4891,user_4891@test.com,2025-09-24,active
4892,user_4892,user_4892@test.com,2025-05-20,active
4893,user_4893,user_4893@test.com,2025-08-09,active
4894,user_4894,user_4894@test.com,2025-12-07,inactive
4895,user_4895,user_4895@test.com,2025-11-27,active
4896,user_4896,user_4896@test.com,2026-01-24,active
4897,user_4897,user_4897@test.com,2026-01-25,active
4898,user_4898,user_4898@test.com,2026-01-26,active
4899,user_4899,user_4899@test.com,2026-01-21,active
4900,user_4900,user_4900@test.com,2025-09-15,active
4901,user_4901,user_4901@test.com,2025-07-28,active
4902,user_4902,user_4902@test.com,2025-11-30,active
4903,user_4903,user_4903@test.com,2025-11-16,active
4904,user_4904,user_4904@test.com,2025-11-30,active
4905,user_4905,user_4905@test.com,2025-10-16,active
4906,user_4906,user_4906@test.com,2025-12-15,active
4907,user_4907,user_4907@test.com,2025-09-13,active
4908,user_4908,user_4908@test.com,2026-02-10,active
4909,user_4909,user_4909@test.com,2025-06-28,active
4910,user_4910,user_4910@test.com,2026-03-12,inactive
4911,user_4911,user_4911@test.com,2025-05-20,active
4912,user_4912,user_4912@test.com,2026-01-14,active
4913,user_4913,user_4913@test.com,2025-09-12,inactive
4914,user_4914,user_4914@test.com,2025-07-04,inactive
4915,user_4915,user_4915@test.com,2025-06-02,active
4916,user_4916,user_4916@test.com,2026-01-08,inactive
4917,user_4917,user_4917@test.com,2026-01-26,active
4918,user_4918,user_4918@test.com,2025-11-05,active
4919,user_4919,user_4919@test.com,2026-02-28,active
4920,user_4920,user_4920@test.com,2025-07-07,active
4921,user_4921,user_4921@test.com,2025-05-11,inactive
4922,user_4922,user_4922@test.com,2025-09-08,inactive
4923,user_4923,user_4923@test.com,2026-02-02,active
4924,user_4924,user_4924@test.com,2026-03-02,active
4925,user_4925,user_4925@test.com,2025-09-13,active
4926,user_4926,user_4926@test.com,2025-04-06,active
4927,user_4927,user_4927@test.com,2025-10-18,active
4928,user_4928,user_4928@test.com,2025-05-10,active
4929,user_4929,user_4929@test.com,2025-07-25,active
4930,user_4930,user_4930@test.com,2026-02-12,active
4931,user_4931,user_4931@test.com,2026-01-09,active
4932,user_4932,user_4932@test.com,2026-02-21,inactive
4933,user_4933,user_4933@test.com,2025-10-14,active
4934,user_4934,user_4934@test.com,2025-07-29,active
4935,user_4935,user_4935@test.com,2025-10-28,active
4936,user_4936,user_4936@test.com,2025-06-17,inactive
4937,user_4937,user_4937@test.com,2025-12-15,active
4938,user_4938,user_4938@test.com,2026-01-22,inactive
4939,user_4939,user_4939@test.com,2025-06-18,active
4940,user_4940,user_4940@test.com,2025-07-08,active
4941,user_4941,user_4941@test.com,2025-05-13,inactive
4942,user_4942,user_4942@test.com,2026-02-20,inactive
4943,user_4943,user_4943@test.com,2025-09-21,active
4944,user_4944,user_4944@test.com,2025-12-31,active
4945,user_4945,user_4945@test.com,2026-01-07,active
4946,user_4946,user_4946@test.com,2025-08-06,inactive
4947,user_4947,user_4947@test.com,2025-12-12,active
4948,user_4948,user_4948@test.com,2026-01-27,active
4949,user_4949,user_4949@test.com,2025-07-17,active
4950,user_4950,user_4950@test.com,2026-03-28,active
4951,user_4951,user_4951@test.com,2025-07-15,inactive
4952,user_4952,user_4952@test.com,2025-11-20,active
4953,user_4953,user_4953@test.com,2025-10-14,active
4954,user_4954,user_4954@test.com,2026-01-10,inactive
4955,user_4955,user_4955@test.com,2025-09-01,active
4956,user_4956,user_4956@test.com,2025-10-07,active
4957,user_4957,user_4957@test.com,2025-05-30,active
4958,user_4958,user_4958@test.com,2026-02-23,active
4959,user_4959,user_4959@test.com,2025-05-29,inactive
4960,user_4960,user_4960@test.com,2025-06-26,active
4961,user_4961,user_4961@test.com,2026-03-22,inactive
4962,user_4962,user_4962@test.com,2025-07-26,active
4963,user_4963,user_4963@test.com,2025-08-16,active
4964,user_4964,user_4964@test.com,2026-03-06,inactive
4965,user_4965,user_4965@test.com,2025-08-10,active
4966,user_4966,user_4966@test.com,2025-10-02,active
4967,user_4967,user_4967@test.com,2026-03-18,inactive
4968,user_4968,user_4968@test.com,2026-02-07,active
4969,user_4969,user_4969@test.com,2025-06-05,active
4970,user_4970,user_4970@test.com,2025-10-09,active
4971,user_4971,user_4971@test.com,2025-12-06,active
4972,user_4972,user_4972@test.com,2025-11-08,inactive
4973,user_4973,user_4973@test.com,2025-05-01,inactive
4974,user_4974,user_4974@test.com,2026-02-04,active
4975,user_4975,user_4975@test.com,2026-02-25,active
4976,user_4976,user_4976@test.com,2025-12-19,active
4977,user_4977,user_4977@test.com,2025-11-24,inactive
4978,user_4978,user_4978@test.com,2025-12-01,active
4979,user_4979,user_4979@test.com,2025-07-28,active
4980,user_4980,user_4980@test.com,2026-01-09,active
4981,user_4981,user_4981@test.com,2026-02-15,active
4982,user_4982,user_4982@test.com,2025-11-27,active
4983,user_4983,user_4983@test.com,2025-09-08,active
4984,user_4984,user_4984@test.com,2025-10-09,active
4985,user_4985,user_4985@test.com,2025-11-25,active
4986,user_4986,user_4986@test.com,2026-01-30,active
4987,user_4987,user_4987@test.com,2025-07-01,active
4988,user_4988,user_4988@test.com,2025-06-22,active
4989,user_4989,user_4989@test.com,2025-11-25,active
4990,user_4990,user_4990@test.com,2025-06-18,active
4991,user_4991,user_4991@test.com,2026-03-28,inactive
4992,user_4992,user_4992@test.com,2026-03-28,active
4993,user_4993,user_4993@test.com,2025-10-13,active
4994,user_4994,user_4994@test.com,2025-07-18,active
4995,user_4995,user_4995@test.com,2026-03-29,inactive
4996,user_4996,user_4996@test.com,2025-09-11,active
4997,user_4997,user_4997@test.com,2026-02-21,inactive
4998,user_4998,user_4998@test.com,2025-06-29,active
4999,user_4999,user_4999@test.com,2025-12-05,inactive
5000,user_5000,user_5000@test.com,2025-05-21,active
5001,user_5001,user_5001@test.com,2026-01-01,inactive
5002,user_5002,user_5002@test.com,2025-09-02,active
5003,user_5003,user_5003@test.com,2025-05-13,inactive
5004,user_5004,user_5004@test.com,2025-11-05,inactive
5005,user_5005,user_5005@test.com,2025-05-15,inactive
5006,user_5006,user_5006@test.com,2025-12-19,active
5007,user_5007,user_5007@test.com,2025-10-05,active
5008,user_5008,user_5008@test.com,2025-12-28,active
5009,user_5009,user_5009@test.com,2025-04-15,active
5010,user_5010,user_5010@test.com,2025-08-05,active
5011,user_5011,user_5011@test.com,2025-12-13,active
5012,user_5012,user_5012@test.com,2025-06-25,inactive
5013,user_5013,user_5013@test.com,2026-02-17,active
5014,user_5014,user_5014@test.com,2025-06-16,inactive
5015,user_5015,user_5015@test.com,2025-10-30,inactive
5016,user_5016,user_5016@test.com,2025-10-01,active
5017,user_5017,user_5017@test.com,2025-10-16,active
5018,user_5018,user_5018@test.com,2025-06-05,inactive
5019,user_5019,user_5019@test.com,2025-08-30,active
5020,user_5020,user_5020@test.com,2025-04-22,active
5021,user_5021,user_5021@test.com,2025-10-13,active
5022,user_5022,user_5022@test.com,2025-04-18,active
5023,user_5023,user_5023@test.com,2025-08-01,inactive
5024,user_5024,user_5024@test.com,2025-09-14,active
5025,user_5025,user_5025@test.com,2025-11-26,inactive
5026,user_5026,user_5026@test.com,2025-05-10,active
5027,user_5027,user_5027@test.com,2026-03-25,active
5028,user_5028,user_5028@test.com,2025-09-01,active
5029,user_5029,user_5029@test.com,2025-10-09,inactive
5030,user_5030,user_5030@test.com,2025-10-16,active
5031,user_5031,user_5031@test.com,2025-05-07,active
5032,user_5032,user_5032@test.com,2025-07-04,active
5033,user_5033,user_5033@test.com,2026-01-26,active
5034,user_5034,user_5034@test.com,2025-06-19,inactive
5035,user_5035,user_5035@test.com,2026-02-10,active
5036,user_5036,user_5036@test.com,2025-08-22,active
5037,user_5037,user_5037@test.com,2025-05-27,inactive
5038,user_5038,user_5038@test.com,2025-07-11,active
5039,user_5039,user_5039@test.com,2025-12-29,inactive
5040,user_5040,user_5040@test.com,2025-11-05,inactive
5041,user_5041,user_5041@test.com,2025-06-18,active
5042,user_5042,user_5042@test.com,2025-09-20,active
5043,user_5043,user_5043@test.com,2025-12-31,active
5044,user_5044,user_5044@test.com,2025-06-15,active
5045,user_5045,user_5045@test.com,2025-05-03,inactive
5046,user_5046,user_5046@test.com,2025-12-30,active
5047,user_5047,user_5047@test.com,2026-03-16,active
5048,user_5048,user_5048@test.com,2025-10-15,inactive
5049,user_5049,user_5049@test.com,2025-05-17,active
5050,user_5050,user_5050@test.com,2025-06-27,inactive
5051,user_5051,user_5051@test.com,2025-07-29,inactive
5052,user_5052,user_5052@test.com,2025-07-09,active
5053,user_5053,user_5053@test.com,2025-10-20,active
5054,user_5054,user_5054@test.com,2025-12-29,active
5055,user_5055,user_5055@test.com,2025-07-15,inactive
5056,user_5056,user_5056@test.com,2025-06-01,active
5057,user_5057,user_5057@test.com,2025-11-16,active
5058,user_5058,user_5058@test.com,2025-07-16,active
5059,user_5059,user_5059@test.com,2025-04-26,active
5060,user_5060,user_5060@test.com,2026-01-31,inactive
5061,user_5061,user_5061@test.com,2025-04-22,active
5062,user_5062,user_5062@test.com,2026-01-10,active
5063,user_5063,user_5063@test.com,2026-01-27,active
5064,user_5064,user_5064@test.com,2026-02-05,active
5065,user_5065,user_5065@test.com,2026-01-07,active
5066,user_5066,user_5066@test.com,2025-04-03,active
5067,user_5067,user_5067@test.com,2025-05-30,active
5068,user_5068,user_5068@test.com,2025-04-25,active
5069,user_5069,user_5069@test.com,2025-10-07,active
5070,user_5070,user_5070@test.com,2025-06-29,active
5071,user_5071,user_5071@test.com,2025-11-16,active
5072,user_5072,user_5072@test.com,2025-06-07,active
5073,user_5073,user_5073@test.com,2025-04-09,active
5074,user_5074,user_5074@test.com,2025-05-27,active
5075,user_5075,user_5075@test.com,2025-12-07,active
5076,user_5076,user_5076@test.com,2025-05-27,active
5077,user_5077,user_5077@test.com,2025-09-05,active
5078,user_5078,user_5078@test.com,2025-11-11,active
5079,user_5079,user_5079@test.com,2025-12-28,inactive
5080,user_5080,user_5080@test.com,2025-08-01,active
5081,user_5081,user_5081@test.com,2025-09-17,active
5082,user_5082,user_5082@test.com,2025-05-02,active
5083,user_5083,user_5083@test.com,2025-11-17,active
5084,user_5084,user_5084@test.com,2025-09-03,active
5085,user_5085,user_5085@test.com,2025-05-02,inactive
5086,user_5086,user_5086@test.com,2025-08-13,active
5087,user_5087,user_5087@test.com,2026-02-24,active
5088,user_5088,user_5088@test.com,2026-02-03,active
5089,user_5089,user_5089@test.com,2025-08-10,active
5090,user_5090,user_5090@test.com,2025-12-18,active
5091,user_5091,user_5091@test.com,2025-12-01,active
5092,user_5092,user_5092@test.com,2025-04-20,inactive
5093,user_5093,user_5093@test.com,2025-09-10,active
5094,user_5094,user_5094@test.com,2025-10-08,inactive
5095,user_5095,user_5095@test.com,2026-02-04,active
5096,user_5096,user_5096@test.com,2026-03-25,active
5097,user_5097,user_5097@test.com,2025-07-11,active
5098,user_5098,user_5098@test.com,2025-05-08,active
5099,user_5099,user_5099@test.com,2025-10-30,active
5100,user_5100,user_5100@test.com,2025-04-24,active
5101,user_5101,user_5101@test.com,2026-03-13,active
5102,user_5102,user_5102@test.com,2026-01-26,active
5103,user_5103,user_5103@test.com,2025-08-10,active
5104,user_5104,user_5104@test.com,2025-12-04,active
5105,user_5105,user_5105@test.com,2025-04-27,inactive
5106,user_5106,user_5106@test.com,2025-09-11,active
5107,user_5107,user_5107@test.com,2026-01-23,active
5108,user_5108,user_5108@test.com,2025-12-26,active
5109,user_5109,user_5109@test.com,2025-04-15,active
5110,user_5110,user_5110@test.com,2025-06-05,active
5111,user_5111,user_5111@test.com,2025-07-02,active
5112,user_5112,user_5112@test.com,2025-08-13,active
5113,user_5113,user_5113@test.com,2025-05-25,active
5114,user_5114,user_5114@test.com,2025-04-10,active
5115,user_5115,user_5115@test.com,2025-11-16,active
5116,user_5116,user_5116@test.com,2025-10-26,active
5117,user_5117,user_5117@test.com,2025-12-28,inactive
5118,user_5118,user_5118@test.com,2026-03-07,active
5119,user_5119,user_5119@test.com,2025-04-23,active
5120,user_5120,user_5120@test.com,2025-06-13,active
5121,user_5121,user_5121@test.com,2025-07-25,active
5122,user_5122,user_5122@test.com,2025-11-05,inactive
5123,user_5123,user_5123@test.com,2025-10-23,active
5124,user_5124,user_5124@test.com,2025-12-03,active
5125,user_5125,user_5125@test.com,2025-03-31,active
5126,user_5126,user_5126@test.com,2026-02-20,inactive
5127,user_5127,user_5127@test.com,2025-05-27,inactive
5128,user_5128,user_5128@test.com,2026-02-09,active
5129,user_5129,user_5129@test.com,2026-03-14,active
5130,user_5130,user_5130@test.com,2026-01-29,active
5131,user_5131,user_5131@test.com,2025-06-24,active
5132,user_5132,user_5132@test.com,2026-01-17,active
5133,user_5133,user_5133@test.com,2025-08-03,active
5134,user_5134,user_5134@test.com,2025-11-19,inactive
5135,user_5135,user_5135@test.com,2025-10-14,active
5136,user_5136,user_5136@test.com,2025-08-21,active
5137,user_5137,user_5137@test.com,2025-04-16,active
5138,user_5138,user_5138@test.com,2026-03-03,active
5139,user_5139,user_5139@test.com,2025-12-20,inactive
5140,user_5140,user_5140@test.com,2025-07-09,active
5141,user_5141,user_5141@test.com,2025-08-26,active
5142,user_5142,user_5142@test.com,2026-03-22,active
5143,user_5143,user_5143@test.com,2025-12-15,active
5144,user_5144,user_5144@test.com,2025-04-08,active
5145,user_5145,user_5145@test.com,2025-06-05,active
5146,user_5146,user_5146@test.com,2025-10-10,active
5147,user_5147,user_5147@test.com,2026-02-24,inactive
5148,user_5148,user_5148@test.com,2025-12-21,active
5149,user_5149,user_5149@test.com,2025-12-02,active
5150,user_5150,user_5150@test.com,2025-09-22,active
5151,user_5151,user_5151@test.com,2026-01-18,active
5152,user_5152,user_5152@test.com,2026-01-19,active
5153,user_5153,user_5153@test.com,2025-11-12,active
5154,user_5154,user_5154@test.com,2025-05-21,active
5155,user_5155,user_5155@test.com,2026-03-16,active
5156,user_5156,user_5156@test.com,2025-06-20,active
5157,user_5157,user_5157@test.com,2025-08-07,active
5158,user_5158,user_5158@test.com,2025-10-21,active
5159,user_5159,user_5159@test.com,2026-02-04,inactive
5160,user_5160,user_5160@test.com,2025-11-21,active
5161,user_5161,user_5161@test.com,2026-02-17,active
5162,user_5162,user_5162@test.com,2025-11-04,inactive
5163,user_5163,user_5163@test.com,2025-12-05,inactive
5164,user_5164,user_5164@test.com,2025-05-10,inactive
5165,user_5165,user_5165@test.com,2025-07-25,active
5166,user_5166,user_5166@test.com,2025-11-14,inactive
5167,user_5167,user_5167@test.com,2025-11-27,active
5168,user_5168,user_5168@test.com,2025-08-07,active
5169,user_5169,user_5169@test.com,2025-11-05,active
5170,user_5170,user_5170@test.com,2026-03-08,active
5171,user_5171,user_5171@test.com,2025-10-16,active
5172,user_5172,user_5172@test.com,2025-09-23,active
5173,user_5173,user_5173@test.com,2025-09-28,inactive
5174,user_5174,user_5174@test.com,2025-10-08,active
5175,user_5175,user_5175@test.com,2026-03-14,active
5176,user_5176,user_5176@test.com,2026-01-09,inactive
5177,user_5177,user_5177@test.com,2025-10-30,active
5178,user_5178,user_5178@test.com,2026-03-10,inactive
5179,user_5179,user_5179@test.com,2025-05-09,active
5180,user_5180,user_5180@test.com,2026-01-06,active
5181,user_5181,user_5181@test.com,2025-04-27,active
5182,user_5182,user_5182@test.com,2025-12-05,inactive
5183,user_5183,user_5183@test.com,2025-04-08,inactive
5184,user_5184,user_5184@test.com,2025-06-18,active
5185,user_5185,user_5185@test.com,2025-05-04,inactive
5186,user_5186,user_5186@test.com,2026-03-02,active
5187,user_5187,user_5187@test.com,2026-03-19,active
5188,user_5188,user_5188@test.com,2025-06-01,inactive
5189,user_5189,user_5189@test.com,2025-11-18,active
5190,user_5190,user_5190@test.com,2025-09-15,active
5191,user_5191,user_5191@test.com,2025-05-08,active
5192,user_5192,user_5192@test.com,2025-10-21,active
5193,user_5193,user_5193@test.com,2025-04-04,active
5194,user_5194,user_5194@test.com,2025-07-04,inactive
5195,user_5195,user_5195@test.com,2025-08-07,active
5196,user_5196,user_5196@test.com,2026-02-26,inactive
5197,user_5197,user_5197@test.com,2026-01-05,active
5198,user_5198,user_5198@test.com,2026-03-04,active
5199,user_5199,user_5199@test.com,2025-10-29,active
5200,user_5200,user_5200@test.com,2025-05-08,active
5201,user_5201,user_5201@test.com,2025-12-08,active
5202,user_5202,user_5202@test.com,2025-10-24,active
5203,user_5203,user_5203@test.com,2025-11-24,active
5204,user_5204,user_5204@test.com,2025-03-31,active
5205,user_5205,user_5205@test.com,2025-09-17,active
5206,user_5206,user_5206@test.com,2025-10-05,active
5207,user_5207,user_5207@test.com,2025-11-05,active
5208,user_5208,user_5208@test.com,2025-05-16,active
5209,user_5209,user_5209@test.com,2025-12-21,active
5210,user_5210,user_5210@test.com,2025-08-16,active
5211,user_5211,user_5211@test.com,2025-05-16,inactive
5212,user_5212,user_5212@test.com,2026-02-22,active
5213,user_5213,user_5213@test.com,2025-05-25,active
5214,user_5214,user_5214@test.com,2025-09-09,active
5215,user_5215,user_5215@test.com,2025-10-18,active
5216,user_5216,user_5216@test.com,2025-07-28,active
5217,user_5217,user_5217@test.com,2025-07-07,active
5218,user_5218,user_5218@test.com,2025-11-23,active
5219,user_5219,user_5219@test.com,2025-04-29,active
5220,user_5220,user_5220@test.com,2025-11-05,active
5221,user_5221,user_5221@test.com,2025-08-17,active
5222,user_5222,user_5222@test.com,2026-01-21,active
5223,user_5223,user_5223@test.com,2025-10-15,active
5224,user_5224,user_5224@test.com,2026-01-28,active
5225,user_5225,user_5225@test.com,2025-10-14,active
5226,user_5226,user_5226@test.com,2025-06-03,active
5227,user_5227,user_5227@test.com,2026-02-25,active
5228,user_5228,user_5228@test.com,2025-06-23,active
5229,user_5229,user_5229@test.com,2026-02-26,active
5230,user_5230,user_5230@test.com,2026-02-28,active
5231,user_5231,user_5231@test.com,2025-11-02,active
5232,user_5232,user_5232@test.com,2025-07-30,active
5233,user_5233,user_5233@test.com,2025-12-21,active
5234,user_5234,user_5234@test.com,2026-01-23,active
5235,user_5235,user_5235@test.com,2026-03-20,active
5236,user_5236,user_5236@test.com,2025-09-03,active
5237,user_5237,user_5237@test.com,2026-02-06,active
5238,user_5238,user_5238@test.com,2025-12-03,active
5239,user_5239,user_5239@test.com,2025-10-15,active
5240,user_5240,user_5240@test.com,2025-05-14,active
5241,user_5241,user_5241@test.com,2025-09-29,inactive
5242,user_5242,user_5242@test.com,2025-05-30,inactive
5243,user_5243,user_5243@test.com,2025-07-10,active
5244,user_5244,user_5244@test.com,2025-09-15,active
5245,user_5245,user_5245@test.com,2025-04-06,active
5246,user_5246,user_5246@test.com,2026-01-02,active
5247,user_5247,user_5247@test.com,2026-03-01,inactive
5248,user_5248,user_5248@test.com,2026-03-03,active
5249,user_5249,user_5249@test.com,2025-05-16,active
5250,user_5250,user_5250@test.com,2025-06-16,active
5251,user_5251,user_5251@test.com,2025-09-04,active
5252,user_5252,user_5252@test.com,2025-12-23,active
5253,user_5253,user_5253@test.com,2025-07-26,active
5254,user_5254,user_5254@test.com,2026-03-23,active
5255,user_5255,user_5255@test.com,2025-05-02,active
5256,user_5256,user_5256@test.com,2025-12-04,active
5257,user_5257,user_5257@test.com,2025-09-17,active
5258,user_5258,user_5258@test.com,2025-05-23,active
5259,user_5259,user_5259@test.com,2026-02-01,active
5260,user_5260,user_5260@test.com,2026-02-15,inactive
5261,user_5261,user_5261@test.com,2025-04-29,active
5262,user_5262,user_5262@test.com,2026-01-16,active
5263,user_5263,user_5263@test.com,2026-03-05,inactive
5264,user_5264,user_5264@test.com,2025-04-08,active
5265,user_5265,user_5265@test.com,2025-11-06,active
5266,user_5266,user_5266@test.com,2025-08-18,active
5267,user_5267,user_5267@test.com,2025-11-30,inactive
5268,user_5268,user_5268@test.com,2025-05-26,inactive
5269,user_5269,user_5269@test.com,2025-05-02,active
5270,user_5270,user_5270@test.com,2026-02-26,inactive
5271,user_5271,user_5271@test.com,2025-10-29,active
5272,user_5272,user_5272@test.com,2025-05-15,active
5273,user_5273,user_5273@test.com,2026-02-01,active
5274,user_5274,user_5274@test.com,2026-01-26,active
5275,user_5275,user_5275@test.com,2025-11-22,active
5276,user_5276,user_5276@test.com,2025-10-16,active
5277,user_5277,user_5277@test.com,2025-09-21,inactive
5278,user_5278,user_5278@test.com,2025-06-21,active
5279,user_5279,user_5279@test.com,2025-11-12,active
5280,user_5280,user_5280@test.com,2025-10-09,active
5281,user_5281,user_5281@test.com,2026-01-18,active
5282,user_5282,user_5282@test.com,2025-08-25,active
5283,user_5283,user_5283@test.com,2026-03-15,active
5284,user_5284,user_5284@test.com,2026-03-19,active
5285,user_5285,user_5285@test.com,2025-10-06,active
5286,user_5286,user_5286@test.com,2026-01-23,active
5287,user_5287,user_5287@test.com,2026-03-05,active
5288,user_5288,user_5288@test.com,2025-09-24,active
5289,user_5289,user_5289@test.com,2026-03-20,active
5290,user_5290,user_5290@test.com,2025-08-17,active
5291,user_5291,user_5291@test.com,2025-04-20,active
5292,user_5292,user_5292@test.com,2025-07-15,inactive
5293,user_5293,user_5293@test.com,2025-04-01,active
5294,user_5294,user_5294@test.com,2026-02-02,active
5295,user_5295,user_5295@test.com,2025-11-18,active
5296,user_5296,user_5296@test.com,2025-05-14,active
5297,user_5297,user_5297@test.com,2026-02-02,active
5298,user_5298,user_5298@test.com,2025-07-07,inactive
5299,user_5299,user_5299@test.com,2025-12-15,active
5300,user_5300,user_5300@test.com,2025-06-12,active
5301,user_5301,user_5301@test.com,2025-09-08,active
5302,user_5302,user_5302@test.com,2026-01-04,active
5303,user_5303,user_5303@test.com,2025-05-13,active
5304,user_5304,user_5304@test.com,2026-01-08,active
5305,user_5305,user_5305@test.com,2025-05-29,active
5306,user_5306,user_5306@test.com,2025-08-11,inactive
5307,user_5307,user_5307@test.com,2026-03-07,inactive
5308,user_5308,user_5308@test.com,2025-05-24,active
5309,user_5309,user_5309@test.com,2025-10-29,active
5310,user_5310,user_5310@test.com,2025-11-14,active
5311,user_5311,user_5311@test.com,2025-09-22,active
5312,user_5312,user_5312@test.com,2025-08-29,inactive
5313,user_5313,user_5313@test.com,2025-12-20,inactive
5314,user_5314,user_5314@test.com,2025-11-30,inactive
5315,user_5315,user_5315@test.com,2025-05-25,inactive
5316,user_5316,user_5316@test.com,2026-01-02,active
5317,user_5317,user_5317@test.com,2025-10-30,active
5318,user_5318,user_5318@test.com,2025-12-25,active
5319,user_5319,user_5319@test.com,2025-05-28,active
5320,user_5320,user_5320@test.com,2025-12-09,active
5321,user_5321,user_5321@test.com,2025-09-11,active
5322,user_5322,user_5322@test.com,2025-06-15,active
5323,user_5323,user_5323@test.com,2025-12-01,active
5324,user_5324,user_5324@test.com,2025-04-19,inactive
5325,user_5325,user_5325@test.com,2025-11-13,active
5326,user_5326,user_5326@test.com,2025-07-11,inactive
5327,user_5327,user_5327@test.com,2026-01-30,inactive
5328,user_5328,user_5328@test.com,2025-11-23,active
5329,user_5329,user_5329@test.com,2025-09-21,active
5330,user_5330,user_5330@test.com,2026-02-04,active
5331,user_5331,user_5331@test.com,2025-07-09,inactive
5332,user_5332,user_5332@test.com,2025-05-30,active
5333,user_5333,user_5333@test.com,2025-05-27,active
5334,user_5334,user_5334@test.com,2025-07-08,active
5335,user_5335,user_5335@test.com,2025-08-20,active
5336,user_5336,user_5336@test.com,2025-06-14,active
5337,user_5337,user_5337@test.com,2025-07-18,active
5338,user_5338,user_5338@test.com,2026-01-12,active
5339,user_5339,user_5339@test.com,2026-01-26,active
5340,user_5340,user_5340@test.com,2026-03-14,active
5341,user_5341,user_5341@test.com,2025-10-24,active
5342,user_5342,user_5342@test.com,2025-05-21,active
5343,user_5343,user_5343@test.com,2025-11-18,active
5344,user_5344,user_5344@test.com,2026-03-15,active
5345,user_5345,user_5345@test.com,2025-08-19,active
5346,user_5346,user_5346@test.com,2025-10-23,active
5347,user_5347,user_5347@test.com,2026-02-21,inactive
5348,user_5348,user_5348@test.com,2025-08-15,active
5349,user_5349,user_5349@test.com,2025-08-13,inactive
5350,user_5350,user_5350@test.com,2025-07-30,active
5351,user_5351,user_5351@test.com,2025-05-09,inactive
5352,user_5352,user_5352@test.com,2025-09-08,active
5353,user_5353,user_5353@test.com,2026-03-28,active
5354,user_5354,user_5354@test.com,2025-07-28,active
5355,user_5355,user_5355@test.com,2025-07-18,active
5356,user_5356,user_5356@test.com,2025-04-20,active
5357,user_5357,user_5357@test.com,2025-11-22,active
5358,user_5358,user_5358@test.com,2026-03-18,active
5359,user_5359,user_5359@test.com,2025-11-22,inactive
5360,user_5360,user_5360@test.com,2025-10-11,inactive
5361,user_5361,user_5361@test.com,2025-04-09,active
5362,user_5362,user_5362@test.com,2025-10-08,active
5363,user_5363,user_5363@test.com,2026-02-17,active
5364,user_5364,user_5364@test.com,2025-05-14,inactive
5365,user_5365,user_5365@test.com,2025-07-02,active
5366,user_5366,user_5366@test.com,2025-04-17,active
5367,user_5367,user_5367@test.com,2025-11-14,inactive
5368,user_5368,user_5368@test.com,2025-06-13,active
5369,user_5369,user_5369@test.com,2025-12-07,active
5370,user_5370,user_5370@test.com,2025-10-18,active
5371,user_5371,user_5371@test.com,2025-06-26,inactive
5372,user_5372,user_5372@test.com,2025-09-20,active
5373,user_5373,user_5373@test.com,2025-10-31,active
5374,user_5374,user_5374@test.com,2025-08-05,active
5375,user_5375,user_5375@test.com,2026-03-22,active
5376,user_5376,user_5376@test.com,2025-08-21,active
5377,user_5377,user_5377@test.com,2025-06-02,active
5378,user_5378,user_5378@test.com,2025-10-06,active
5379,user_5379,user_5379@test.com,2025-04-21,active
5380,user_5380,user_5380@test.com,2026-02-11,active
5381,user_5381,user_5381@test.com,2026-03-11,active
5382,user_5382,user_5382@test.com,2025-11-14,active
5383,user_5383,user_5383@test.com,2026-03-02,active
5384,user_5384,user_5384@test.com,2025-11-27,inactive
5385,user_5385,user_5385@test.com,2025-06-26,active
5386,user_5386,user_5386@test.com,2026-03-13,active
5387,user_5387,user_5387@test.com,2025-11-11,active
5388,user_5388,user_5388@test.com,2025-11-26,active
5389,user_5389,user_5389@test.com,2025-05-24,active
5390,user_5390,user_5390@test.com,2025-05-26,active
5391,user_5391,user_5391@test.com,2026-03-25,active
5392,user_5392,user_5392@test.com,2025-04-25,inactive
5393,user_5393,user_5393@test.com,2025-10-31,active
5394,user_5394,user_5394@test.com,2025-10-16,active
5395,user_5395,user_5395@test.com,2026-01-22,inactive
5396,user_5396,user_5396@test.com,2025-09-20,active
5397,user_5397,user_5397@test.com,2025-11-14,active
5398,user_5398,user_5398@test.com,2025-07-09,active
5399,user_5399,user_5399@test.com,2025-08-25,active
5400,user_5400,user_5400@test.com,2025-12-13,active
5401,user_5401,user_5401@test.com,2025-12-13,active
5402,user_5402,user_5402@test.com,2026-01-01,active
5403,user_5403,user_5403@test.com,2026-01-04,active
5404,user_5404,user_5404@test.com,2025-11-01,active
5405,user_5405,user_5405@test.com,2025-11-25,active
5406,user_5406,user_5406@test.com,2025-04-26,active
5407,user_5407,user_5407@test.com,2025-07-11,inactive
5408,user_5408,user_5408@test.com,2026-02-05,inactive
5409,user_5409,user_5409@test.com,2025-08-08,active
5410,user_5410,user_5410@test.com,2025-07-18,inactive
5411,user_5411,user_5411@test.com,2025-06-14,active
5412,user_5412,user_5412@test.com,2025-06-10,active
5413,user_5413,user_5413@test.com,2026-01-24,active
5414,user_5414,user_5414@test.com,2025-04-14,active
5415,user_5415,user_5415@test.com,2026-01-20,active
5416,user_5416,user_5416@test.com,2026-02-04,active
5417,user_5417,user_5417@test.com,2026-01-07,active
5418,user_5418,user_5418@test.com,2025-04-24,active
5419,user_5419,user_5419@test.com,2025-07-03,active
5420,user_5420,user_5420@test.com,2025-12-25,active
5421,user_5421,user_5421@test.com,2025-11-28,inactive
5422,user_5422,user_5422@test.com,2025-06-28,active
5423,user_5423,user_5423@test.com,2025-05-13,active
5424,user_5424,user_5424@test.com,2025-12-22,active
5425,user_5425,user_5425@test.com,2025-12-05,active
5426,user_5426,user_5426@test.com,2025-10-10,active
5427,user_5427,user_5427@test.com,2025-09-01,inactive
5428,user_5428,user_5428@test.com,2025-04-20,active
5429,user_5429,user_5429@test.com,2026-02-04,active
5430,user_5430,user_5430@test.com,2025-11-27,active
5431,user_5431,user_5431@test.com,2026-01-28,inactive
5432,user_5432,user_5432@test.com,2026-03-20,active
5433,user_5433,user_5433@test.com,2026-01-09,active
5434,user_5434,user_5434@test.com,2025-05-04,active
5435,user_5435,user_5435@test.com,2026-02-20,active
5436,user_5436,user_5436@test.com,2026-02-01,active
5437,user_5437,user_5437@test.com,2025-05-01,active
5438,user_5438,user_5438@test.com,2025-12-22,active
5439,user_5439,user_5439@test.com,2025-11-17,active
5440,user_5440,user_5440@test.com,2025-06-07,active
5441,user_5441,user_5441@test.com,2025-04-19,active
5442,user_5442,user_5442@test.com,2025-10-05,active
5443,user_5443,user_5443@test.com,2025-09-06,active
5444,user_5444,user_5444@test.com,2026-01-28,active
5445,user_5445,user_5445@test.com,2025-04-20,active
5446,user_5446,user_5446@test.com,2025-10-03,active
5447,user_5447,user_5447@test.com,2025-08-28,active
5448,user_5448,user_5448@test.com,2025-12-13,active
5449,user_5449,user_5449@test.com,2025-08-07,active
5450,user_5450,user_5450@test.com,2025-08-21,active
5451,user_5451,user_5451@test.com,2026-03-11,active
5452,user_5452,user_5452@test.com,2025-05-19,active
5453,user_5453,user_5453@test.com,2025-05-01,inactive
5454,user_5454,user_5454@test.com,2025-10-04,inactive
5455,user_5455,user_5455@test.com,2025-05-11,active
5456,user_5456,user_5456@test.com,2025-11-20,active
5457,user_5457,user_5457@test.com,2025-10-21,active
5458,user_5458,user_5458@test.com,2026-03-18,active
5459,user_5459,user_5459@test.com,2025-12-11,active
5460,user_5460,user_5460@test.com,2025-06-15,active
5461,user_5461,user_5461@test.com,2025-08-12,active
5462,user_5462,user_5462@test.com,2025-09-28,active
5463,user_5463,user_5463@test.com,2025-10-03,active
5464,user_5464,user_5464@test.com,2025-07-29,inactive
5465,user_5465,user_5465@test.com,2025-09-02,inactive
5466,user_5466,user_5466@test.com,2025-12-11,active
5467,user_5467,user_5467@test.com,2025-10-09,active
5468,user_5468,user_5468@test.com,2025-10-06,active
5469,user_5469,user_5469@test.com,2025-07-02,active
5470,user_5470,user_5470@test.com,2025-11-16,active
5471,user_5471,user_5471@test.com,2026-03-17,active
5472,user_5472,user_5472@test.com,2025-04-28,active
5473,user_5473,user_5473@test.com,2026-03-22,inactive
5474,user_5474,user_5474@test.com,2025-06-25,active
5475,user_5475,user_5475@test.com,2026-01-12,active
5476,user_5476,user_5476@test.com,2025-11-15,inactive
5477,user_5477,user_5477@test.com,2026-01-30,inactive
5478,user_5478,user_5478@test.com,2026-03-23,active
5479,user_5479,user_5479@test.com,2025-09-09,active
5480,user_5480,user_5480@test.com,2026-03-08,active
5481,user_5481,user_5481@test.com,2025-11-05,inactive
5482,user_5482,user_5482@test.com,2025-04-12,active
5483,user_5483,user_5483@test.com,2026-01-22,active
5484,user_5484,user_5484@test.com,2025-07-11,active
5485,user_5485,user_5485@test.com,2025-08-20,active
5486,user_5486,user_5486@test.com,2025-11-25,active
5487,user_5487,user_5487@test.com,2025-11-13,active
5488,user_5488,user_5488@test.com,2025-07-12,active
5489,user_5489,user_5489@test.com,2026-02-11,active
5490,user_5490,user_5490@test.com,2025-05-05,active
5491,user_5491,user_5491@test.com,2026-03-23,active
5492,user_5492,user_5492@test.com,2025-12-05,inactive
5493,user_5493,user_5493@test.com,2026-01-16,active
5494,user_5494,user_5494@test.com,2025-04-18,active
5495,user_5495,user_5495@test.com,2026-02-16,active
5496,user_5496,user_5496@test.com,2025-06-25,active
5497,user_5497,user_5497@test.com,2025-07-06,active
5498,user_5498,user_5498@test.com,2026-03-29,inactive
5499,user_5499,user_5499@test.com,2025-06-24,active
5500,user_5500,user_5500@test.com,2025-08-29,active
5501,user_5501,user_5501@test.com,2026-01-27,active
5502,user_5502,user_5502@test.com,2026-02-05,active
5503,user_5503,user_5503@test.com,2025-05-14,active
5504,user_5504,user_5504@test.com,2025-06-12,active
5505,user_5505,user_5505@test.com,2025-06-22,active
5506,user_5506,user_5506@test.com,2025-11-24,active
5507,user_5507,user_5507@test.com,2026-02-13,inactive
5508,user_5508,user_5508@test.com,2025-12-23,active
5509,user_5509,user_5509@test.com,2025-09-07,active
5510,user_5510,user_5510@test.com,2025-06-08,active
5511,user_5511,user_5511@test.com,2026-01-31,active
5512,user_5512,user_5512@test.com,2025-05-18,active
5513,user_5513,user_5513@test.com,2025-09-19,active
5514,user_5514,user_5514@test.com,2025-04-12,active
5515,user_5515,user_5515@test.com,2025-04-12,active
5516,user_5516,user_5516@test.com,2025-04-08,inactive
5517,user_5517,user_5517@test.com,2025-09-05,active
5518,user_5518,user_5518@test.com,2025-12-30,active
5519,user_5519,user_5519@test.com,2025-11-23,active
5520,user_5520,user_5520@test.com,2025-04-13,active
5521,user_5521,user_5521@test.com,2025-05-09,active
5522,user_5522,user_5522@test.com,2025-10-08,inactive
5523,user_5523,user_5523@test.com,2025-11-03,active
5524,user_5524,user_5524@test.com,2025-07-09,active
5525,user_5525,user_5525@test.com,2025-07-16,inactive
5526,user_5526,user_5526@test.com,2026-02-20,active
5527,user_5527,user_5527@test.com,2025-12-01,active
5528,user_5528,user_5528@test.com,2026-01-01,active
5529,user_5529,user_5529@test.com,2025-05-14,active
5530,user_5530,user_5530@test.com,2025-06-21,active
5531,user_5531,user_5531@test.com,2025-11-27,active
5532,user_5532,user_5532@test.com,2025-10-22,active
5533,user_5533,user_5533@test.com,2025-10-23,inactive
5534,user_5534,user_5534@test.com,2025-12-19,inactive
5535,user_5535,user_5535@test.com,2025-11-11,active
5536,user_5536,user_5536@test.com,2026-03-14,inactive
5537,user_5537,user_5537@test.com,2025-06-12,active
5538,user_5538,user_5538@test.com,2026-01-30,active
5539,user_5539,user_5539@test.com,2025-05-30,active
5540,user_5540,user_5540@test.com,2025-06-06,active
5541,user_5541,user_5541@test.com,2026-02-10,active
5542,user_5542,user_5542@test.com,2025-10-06,active
5543,user_5543,user_5543@test.com,2025-12-02,inactive
5544,user_5544,user_5544@test.com,2025-12-10,inactive
5545,user_5545,user_5545@test.com,2025-10-07,active
5546,user_5546,user_5546@test.com,2025-07-06,active
5547,user_5547,user_5547@test.com,2025-04-20,inactive
5548,user_5548,user_5548@test.com,2025-08-01,inactive
5549,user_5549,user_5549@test.com,2025-04-14,inactive
5550,user_5550,user_5550@test.com,2026-03-03,active
5551,user_5551,user_5551@test.com,2025-10-27,active
5552,user_5552,user_5552@test.com,2026-02-26,active
5553,user_5553,user_5553@test.com,2025-05-31,active
5554,user_5554,user_5554@test.com,2026-02-06,active
5555,user_5555,user_5555@test.com,2026-03-17,active
5556,user_5556,user_5556@test.com,2026-03-25,inactive
5557,user_5557,user_5557@test.com,2025-05-28,active
5558,user_5558,user_5558@test.com,2026-03-01,active
5559,user_5559,user_5559@test.com,2025-12-20,inactive
5560,user_5560,user_5560@test.com,2025-12-26,inactive
5561,user_5561,user_5561@test.com,2025-11-30,active
5562,user_5562,user_5562@test.com,2026-01-27,active
5563,user_5563,user_5563@test.com,2025-12-27,inactive
5564,user_5564,user_5564@test.com,2025-12-16,active
5565,user_5565,user_5565@test.com,2026-03-20,active
5566,user_5566,user_5566@test.com,2025-12-04,active
5567,user_5567,user_5567@test.com,2025-08-04,active
5568,user_5568,user_5568@test.com,2025-06-02,active
5569,user_5569,user_5569@test.com,2025-12-17,active
5570,user_5570,user_5570@test.com,2025-10-16,active
5571,user_5571,user_5571@test.com,2025-08-18,active
5572,user_5572,user_5572@test.com,2025-05-07,active
5573,user_5573,user_5573@test.com,2025-07-22,active
5574,user_5574,user_5574@test.com,2025-12-05,active
5575,user_5575,user_5575@test.com,2025-07-02,active
5576,user_5576,user_5576@test.com,2025-08-15,active
5577,user_5577,user_5577@test.com,2025-10-29,active
5578,user_5578,user_5578@test.com,2026-02-13,active
5579,user_5579,user_5579@test.com,2025-09-01,active
5580,user_5580,user_5580@test.com,2026-03-26,active
5581,user_5581,user_5581@test.com,2026-02-21,inactive
5582,user_5582,user_5582@test.com,2026-03-21,active
5583,user_5583,user_5583@test.com,2025-08-21,active
5584,user_5584,user_5584@test.com,2025-04-23,active
5585,user_5585,user_5585@test.com,2025-10-23,active
5586,user_5586,user_5586@test.com,2025-08-13,inactive
5587,user_5587,user_5587@test.com,2026-02-23,active
5588,user_5588,user_5588@test.com,2026-01-20,active
5589,user_5589,user_5589@test.com,2025-11-20,inactive
5590,user_5590,user_5590@test.com,2026-01-04,active
5591,user_5591,user_5591@test.com,2026-03-08,active
5592,user_5592,user_5592@test.com,2025-06-29,active
5593,user_5593,user_5593@test.com,2025-10-27,active
5594,user_5594,user_5594@test.com,2025-05-23,inactive
5595,user_5595,user_5595@test.com,2025-06-10,active
5596,user_5596,user_5596@test.com,2025-07-24,inactive
5597,user_5597,user_5597@test.com,2025-04-30,active
5598,user_5598,user_5598@test.com,2025-08-21,active
5599,user_5599,user_5599@test.com,2025-08-23,active
5600,user_5600,user_5600@test.com,2026-03-27,active
5601,user_5601,user_5601@test.com,2025-09-29,inactive
5602,user_5602,user_5602@test.com,2025-04-29,active
5603,user_5603,user_5603@test.com,2025-09-06,active
5604,user_5604,user_5604@test.com,2025-07-28,inactive
5605,user_5605,user_5605@test.com,2025-05-01,active
5606,user_5606,user_5606@test.com,2025-05-26,inactive
5607,user_5607,user_5607@test.com,2025-10-18,active
5608,user_5608,user_5608@test.com,2025-04-13,active
5609,user_5609,user_5609@test.com,2025-06-03,active
5610,user_5610,user_5610@test.com,2025-12-04,active
5611,user_5611,user_5611@test.com,2025-04-15,inactive
5612,user_5612,user_5612@test.com,2026-01-12,active
5613,user_5613,user_5613@test.com,2026-01-10,inactive
5614,user_5614,user_5614@test.com,2025-12-26,inactive
5615,user_5615,user_5615@test.com,2025-09-21,active
5616,user_5616,user_5616@test.com,2026-02-17,inactive
5617,user_5617,user_5617@test.com,2025-12-28,active
5618,user_5618,user_5618@test.com,2025-10-24,inactive
5619,user_5619,user_5619@test.com,2026-01-24,active
5620,user_5620,user_5620@test.com,2025-07-09,active
5621,user_5621,user_5621@test.com,2025-10-10,inactive
5622,user_5622,user_5622@test.com,2025-09-04,active
5623,user_5623,user_5623@test.com,2025-09-11,inactive
5624,user_5624,user_5624@test.com,2025-04-26,active
5625,user_5625,user_5625@test.com,2025-07-09,inactive
5626,user_5626,user_5626@test.com,2025-06-12,active
5627,user_5627,user_5627@test.com,2025-08-30,active
5628,user_5628,user_5628@test.com,2026-01-11,active
5629,user_5629,user_5629@test.com,2025-07-02,active
5630,user_5630,user_5630@test.com,2025-10-15,inactive
5631,user_5631,user_5631@test.com,2025-10-18,inactive
5632,user_5632,user_5632@test.com,2026-03-26,active
5633,user_5633,user_5633@test.com,2025-09-19,active
5634,user_5634,user_5634@test.com,2026-01-14,active
5635,user_5635,user_5635@test.com,2025-10-28,active
5636,user_5636,user_5636@test.com,2026-02-18,active
5637,user_5637,user_5637@test.com,2025-11-05,inactive
5638,user_5638,user_5638@test.com,2025-09-07,active
5639,user_5639,user_5639@test.com,2025-09-19,active
5640,user_5640,user_5640@test.com,2025-05-03,active
5641,user_5641,user_5641@test.com,2025-07-14,active
5642,user_5642,user_5642@test.com,2025-07-17,active
5643,user_5643,user_5643@test.com,2025-04-07,active
5644,user_5644,user_5644@test.com,2025-04-22,active
5645,user_5645,user_5645@test.com,2025-11-13,active
5646,user_5646,user_5646@test.com,2025-11-20,active
5647,user_5647,user_5647@test.com,2025-12-29,active
5648,user_5648,user_5648@test.com,2025-07-28,inactive
5649,user_5649,user_5649@test.com,2025-04-20,active
5650,user_5650,user_5650@test.com,2025-07-30,inactive
5651,user_5651,user_5651@test.com,2026-03-11,active
5652,user_5652,user_5652@test.com,2025-06-14,active
5653,user_5653,user_5653@test.com,2026-03-12,active
5654,user_5654,user_5654@test.com,2026-03-24,active
5655,user_5655,user_5655@test.com,2025-05-23,active
5656,user_5656,user_5656@test.com,2026-01-25,active
5657,user_5657,user_5657@test.com,2025-11-28,active
5658,user_5658,user_5658@test.com,2026-03-14,active
5659,user_5659,user_5659@test.com,2025-11-19,inactive
5660,user_5660,user_5660@test.com,2025-07-02,active
5661,user_5661,user_5661@test.com,2026-03-26,active
5662,user_5662,user_5662@test.com,2026-02-16,inactive
5663,user_5663,user_5663@test.com,2025-06-29,active
5664,user_5664,user_5664@test.com,2025-12-21,active
5665,user_5665,user_5665@test.com,2026-03-29,active
5666,user_5666,user_5666@test.com,2025-11-30,active
5667,user_5667,user_5667@test.com,2025-12-09,inactive
5668,user_5668,user_5668@test.com,2025-04-29,inactive
5669,user_5669,user_5669@test.com,2025-06-03,active
5670,user_5670,user_5670@test.com,2025-11-21,active
5671,user_5671,user_5671@test.com,2025-05-17,inactive
5672,user_5672,user_5672@test.com,2025-04-21,inactive
5673,user_5673,user_5673@test.com,2026-03-12,active
5674,user_5674,user_5674@test.com,2025-06-15,active
5675,user_5675,user_5675@test.com,2025-10-15,active
5676,user_5676,user_5676@test.com,2026-02-20,inactive
5677,user_5677,user_5677@test.com,2025-04-06,inactive
5678,user_5678,user_5678@test.com,2025-03-31,active
5679,user_5679,user_5679@test.com,2026-03-01,active
5680,user_5680,user_5680@test.com,2026-02-22,inactive
5681,user_5681,user_5681@test.com,2025-06-13,inactive
5682,user_5682,user_5682@test.com,2025-05-23,active
5683,user_5683,user_5683@test.com,2025-11-10,inactive
5684,user_5684,user_5684@test.com,2026-01-12,inactive
5685,user_5685,user_5685@test.com,2026-02-22,inactive
5686,user_5686,user_5686@test.com,2025-11-15,active
5687,user_5687,user_5687@test.com,2026-02-13,active
5688,user_5688,user_5688@test.com,2026-02-06,active
5689,user_5689,user_5689@test.com,2025-04-25,active
5690,user_5690,user_5690@test.com,2025-12-15,active
5691,user_5691,user_5691@test.com,2025-09-01,active
5692,user_5692,user_5692@test.com,2025-10-04,inactive
5693,user_5693,user_5693@test.com,2025-11-02,inactive
5694,user_5694,user_5694@test.com,2025-09-16,active
5695,user_5695,user_5695@test.com,2025-08-28,active
5696,user_5696,user_5696@test.com,2025-11-23,active
5697,user_5697,user_5697@test.com,2026-03-16,active
5698,user_5698,user_5698@test.com,2025-10-08,active
5699,user_5699,user_5699@test.com,2025-09-23,inactive
5700,user_5700,user_5700@test.com,2025-04-15,active
5701,user_5701,user_5701@test.com,2025-05-20,inactive
5702,user_5702,user_5702@test.com,2025-07-24,active
5703,user_5703,user_5703@test.com,2025-08-09,active
5704,user_5704,user_5704@test.com,2025-06-23,active
5705,user_5705,user_5705@test.com,2025-11-11,inactive
5706,user_5706,user_5706@test.com,2025-12-07,inactive
5707,user_5707,user_5707@test.com,2025-07-28,active
5708,user_5708,user_5708@test.com,2025-08-23,active
5709,user_5709,user_5709@test.com,2025-05-30,active
5710,user_5710,user_5710@test.com,2026-03-14,active
5711,user_5711,user_5711@test.com,2025-08-19,active
5712,user_5712,user_5712@test.com,2025-10-09,active
5713,user_5713,user_5713@test.com,2025-09-01,active
5714,user_5714,user_5714@test.com,2026-03-28,inactive
5715,user_5715,user_5715@test.com,2025-08-16,active
5716,user_5716,user_5716@test.com,2025-05-12,active
5717,user_5717,user_5717@test.com,2025-08-22,inactive
5718,user_5718,user_5718@test.com,2026-03-18,active
5719,user_5719,user_5719@test.com,2025-05-18,active
5720,user_5720,user_5720@test.com,2026-03-14,inactive
5721,user_5721,user_5721@test.com,2026-02-21,active
5722,user_5722,user_5722@test.com,2025-08-24,active
5723,user_5723,user_5723@test.com,2025-12-26,active
5724,user_5724,user_5724@test.com,2026-02-17,inactive
5725,user_5725,user_5725@test.com,2026-01-22,active
5726,user_5726,user_5726@test.com,2026-01-17,active
5727,user_5727,user_5727@test.com,2025-09-23,active
5728,user_5728,user_5728@test.com,2025-04-18,active
5729,user_5729,user_5729@test.com,2026-03-10,active
5730,user_5730,user_5730@test.com,2025-09-13,active
5731,user_5731,user_5731@test.com,2025-05-17,active
5732,user_5732,user_5732@test.com,2025-05-29,inactive
5733,user_5733,user_5733@test.com,2026-03-11,inactive
5734,user_5734,user_5734@test.com,2025-09-01,active
5735,user_5735,user_5735@test.com,2025-08-20,active
5736,user_5736,user_5736@test.com,2025-08-22,active
5737,user_5737,user_5737@test.com,2025-12-17,active
5738,user_5738,user_5738@test.com,2025-05-02,active
5739,user_5739,user_5739@test.com,2025-10-31,active
5740,user_5740,user_5740@test.com,2025-10-23,active
5741,user_5741,user_5741@test.com,2025-12-21,active
5742,user_5742,user_5742@test.com,2025-08-03,active
5743,user_5743,user_5743@test.com,2025-06-30,active
5744,user_5744,user_5744@test.com,2025-07-21,active
5745,user_5745,user_5745@test.com,2025-10-09,active
5746,user_5746,user_5746@test.com,2025-04-26,active
5747,user_5747,user_5747@test.com,2026-02-11,active
5748,user_5748,user_5748@test.com,2025-09-02,active
5749,user_5749,user_5749@test.com,2025-09-10,active
5750,user_5750,user_5750@test.com,2025-07-12,active
5751,user_5751,user_5751@test.com,2025-04-02,active
5752,user_5752,user_5752@test.com,2025-07-27,active
5753,user_5753,user_5753@test.com,2025-06-26,active
5754,user_5754,user_5754@test.com,2025-07-04,active
5755,user_5755,user_5755@test.com,2025-11-23,active
5756,user_5756,user_5756@test.com,2025-10-10,active
5757,user_5757,user_5757@test.com,2025-05-10,active
5758,user_5758,user_5758@test.com,2025-05-11,active
5759,user_5759,user_5759@test.com,2025-07-07,active
5760,user_5760,user_5760@test.com,2025-12-14,active
5761,user_5761,user_5761@test.com,2025-05-06,active
5762,user_5762,user_5762@test.com,2025-08-05,active
5763,user_5763,user_5763@test.com,2025-10-16,active
5764,user_5764,user_5764@test.com,2025-04-06,active
5765,user_5765,user_5765@test.com,2025-07-06,active
5766,user_5766,user_5766@test.com,2025-08-27,active
5767,user_5767,user_5767@test.com,2026-03-06,inactive
5768,user_5768,user_5768@test.com,2025-06-05,inactive
5769,user_5769,user_5769@test.com,2026-01-15,active
5770,user_5770,user_5770@test.com,2025-08-09,inactive
5771,user_5771,user_5771@test.com,2026-03-02,active
5772,user_5772,user_5772@test.com,2026-02-03,active
5773,user_5773,user_5773@test.com,2026-03-15,active
5774,user_5774,user_5774@test.com,2025-07-25,inactive
5775,user_5775,user_5775@test.com,2025-10-15,active
5776,user_5776,user_5776@test.com,2025-04-13,active
5777,user_5777,user_5777@test.com,2026-01-10,active
5778,user_5778,user_5778@test.com,2025-11-13,inactive
5779,user_5779,user_5779@test.com,2025-10-08,active
5780,user_5780,user_5780@test.com,2025-11-22,active
5781,user_5781,user_5781@test.com,2025-08-12,active
5782,user_5782,user_5782@test.com,2026-02-18,active
5783,user_5783,user_5783@test.com,2026-01-08,active
5784,user_5784,user_5784@test.com,2025-08-08,active
5785,user_5785,user_5785@test.com,2025-12-16,active
5786,user_5786,user_5786@test.com,2025-08-10,active
5787,user_5787,user_5787@test.com,2025-06-30,active
5788,user_5788,user_5788@test.com,2025-11-25,active
5789,user_5789,user_5789@test.com,2025-08-01,active
5790,user_5790,user_5790@test.com,2025-07-14,active
5791,user_5791,user_5791@test.com,2026-02-05,inactive
5792,user_5792,user_5792@test.com,2025-06-02,active
5793,user_5793,user_5793@test.com,2025-10-11,active
5794,user_5794,user_5794@test.com,2025-09-13,active
5795,user_5795,user_5795@test.com,2025-05-23,active
5796,user_5796,user_5796@test.com,2025-05-12,active
5797,user_5797,user_5797@test.com,2025-08-17,active
5798,user_5798,user_5798@test.com,2025-12-19,inactive
5799,user_5799,user_5799@test.com,2025-12-01,active
5800,user_5800,user_5800@test.com,2025-11-03,active
5801,user_5801,user_5801@test.com,2025-11-06,active
5802,user_5802,user_5802@test.com,2026-02-05,active
5803,user_5803,user_5803@test.com,2025-12-04,inactive
5804,user_5804,user_5804@test.com,2025-12-14,inactive
5805,user_5805,user_5805@test.com,2025-04-04,active
5806,user_5806,user_5806@test.com,2026-02-03,active
5807,user_5807,user_5807@test.com,2025-09-21,active
5808,user_5808,user_5808@test.com,2025-06-15,inactive
5809,user_5809,user_5809@test.com,2025-07-29,active
5810,user_5810,user_5810@test.com,2025-06-10,active
5811,user_5811,user_5811@test.com,2025-12-15,active
5812,user_5812,user_5812@test.com,2026-01-13,active
5813,user_5813,user_5813@test.com,2025-08-20,inactive
5814,user_5814,user_5814@test.com,2025-07-29,inactive
5815,user_5815,user_5815@test.com,2025-12-15,inactive
5816,user_5816,user_5816@test.com,2025-05-11,active
5817,user_5817,user_5817@test.com,2025-12-22,active
5818,user_5818,user_5818@test.com,2026-01-22,active
5819,user_5819,user_5819@test.com,2026-02-06,active
5820,user_5820,user_5820@test.com,2025-11-05,active
5821,user_5821,user_5821@test.com,2025-11-20,active
5822,user_5822,user_5822@test.com,2025-11-26,active
5823,user_5823,user_5823@test.com,2025-05-16,active
5824,user_5824,user_5824@test.com,2025-07-07,active
5825,user_5825,user_5825@test.com,2025-10-10,active
5826,user_5826,user_5826@test.com,2025-07-15,active
5827,user_5827,user_5827@test.com,2025-11-09,active
5828,user_5828,user_5828@test.com,2025-10-19,active
5829,user_5829,user_5829@test.com,2025-07-20,active
5830,user_5830,user_5830@test.com,2025-12-25,active
5831,user_5831,user_5831@test.com,2025-10-09,active
5832,user_5832,user_5832@test.com,2025-05-03,active
5833,user_5833,user_5833@test.com,2026-02-08,active
5834,user_5834,user_5834@test.com,2025-07-18,active
5835,user_5835,user_5835@test.com,2025-06-23,active
5836,user_5836,user_5836@test.com,2025-09-21,inactive
5837,user_5837,user_5837@test.com,2025-08-14,active
5838,user_5838,user_5838@test.com,2025-08-29,active
5839,user_5839,user_5839@test.com,2026-01-04,active
5840,user_5840,user_5840@test.com,2025-08-31,inactive
5841,user_5841,user_5841@test.com,2025-07-21,active
5842,user_5842,user_5842@test.com,2025-07-07,inactive
5843,user_5843,user_5843@test.com,2025-06-04,active
5844,user_5844,user_5844@test.com,2025-11-15,active
5845,user_5845,user_5845@test.com,2026-02-07,active
5846,user_5846,user_5846@test.com,2025-11-10,active
5847,user_5847,user_5847@test.com,2025-12-14,inactive
5848,user_5848,user_5848@test.com,2025-09-23,active
5849,user_5849,user_5849@test.com,2025-12-03,active
5850,user_5850,user_5850@test.com,2025-06-27,active
5851,user_5851,user_5851@test.com,2026-02-15,active
5852,user_5852,user_5852@test.com,2025-04-01,active
5853,user_5853,user_5853@test.com,2025-07-20,active
5854,user_5854,user_5854@test.com,2025-12-06,active
5855,user_5855,user_5855@test.com,2026-02-07,active
5856,user_5856,user_5856@test.com,2025-12-29,active
5857,user_5857,user_5857@test.com,2026-02-09,inactive
5858,user_5858,user_5858@test.com,2025-07-19,inactive
5859,user_5859,user_5859@test.com,2025-08-25,active
5860,user_5860,user_5860@test.com,2025-08-06,inactive
5861,user_5861,user_5861@test.com,2025-11-21,active
5862,user_5862,user_5862@test.com,2025-10-02,inactive
5863,user_5863,user_5863@test.com,2026-01-05,active
5864,user_5864,user_5864@test.com,2025-07-06,active
5865,user_5865,user_5865@test.com,2025-12-30,active
5866,user_5866,user_5866@test.com,2026-02-28,active
5867,user_5867,user_5867@test.com,2025-05-03,active
5868,user_5868,user_5868@test.com,2025-06-23,inactive
5869,user_5869,user_5869@test.com,2026-01-11,active
5870,user_5870,user_5870@test.com,2025-07-19,active
5871,user_5871,user_5871@test.com,2025-07-30,active
5872,user_5872,user_5872@test.com,2025-08-03,active
5873,user_5873,user_5873@test.com,2026-01-26,active
5874,user_5874,user_5874@test.com,2025-12-07,active
5875,user_5875,user_5875@test.com,2026-01-09,active
5876,user_5876,user_5876@test.com,2025-05-13,active
5877,user_5877,user_5877@test.com,2025-04-07,inactive
5878,user_5878,user_5878@test.com,2026-03-19,active
5879,user_5879,user_5879@test.com,2025-10-03,active
5880,user_5880,user_5880@test.com,2025-04-18,inactive
5881,user_5881,user_5881@test.com,2025-11-11,active
5882,user_5882,user_5882@test.com,2025-09-25,active
5883,user_5883,user_5883@test.com,2025-06-25,active
5884,user_5884,user_5884@test.com,2025-11-25,active
5885,user_5885,user_5885@test.com,2025-04-17,active
5886,user_5886,user_5886@test.com,2025-10-15,active
5887,user_5887,user_5887@test.com,2026-01-10,inactive
5888,user_5888,user_5888@test.com,2025-05-23,active
5889,user_5889,user_5889@test.com,2026-01-31,inactive
5890,user_5890,user_5890@test.com,2025-11-14,active
5891,user_5891,user_5891@test.com,2025-07-17,active
5892,user_5892,user_5892@test.com,2025-04-18,active
5893,user_5893,user_5893@test.com,2025-11-12,inactive
5894,user_5894,user_5894@test.com,2025-12-15,active
5895,user_5895,user_5895@test.com,2026-02-20,active
5896,user_5896,user_5896@test.com,2025-09-10,active
5897,user_5897,user_5897@test.com,2026-03-29,active
5898,user_5898,user_5898@test.com,2025-10-16,active
5899,user_5899,user_5899@test.com,2025-08-09,active
5900,user_5900,user_5900@test.com,2025-05-18,inactive
5901,user_5901,user_5901@test.com,2025-08-19,inactive
5902,user_5902,user_5902@test.com,2025-11-05,active
5903,user_5903,user_5903@test.com,2025-12-11,active
5904,user_5904,user_5904@test.com,2026-02-02,inactive
5905,user_5905,user_5905@test.com,2025-05-05,active
5906,user_5906,user_5906@test.com,2025-11-17,inactive
5907,user_5907,user_5907@test.com,2025-11-25,active
5908,user_5908,user_5908@test.com,2025-06-17,active
5909,user_5909,user_5909@test.com,2025-09-25,active
5910,user_5910,user_5910@test.com,2026-02-28,active
5911,user_5911,user_5911@test.com,2026-01-13,active
5912,user_5912,user_5912@test.com,2025-08-12,inactive
5913,user_5913,user_5913@test.com,2025-06-05,active
5914,user_5914,user_5914@test.com,2025-11-17,active
5915,user_5915,user_5915@test.com,2025-11-11,inactive
5916,user_5916,user_5916@test.com,2025-04-11,active
5917,user_5917,user_5917@test.com,2025-04-20,active
5918,user_5918,user_5918@test.com,2025-04-11,active
5919,user_5919,user_5919@test.com,2025-07-26,active
5920,user_5920,user_5920@test.com,2026-03-11,active
5921,user_5921,user_5921@test.com,2026-01-31,active
5922,user_5922,user_5922@test.com,2026-03-21,inactive
5923,user_5923,user_5923@test.com,2026-03-18,active
5924,user_5924,user_5924@test.com,2025-07-21,inactive
5925,user_5925,user_5925@test.com,2025-06-17,active
5926,user_5926,user_5926@test.com,2025-08-20,inactive
5927,user_5927,user_5927@test.com,2025-08-11,active
5928,user_5928,user_5928@test.com,2026-02-26,active
5929,user_5929,user_5929@test.com,2026-02-15,inactive
5930,user_5930,user_5930@test.com,2026-02-17,active
5931,user_5931,user_5931@test.com,2025-12-16,active
5932,user_5932,user_5932@test.com,2025-08-29,active
5933,user_5933,user_5933@test.com,2025-04-15,inactive
5934,user_5934,user_5934@test.com,2025-07-09,active
5935,user_5935,user_5935@test.com,2026-03-11,active
5936,user_5936,user_5936@test.com,2025-10-06,active
5937,user_5937,user_5937@test.com,2025-08-01,inactive
5938,user_5938,user_5938@test.com,2025-10-11,active
5939,user_5939,user_5939@test.com,2025-06-20,active
5940,user_5940,user_5940@test.com,2025-07-21,active
5941,user_5941,user_5941@test.com,2025-11-13,active
5942,user_5942,user_5942@test.com,2025-07-18,active
5943,user_5943,user_5943@test.com,2025-05-07,active
5944,user_5944,user_5944@test.com,2026-03-15,active
5945,user_5945,user_5945@test.com,2025-07-14,active
5946,user_5946,user_5946@test.com,2025-09-30,active
5947,user_5947,user_5947@test.com,2025-10-09,active
5948,user_5948,user_5948@test.com,2025-08-03,inactive
5949,user_5949,user_5949@test.com,2025-07-08,active
5950,user_5950,user_5950@test.com,2026-01-26,inactive
5951,user_5951,user_5951@test.com,2025-09-20,active
5952,user_5952,user_5952@test.com,2025-05-26,active
5953,user_5953,user_5953@test.com,2025-12-21,active
5954,user_5954,user_5954@test.com,2025-12-10,active
5955,user_5955,user_5955@test.com,2026-02-13,active
5956,user_5956,user_5956@test.com,2025-08-30,active
5957,user_5957,user_5957@test.com,2025-07-07,active
5958,user_5958,user_5958@test.com,2026-03-03,active
5959,user_5959,user_5959@test.com,2025-10-13,active
5960,user_5960,user_5960@test.com,2025-06-12,inactive
5961,user_5961,user_5961@test.com,2026-01-14,active
5962,user_5962,user_5962@test.com,2025-05-21,active
5963,user_5963,user_5963@test.com,2025-05-28,inactive
5964,user_5964,user_5964@test.com,2025-05-02,active
5965,user_5965,user_5965@test.com,2026-01-18,active
5966,user_5966,user_5966@test.com,2025-07-30,active
5967,user_5967,user_5967@test.com,2025-06-29,active
5968,user_5968,user_5968@test.com,2026-02-11,active
5969,user_5969,user_5969@test.com,2025-06-06,inactive
5970,user_5970,user_5970@test.com,2026-01-12,inactive
5971,user_5971,user_5971@test.com,2025-11-06,active
5972,user_5972,user_5972@test.com,2025-07-05,inactive
5973,user_5973,user_5973@test.com,2025-07-12,active
5974,user_5974,user_5974@test.com,2025-10-25,active
5975,user_5975,user_5975@test.com,2025-12-05,inactive
5976,user_5976,user_5976@test.com,2025-04-27,active
5977,user_5977,user_5977@test.com,2026-03-11,active
5978,user_5978,user_5978@test.com,2025-06-03,active
5979,user_5979,user_5979@test.com,2025-11-11,inactive
5980,user_5980,user_5980@test.com,2025-08-02,active
5981,user_5981,user_5981@test.com,2025-08-20,inactive
5982,user_5982,user_5982@test.com,2025-06-03,inactive
5983,user_5983,user_5983@test.com,2025-05-20,inactive
5984,user_5984,user_5984@test.com,2025-06-29,inactive
5985,user_5985,user_5985@test.com,2025-04-28,active
5986,user_5986,user_5986@test.com,2025-08-25,active
5987,user_5987,user_5987@test.com,2025-06-15,active
5988,user_5988,user_5988@test.com,2025-09-07,active
5989,user_5989,user_5989@test.com,2025-12-21,inactive
5990,user_5990,user_5990@test.com,2025-10-23,active
5991,user_5991,user_5991@test.com,2025-08-25,active
5992,user_5992,user_5992@test.com,2025-06-10,inactive
5993,user_5993,user_5993@test.com,2025-07-19,active
5994,user_5994,user_5994@test.com,2025-07-16,active
5995,user_5995,user_5995@test.com,2025-05-27,active
5996,user_5996,user_5996@test.com,2025-11-29,active
5997,user_5997,user_5997@test.com,2025-07-12,active
5998,user_5998,user_5998@test.com,2025-09-24,inactive
5999,user_5999,user_5999@test.com,2025-06-19,active
6000,user_6000,user_6000@test.com,2025-11-18,active
6001,user_6001,user_6001@test.com,2026-03-20,inactive
6002,user_6002,user_6002@test.com,2026-03-21,active
6003,user_6003,user_6003@test.com,2026-02-24,inactive
6004,user_6004,user_6004@test.com,2025-06-06,active
6005,user_6005,user_6005@test.com,2025-06-21,active
6006,user_6006,user_6006@test.com,2025-07-23,inactive
6007,user_6007,user_6007@test.com,2025-11-12,active
6008,user_6008,user_6008@test.com,2025-09-04,active
6009,user_6009,user_6009@test.com,2025-06-26,active
6010,user_6010,user_6010@test.com,2026-01-10,active
6011,user_6011,user_6011@test.com,2026-01-16,active
6012,user_6012,user_6012@test.com,2025-11-02,inactive
6013,user_6013,user_6013@test.com,2026-02-10,active
6014,user_6014,user_6014@test.com,2026-03-22,active
6015,user_6015,user_6015@test.com,2025-09-26,active
6016,user_6016,user_6016@test.com,2025-05-04,active
6017,user_6017,user_6017@test.com,2026-03-01,active
6018,user_6018,user_6018@test.com,2025-12-28,inactive
6019,user_6019,user_6019@test.com,2025-08-19,inactive
6020,user_6020,user_6020@test.com,2025-07-10,active
6021,user_6021,user_6021@test.com,2025-04-07,active
6022,user_6022,user_6022@test.com,2025-07-17,active
6023,user_6023,user_6023@test.com,2025-05-21,active
6024,user_6024,user_6024@test.com,2025-08-06,inactive
6025,user_6025,user_6025@test.com,2025-12-19,inactive
6026,user_6026,user_6026@test.com,2025-07-08,inactive
6027,user_6027,user_6027@test.com,2026-01-10,inactive
6028,user_6028,user_6028@test.com,2025-05-17,active
6029,user_6029,user_6029@test.com,2025-07-31,active
6030,user_6030,user_6030@test.com,2025-10-28,active
6031,user_6031,user_6031@test.com,2025-11-16,active
6032,user_6032,user_6032@test.com,2025-11-03,active
6033,user_6033,user_6033@test.com,2025-09-19,active
6034,user_6034,user_6034@test.com,2025-08-02,active
6035,user_6035,user_6035@test.com,2025-10-02,active
6036,user_6036,user_6036@test.com,2025-07-14,active
6037,user_6037,user_6037@test.com,2025-10-06,active
6038,user_6038,user_6038@test.com,2025-12-21,active
6039,user_6039,user_6039@test.com,2026-02-01,active
6040,user_6040,user_6040@test.com,2025-06-18,active
6041,user_6041,user_6041@test.com,2026-03-17,active
6042,user_6042,user_6042@test.com,2025-05-09,inactive
6043,user_6043,user_6043@test.com,2025-08-19,active
6044,user_6044,user_6044@test.com,2026-01-07,inactive
6045,user_6045,user_6045@test.com,2026-01-08,active
6046,user_6046,user_6046@test.com,2025-04-23,active
6047,user_6047,user_6047@test.com,2025-10-10,active
6048,user_6048,user_6048@test.com,2026-01-05,active
6049,user_6049,user_6049@test.com,2026-02-11,active
6050,user_6050,user_6050@test.com,2025-09-21,active
6051,user_6051,user_6051@test.com,2025-05-02,active
6052,user_6052,user_6052@test.com,2025-08-10,inactive
6053,user_6053,user_6053@test.com,2025-11-13,inactive
6054,user_6054,user_6054@test.com,2025-05-10,active
6055,user_6055,user_6055@test.com,2025-05-20,active
6056,user_6056,user_6056@test.com,2025-06-26,inactive
6057,user_6057,user_6057@test.com,2025-06-01,active
6058,user_6058,user_6058@test.com,2025-08-20,active
6059,user_6059,user_6059@test.com,2025-04-16,active
6060,user_6060,user_6060@test.com,2026-02-20,active
6061,user_6061,user_6061@test.com,2025-05-25,active
6062,user_6062,user_6062@test.com,2025-10-16,active
6063,user_6063,user_6063@test.com,2025-12-28,inactive
6064,user_6064,user_6064@test.com,2025-12-03,active
6065,user_6065,user_6065@test.com,2025-10-21,active
6066,user_6066,user_6066@test.com,2025-12-20,inactive
6067,user_6067,user_6067@test.com,2026-01-09,active
6068,user_6068,user_6068@test.com,2025-10-20,active
6069,user_6069,user_6069@test.com,2025-04-10,inactive
6070,user_6070,user_6070@test.com,2026-01-08,inactive
6071,user_6071,user_6071@test.com,2025-07-31,active
6072,user_6072,user_6072@test.com,2026-02-20,active
6073,user_6073,user_6073@test.com,2025-04-08,active
6074,user_6074,user_6074@test.com,2025-05-25,active
6075,user_6075,user_6075@test.com,2025-06-16,active
6076,user_6076,user_6076@test.com,2025-03-30,active
6077,user_6077,user_6077@test.com,2025-11-19,active
6078,user_6078,user_6078@test.com,2026-03-26,inactive
6079,user_6079,user_6079@test.com,2025-07-29,inactive
6080,user_6080,user_6080@test.com,2026-01-02,active
6081,user_6081,user_6081@test.com,2026-02-06,active
6082,user_6082,user_6082@test.com,2025-04-06,inactive
6083,user_6083,user_6083@test.com,2026-01-14,active
6084,user_6084,user_6084@test.com,2025-03-30,inactive
6085,user_6085,user_6085@test.com,2025-05-03,active
6086,user_6086,user_6086@test.com,2025-09-09,active
6087,user_6087,user_6087@test.com,2025-09-07,active
6088,user_6088,user_6088@test.com,2025-05-07,active
6089,user_6089,user_6089@test.com,2025-10-06,inactive
6090,user_6090,user_6090@test.com,2025-12-06,inactive
6091,user_6091,user_6091@test.com,2026-03-26,active
6092,user_6092,user_6092@test.com,2025-05-04,active
6093,user_6093,user_6093@test.com,2025-05-05,active
6094,user_6094,user_6094@test.com,2025-07-21,active
6095,user_6095,user_6095@test.com,2025-10-30,active
6096,user_6096,user_6096@test.com,2025-09-09,inactive
6097,user_6097,user_6097@test.com,2025-10-11,active
6098,user_6098,user_6098@test.com,2025-09-08,active
6099,user_6099,user_6099@test.com,2025-10-13,active
6100,user_6100,user_6100@test.com,2025-12-11,inactive
6101,user_6101,user_6101@test.com,2026-01-17,active
6102,user_6102,user_6102@test.com,2025-12-10,active
6103,user_6103,user_6103@test.com,2026-01-27,active
6104,user_6104,user_6104@test.com,2025-04-08,inactive
6105,user_6105,user_6105@test.com,2025-11-23,inactive
6106,user_6106,user_6106@test.com,2025-04-19,inactive
6107,user_6107,user_6107@test.com,2026-02-16,active
6108,user_6108,user_6108@test.com,2025-04-18,active
6109,user_6109,user_6109@test.com,2025-11-14,inactive
6110,user_6110,user_6110@test.com,2025-06-06,inactive
6111,user_6111,user_6111@test.com,2025-11-13,active
6112,user_6112,user_6112@test.com,2026-02-10,active
6113,user_6113,user_6113@test.com,2025-11-18,active
6114,user_6114,user_6114@test.com,2026-02-02,active
6115,user_6115,user_6115@test.com,2025-04-04,inactive
6116,user_6116,user_6116@test.com,2025-09-14,active
6117,user_6117,user_6117@test.com,2025-11-18,active
6118,user_6118,user_6118@test.com,2025-11-06,active
6119,user_6119,user_6119@test.com,2025-04-03,active
6120,user_6120,user_6120@test.com,2025-07-20,active
6121,user_6121,user_6121@test.com,2025-04-18,inactive
6122,user_6122,user_6122@test.com,2025-07-18,active
6123,user_6123,user_6123@test.com,2025-06-15,active
6124,user_6124,user_6124@test.com,2025-04-08,active
6125,user_6125,user_6125@test.com,2025-07-10,active
6126,user_6126,user_6126@test.com,2025-07-19,active
6127,user_6127,user_6127@test.com,2025-08-04,active
6128,user_6128,user_6128@test.com,2025-11-22,active
6129,user_6129,user_6129@test.com,2025-10-21,active
6130,user_6130,user_6130@test.com,2026-02-06,active
6131,user_6131,user_6131@test.com,2025-08-08,active
6132,user_6132,user_6132@test.com,2025-12-27,active
6133,user_6133,user_6133@test.com,2025-12-10,active
6134,user_6134,user_6134@test.com,2026-01-08,active
6135,user_6135,user_6135@test.com,2025-12-25,active
6136,user_6136,user_6136@test.com,2025-10-27,active
6137,user_6137,user_6137@test.com,2026-01-06,active
6138,user_6138,user_6138@test.com,2026-03-23,active
6139,user_6139,user_6139@test.com,2025-04-15,active
6140,user_6140,user_6140@test.com,2026-03-11,active
6141,user_6141,user_6141@test.com,2025-12-15,inactive
6142,user_6142,user_6142@test.com,2025-08-23,active
6143,user_6143,user_6143@test.com,2025-07-20,inactive
6144,user_6144,user_6144@test.com,2026-03-02,active
6145,user_6145,user_6145@test.com,2025-11-08,active
6146,user_6146,user_6146@test.com,2025-10-02,active
6147,user_6147,user_6147@test.com,2025-05-07,active
6148,user_6148,user_6148@test.com,2025-04-10,active
6149,user_6149,user_6149@test.com,2026-03-05,active
6150,user_6150,user_6150@test.com,2025-12-23,active
6151,user_6151,user_6151@test.com,2026-03-26,inactive
6152,user_6152,user_6152@test.com,2025-09-15,active
6153,user_6153,user_6153@test.com,2026-03-16,active
6154,user_6154,user_6154@test.com,2026-03-11,active
6155,user_6155,user_6155@test.com,2025-06-20,active
6156,user_6156,user_6156@test.com,2025-10-05,active
6157,user_6157,user_6157@test.com,2025-04-06,active
6158,user_6158,user_6158@test.com,2025-12-25,active
6159,user_6159,user_6159@test.com,2026-03-22,active
6160,user_6160,user_6160@test.com,2025-08-09,active
6161,user_6161,user_6161@test.com,2025-11-07,inactive
6162,user_6162,user_6162@test.com,2025-07-14,inactive
6163,user_6163,user_6163@test.com,2025-10-02,active
6164,user_6164,user_6164@test.com,2026-01-05,active
6165,user_6165,user_6165@test.com,2025-04-25,inactive
6166,user_6166,user_6166@test.com,2025-05-13,active
6167,user_6167,user_6167@test.com,2025-04-06,active
6168,user_6168,user_6168@test.com,2026-03-17,active
6169,user_6169,user_6169@test.com,2025-12-28,active
6170,user_6170,user_6170@test.com,2025-04-01,active
6171,user_6171,user_6171@test.com,2025-11-04,active
6172,user_6172,user_6172@test.com,2026-01-18,active
6173,user_6173,user_6173@test.com,2025-05-19,active
6174,user_6174,user_6174@test.com,2026-02-22,inactive
6175,user_6175,user_6175@test.com,2025-04-23,inactive
6176,user_6176,user_6176@test.com,2025-12-24,active
6177,user_6177,user_6177@test.com,2025-10-18,active
6178,user_6178,user_6178@test.com,2025-09-26,active
6179,user_6179,user_6179@test.com,2025-11-09,inactive
6180,user_6180,user_6180@test.com,2025-11-27,active
6181,user_6181,user_6181@test.com,2026-03-10,active
6182,user_6182,user_6182@test.com,2025-05-19,inactive
6183,user_6183,user_6183@test.com,2026-03-20,inactive
6184,user_6184,user_6184@test.com,2025-08-16,inactive
6185,user_6185,user_6185@test.com,2026-03-27,inactive
6186,user_6186,user_6186@test.com,2025-08-07,inactive
6187,user_6187,user_6187@test.com,2025-11-19,active
6188,user_6188,user_6188@test.com,2025-07-26,active
6189,user_6189,user_6189@test.com,2026-02-06,inactive
6190,user_6190,user_6190@test.com,2026-01-06,inactive
6191,user_6191,user_6191@test.com,2025-06-29,inactive
6192,user_6192,user_6192@test.com,2026-02-02,active
6193,user_6193,user_6193@test.com,2025-10-07,active
6194,user_6194,user_6194@test.com,2025-11-17,active
6195,user_6195,user_6195@test.com,2026-03-08,inactive
6196,user_6196,user_6196@test.com,2025-12-24,active
6197,user_6197,user_6197@test.com,2025-09-04,inactive
6198,user_6198,user_6198@test.com,2025-08-12,active
6199,user_6199,user_6199@test.com,2025-04-13,inactive
6200,user_6200,user_6200@test.com,2025-09-19,active
6201,user_6201,user_6201@test.com,2025-10-03,active
6202,user_6202,user_6202@test.com,2025-12-30,active
6203,user_6203,user_6203@test.com,2026-02-22,active
6204,user_6204,user_6204@test.com,2026-03-10,active
6205,user_6205,user_6205@test.com,2025-10-12,inactive
6206,user_6206,user_6206@test.com,2025-08-17,active
6207,user_6207,user_6207@test.com,2025-12-01,active
6208,user_6208,user_6208@test.com,2025-04-13,active
6209,user_6209,user_6209@test.com,2026-03-05,inactive
6210,user_6210,user_6210@test.com,2025-12-13,active
6211,user_6211,user_6211@test.com,2025-07-16,active
6212,user_6212,user_6212@test.com,2025-11-30,active
6213,user_6213,user_6213@test.com,2025-08-16,active
6214,user_6214,user_6214@test.com,2025-07-19,inactive
6215,user_6215,user_6215@test.com,2026-02-14,inactive
6216,user_6216,user_6216@test.com,2025-11-13,active
6217,user_6217,user_6217@test.com,2025-09-30,active
6218,user_6218,user_6218@test.com,2025-06-29,inactive
6219,user_6219,user_6219@test.com,2026-03-23,active
6220,user_6220,user_6220@test.com,2025-07-27,active
6221,user_6221,user_6221@test.com,2025-06-25,active
6222,user_6222,user_6222@test.com,2025-05-31,active
6223,user_6223,user_6223@test.com,2025-09-08,active
6224,user_6224,user_6224@test.com,2025-05-01,active
6225,user_6225,user_6225@test.com,2025-04-18,active
6226,user_6226,user_6226@test.com,2025-11-20,active
6227,user_6227,user_6227@test.com,2026-03-25,active
6228,user_6228,user_6228@test.com,2025-04-22,inactive
6229,user_6229,user_6229@test.com,2026-02-05,active
6230,user_6230,user_6230@test.com,2025-11-28,active
6231,user_6231,user_6231@test.com,2025-04-09,active
6232,user_6232,user_6232@test.com,2025-12-13,active
6233,user_6233,user_6233@test.com,2025-12-27,active
6234,user_6234,user_6234@test.com,2025-09-14,inactive
6235,user_6235,user_6235@test.com,2025-04-01,active
6236,user_6236,user_6236@test.com,2026-01-12,active
6237,user_6237,user_6237@test.com,2025-11-12,active
6238,user_6238,user_6238@test.com,2025-05-31,inactive
6239,user_6239,user_6239@test.com,2025-07-16,active
6240,user_6240,user_6240@test.com,2025-04-02,active
6241,user_6241,user_6241@test.com,2025-07-31,inactive
6242,user_6242,user_6242@test.com,2025-11-16,inactive
6243,user_6243,user_6243@test.com,2026-03-23,active
6244,user_6244,user_6244@test.com,2025-12-20,active
6245,user_6245,user_6245@test.com,2025-06-24,active
6246,user_6246,user_6246@test.com,2025-06-14,active
6247,user_6247,user_6247@test.com,2025-06-18,active
6248,user_6248,user_6248@test.com,2025-09-30,active
6249,user_6249,user_6249@test.com,2025-06-26,active
6250,user_6250,user_6250@test.com,2025-05-03,active
6251,user_6251,user_6251@test.com,2025-06-22,active
6252,user_6252,user_6252@test.com,2025-07-16,active
6253,user_6253,user_6253@test.com,2026-03-04,active
6254,user_6254,user_6254@test.com,2025-04-22,inactive
6255,user_6255,user_6255@test.com,2026-03-27,active
6256,user_6256,user_6256@test.com,2025-06-21,inactive
6257,user_6257,user_6257@test.com,2026-02-13,active
6258,user_6258,user_6258@test.com,2025-12-09,active
6259,user_6259,user_6259@test.com,2026-02-15,active
6260,user_6260,user_6260@test.com,2026-01-08,inactive
6261,user_6261,user_6261@test.com,2025-09-20,inactive
6262,user_6262,user_6262@test.com,2025-04-16,active
6263,user_6263,user_6263@test.com,2025-06-05,inactive
6264,user_6264,user_6264@test.com,2025-05-21,active
6265,user_6265,user_6265@test.com,2025-09-13,inactive
6266,user_6266,user_6266@test.com,2025-06-17,active
6267,user_6267,user_6267@test.com,2026-01-12,inactive
6268,user_6268,user_6268@test.com,2025-12-20,active
6269,user_6269,user_6269@test.com,2025-05-23,inactive
6270,user_6270,user_6270@test.com,2025-06-27,active
6271,user_6271,user_6271@test.com,2025-11-21,active
6272,user_6272,user_6272@test.com,2025-12-18,active
6273,user_6273,user_6273@test.com,2025-08-25,active
6274,user_6274,user_6274@test.com,2026-02-14,active
6275,user_6275,user_6275@test.com,2025-06-19,active
6276,user_6276,user_6276@test.com,2026-01-14,active
6277,user_6277,user_6277@test.com,2025-12-24,active
6278,user_6278,user_6278@test.com,2025-04-23,active
6279,user_6279,user_6279@test.com,2025-08-01,active
6280,user_6280,user_6280@test.com,2025-04-19,inactive
6281,user_6281,user_6281@test.com,2025-12-30,active
6282,user_6282,user_6282@test.com,2025-05-03,inactive
6283,user_6283,user_6283@test.com,2025-10-07,active
6284,user_6284,user_6284@test.com,2025-05-20,active
6285,user_6285,user_6285@test.com,2025-12-01,inactive
6286,user_6286,user_6286@test.com,2025-06-22,active
6287,user_6287,user_6287@test.com,2025-10-01,active
6288,user_6288,user_6288@test.com,2026-02-20,active
6289,user_6289,user_6289@test.com,2025-10-18,active
6290,user_6290,user_6290@test.com,2026-01-03,active
6291,user_6291,user_6291@test.com,2025-12-08,active
6292,user_6292,user_6292@test.com,2025-06-30,active
6293,user_6293,user_6293@test.com,2025-10-31,active
6294,user_6294,user_6294@test.com,2025-05-12,active
6295,user_6295,user_6295@test.com,2026-02-05,active
6296,user_6296,user_6296@test.com,2026-01-13,active
6297,user_6297,user_6297@test.com,2026-02-06,active
6298,user_6298,user_6298@test.com,2025-07-08,inactive
6299,user_6299,user_6299@test.com,2025-09-22,active
6300,user_6300,user_6300@test.com,2025-06-16,inactive
6301,user_6301,user_6301@test.com,2025-09-16,active
6302,user_6302,user_6302@test.com,2025-07-16,active
6303,user_6303,user_6303@test.com,2025-09-03,active
6304,user_6304,user_6304@test.com,2025-12-19,inactive
6305,user_6305,user_6305@test.com,2025-08-03,active
6306,user_6306,user_6306@test.com,2025-12-17,active
6307,user_6307,user_6307@test.com,2025-06-23,active
6308,user_6308,user_6308@test.com,2025-04-17,active
6309,user_6309,user_6309@test.com,2025-12-05,active
6310,user_6310,user_6310@test.com,2025-08-29,active
6311,user_6311,user_6311@test.com,2025-06-10,active
6312,user_6312,user_6312@test.com,2025-05-06,active
6313,user_6313,user_6313@test.com,2025-05-13,active
6314,user_6314,user_6314@test.com,2025-06-05,active
6315,user_6315,user_6315@test.com,2026-01-04,active
6316,user_6316,user_6316@test.com,2025-04-07,active
6317,user_6317,user_6317@test.com,2025-07-21,active
6318,user_6318,user_6318@test.com,2025-06-18,active
6319,user_6319,user_6319@test.com,2025-07-01,active
6320,user_6320,user_6320@test.com,2025-10-09,active
6321,user_6321,user_6321@test.com,2025-08-20,inactive
6322,user_6322,user_6322@test.com,2025-07-17,inactive
6323,user_6323,user_6323@test.com,2025-08-22,active
6324,user_6324,user_6324@test.com,2025-05-18,active
6325,user_6325,user_6325@test.com,2025-11-14,inactive
6326,user_6326,user_6326@test.com,2026-03-11,active
6327,user_6327,user_6327@test.com,2025-05-20,inactive
6328,user_6328,user_6328@test.com,2025-12-25,active
6329,user_6329,user_6329@test.com,2025-09-05,active
6330,user_6330,user_6330@test.com,2025-12-25,active
6331,user_6331,user_6331@test.com,2025-09-24,active
6332,user_6332,user_6332@test.com,2025-09-13,active
6333,user_6333,user_6333@test.com,2026-03-03,active
6334,user_6334,user_6334@test.com,2025-11-06,active
6335,user_6335,user_6335@test.com,2025-11-28,active
6336,user_6336,user_6336@test.com,2025-07-03,active
6337,user_6337,user_6337@test.com,2025-06-01,active
6338,user_6338,user_6338@test.com,2025-07-27,inactive
6339,user_6339,user_6339@test.com,2025-09-21,active
6340,user_6340,user_6340@test.com,2025-12-21,active
6341,user_6341,user_6341@test.com,2026-03-05,inactive
6342,user_6342,user_6342@test.com,2025-07-20,inactive
6343,user_6343,user_6343@test.com,2026-02-10,active
6344,user_6344,user_6344@test.com,2025-11-10,inactive
6345,user_6345,user_6345@test.com,2026-02-08,inactive
6346,user_6346,user_6346@test.com,2025-05-29,active
6347,user_6347,user_6347@test.com,2026-01-04,active
6348,user_6348,user_6348@test.com,2025-11-02,active
6349,user_6349,user_6349@test.com,2025-08-04,active
6350,user_6350,user_6350@test.com,2025-08-05,active
6351,user_6351,user_6351@test.com,2025-10-23,active
6352,user_6352,user_6352@test.com,2025-10-18,inactive
6353,user_6353,user_6353@test.com,2025-07-06,active
6354,user_6354,user_6354@test.com,2025-11-12,inactive
6355,user_6355,user_6355@test.com,2025-04-10,active
6356,user_6356,user_6356@test.com,2025-04-10,active
6357,user_6357,user_6357@test.com,2025-07-15,active
6358,user_6358,user_6358@test.com,2025-05-10,active
6359,user_6359,user_6359@test.com,2025-10-09,active
6360,user_6360,user_6360@test.com,2025-11-20,active
6361,user_6361,user_6361@test.com,2025-11-03,active
6362,user_6362,user_6362@test.com,2025-10-06,active
6363,user_6363,user_6363@test.com,2025-04-25,active
6364,user_6364,user_6364@test.com,2025-11-16,active
6365,user_6365,user_6365@test.com,2025-07-05,active
6366,user_6366,user_6366@test.com,2025-07-31,active
6367,user_6367,user_6367@test.com,2025-08-15,active
6368,user_6368,user_6368@test.com,2025-05-13,active
6369,user_6369,user_6369@test.com,2026-01-05,active
6370,user_6370,user_6370@test.com,2025-05-02,active
6371,user_6371,user_6371@test.com,2026-02-24,active
6372,user_6372,user_6372@test.com,2026-02-13,active
6373,user_6373,user_6373@test.com,2025-12-07,active
6374,user_6374,user_6374@test.com,2025-08-11,active
6375,user_6375,user_6375@test.com,2025-04-16,active
6376,user_6376,user_6376@test.com,2025-06-26,active
6377,user_6377,user_6377@test.com,2025-04-25,active
6378,user_6378,user_6378@test.com,2025-09-22,active
6379,user_6379,user_6379@test.com,2025-05-08,active
6380,user_6380,user_6380@test.com,2025-12-13,active
6381,user_6381,user_6381@test.com,2025-11-13,active
6382,user_6382,user_6382@test.com,2025-06-03,active
6383,user_6383,user_6383@test.com,2025-10-09,active
6384,user_6384,user_6384@test.com,2026-03-08,active
6385,user_6385,user_6385@test.com,2026-02-11,active
6386,user_6386,user_6386@test.com,2025-09-13,active
6387,user_6387,user_6387@test.com,2025-06-03,inactive
6388,user_6388,user_6388@test.com,2026-03-12,active
6389,user_6389,user_6389@test.com,2025-12-17,active
6390,user_6390,user_6390@test.com,2026-03-18,active
6391,user_6391,user_6391@test.com,2025-05-05,active
6392,user_6392,user_6392@test.com,2026-01-22,inactive
6393,user_6393,user_6393@test.com,2025-10-03,inactive
6394,user_6394,user_6394@test.com,2026-02-01,active
6395,user_6395,user_6395@test.com,2025-09-08,active
6396,user_6396,user_6396@test.com,2025-07-03,active
6397,user_6397,user_6397@test.com,2025-12-31,active
6398,user_6398,user_6398@test.com,2026-01-24,active
6399,user_6399,user_6399@test.com,2025-08-31,active
6400,user_6400,user_6400@test.com,2025-09-12,active
6401,user_6401,user_6401@test.com,2026-03-21,active
6402,user_6402,user_6402@test.com,2025-12-07,active
6403,user_6403,user_6403@test.com,2025-08-21,active
6404,user_6404,user_6404@test.com,2025-05-16,active
6405,user_6405,user_6405@test.com,2025-09-25,inactive
6406,user_6406,user_6406@test.com,2025-12-11,inactive
6407,user_6407,user_6407@test.com,2025-08-11,active
6408,user_6408,user_6408@test.com,2025-12-02,active
6409,user_6409,user_6409@test.com,2025-08-05,active
6410,user_6410,user_6410@test.com,2026-01-29,active
6411,user_6411,user_6411@test.com,2026-01-30,inactive
6412,user_6412,user_6412@test.com,2025-11-26,active
6413,user_6413,user_6413@test.com,2025-06-23,active
6414,user_6414,user_6414@test.com,2025-11-08,active
6415,user_6415,user_6415@test.com,2026-03-19,active
6416,user_6416,user_6416@test.com,2025-05-09,active
6417,user_6417,user_6417@test.com,2025-04-28,active
6418,user_6418,user_6418@test.com,2025-06-10,inactive
6419,user_6419,user_6419@test.com,2026-02-13,active
6420,user_6420,user_6420@test.com,2025-09-21,active
6421,user_6421,user_6421@test.com,2025-12-30,active
6422,user_6422,user_6422@test.com,2025-06-11,active
6423,user_6423,user_6423@test.com,2025-10-16,inactive
6424,user_6424,user_6424@test.com,2025-12-24,active
6425,user_6425,user_6425@test.com,2025-04-21,active
6426,user_6426,user_6426@test.com,2025-09-21,active
6427,user_6427,user_6427@test.com,2025-07-13,inactive
6428,user_6428,user_6428@test.com,2025-03-30,active
6429,user_6429,user_6429@test.com,2026-02-21,inactive
6430,user_6430,user_6430@test.com,2025-07-06,active
6431,user_6431,user_6431@test.com,2025-03-30,active
6432,user_6432,user_6432@test.com,2025-06-16,active
6433,user_6433,user_6433@test.com,2026-01-06,inactive
6434,user_6434,user_6434@test.com,2025-11-04,active
6435,user_6435,user_6435@test.com,2025-04-13,active
6436,user_6436,user_6436@test.com,2025-07-30,inactive
6437,user_6437,user_6437@test.com,2025-05-18,inactive
6438,user_6438,user_6438@test.com,2025-08-17,active
6439,user_6439,user_6439@test.com,2026-01-27,inactive
6440,user_6440,user_6440@test.com,2025-11-28,inactive
6441,user_6441,user_6441@test.com,2025-04-25,active
6442,user_6442,user_6442@test.com,2025-12-24,active
6443,user_6443,user_6443@test.com,2026-03-05,active
6444,user_6444,user_6444@test.com,2025-06-01,active
6445,user_6445,user_6445@test.com,2025-07-19,active
6446,user_6446,user_6446@test.com,2026-03-13,active
6447,user_6447,user_6447@test.com,2025-07-22,inactive
6448,user_6448,user_6448@test.com,2026-03-21,active
6449,user_6449,user_6449@test.com,2025-06-24,active
6450,user_6450,user_6450@test.com,2026-02-03,active
6451,user_6451,user_6451@test.com,2025-03-30,active
6452,user_6452,user_6452@test.com,2025-06-22,inactive
6453,user_6453,user_6453@test.com,2025-08-13,active
6454,user_6454,user_6454@test.com,2025-06-30,active
6455,user_6455,user_6455@test.com,2025-10-19,active
6456,user_6456,user_6456@test.com,2025-10-23,active
6457,user_6457,user_6457@test.com,2026-03-21,active
6458,user_6458,user_6458@test.com,2025-05-25,active
6459,user_6459,user_6459@test.com,2025-06-04,active
6460,user_6460,user_6460@test.com,2025-12-02,active
6461,user_6461,user_6461@test.com,2025-11-26,active
6462,user_6462,user_6462@test.com,2025-04-20,inactive
6463,user_6463,user_6463@test.com,2025-06-14,active
6464,user_6464,user_6464@test.com,2025-09-01,active
6465,user_6465,user_6465@test.com,2026-03-13,inactive
6466,user_6466,user_6466@test.com,2026-02-12,active
6467,user_6467,user_6467@test.com,2026-03-01,active
6468,user_6468,user_6468@test.com,2025-05-03,active
6469,user_6469,user_6469@test.com,2025-06-29,active
6470,user_6470,user_6470@test.com,2025-06-10,active
6471,user_6471,user_6471@test.com,2025-07-04,inactive
6472,user_6472,user_6472@test.com,2025-12-11,inactive
6473,user_6473,user_6473@test.com,2025-11-18,active
6474,user_6474,user_6474@test.com,2025-04-25,active
6475,user_6475,user_6475@test.com,2025-05-19,active
6476,user_6476,user_6476@test.com,2025-08-23,inactive
6477,user_6477,user_6477@test.com,2025-07-30,active
6478,user_6478,user_6478@test.com,2025-06-02,inactive
6479,user_6479,user_6479@test.com,2025-04-13,active
6480,user_6480,user_6480@test.com,2025-09-28,active
6481,user_6481,user_6481@test.com,2026-01-06,active
6482,user_6482,user_6482@test.com,2025-05-29,active
6483,user_6483,user_6483@test.com,2026-01-31,active
6484,user_6484,user_6484@test.com,2025-06-05,active
6485,user_6485,user_6485@test.com,2025-05-19,active
6486,user_6486,user_6486@test.com,2025-07-13,inactive
6487,user_6487,user_6487@test.com,2025-09-17,active
6488,user_6488,user_6488@test.com,2025-06-23,active
6489,user_6489,user_6489@test.com,2025-07-13,active
6490,user_6490,user_6490@test.com,2026-02-02,active
6491,user_6491,user_6491@test.com,2026-02-04,active
6492,user_6492,user_6492@test.com,2025-12-06,active
6493,user_6493,user_6493@test.com,2025-05-15,active
6494,user_6494,user_6494@test.com,2025-10-26,active
6495,user_6495,user_6495@test.com,2025-04-12,active
6496,user_6496,user_6496@test.com,2026-02-09,active
6497,user_6497,user_6497@test.com,2025-04-24,active
6498,user_6498,user_6498@test.com,2025-11-03,active
6499,user_6499,user_6499@test.com,2026-02-28,inactive
6500,user_6500,user_6500@test.com,2025-04-10,active
6501,user_6501,user_6501@test.com,2025-03-30,active
6502,user_6502,user_6502@test.com,2025-09-10,active
6503,user_6503,user_6503@test.com,2025-11-10,active
6504,user_6504,user_6504@test.com,2026-01-04,active
6505,user_6505,user_6505@test.com,2025-06-19,active
6506,user_6506,user_6506@test.com,2025-12-20,active
6507,user_6507,user_6507@test.com,2026-02-21,active
6508,user_6508,user_6508@test.com,2025-05-12,inactive
6509,user_6509,user_6509@test.com,2025-09-20,active
6510,user_6510,user_6510@test.com,2025-11-11,active
6511,user_6511,user_6511@test.com,2025-05-24,active
6512,user_6512,user_6512@test.com,2025-08-19,active
6513,user_6513,user_6513@test.com,2025-04-16,active
6514,user_6514,user_6514@test.com,2025-04-02,inactive
6515,user_6515,user_6515@test.com,2025-06-28,active
6516,user_6516,user_6516@test.com,2025-07-06,active
6517,user_6517,user_6517@test.com,2025-09-18,active
6518,user_6518,user_6518@test.com,2026-01-04,active
6519,user_6519,user_6519@test.com,2025-08-28,active
6520,user_6520,user_6520@test.com,2026-01-30,active
6521,user_6521,user_6521@test.com,2026-01-28,active
6522,user_6522,user_6522@test.com,2025-11-26,active
6523,user_6523,user_6523@test.com,2026-01-13,active
6524,user_6524,user_6524@test.com,2025-04-15,active
6525,user_6525,user_6525@test.com,2025-06-26,inactive
6526,user_6526,user_6526@test.com,2025-08-10,active
6527,user_6527,user_6527@test.com,2026-01-23,active
6528,user_6528,user_6528@test.com,2025-04-01,active
6529,user_6529,user_6529@test.com,2025-08-14,active
6530,user_6530,user_6530@test.com,2025-08-29,active
6531,user_6531,user_6531@test.com,2025-10-06,active
6532,user_6532,user_6532@test.com,2025-11-05,active
6533,user_6533,user_6533@test.com,2025-05-31,active
6534,user_6534,user_6534@test.com,2025-07-10,active
6535,user_6535,user_6535@test.com,2025-11-27,active
6536,user_6536,user_6536@test.com,2026-01-18,active
6537,user_6537,user_6537@test.com,2025-07-25,inactive
6538,user_6538,user_6538@test.com,2025-09-16,active
6539,user_6539,user_6539@test.com,2025-08-14,active
6540,user_6540,user_6540@test.com,2025-06-11,inactive
6541,user_6541,user_6541@test.com,2025-09-20,inactive
6542,user_6542,user_6542@test.com,2025-05-31,inactive
6543,user_6543,user_6543@test.com,2025-05-06,active
6544,user_6544,user_6544@test.com,2025-07-19,active
6545,user_6545,user_6545@test.com,2025-08-07,active
6546,user_6546,user_6546@test.com,2025-03-30,inactive
6547,user_6547,user_6547@test.com,2025-12-05,active
6548,user_6548,user_6548@test.com,2025-09-26,active
6549,user_6549,user_6549@test.com,2025-12-29,active
6550,user_6550,user_6550@test.com,2026-02-22,active
6551,user_6551,user_6551@test.com,2025-08-18,active
6552,user_6552,user_6552@test.com,2025-06-27,active
6553,user_6553,user_6553@test.com,2025-09-03,active
6554,user_6554,user_6554@test.com,2025-11-17,active
6555,user_6555,user_6555@test.com,2026-01-09,inactive
6556,user_6556,user_6556@test.com,2025-10-10,active
6557,user_6557,user_6557@test.com,2026-02-06,active
6558,user_6558,user_6558@test.com,2025-05-25,inactive
6559,user_6559,user_6559@test.com,2025-05-12,active
6560,user_6560,user_6560@test.com,2026-03-18,active
6561,user_6561,user_6561@test.com,2025-06-26,active
6562,user_6562,user_6562@test.com,2025-07-14,active
6563,user_6563,user_6563@test.com,2025-06-04,active
6564,user_6564,user_6564@test.com,2026-03-02,active
6565,user_6565,user_6565@test.com,2025-04-27,active
6566,user_6566,user_6566@test.com,2025-10-11,active
6567,user_6567,user_6567@test.com,2026-01-27,active
6568,user_6568,user_6568@test.com,2026-03-16,inactive
6569,user_6569,user_6569@test.com,2026-03-22,inactive
6570,user_6570,user_6570@test.com,2025-10-28,active
6571,user_6571,user_6571@test.com,2026-03-07,active
6572,user_6572,user_6572@test.com,2025-10-07,active
6573,user_6573,user_6573@test.com,2025-09-22,inactive
6574,user_6574,user_6574@test.com,2025-07-09,active
6575,user_6575,user_6575@test.com,2025-09-10,inactive
6576,user_6576,user_6576@test.com,2025-12-09,active
6577,user_6577,user_6577@test.com,2025-08-22,inactive
6578,user_6578,user_6578@test.com,2025-07-16,active
6579,user_6579,user_6579@test.com,2026-03-26,active
6580,user_6580,user_6580@test.com,2025-06-02,active
6581,user_6581,user_6581@test.com,2026-03-07,active
6582,user_6582,user_6582@test.com,2026-01-24,inactive
6583,user_6583,user_6583@test.com,2025-10-16,active
6584,user_6584,user_6584@test.com,2025-08-20,active
6585,user_6585,user_6585@test.com,2025-10-02,active
6586,user_6586,user_6586@test.com,2025-12-06,active
6587,user_6587,user_6587@test.com,2025-10-05,inactive
6588,user_6588,user_6588@test.com,2025-12-20,active
6589,user_6589,user_6589@test.com,2025-05-01,active
6590,user_6590,user_6590@test.com,2025-10-12,active
6591,user_6591,user_6591@test.com,2025-06-12,active
6592,user_6592,user_6592@test.com,2025-10-13,active
6593,user_6593,user_6593@test.com,2025-09-01,active
6594,user_6594,user_6594@test.com,2025-04-27,active
6595,user_6595,user_6595@test.com,2025-09-07,active
6596,user_6596,user_6596@test.com,2025-11-11,active
6597,user_6597,user_6597@test.com,2025-12-17,active
6598,user_6598,user_6598@test.com,2025-07-18,active
6599,user_6599,user_6599@test.com,2025-08-18,active
6600,user_6600,user_6600@test.com,2025-09-13,inactive
6601,user_6601,user_6601@test.com,2025-08-19,active
6602,user_6602,user_6602@test.com,2025-09-18,inactive
6603,user_6603,user_6603@test.com,2025-07-07,inactive
6604,user_6604,user_6604@test.com,2025-10-07,inactive
6605,user_6605,user_6605@test.com,2026-02-03,active
6606,user_6606,user_6606@test.com,2025-07-18,active
6607,user_6607,user_6607@test.com,2025-08-11,active
6608,user_6608,user_6608@test.com,2025-10-08,active
6609,user_6609,user_6609@test.com,2026-01-06,active
6610,user_6610,user_6610@test.com,2025-05-07,active
6611,user_6611,user_6611@test.com,2025-04-06,active
6612,user_6612,user_6612@test.com,2025-06-20,active
6613,user_6613,user_6613@test.com,2025-06-04,active
6614,user_6614,user_6614@test.com,2026-03-05,active
6615,user_6615,user_6615@test.com,2026-02-07,active
6616,user_6616,user_6616@test.com,2026-02-25,active
6617,user_6617,user_6617@test.com,2026-01-10,active
6618,user_6618,user_6618@test.com,2025-09-07,inactive
6619,user_6619,user_6619@test.com,2025-09-27,active
6620,user_6620,user_6620@test.com,2026-03-02,active
6621,user_6621,user_6621@test.com,2025-06-08,inactive
6622,user_6622,user_6622@test.com,2025-09-10,active
6623,user_6623,user_6623@test.com,2025-05-26,inactive
6624,user_6624,user_6624@test.com,2025-04-11,inactive
6625,user_6625,user_6625@test.com,2025-07-19,active
6626,user_6626,user_6626@test.com,2025-12-04,inactive
6627,user_6627,user_6627@test.com,2025-11-28,active
6628,user_6628,user_6628@test.com,2025-05-14,active
6629,user_6629,user_6629@test.com,2025-12-28,inactive
6630,user_6630,user_6630@test.com,2025-11-20,active
6631,user_6631,user_6631@test.com,2025-12-04,active
6632,user_6632,user_6632@test.com,2025-04-27,inactive
6633,user_6633,user_6633@test.com,2025-11-18,active
6634,user_6634,user_6634@test.com,2025-08-20,active
6635,user_6635,user_6635@test.com,2025-06-06,active
6636,user_6636,user_6636@test.com,2025-12-20,inactive
6637,user_6637,user_6637@test.com,2025-09-01,active
6638,user_6638,user_6638@test.com,2026-03-16,inactive
6639,user_6639,user_6639@test.com,2025-05-26,active
6640,user_6640,user_6640@test.com,2026-01-19,active
6641,user_6641,user_6641@test.com,2026-01-07,active
6642,user_6642,user_6642@test.com,2025-09-09,active
6643,user_6643,user_6643@test.com,2025-11-07,active
6644,user_6644,user_6644@test.com,2025-11-14,active
6645,user_6645,user_6645@test.com,2026-01-04,active
6646,user_6646,user_6646@test.com,2025-10-11,active
6647,user_6647,user_6647@test.com,2026-03-29,active
6648,user_6648,user_6648@test.com,2025-09-21,active
6649,user_6649,user_6649@test.com,2025-06-18,active
6650,user_6650,user_6650@test.com,2025-12-11,inactive
6651,user_6651,user_6651@test.com,2026-02-12,active
6652,user_6652,user_6652@test.com,2025-05-20,active
6653,user_6653,user_6653@test.com,2025-05-16,active
6654,user_6654,user_6654@test.com,2025-12-14,active
6655,user_6655,user_6655@test.com,2025-04-17,active
6656,user_6656,user_6656@test.com,2025-09-25,active
6657,user_6657,user_6657@test.com,2026-03-28,active
6658,user_6658,user_6658@test.com,2025-11-08,active
6659,user_6659,user_6659@test.com,2025-09-19,active
6660,user_6660,user_6660@test.com,2025-11-13,active
6661,user_6661,user_6661@test.com,2025-05-12,active
6662,user_6662,user_6662@test.com,2025-06-20,active
6663,user_6663,user_6663@test.com,2026-03-12,active
6664,user_6664,user_6664@test.com,2026-01-17,active
6665,user_6665,user_6665@test.com,2025-08-07,active
6666,user_6666,user_6666@test.com,2025-06-16,active
6667,user_6667,user_6667@test.com,2025-08-06,inactive
6668,user_6668,user_6668@test.com,2025-10-30,inactive
6669,user_6669,user_6669@test.com,2025-09-15,active
6670,user_6670,user_6670@test.com,2025-04-04,active
6671,user_6671,user_6671@test.com,2026-01-19,active
6672,user_6672,user_6672@test.com,2025-05-24,active
6673,user_6673,user_6673@test.com,2026-02-10,inactive
6674,user_6674,user_6674@test.com,2025-04-28,active
6675,user_6675,user_6675@test.com,2026-02-18,active
6676,user_6676,user_6676@test.com,2025-12-31,inactive
6677,user_6677,user_6677@test.com,2025-11-16,active
6678,user_6678,user_6678@test.com,2025-08-23,active
6679,user_6679,user_6679@test.com,2025-07-14,inactive
6680,user_6680,user_6680@test.com,2025-12-19,active
6681,user_6681,user_6681@test.com,2025-09-12,active
6682,user_6682,user_6682@test.com,2025-09-20,active
6683,user_6683,user_6683@test.com,2025-12-13,active
6684,user_6684,user_6684@test.com,2026-01-11,active
6685,user_6685,user_6685@test.com,2025-04-08,inactive
6686,user_6686,user_6686@test.com,2025-05-02,active
6687,user_6687,user_6687@test.com,2026-02-14,active
6688,user_6688,user_6688@test.com,2026-02-15,inactive
6689,user_6689,user_6689@test.com,2025-10-14,active
6690,user_6690,user_6690@test.com,2026-02-26,active
6691,user_6691,user_6691@test.com,2025-09-16,active
6692,user_6692,user_6692@test.com,2025-04-01,inactive
6693,user_6693,user_6693@test.com,2025-06-24,active
6694,user_6694,user_6694@test.com,2025-04-12,active
6695,user_6695,user_6695@test.com,2025-12-25,active
6696,user_6696,user_6696@test.com,2026-02-01,inactive
6697,user_6697,user_6697@test.com,2025-08-05,active
6698,user_6698,user_6698@test.com,2025-04-25,active
6699,user_6699,user_6699@test.com,2026-02-20,active
6700,user_6700,user_6700@test.com,2025-07-31,active
6701,user_6701,user_6701@test.com,2025-10-06,active
6702,user_6702,user_6702@test.com,2025-12-05,active
6703,user_6703,user_6703@test.com,2026-03-16,active
6704,user_6704,user_6704@test.com,2025-07-29,active
6705,user_6705,user_6705@test.com,2025-10-19,active
6706,user_6706,user_6706@test.com,2026-03-28,inactive
6707,user_6707,user_6707@test.com,2025-06-24,active
6708,user_6708,user_6708@test.com,2026-01-12,active
6709,user_6709,user_6709@test.com,2025-12-17,active
6710,user_6710,user_6710@test.com,2025-11-28,active
6711,user_6711,user_6711@test.com,2025-12-08,active
6712,user_6712,user_6712@test.com,2025-04-14,active
6713,user_6713,user_6713@test.com,2025-07-01,inactive
6714,user_6714,user_6714@test.com,2025-04-28,inactive
6715,user_6715,user_6715@test.com,2025-09-06,active
6716,user_6716,user_6716@test.com,2025-04-27,active
6717,user_6717,user_6717@test.com,2025-06-05,inactive
6718,user_6718,user_6718@test.com,2025-08-29,inactive
6719,user_6719,user_6719@test.com,2026-03-08,active
6720,user_6720,user_6720@test.com,2025-04-07,active
6721,user_6721,user_6721@test.com,2025-05-14,inactive
6722,user_6722,user_6722@test.com,2026-01-14,active
6723,user_6723,user_6723@test.com,2025-04-10,active
6724,user_6724,user_6724@test.com,2025-07-26,active
6725,user_6725,user_6725@test.com,2025-04-20,active
6726,user_6726,user_6726@test.com,2025-12-04,active
6727,user_6727,user_6727@test.com,2025-05-16,active
6728,user_6728,user_6728@test.com,2026-03-03,inactive
6729,user_6729,user_6729@test.com,2025-04-07,active
6730,user_6730,user_6730@test.com,2025-07-13,active
6731,user_6731,user_6731@test.com,2025-05-26,active
6732,user_6732,user_6732@test.com,2025-12-26,active
6733,user_6733,user_6733@test.com,2025-05-07,active
6734,user_6734,user_6734@test.com,2025-06-24,inactive
6735,user_6735,user_6735@test.com,2026-03-06,active
6736,user_6736,user_6736@test.com,2025-07-11,active
6737,user_6737,user_6737@test.com,2025-09-29,active
6738,user_6738,user_6738@test.com,2025-09-06,active
6739,user_6739,user_6739@test.com,2026-02-23,active
6740,user_6740,user_6740@test.com,2025-06-30,active
6741,user_6741,user_6741@test.com,2025-07-11,active
6742,user_6742,user_6742@test.com,2026-03-11,active
6743,user_6743,user_6743@test.com,2025-08-26,active
6744,user_6744,user_6744@test.com,2026-03-14,inactive
6745,user_6745,user_6745@test.com,2026-03-04,active
6746,user_6746,user_6746@test.com,2026-01-02,inactive
6747,user_6747,user_6747@test.com,2025-07-12,active
6748,user_6748,user_6748@test.com,2025-08-08,active
6749,user_6749,user_6749@test.com,2025-07-29,inactive
6750,user_6750,user_6750@test.com,2026-03-28,active
6751,user_6751,user_6751@test.com,2025-07-22,active
6752,user_6752,user_6752@test.com,2025-08-22,active
6753,user_6753,user_6753@test.com,2025-05-28,active
6754,user_6754,user_6754@test.com,2025-05-06,inactive
6755,user_6755,user_6755@test.com,2025-04-29,active
6756,user_6756,user_6756@test.com,2025-08-20,active
6757,user_6757,user_6757@test.com,2026-01-20,active
6758,user_6758,user_6758@test.com,2025-07-18,active
6759,user_6759,user_6759@test.com,2026-01-06,active
6760,user_6760,user_6760@test.com,2026-01-27,active
6761,user_6761,user_6761@test.com,2025-07-30,active
6762,user_6762,user_6762@test.com,2025-12-25,active
6763,user_6763,user_6763@test.com,2026-03-08,active
6764,user_6764,user_6764@test.com,2025-12-22,active
6765,user_6765,user_6765@test.com,2025-12-20,active
6766,user_6766,user_6766@test.com,2025-04-06,active
6767,user_6767,user_6767@test.com,2026-03-20,active
6768,user_6768,user_6768@test.com,2025-11-09,inactive
6769,user_6769,user_6769@test.com,2026-02-10,active
6770,user_6770,user_6770@test.com,2025-04-17,active
6771,user_6771,user_6771@test.com,2025-08-05,active
6772,user_6772,user_6772@test.com,2025-09-13,inactive
6773,user_6773,user_6773@test.com,2025-04-01,active
6774,user_6774,user_6774@test.com,2026-01-12,active
6775,user_6775,user_6775@test.com,2025-05-25,inactive
6776,user_6776,user_6776@test.com,2026-01-09,active
6777,user_6777,user_6777@test.com,2025-12-08,active
6778,user_6778,user_6778@test.com,2026-01-26,active
6779,user_6779,user_6779@test.com,2025-12-12,active
6780,user_6780,user_6780@test.com,2025-11-28,active
6781,user_6781,user_6781@test.com,2026-03-11,inactive
6782,user_6782,user_6782@test.com,2026-01-09,active
6783,user_6783,user_6783@test.com,2025-10-05,active
6784,user_6784,user_6784@test.com,2026-02-25,active
6785,user_6785,user_6785@test.com,2025-10-11,active
6786,user_6786,user_6786@test.com,2025-09-21,active
6787,user_6787,user_6787@test.com,2025-06-11,active
6788,user_6788,user_6788@test.com,2025-10-09,active
6789,user_6789,user_6789@test.com,2026-01-14,inactive
6790,user_6790,user_6790@test.com,2025-11-16,active
6791,user_6791,user_6791@test.com,2025-10-30,active
6792,user_6792,user_6792@test.com,2025-10-26,active
6793,user_6793,user_6793@test.com,2025-10-27,inactive
6794,user_6794,user_6794@test.com,2025-09-27,active
6795,user_6795,user_6795@test.com,2025-12-29,active
6796,user_6796,user_6796@test.com,2026-03-19,active
6797,user_6797,user_6797@test.com,2026-02-23,active
6798,user_6798,user_6798@test.com,2025-09-02,active
6799,user_6799,user_6799@test.com,2025-08-11,active
6800,user_6800,user_6800@test.com,2025-10-08,active
6801,user_6801,user_6801@test.com,2025-05-18,active
6802,user_6802,user_6802@test.com,2025-08-25,active
6803,user_6803,user_6803@test.com,2026-03-15,active
6804,user_6804,user_6804@test.com,2025-06-27,active
6805,user_6805,user_6805@test.com,2025-08-20,active
6806,user_6806,user_6806@test.com,2026-03-25,active
6807,user_6807,user_6807@test.com,2025-11-16,inactive
6808,user_6808,user_6808@test.com,2025-08-14,active
6809,user_6809,user_6809@test.com,2025-04-16,inactive
6810,user_6810,user_6810@test.com,2026-01-24,active
6811,user_6811,user_6811@test.com,2026-01-24,active
6812,user_6812,user_6812@test.com,2025-05-07,active
6813,user_6813,user_6813@test.com,2025-04-27,inactive
6814,user_6814,user_6814@test.com,2025-08-20,active
6815,user_6815,user_6815@test.com,2025-09-30,inactive
6816,user_6816,user_6816@test.com,2025-05-09,inactive
6817,user_6817,user_6817@test.com,2025-05-17,active
6818,user_6818,user_6818@test.com,2026-03-04,active
6819,user_6819,user_6819@test.com,2025-09-08,active
6820,user_6820,user_6820@test.com,2025-08-09,active
6821,user_6821,user_6821@test.com,2025-08-30,active
6822,user_6822,user_6822@test.com,2025-11-20,inactive
6823,user_6823,user_6823@test.com,2025-12-05,inactive
6824,user_6824,user_6824@test.com,2026-02-28,active
6825,user_6825,user_6825@test.com,2025-12-16,inactive
6826,user_6826,user_6826@test.com,2026-01-18,active
6827,user_6827,user_6827@test.com,2025-08-21,active
6828,user_6828,user_6828@test.com,2025-11-13,active
6829,user_6829,user_6829@test.com,2025-12-30,active
6830,user_6830,user_6830@test.com,2025-09-27,inactive
6831,user_6831,user_6831@test.com,2026-03-10,inactive
6832,user_6832,user_6832@test.com,2025-09-16,active
6833,user_6833,user_6833@test.com,2026-03-04,active
6834,user_6834,user_6834@test.com,2025-07-06,active
6835,user_6835,user_6835@test.com,2026-02-19,active
6836,user_6836,user_6836@test.com,2025-09-27,active
6837,user_6837,user_6837@test.com,2025-11-02,active
6838,user_6838,user_6838@test.com,2026-01-17,active
6839,user_6839,user_6839@test.com,2025-12-03,inactive
6840,user_6840,user_6840@test.com,2025-06-30,inactive
6841,user_6841,user_6841@test.com,2025-10-03,active
6842,user_6842,user_6842@test.com,2025-11-25,inactive
6843,user_6843,user_6843@test.com,2025-11-16,active
6844,user_6844,user_6844@test.com,2025-10-18,active
6845,user_6845,user_6845@test.com,2025-08-27,active
6846,user_6846,user_6846@test.com,2025-08-19,active
6847,user_6847,user_6847@test.com,2026-02-04,active
6848,user_6848,user_6848@test.com,2025-11-01,active
6849,user_6849,user_6849@test.com,2025-09-08,active
6850,user_6850,user_6850@test.com,2025-04-06,inactive
6851,user_6851,user_6851@test.com,2025-04-29,active
6852,user_6852,user_6852@test.com,2025-11-08,active
6853,user_6853,user_6853@test.com,2025-05-27,active
6854,user_6854,user_6854@test.com,2025-08-19,active
6855,user_6855,user_6855@test.com,2025-10-01,active
6856,user_6856,user_6856@test.com,2025-04-24,active
6857,user_6857,user_6857@test.com,2026-02-12,inactive
6858,user_6858,user_6858@test.com,2025-04-17,active
6859,user_6859,user_6859@test.com,2025-04-05,inactive
6860,user_6860,user_6860@test.com,2025-07-05,active
6861,user_6861,user_6861@test.com,2025-04-07,active
6862,user_6862,user_6862@test.com,2025-06-11,active
6863,user_6863,user_6863@test.com,2026-01-16,active
6864,user_6864,user_6864@test.com,2025-12-20,active
6865,user_6865,user_6865@test.com,2025-09-15,inactive
6866,user_6866,user_6866@test.com,2025-07-05,active
6867,user_6867,user_6867@test.com,2025-10-17,active
6868,user_6868,user_6868@test.com,2025-12-26,active
6869,user_6869,user_6869@test.com,2025-07-14,active
6870,user_6870,user_6870@test.com,2025-12-10,active
6871,user_6871,user_6871@test.com,2025-05-01,active
6872,user_6872,user_6872@test.com,2025-10-15,active
6873,user_6873,user_6873@test.com,2025-03-31,active
6874,user_6874,user_6874@test.com,2025-08-24,active
6875,user_6875,user_6875@test.com,2025-11-23,active
6876,user_6876,user_6876@test.com,2026-02-05,active
6877,user_6877,user_6877@test.com,2025-10-25,active
6878,user_6878,user_6878@test.com,2025-05-25,active
6879,user_6879,user_6879@test.com,2025-12-26,active
6880,user_6880,user_6880@test.com,2025-09-29,active
6881,user_6881,user_6881@test.com,2025-09-12,active
6882,user_6882,user_6882@test.com,2025-10-21,inactive
6883,user_6883,user_6883@test.com,2026-01-08,inactive
6884,user_6884,user_6884@test.com,2025-11-27,active
6885,user_6885,user_6885@test.com,2025-05-16,active
6886,user_6886,user_6886@test.com,2025-06-06,active
6887,user_6887,user_6887@test.com,2025-06-13,active
6888,user_6888,user_6888@test.com,2025-07-22,active
6889,user_6889,user_6889@test.com,2026-03-29,inactive
6890,user_6890,user_6890@test.com,2025-12-08,active
6891,user_6891,user_6891@test.com,2025-11-29,active
6892,user_6892,user_6892@test.com,2025-05-22,active
6893,user_6893,user_6893@test.com,2026-02-07,active
6894,user_6894,user_6894@test.com,2025-12-14,active
6895,user_6895,user_6895@test.com,2025-08-20,active
6896,user_6896,user_6896@test.com,2025-05-21,active
6897,user_6897,user_6897@test.com,2025-10-15,active
6898,user_6898,user_6898@test.com,2025-08-29,active
6899,user_6899,user_6899@test.com,2025-11-16,active
6900,user_6900,user_6900@test.com,2025-06-17,active
6901,user_6901,user_6901@test.com,2026-02-05,active
6902,user_6902,user_6902@test.com,2026-03-10,active
6903,user_6903,user_6903@test.com,2025-06-28,active
6904,user_6904,user_6904@test.com,2025-05-29,active
6905,user_6905,user_6905@test.com,2026-03-15,active
6906,user_6906,user_6906@test.com,2025-07-24,active
6907,user_6907,user_6907@test.com,2025-05-19,active
6908,user_6908,user_6908@test.com,2026-02-27,active
6909,user_6909,user_6909@test.com,2025-05-04,active
6910,user_6910,user_6910@test.com,2025-11-13,active
6911,user_6911,user_6911@test.com,2025-10-05,inactive
6912,user_6912,user_6912@test.com,2026-01-29,active
6913,user_6913,user_6913@test.com,2025-08-29,active
6914,user_6914,user_6914@test.com,2025-07-04,inactive
6915,user_6915,user_6915@test.com,2026-02-07,inactive
6916,user_6916,user_6916@test.com,2025-08-05,inactive
6917,user_6917,user_6917@test.com,2025-09-23,active
6918,user_6918,user_6918@test.com,2026-02-15,active
6919,user_6919,user_6919@test.com,2025-09-22,active
6920,user_6920,user_6920@test.com,2025-06-16,active
6921,user_6921,user_6921@test.com,2026-02-24,active
6922,user_6922,user_6922@test.com,2025-05-18,active
6923,user_6923,user_6923@test.com,2025-06-04,active
6924,user_6924,user_6924@test.com,2026-01-07,active
6925,user_6925,user_6925@test.com,2025-08-29,active
6926,user_6926,user_6926@test.com,2025-09-20,active
6927,user_6927,user_6927@test.com,2025-10-31,active
6928,user_6928,user_6928@test.com,2026-02-14,active
6929,user_6929,user_6929@test.com,2025-11-25,active
6930,user_6930,user_6930@test.com,2025-10-25,active
6931,user_6931,user_6931@test.com,2026-02-20,active
6932,user_6932,user_6932@test.com,2025-10-22,active
6933,user_6933,user_6933@test.com,2025-05-17,active
6934,user_6934,user_6934@test.com,2025-06-18,active
6935,user_6935,user_6935@test.com,2026-01-24,inactive
6936,user_6936,user_6936@test.com,2025-07-31,active
6937,user_6937,user_6937@test.com,2025-07-05,active
6938,user_6938,user_6938@test.com,2025-11-26,active
6939,user_6939,user_6939@test.com,2025-10-23,active
6940,user_6940,user_6940@test.com,2025-09-19,active
6941,user_6941,user_6941@test.com,2025-10-08,active
6942,user_6942,user_6942@test.com,2025-06-14,inactive
6943,user_6943,user_6943@test.com,2025-06-08,inactive
6944,user_6944,user_6944@test.com,2026-03-10,inactive
6945,user_6945,user_6945@test.com,2025-10-12,active
6946,user_6946,user_6946@test.com,2025-06-20,inactive
6947,user_6947,user_6947@test.com,2025-10-27,inactive
6948,user_6948,user_6948@test.com,2026-02-24,active
6949,user_6949,user_6949@test.com,2025-08-06,inactive
6950,user_6950,user_6950@test.com,2025-05-25,active
6951,user_6951,user_6951@test.com,2025-10-20,inactive
6952,user_6952,user_6952@test.com,2026-01-21,inactive
6953,user_6953,user_6953@test.com,2025-09-06,active
6954,user_6954,user_6954@test.com,2025-10-21,inactive
6955,user_6955,user_6955@test.com,2025-12-02,active
6956,user_6956,user_6956@test.com,2025-09-25,active
6957,user_6957,user_6957@test.com,2025-04-26,inactive
6958,user_6958,user_6958@test.com,2025-06-29,active
6959,user_6959,user_6959@test.com,2025-08-02,active
6960,user_6960,user_6960@test.com,2025-09-03,active
6961,user_6961,user_6961@test.com,2026-03-02,inactive
6962,user_6962,user_6962@test.com,2025-10-14,inactive
6963,user_6963,user_6963@test.com,2025-09-11,inactive
6964,user_6964,user_6964@test.com,2025-07-26,active
6965,user_6965,user_6965@test.com,2025-10-06,inactive
6966,user_6966,user_6966@test.com,2025-11-10,inactive
6967,user_6967,user_6967@test.com,2025-08-19,active
6968,user_6968,user_6968@test.com,2025-10-02,active
6969,user_6969,user_6969@test.com,2026-02-13,active
6970,user_6970,user_6970@test.com,2025-10-26,active
6971,user_6971,user_6971@test.com,2025-11-13,active
6972,user_6972,user_6972@test.com,2025-04-20,active
6973,user_6973,user_6973@test.com,2025-04-18,active
6974,user_6974,user_6974@test.com,2025-09-15,active
6975,user_6975,user_6975@test.com,2026-02-07,active
6976,user_6976,user_6976@test.com,2026-03-03,inactive
6977,user_6977,user_6977@test.com,2025-11-25,active
6978,user_6978,user_6978@test.com,2025-09-08,inactive
6979,user_6979,user_6979@test.com,2026-02-24,inactive
6980,user_6980,user_6980@test.com,2025-11-26,active
6981,user_6981,user_6981@test.com,2025-11-05,active
6982,user_6982,user_6982@test.com,2026-02-16,active
6983,user_6983,user_6983@test.com,2025-12-24,inactive
6984,user_6984,user_6984@test.com,2026-02-02,inactive
6985,user_6985,user_6985@test.com,2025-12-25,inactive
6986,user_6986,user_6986@test.com,2025-08-03,inactive
6987,user_6987,user_6987@test.com,2025-05-09,active
6988,user_6988,user_6988@test.com,2026-03-02,active
6989,user_6989,user_6989@test.com,2025-04-01,active
6990,user_6990,user_6990@test.com,2025-07-10,active
6991,user_6991,user_6991@test.com,2026-01-12,active
6992,user_6992,user_6992@test.com,2026-01-03,active
6993,user_6993,user_6993@test.com,2025-08-05,active
6994,user_6994,user_6994@test.com,2025-04-21,inactive
6995,user_6995,user_6995@test.com,2025-06-19,active
6996,user_6996,user_6996@test.com,2025-10-25,active
6997,user_6997,user_6997@test.com,2026-02-17,active
6998,user_6998,user_6998@test.com,2026-01-31,inactive
6999,user_6999,user_6999@test.com,2025-06-30,active
7000,user_7000,user_7000@test.com,2025-08-23,active
7001,user_7001,user_7001@test.com,2025-07-30,active
7002,user_7002,user_7002@test.com,2025-06-01,active
7003,user_7003,user_7003@test.com,2025-09-28,active
7004,user_7004,user_7004@test.com,2025-05-28,active
7005,user_7005,user_7005@test.com,2025-10-27,active
7006,user_7006,user_7006@test.com,2025-06-29,active
7007,user_7007,user_7007@test.com,2025-06-16,inactive
7008,user_7008,user_7008@test.com,2025-06-05,active
7009,user_7009,user_7009@test.com,2025-07-04,active
7010,user_7010,user_7010@test.com,2025-10-09,active
7011,user_7011,user_7011@test.com,2025-10-27,active
7012,user_7012,user_7012@test.com,2025-06-06,active
7013,user_7013,user_7013@test.com,2026-02-04,active
7014,user_7014,user_7014@test.com,2026-02-15,active
7015,user_7015,user_7015@test.com,2025-10-31,active
7016,user_7016,user_7016@test.com,2025-12-14,active
7017,user_7017,user_7017@test.com,2025-04-21,active
7018,user_7018,user_7018@test.com,2025-11-13,active
7019,user_7019,user_7019@test.com,2025-10-25,inactive
7020,user_7020,user_7020@test.com,2025-11-10,active
7021,user_7021,user_7021@test.com,2025-07-03,active
7022,user_7022,user_7022@test.com,2025-11-24,active
7023,user_7023,user_7023@test.com,2025-05-13,active
7024,user_7024,user_7024@test.com,2025-07-25,active
7025,user_7025,user_7025@test.com,2025-06-28,active
7026,user_7026,user_7026@test.com,2025-03-30,active
7027,user_7027,user_7027@test.com,2025-10-16,inactive
7028,user_7028,user_7028@test.com,2025-06-25,inactive
7029,user_7029,user_7029@test.com,2026-01-09,active
7030,user_7030,user_7030@test.com,2026-02-20,active
7031,user_7031,user_7031@test.com,2025-12-03,active
7032,user_7032,user_7032@test.com,2025-06-17,active
7033,user_7033,user_7033@test.com,2025-07-18,active
7034,user_7034,user_7034@test.com,2026-01-13,active
7035,user_7035,user_7035@test.com,2025-12-16,active
7036,user_7036,user_7036@test.com,2026-01-17,active
7037,user_7037,user_7037@test.com,2026-03-18,inactive
7038,user_7038,user_7038@test.com,2025-12-22,active
7039,user_7039,user_7039@test.com,2025-09-25,active
7040,user_7040,user_7040@test.com,2025-10-31,inactive
7041,user_7041,user_7041@test.com,2026-02-21,active
7042,user_7042,user_7042@test.com,2026-03-23,active
7043,user_7043,user_7043@test.com,2025-12-17,active
7044,user_7044,user_7044@test.com,2025-11-20,active
7045,user_7045,user_7045@test.com,2025-10-20,active
7046,user_7046,user_7046@test.com,2025-10-22,active
7047,user_7047,user_7047@test.com,2025-07-22,inactive
7048,user_7048,user_7048@test.com,2025-10-11,active
7049,user_7049,user_7049@test.com,2025-05-30,active
7050,user_7050,user_7050@test.com,2025-12-07,active
7051,user_7051,user_7051@test.com,2025-08-09,active
7052,user_7052,user_7052@test.com,2026-01-13,inactive
7053,user_7053,user_7053@test.com,2025-05-19,inactive
7054,user_7054,user_7054@test.com,2025-07-14,active
7055,user_7055,user_7055@test.com,2025-12-03,active
7056,user_7056,user_7056@test.com,2025-06-02,active
7057,user_7057,user_7057@test.com,2026-02-18,active
7058,user_7058,user_7058@test.com,2025-09-23,active
7059,user_7059,user_7059@test.com,2025-12-21,active
7060,user_7060,user_7060@test.com,2025-05-27,active
7061,user_7061,user_7061@test.com,2025-06-20,active
7062,user_7062,user_7062@test.com,2025-11-19,active
7063,user_7063,user_7063@test.com,2025-04-27,active
7064,user_7064,user_7064@test.com,2025-08-22,active
7065,user_7065,user_7065@test.com,2025-08-19,active
7066,user_7066,user_7066@test.com,2026-01-22,inactive
7067,user_7067,user_7067@test.com,2025-07-10,inactive
7068,user_7068,user_7068@test.com,2025-06-22,active
7069,user_7069,user_7069@test.com,2025-04-23,active
7070,user_7070,user_7070@test.com,2025-12-31,active
7071,user_7071,user_7071@test.com,2025-08-10,active
7072,user_7072,user_7072@test.com,2025-10-19,active
7073,user_7073,user_7073@test.com,2026-01-14,active
7074,user_7074,user_7074@test.com,2025-06-20,inactive
7075,user_7075,user_7075@test.com,2026-03-25,inactive
7076,user_7076,user_7076@test.com,2025-10-16,active
7077,user_7077,user_7077@test.com,2026-03-28,active
7078,user_7078,user_7078@test.com,2026-03-04,active
7079,user_7079,user_7079@test.com,2025-11-17,inactive
7080,user_7080,user_7080@test.com,2025-09-11,active
7081,user_7081,user_7081@test.com,2026-03-27,active
7082,user_7082,user_7082@test.com,2025-11-15,active
7083,user_7083,user_7083@test.com,2025-11-24,active
7084,user_7084,user_7084@test.com,2026-02-15,active
7085,user_7085,user_7085@test.com,2025-07-14,inactive
7086,user_7086,user_7086@test.com,2025-09-15,active
7087,user_7087,user_7087@test.com,2025-04-09,active
7088,user_7088,user_7088@test.com,2026-02-26,active
7089,user_7089,user_7089@test.com,2025-07-25,active
7090,user_7090,user_7090@test.com,2026-02-01,inactive
7091,user_7091,user_7091@test.com,2025-10-26,active
7092,user_7092,user_7092@test.com,2026-01-10,active
7093,user_7093,user_7093@test.com,2025-04-24,active
7094,user_7094,user_7094@test.com,2025-06-07,active
7095,user_7095,user_7095@test.com,2026-01-25,active
7096,user_7096,user_7096@test.com,2025-11-13,inactive
7097,user_7097,user_7097@test.com,2025-05-06,active
7098,user_7098,user_7098@test.com,2025-04-19,inactive
7099,user_7099,user_7099@test.com,2025-04-07,active
7100,user_7100,user_7100@test.com,2025-10-30,inactive
7101,user_7101,user_7101@test.com,2025-07-18,active
7102,user_7102,user_7102@test.com,2025-11-26,active
7103,user_7103,user_7103@test.com,2025-05-15,active
7104,user_7104,user_7104@test.com,2026-01-07,active
7105,user_7105,user_7105@test.com,2025-11-22,active
7106,user_7106,user_7106@test.com,2025-10-08,inactive
7107,user_7107,user_7107@test.com,2025-12-20,inactive
7108,user_7108,user_7108@test.com,2025-07-24,inactive
7109,user_7109,user_7109@test.com,2025-10-29,active
7110,user_7110,user_7110@test.com,2025-09-04,active
7111,user_7111,user_7111@test.com,2025-04-28,active
7112,user_7112,user_7112@test.com,2025-12-26,active
7113,user_7113,user_7113@test.com,2025-11-23,active
7114,user_7114,user_7114@test.com,2026-02-06,active
7115,user_7115,user_7115@test.com,2025-09-17,active
7116,user_7116,user_7116@test.com,2026-03-26,active
7117,user_7117,user_7117@test.com,2025-06-22,active
7118,user_7118,user_7118@test.com,2025-10-30,inactive
7119,user_7119,user_7119@test.com,2025-10-10,inactive
7120,user_7120,user_7120@test.com,2025-12-04,active
7121,user_7121,user_7121@test.com,2025-10-20,active
7122,user_7122,user_7122@test.com,2026-02-02,active
7123,user_7123,user_7123@test.com,2025-08-04,inactive
7124,user_7124,user_7124@test.com,2026-02-18,inactive
7125,user_7125,user_7125@test.com,2025-12-02,inactive
7126,user_7126,user_7126@test.com,2025-12-01,active
7127,user_7127,user_7127@test.com,2025-12-13,active
7128,user_7128,user_7128@test.com,2025-10-13,active
7129,user_7129,user_7129@test.com,2026-01-31,inactive
7130,user_7130,user_7130@test.com,2025-08-25,inactive
7131,user_7131,user_7131@test.com,2025-09-28,active
7132,user_7132,user_7132@test.com,2026-02-17,active
7133,user_7133,user_7133@test.com,2025-04-13,active
7134,user_7134,user_7134@test.com,2025-11-27,active
7135,user_7135,user_7135@test.com,2026-02-23,active
7136,user_7136,user_7136@test.com,2025-07-25,active
7137,user_7137,user_7137@test.com,2025-12-27,inactive
7138,user_7138,user_7138@test.com,2025-12-10,active
7139,user_7139,user_7139@test.com,2025-05-20,active
7140,user_7140,user_7140@test.com,2026-03-29,active
7141,user_7141,user_7141@test.com,2025-11-17,inactive
7142,user_7142,user_7142@test.com,2025-06-05,active
7143,user_7143,user_7143@test.com,2025-09-10,active
7144,user_7144,user_7144@test.com,2025-10-18,active
7145,user_7145,user_7145@test.com,2026-03-22,active
7146,user_7146,user_7146@test.com,2025-07-10,active
7147,user_7147,user_7147@test.com,2025-10-20,active
7148,user_7148,user_7148@test.com,2025-11-20,inactive
7149,user_7149,user_7149@test.com,2025-07-29,active
7150,user_7150,user_7150@test.com,2025-12-06,active
7151,user_7151,user_7151@test.com,2025-05-03,inactive
7152,user_7152,user_7152@test.com,2026-01-05,active
7153,user_7153,user_7153@test.com,2025-10-25,active
7154,user_7154,user_7154@test.com,2025-12-16,inactive
7155,user_7155,user_7155@test.com,2025-09-22,active
7156,user_7156,user_7156@test.com,2025-10-05,active
7157,user_7157,user_7157@test.com,2025-06-16,active
7158,user_7158,user_7158@test.com,2026-03-25,active
7159,user_7159,user_7159@test.com,2025-12-28,active
7160,user_7160,user_7160@test.com,2025-09-16,active
7161,user_7161,user_7161@test.com,2025-10-02,active
7162,user_7162,user_7162@test.com,2026-03-25,active
7163,user_7163,user_7163@test.com,2025-05-21,inactive
7164,user_7164,user_7164@test.com,2025-08-22,inactive
7165,user_7165,user_7165@test.com,2025-07-01,active
7166,user_7166,user_7166@test.com,2025-09-14,active
7167,user_7167,user_7167@test.com,2025-04-06,active
7168,user_7168,user_7168@test.com,2025-07-19,active
7169,user_7169,user_7169@test.com,2025-04-29,active
7170,user_7170,user_7170@test.com,2026-03-20,active
7171,user_7171,user_7171@test.com,2025-07-15,active
7172,user_7172,user_7172@test.com,2025-12-11,active
7173,user_7173,user_7173@test.com,2026-03-23,active
7174,user_7174,user_7174@test.com,2026-03-29,active
7175,user_7175,user_7175@test.com,2026-03-01,active
7176,user_7176,user_7176@test.com,2025-03-30,inactive
7177,user_7177,user_7177@test.com,2025-09-29,inactive
7178,user_7178,user_7178@test.com,2025-10-23,inactive
7179,user_7179,user_7179@test.com,2025-05-25,active
7180,user_7180,user_7180@test.com,2025-08-16,active
7181,user_7181,user_7181@test.com,2025-07-16,inactive
7182,user_7182,user_7182@test.com,2025-10-29,active
7183,user_7183,user_7183@test.com,2025-08-25,active
7184,user_7184,user_7184@test.com,2025-05-07,active
7185,user_7185,user_7185@test.com,2025-12-08,inactive
7186,user_7186,user_7186@test.com,2025-07-04,inactive
7187,user_7187,user_7187@test.com,2025-07-17,active
7188,user_7188,user_7188@test.com,2025-04-27,active
7189,user_7189,user_7189@test.com,2025-04-10,active
7190,user_7190,user_7190@test.com,2025-11-22,active
7191,user_7191,user_7191@test.com,2025-04-01,active
7192,user_7192,user_7192@test.com,2026-01-04,active
7193,user_7193,user_7193@test.com,2026-02-26,inactive
7194,user_7194,user_7194@test.com,2025-04-13,active
7195,user_7195,user_7195@test.com,2025-05-02,active
7196,user_7196,user_7196@test.com,2025-05-18,active
7197,user_7197,user_7197@test.com,2025-04-25,active
7198,user_7198,user_7198@test.com,2026-01-09,active
7199,user_7199,user_7199@test.com,2025-05-05,active
7200,user_7200,user_7200@test.com,2025-09-17,active
7201,user_7201,user_7201@test.com,2025-09-12,active
7202,user_7202,user_7202@test.com,2025-05-20,active
7203,user_7203,user_7203@test.com,2025-10-11,inactive
7204,user_7204,user_7204@test.com,2025-08-02,active
7205,user_7205,user_7205@test.com,2025-11-21,active
7206,user_7206,user_7206@test.com,2025-04-19,active
7207,user_7207,user_7207@test.com,2025-04-28,active
7208,user_7208,user_7208@test.com,2025-11-16,active
7209,user_7209,user_7209@test.com,2026-03-20,inactive
7210,user_7210,user_7210@test.com,2025-08-24,active
7211,user_7211,user_7211@test.com,2025-08-12,active
7212,user_7212,user_7212@test.com,2025-07-03,active
7213,user_7213,user_7213@test.com,2025-09-09,active
7214,user_7214,user_7214@test.com,2025-07-24,active
7215,user_7215,user_7215@test.com,2025-07-15,inactive
7216,user_7216,user_7216@test.com,2025-10-11,inactive
7217,user_7217,user_7217@test.com,2025-11-19,active
7218,user_7218,user_7218@test.com,2025-05-06,active
7219,user_7219,user_7219@test.com,2025-09-21,inactive
7220,user_7220,user_7220@test.com,2026-01-04,inactive
7221,user_7221,user_7221@test.com,2025-05-07,active
7222,user_7222,user_7222@test.com,2025-11-26,active
7223,user_7223,user_7223@test.com,2025-04-18,active
7224,user_7224,user_7224@test.com,2025-06-05,active
7225,user_7225,user_7225@test.com,2025-06-28,active
7226,user_7226,user_7226@test.com,2025-09-17,active
7227,user_7227,user_7227@test.com,2025-07-18,inactive
7228,user_7228,user_7228@test.com,2025-04-08,inactive
7229,user_7229,user_7229@test.com,2025-10-26,active
7230,user_7230,user_7230@test.com,2025-11-22,active
7231,user_7231,user_7231@test.com,2025-12-27,active
7232,user_7232,user_7232@test.com,2025-12-17,active
7233,user_7233,user_7233@test.com,2025-11-14,active
7234,user_7234,user_7234@test.com,2025-08-21,active
7235,user_7235,user_7235@test.com,2025-12-04,active
7236,user_7236,user_7236@test.com,2025-11-15,inactive
7237,user_7237,user_7237@test.com,2025-03-31,active
7238,user_7238,user_7238@test.com,2025-07-07,active
7239,user_7239,user_7239@test.com,2025-11-21,active
7240,user_7240,user_7240@test.com,2025-10-30,inactive
7241,user_7241,user_7241@test.com,2025-06-21,active
7242,user_7242,user_7242@test.com,2026-01-04,active
7243,user_7243,user_7243@test.com,2026-01-14,active
7244,user_7244,user_7244@test.com,2026-01-15,inactive
7245,user_7245,user_7245@test.com,2025-07-08,active
7246,user_7246,user_7246@test.com,2025-09-05,inactive
7247,user_7247,user_7247@test.com,2026-01-09,active
7248,user_7248,user_7248@test.com,2025-09-28,active
7249,user_7249,user_7249@test.com,2025-04-19,active
7250,user_7250,user_7250@test.com,2025-09-24,inactive
7251,user_7251,user_7251@test.com,2025-05-29,active
7252,user_7252,user_7252@test.com,2025-07-07,inactive
7253,user_7253,user_7253@test.com,2025-11-14,active
7254,user_7254,user_7254@test.com,2025-10-10,active
7255,user_7255,user_7255@test.com,2025-04-30,inactive
7256,user_7256,user_7256@test.com,2025-12-08,active
7257,user_7257,user_7257@test.com,2025-07-17,active
7258,user_7258,user_7258@test.com,2025-05-07,active
7259,user_7259,user_7259@test.com,2026-03-01,inactive
7260,user_7260,user_7260@test.com,2025-12-02,active
7261,user_7261,user_7261@test.com,2025-10-07,active
7262,user_7262,user_7262@test.com,2026-01-06,active
7263,user_7263,user_7263@test.com,2026-03-25,inactive
7264,user_7264,user_7264@test.com,2025-06-30,active
7265,user_7265,user_7265@test.com,2025-11-28,active
7266,user_7266,user_7266@test.com,2026-03-06,inactive
7267,user_7267,user_7267@test.com,2025-04-08,active
7268,user_7268,user_7268@test.com,2025-08-09,active
7269,user_7269,user_7269@test.com,2025-06-02,active
7270,user_7270,user_7270@test.com,2025-10-23,active
7271,user_7271,user_7271@test.com,2026-02-20,inactive
7272,user_7272,user_7272@test.com,2026-01-24,inactive
7273,user_7273,user_7273@test.com,2025-12-09,active
7274,user_7274,user_7274@test.com,2025-05-12,active
7275,user_7275,user_7275@test.com,2025-07-27,active
7276,user_7276,user_7276@test.com,2025-11-04,inactive
7277,user_7277,user_7277@test.com,2025-08-15,active
7278,user_7278,user_7278@test.com,2025-11-16,active
7279,user_7279,user_7279@test.com,2025-08-25,inactive
7280,user_7280,user_7280@test.com,2026-03-03,inactive
7281,user_7281,user_7281@test.com,2025-04-02,active
7282,user_7282,user_7282@test.com,2025-10-02,inactive
7283,user_7283,user_7283@test.com,2025-05-13,inactive
7284,user_7284,user_7284@test.com,2025-11-14,active
7285,user_7285,user_7285@test.com,2025-09-29,active
7286,user_7286,user_7286@test.com,2025-11-08,active
7287,user_7287,user_7287@test.com,2025-12-14,active
7288,user_7288,user_7288@test.com,2025-06-14,active
7289,user_7289,user_7289@test.com,2026-03-15,active
7290,user_7290,user_7290@test.com,2026-03-22,active
7291,user_7291,user_7291@test.com,2025-05-30,active
7292,user_7292,user_7292@test.com,2026-02-14,active
7293,user_7293,user_7293@test.com,2025-06-25,active
7294,user_7294,user_7294@test.com,2025-12-02,active
7295,user_7295,user_7295@test.com,2025-07-06,inactive
7296,user_7296,user_7296@test.com,2025-08-01,active
7297,user_7297,user_7297@test.com,2025-12-06,active
7298,user_7298,user_7298@test.com,2026-02-09,active
7299,user_7299,user_7299@test.com,2025-12-25,active
7300,user_7300,user_7300@test.com,2025-06-09,active
7301,user_7301,user_7301@test.com,2025-08-05,active
7302,user_7302,user_7302@test.com,2025-05-26,active
7303,user_7303,user_7303@test.com,2025-07-12,active
7304,user_7304,user_7304@test.com,2025-12-16,active
7305,user_7305,user_7305@test.com,2026-03-04,active
7306,user_7306,user_7306@test.com,2026-01-13,active
7307,user_7307,user_7307@test.com,2025-09-13,inactive
7308,user_7308,user_7308@test.com,2025-10-03,active
7309,user_7309,user_7309@test.com,2025-06-04,active
7310,user_7310,user_7310@test.com,2025-08-09,inactive
7311,user_7311,user_7311@test.com,2025-10-04,active
7312,user_7312,user_7312@test.com,2026-01-20,active
7313,user_7313,user_7313@test.com,2025-05-26,inactive
7314,user_7314,user_7314@test.com,2025-11-20,active
7315,user_7315,user_7315@test.com,2026-01-10,active
7316,user_7316,user_7316@test.com,2026-02-25,inactive
7317,user_7317,user_7317@test.com,2026-02-08,active
7318,user_7318,user_7318@test.com,2025-06-13,active
7319,user_7319,user_7319@test.com,2025-08-12,active
7320,user_7320,user_7320@test.com,2025-08-06,active
7321,user_7321,user_7321@test.com,2025-06-28,inactive
7322,user_7322,user_7322@test.com,2026-01-31,active
7323,user_7323,user_7323@test.com,2025-12-14,inactive
7324,user_7324,user_7324@test.com,2025-05-04,active
7325,user_7325,user_7325@test.com,2025-06-14,active
7326,user_7326,user_7326@test.com,2025-11-11,active
7327,user_7327,user_7327@test.com,2025-11-07,active
7328,user_7328,user_7328@test.com,2025-07-07,active
7329,user_7329,user_7329@test.com,2025-09-22,active
7330,user_7330,user_7330@test.com,2025-05-09,active
7331,user_7331,user_7331@test.com,2025-05-18,active
7332,user_7332,user_7332@test.com,2026-02-03,active
7333,user_7333,user_7333@test.com,2025-05-08,active
7334,user_7334,user_7334@test.com,2025-06-06,active
7335,user_7335,user_7335@test.com,2025-10-18,inactive
7336,user_7336,user_7336@test.com,2025-04-09,active
7337,user_7337,user_7337@test.com,2026-01-14,active
7338,user_7338,user_7338@test.com,2025-04-21,inactive
7339,user_7339,user_7339@test.com,2025-07-25,active
7340,user_7340,user_7340@test.com,2025-12-09,inactive
7341,user_7341,user_7341@test.com,2025-05-13,active
7342,user_7342,user_7342@test.com,2025-09-15,active
7343,user_7343,user_7343@test.com,2025-08-30,active
7344,user_7344,user_7344@test.com,2025-04-11,inactive
7345,user_7345,user_7345@test.com,2026-02-06,inactive
7346,user_7346,user_7346@test.com,2026-02-06,active
7347,user_7347,user_7347@test.com,2025-04-27,active
7348,user_7348,user_7348@test.com,2025-06-28,active
7349,user_7349,user_7349@test.com,2026-03-11,active
7350,user_7350,user_7350@test.com,2025-12-31,active
7351,user_7351,user_7351@test.com,2025-07-17,active
7352,user_7352,user_7352@test.com,2025-11-12,active
7353,user_7353,user_7353@test.com,2025-04-30,active
7354,user_7354,user_7354@test.com,2025-10-27,inactive
7355,user_7355,user_7355@test.com,2025-05-15,active
7356,user_7356,user_7356@test.com,2025-06-09,inactive
7357,user_7357,user_7357@test.com,2025-08-08,active
7358,user_7358,user_7358@test.com,2025-11-07,active
7359,user_7359,user_7359@test.com,2025-12-18,active
7360,user_7360,user_7360@test.com,2025-03-31,active
7361,user_7361,user_7361@test.com,2025-06-09,active
7362,user_7362,user_7362@test.com,2025-06-12,inactive
7363,user_7363,user_7363@test.com,2025-09-05,active
7364,user_7364,user_7364@test.com,2025-11-17,active
7365,user_7365,user_7365@test.com,2026-01-17,active
7366,user_7366,user_7366@test.com,2025-08-22,active
7367,user_7367,user_7367@test.com,2025-04-01,active
7368,user_7368,user_7368@test.com,2025-08-24,active
7369,user_7369,user_7369@test.com,2025-11-16,inactive
7370,user_7370,user_7370@test.com,2026-01-25,inactive
7371,user_7371,user_7371@test.com,2025-04-13,active
7372,user_7372,user_7372@test.com,2025-04-17,active
7373,user_7373,user_7373@test.com,2025-11-04,active
7374,user_7374,user_7374@test.com,2025-11-18,active
7375,user_7375,user_7375@test.com,2025-05-22,active
7376,user_7376,user_7376@test.com,2025-09-24,active
7377,user_7377,user_7377@test.com,2025-04-29,inactive
7378,user_7378,user_7378@test.com,2025-12-22,active
7379,user_7379,user_7379@test.com,2025-04-26,inactive
7380,user_7380,user_7380@test.com,2025-07-17,active
7381,user_7381,user_7381@test.com,2025-11-04,active
7382,user_7382,user_7382@test.com,2026-01-29,active
7383,user_7383,user_7383@test.com,2025-08-14,active
7384,user_7384,user_7384@test.com,2026-02-21,active
7385,user_7385,user_7385@test.com,2025-09-10,active
7386,user_7386,user_7386@test.com,2025-05-08,inactive
7387,user_7387,user_7387@test.com,2025-11-25,active
7388,user_7388,user_7388@test.com,2025-10-20,active
7389,user_7389,user_7389@test.com,2025-09-14,active
7390,user_7390,user_7390@test.com,2026-01-02,active
7391,user_7391,user_7391@test.com,2025-06-06,active
7392,user_7392,user_7392@test.com,2025-04-15,active
7393,user_7393,user_7393@test.com,2025-04-12,active
7394,user_7394,user_7394@test.com,2025-05-18,active
7395,user_7395,user_7395@test.com,2025-07-05,inactive
7396,user_7396,user_7396@test.com,2025-08-30,inactive
7397,user_7397,user_7397@test.com,2025-11-21,active
7398,user_7398,user_7398@test.com,2026-03-06,active
7399,user_7399,user_7399@test.com,2025-12-06,active
7400,user_7400,user_7400@test.com,2025-11-12,active
7401,user_7401,user_7401@test.com,2025-12-28,active
7402,user_7402,user_7402@test.com,2025-06-01,active
7403,user_7403,user_7403@test.com,2025-06-10,active
7404,user_7404,user_7404@test.com,2025-10-08,active
7405,user_7405,user_7405@test.com,2026-03-09,active
7406,user_7406,user_7406@test.com,2025-08-11,active
7407,user_7407,user_7407@test.com,2025-05-02,active
7408,user_7408,user_7408@test.com,2026-02-16,active
7409,user_7409,user_7409@test.com,2025-08-14,active
7410,user_7410,user_7410@test.com,2025-04-22,active
7411,user_7411,user_7411@test.com,2025-10-06,active
7412,user_7412,user_7412@test.com,2025-08-30,inactive
7413,user_7413,user_7413@test.com,2026-03-23,active
7414,user_7414,user_7414@test.com,2025-12-17,inactive
7415,user_7415,user_7415@test.com,2025-08-10,inactive
7416,user_7416,user_7416@test.com,2025-05-25,active
7417,user_7417,user_7417@test.com,2025-08-18,active
7418,user_7418,user_7418@test.com,2026-01-13,inactive
7419,user_7419,user_7419@test.com,2025-05-11,active
7420,user_7420,user_7420@test.com,2025-07-04,active
7421,user_7421,user_7421@test.com,2025-09-16,active
7422,user_7422,user_7422@test.com,2025-06-20,inactive
7423,user_7423,user_7423@test.com,2025-09-03,active
7424,user_7424,user_7424@test.com,2025-12-22,active
7425,user_7425,user_7425@test.com,2026-02-04,active
7426,user_7426,user_7426@test.com,2025-08-29,inactive
7427,user_7427,user_7427@test.com,2025-05-19,active
7428,user_7428,user_7428@test.com,2025-08-17,active
7429,user_7429,user_7429@test.com,2026-02-19,active
7430,user_7430,user_7430@test.com,2025-11-16,active
7431,user_7431,user_7431@test.com,2025-08-11,active
7432,user_7432,user_7432@test.com,2025-05-25,active
7433,user_7433,user_7433@test.com,2025-12-09,inactive
7434,user_7434,user_7434@test.com,2025-09-13,inactive
7435,user_7435,user_7435@test.com,2026-02-28,active
7436,user_7436,user_7436@test.com,2025-05-12,active
7437,user_7437,user_7437@test.com,2026-03-09,active
7438,user_7438,user_7438@test.com,2025-09-29,active
7439,user_7439,user_7439@test.com,2026-03-28,active
7440,user_7440,user_7440@test.com,2025-11-04,active
7441,user_7441,user_7441@test.com,2025-12-25,inactive
7442,user_7442,user_7442@test.com,2026-02-26,active
7443,user_7443,user_7443@test.com,2025-10-24,active
7444,user_7444,user_7444@test.com,2025-04-22,inactive
7445,user_7445,user_7445@test.com,2025-11-28,active
7446,user_7446,user_7446@test.com,2025-04-15,active
7447,user_7447,user_7447@test.com,2025-07-29,inactive
7448,user_7448,user_7448@test.com,2025-11-27,active
7449,user_7449,user_7449@test.com,2025-06-09,active
7450,user_7450,user_7450@test.com,2025-09-24,inactive
7451,user_7451,user_7451@test.com,2025-09-22,active
7452,user_7452,user_7452@test.com,2025-09-22,inactive
7453,user_7453,user_7453@test.com,2025-11-06,inactive
7454,user_7454,user_7454@test.com,2025-08-28,active
7455,user_7455,user_7455@test.com,2025-09-19,inactive
7456,user_7456,user_7456@test.com,2026-03-20,active
7457,user_7457,user_7457@test.com,2025-10-09,inactive
7458,user_7458,user_7458@test.com,2025-05-03,active
7459,user_7459,user_7459@test.com,2025-11-15,active
7460,user_7460,user_7460@test.com,2025-06-30,inactive
7461,user_7461,user_7461@test.com,2026-02-22,active
7462,user_7462,user_7462@test.com,2025-08-05,active
7463,user_7463,user_7463@test.com,2026-03-08,active
7464,user_7464,user_7464@test.com,2025-06-14,inactive
7465,user_7465,user_7465@test.com,2025-05-27,active
7466,user_7466,user_7466@test.com,2025-11-05,active
7467,user_7467,user_7467@test.com,2025-05-22,active
7468,user_7468,user_7468@test.com,2026-03-15,active
7469,user_7469,user_7469@test.com,2026-02-24,active
7470,user_7470,user_7470@test.com,2025-05-14,active
7471,user_7471,user_7471@test.com,2026-01-31,active
7472,user_7472,user_7472@test.com,2026-01-25,inactive
7473,user_7473,user_7473@test.com,2025-12-29,active
7474,user_7474,user_7474@test.com,2026-02-07,inactive
7475,user_7475,user_7475@test.com,2025-11-29,active
7476,user_7476,user_7476@test.com,2025-05-14,active
7477,user_7477,user_7477@test.com,2025-04-13,active
7478,user_7478,user_7478@test.com,2025-07-06,active
7479,user_7479,user_7479@test.com,2025-04-06,active
7480,user_7480,user_7480@test.com,2025-11-11,active
7481,user_7481,user_7481@test.com,2025-09-14,inactive
7482,user_7482,user_7482@test.com,2025-08-01,active
7483,user_7483,user_7483@test.com,2025-07-08,active
7484,user_7484,user_7484@test.com,2026-03-08,active
7485,user_7485,user_7485@test.com,2025-12-22,active
7486,user_7486,user_7486@test.com,2025-06-13,active
7487,user_7487,user_7487@test.com,2026-01-06,active
7488,user_7488,user_7488@test.com,2025-05-12,active
7489,user_7489,user_7489@test.com,2026-01-12,active
7490,user_7490,user_7490@test.com,2025-10-17,active
7491,user_7491,user_7491@test.com,2025-04-28,active
7492,user_7492,user_7492@test.com,2025-10-08,active
7493,user_7493,user_7493@test.com,2026-02-24,active
7494,user_7494,user_7494@test.com,2026-01-08,active
7495,user_7495,user_7495@test.com,2025-08-19,active
7496,user_7496,user_7496@test.com,2025-09-20,inactive
7497,user_7497,user_7497@test.com,2025-07-20,active
7498,user_7498,user_7498@test.com,2025-10-14,active
7499,user_7499,user_7499@test.com,2025-07-21,active
7500,user_7500,user_7500@test.com,2025-04-07,inactive
7501,user_7501,user_7501@test.com,2026-02-09,inactive
7502,user_7502,user_7502@test.com,2025-04-03,active
7503,user_7503,user_7503@test.com,2026-02-01,inactive
7504,user_7504,user_7504@test.com,2025-09-18,inactive
7505,user_7505,user_7505@test.com,2025-10-17,inactive
7506,user_7506,user_7506@test.com,2025-12-12,active
7507,user_7507,user_7507@test.com,2025-08-29,active
7508,user_7508,user_7508@test.com,2025-11-20,active
7509,user_7509,user_7509@test.com,2025-05-17,active
7510,user_7510,user_7510@test.com,2025-11-20,active
7511,user_7511,user_7511@test.com,2025-10-23,active
7512,user_7512,user_7512@test.com,2025-11-07,active
7513,user_7513,user_7513@test.com,2026-02-24,active
7514,user_7514,user_7514@test.com,2026-03-29,active
7515,user_7515,user_7515@test.com,2025-06-05,active
7516,user_7516,user_7516@test.com,2025-09-24,active
7517,user_7517,user_7517@test.com,2025-08-31,active
7518,user_7518,user_7518@test.com,2025-10-14,active
7519,user_7519,user_7519@test.com,2025-10-10,inactive
7520,user_7520,user_7520@test.com,2025-11-02,active
7521,user_7521,user_7521@test.com,2026-01-19,active
7522,user_7522,user_7522@test.com,2026-01-30,active
7523,user_7523,user_7523@test.com,2025-07-29,inactive
7524,user_7524,user_7524@test.com,2025-07-27,active
7525,user_7525,user_7525@test.com,2025-05-22,active
7526,user_7526,user_7526@test.com,2025-07-03,active
7527,user_7527,user_7527@test.com,2025-06-29,inactive
7528,user_7528,user_7528@test.com,2025-08-11,active
7529,user_7529,user_7529@test.com,2025-06-05,inactive
7530,user_7530,user_7530@test.com,2026-03-24,inactive
7531,user_7531,user_7531@test.com,2026-01-23,active
7532,user_7532,user_7532@test.com,2025-07-17,active
7533,user_7533,user_7533@test.com,2025-11-17,active
7534,user_7534,user_7534@test.com,2026-03-27,active
7535,user_7535,user_7535@test.com,2025-08-30,active
7536,user_7536,user_7536@test.com,2025-04-24,active
7537,user_7537,user_7537@test.com,2025-05-24,active
7538,user_7538,user_7538@test.com,2025-11-01,active
7539,user_7539,user_7539@test.com,2026-03-07,active
7540,user_7540,user_7540@test.com,2025-05-14,active
7541,user_7541,user_7541@test.com,2025-04-13,active
7542,user_7542,user_7542@test.com,2025-12-04,active
7543,user_7543,user_7543@test.com,2025-07-20,inactive
7544,user_7544,user_7544@test.com,2026-01-18,inactive
7545,user_7545,user_7545@test.com,2025-09-29,inactive
7546,user_7546,user_7546@test.com,2026-01-14,active
7547,user_7547,user_7547@test.com,2025-08-07,active
7548,user_7548,user_7548@test.com,2026-02-01,inactive
7549,user_7549,user_7549@test.com,2026-01-10,active
7550,user_7550,user_7550@test.com,2025-04-16,inactive
7551,user_7551,user_7551@test.com,2025-04-29,active
7552,user_7552,user_7552@test.com,2025-08-04,inactive
7553,user_7553,user_7553@test.com,2025-12-19,active
7554,user_7554,user_7554@test.com,2025-11-30,active
7555,user_7555,user_7555@test.com,2025-07-13,active
7556,user_7556,user_7556@test.com,2025-11-28,active
7557,user_7557,user_7557@test.com,2026-01-30,active
7558,user_7558,user_7558@test.com,2025-11-26,active
7559,user_7559,user_7559@test.com,2025-10-18,active
7560,user_7560,user_7560@test.com,2026-01-24,inactive
7561,user_7561,user_7561@test.com,2025-06-29,active
7562,user_7562,user_7562@test.com,2025-10-27,active
7563,user_7563,user_7563@test.com,2025-07-06,active
7564,user_7564,user_7564@test.com,2025-11-04,active
7565,user_7565,user_7565@test.com,2026-02-02,active
7566,user_7566,user_7566@test.com,2025-09-12,active
7567,user_7567,user_7567@test.com,2026-03-21,active
7568,user_7568,user_7568@test.com,2025-07-23,active
7569,user_7569,user_7569@test.com,2025-08-19,active
7570,user_7570,user_7570@test.com,2025-07-28,active
7571,user_7571,user_7571@test.com,2026-01-27,active
7572,user_7572,user_7572@test.com,2026-02-10,active
7573,user_7573,user_7573@test.com,2025-09-19,active
7574,user_7574,user_7574@test.com,2025-05-09,inactive
7575,user_7575,user_7575@test.com,2025-08-14,active
7576,user_7576,user_7576@test.com,2025-06-24,active
7577,user_7577,user_7577@test.com,2025-05-27,inactive
7578,user_7578,user_7578@test.com,2025-10-30,active
7579,user_7579,user_7579@test.com,2025-10-25,active
7580,user_7580,user_7580@test.com,2025-05-27,active
7581,user_7581,user_7581@test.com,2026-02-06,active
7582,user_7582,user_7582@test.com,2025-06-23,active
7583,user_7583,user_7583@test.com,2025-08-06,inactive
7584,user_7584,user_7584@test.com,2025-09-07,active
7585,user_7585,user_7585@test.com,2025-10-03,active
7586,user_7586,user_7586@test.com,2025-08-22,active
7587,user_7587,user_7587@test.com,2025-09-22,inactive
7588,user_7588,user_7588@test.com,2025-05-04,inactive
7589,user_7589,user_7589@test.com,2025-08-04,active
7590,user_7590,user_7590@test.com,2025-04-10,active
7591,user_7591,user_7591@test.com,2025-04-17,active
7592,user_7592,user_7592@test.com,2025-06-19,active
7593,user_7593,user_7593@test.com,2025-06-21,active
7594,user_7594,user_7594@test.com,2025-06-16,active
7595,user_7595,user_7595@test.com,2025-03-30,inactive
7596,user_7596,user_7596@test.com,2025-09-13,active
7597,user_7597,user_7597@test.com,2025-11-15,inactive
7598,user_7598,user_7598@test.com,2025-05-07,active
7599,user_7599,user_7599@test.com,2025-06-23,active
7600,user_7600,user_7600@test.com,2025-04-20,inactive
7601,user_7601,user_7601@test.com,2025-12-08,active
7602,user_7602,user_7602@test.com,2025-11-17,active
7603,user_7603,user_7603@test.com,2026-03-13,active
7604,user_7604,user_7604@test.com,2026-01-20,active
7605,user_7605,user_7605@test.com,2025-12-25,active
7606,user_7606,user_7606@test.com,2025-08-15,active
7607,user_7607,user_7607@test.com,2026-02-13,inactive
7608,user_7608,user_7608@test.com,2025-09-02,inactive
7609,user_7609,user_7609@test.com,2025-09-11,active
7610,user_7610,user_7610@test.com,2026-01-14,inactive
7611,user_7611,user_7611@test.com,2026-02-03,active
7612,user_7612,user_7612@test.com,2025-06-22,active
7613,user_7613,user_7613@test.com,2026-03-09,active
7614,user_7614,user_7614@test.com,2025-05-11,active
7615,user_7615,user_7615@test.com,2025-07-17,active
7616,user_7616,user_7616@test.com,2026-02-23,active
7617,user_7617,user_7617@test.com,2025-07-26,active
7618,user_7618,user_7618@test.com,2026-01-17,active
7619,user_7619,user_7619@test.com,2025-05-28,active
7620,user_7620,user_7620@test.com,2025-12-13,active
7621,user_7621,user_7621@test.com,2025-04-25,active
7622,user_7622,user_7622@test.com,2025-04-11,active
7623,user_7623,user_7623@test.com,2025-08-06,active
7624,user_7624,user_7624@test.com,2025-09-13,active
7625,user_7625,user_7625@test.com,2026-02-15,active
7626,user_7626,user_7626@test.com,2025-09-08,active
7627,user_7627,user_7627@test.com,2026-01-01,inactive
7628,user_7628,user_7628@test.com,2025-12-18,active
7629,user_7629,user_7629@test.com,2025-05-29,active
7630,user_7630,user_7630@test.com,2026-02-04,active
7631,user_7631,user_7631@test.com,2025-09-22,active
7632,user_7632,user_7632@test.com,2025-09-09,active
7633,user_7633,user_7633@test.com,2025-04-21,active
7634,user_7634,user_7634@test.com,2025-10-05,active
7635,user_7635,user_7635@test.com,2025-12-22,active
7636,user_7636,user_7636@test.com,2026-02-10,active
7637,user_7637,user_7637@test.com,2025-12-06,active
7638,user_7638,user_7638@test.com,2025-09-13,active
7639,user_7639,user_7639@test.com,2025-09-17,active
7640,user_7640,user_7640@test.com,2025-08-03,active
7641,user_7641,user_7641@test.com,2025-10-15,active
7642,user_7642,user_7642@test.com,2025-05-09,active
7643,user_7643,user_7643@test.com,2025-12-30,active
7644,user_7644,user_7644@test.com,2026-02-20,active
7645,user_7645,user_7645@test.com,2025-11-16,active
7646,user_7646,user_7646@test.com,2025-10-15,inactive
7647,user_7647,user_7647@test.com,2025-11-23,active
7648,user_7648,user_7648@test.com,2025-03-30,active
7649,user_7649,user_7649@test.com,2025-04-29,active
7650,user_7650,user_7650@test.com,2025-12-29,inactive
7651,user_7651,user_7651@test.com,2025-08-27,active
7652,user_7652,user_7652@test.com,2025-05-03,inactive
7653,user_7653,user_7653@test.com,2026-01-18,active
7654,user_7654,user_7654@test.com,2025-10-01,active
7655,user_7655,user_7655@test.com,2025-12-14,inactive
7656,user_7656,user_7656@test.com,2025-09-10,inactive
7657,user_7657,user_7657@test.com,2026-01-05,active
7658,user_7658,user_7658@test.com,2025-05-08,active
7659,user_7659,user_7659@test.com,2026-01-17,inactive
7660,user_7660,user_7660@test.com,2025-06-16,active
7661,user_7661,user_7661@test.com,2025-04-15,active
7662,user_7662,user_7662@test.com,2025-09-24,active
7663,user_7663,user_7663@test.com,2025-04-28,active
7664,user_7664,user_7664@test.com,2025-06-02,active
7665,user_7665,user_7665@test.com,2025-10-09,active
7666,user_7666,user_7666@test.com,2025-06-10,inactive
7667,user_7667,user_7667@test.com,2025-09-03,active
7668,user_7668,user_7668@test.com,2026-01-23,active
7669,user_7669,user_7669@test.com,2026-01-11,active
7670,user_7670,user_7670@test.com,2025-07-19,inactive
7671,user_7671,user_7671@test.com,2025-05-16,active
7672,user_7672,user_7672@test.com,2025-07-13,inactive
7673,user_7673,user_7673@test.com,2025-05-28,inactive
7674,user_7674,user_7674@test.com,2025-09-03,inactive
7675,user_7675,user_7675@test.com,2025-07-15,active
7676,user_7676,user_7676@test.com,2025-05-12,active
7677,user_7677,user_7677@test.com,2025-11-09,active
7678,user_7678,user_7678@test.com,2025-03-30,active
7679,user_7679,user_7679@test.com,2026-01-28,active
7680,user_7680,user_7680@test.com,2026-03-24,active
7681,user_7681,user_7681@test.com,2025-04-02,active
7682,user_7682,user_7682@test.com,2025-07-18,active
7683,user_7683,user_7683@test.com,2025-07-07,active
7684,user_7684,user_7684@test.com,2025-06-03,active
7685,user_7685,user_7685@test.com,2025-04-02,active
7686,user_7686,user_7686@test.com,2025-06-11,active
7687,user_7687,user_7687@test.com,2025-11-18,active
7688,user_7688,user_7688@test.com,2025-06-12,active
7689,user_7689,user_7689@test.com,2025-12-25,active
7690,user_7690,user_7690@test.com,2025-09-01,active
7691,user_7691,user_7691@test.com,2025-10-02,active
7692,user_7692,user_7692@test.com,2025-04-28,active
7693,user_7693,user_7693@test.com,2026-01-24,active
7694,user_7694,user_7694@test.com,2025-12-22,active
7695,user_7695,user_7695@test.com,2025-09-24,inactive
7696,user_7696,user_7696@test.com,2025-11-30,inactive
7697,user_7697,user_7697@test.com,2025-05-16,active
7698,user_7698,user_7698@test.com,2025-09-01,active
7699,user_7699,user_7699@test.com,2026-03-24,active
7700,user_7700,user_7700@test.com,2026-03-18,inactive
7701,user_7701,user_7701@test.com,2025-07-06,active
7702,user_7702,user_7702@test.com,2025-10-10,active
7703,user_7703,user_7703@test.com,2025-06-10,active
7704,user_7704,user_7704@test.com,2026-01-27,active
7705,user_7705,user_7705@test.com,2025-12-10,active
7706,user_7706,user_7706@test.com,2025-07-15,inactive
7707,user_7707,user_7707@test.com,2025-08-19,active
7708,user_7708,user_7708@test.com,2025-12-14,inactive
7709,user_7709,user_7709@test.com,2025-10-30,active
7710,user_7710,user_7710@test.com,2025-06-26,active
7711,user_7711,user_7711@test.com,2025-10-11,active
7712,user_7712,user_7712@test.com,2025-12-19,active
7713,user_7713,user_7713@test.com,2025-11-10,inactive
7714,user_7714,user_7714@test.com,2026-01-01,active
7715,user_7715,user_7715@test.com,2025-09-24,active
7716,user_7716,user_7716@test.com,2025-05-16,active
7717,user_7717,user_7717@test.com,2025-10-21,active
7718,user_7718,user_7718@test.com,2025-06-29,active
7719,user_7719,user_7719@test.com,2026-01-17,inactive
7720,user_7720,user_7720@test.com,2025-12-11,active
7721,user_7721,user_7721@test.com,2025-07-18,inactive
7722,user_7722,user_7722@test.com,2025-09-16,active
7723,user_7723,user_7723@test.com,2025-08-08,active
7724,user_7724,user_7724@test.com,2025-08-16,inactive
7725,user_7725,user_7725@test.com,2025-07-28,active
7726,user_7726,user_7726@test.com,2025-08-23,active
7727,user_7727,user_7727@test.com,2025-08-17,inactive
7728,user_7728,user_7728@test.com,2025-09-29,active
7729,user_7729,user_7729@test.com,2025-08-13,active
7730,user_7730,user_7730@test.com,2025-08-20,active
7731,user_7731,user_7731@test.com,2025-10-15,active
7732,user_7732,user_7732@test.com,2025-10-22,active
7733,user_7733,user_7733@test.com,2025-08-03,active
7734,user_7734,user_7734@test.com,2025-11-17,active
7735,user_7735,user_7735@test.com,2025-10-16,active
7736,user_7736,user_7736@test.com,2025-12-09,inactive
7737,user_7737,user_7737@test.com,2025-07-08,active
7738,user_7738,user_7738@test.com,2025-10-13,active
7739,user_7739,user_7739@test.com,2025-11-08,active
7740,user_7740,user_7740@test.com,2026-01-22,inactive
7741,user_7741,user_7741@test.com,2025-11-06,active
7742,user_7742,user_7742@test.com,2025-07-06,active
7743,user_7743,user_7743@test.com,2025-09-14,active
7744,user_7744,user_7744@test.com,2025-12-19,active
7745,user_7745,user_7745@test.com,2025-12-11,active
7746,user_7746,user_7746@test.com,2025-12-14,active
7747,user_7747,user_7747@test.com,2026-03-25,active
7748,user_7748,user_7748@test.com,2025-10-16,active
7749,user_7749,user_7749@test.com,2025-06-08,active
7750,user_7750,user_7750@test.com,2025-05-19,active
7751,user_7751,user_7751@test.com,2026-02-10,active
7752,user_7752,user_7752@test.com,2025-11-24,active
7753,user_7753,user_7753@test.com,2025-07-19,active
7754,user_7754,user_7754@test.com,2025-07-30,active
7755,user_7755,user_7755@test.com,2026-02-20,active
7756,user_7756,user_7756@test.com,2026-01-06,inactive
7757,user_7757,user_7757@test.com,2025-06-28,active
7758,user_7758,user_7758@test.com,2025-11-19,active
7759,user_7759,user_7759@test.com,2025-07-17,active
7760,user_7760,user_7760@test.com,2025-04-08,active
7761,user_7761,user_7761@test.com,2025-08-16,inactive
7762,user_7762,user_7762@test.com,2025-09-21,active
7763,user_7763,user_7763@test.com,2026-03-10,active
7764,user_7764,user_7764@test.com,2025-08-20,active
7765,user_7765,user_7765@test.com,2025-11-03,active
7766,user_7766,user_7766@test.com,2025-12-02,inactive
7767,user_7767,user_7767@test.com,2025-07-01,active
7768,user_7768,user_7768@test.com,2025-09-04,inactive
7769,user_7769,user_7769@test.com,2026-02-09,active
7770,user_7770,user_7770@test.com,2025-04-15,active
7771,user_7771,user_7771@test.com,2025-09-11,active
7772,user_7772,user_7772@test.com,2025-11-14,active
7773,user_7773,user_7773@test.com,2025-11-11,active
7774,user_7774,user_7774@test.com,2026-02-24,active
7775,user_7775,user_7775@test.com,2025-10-23,active
7776,user_7776,user_7776@test.com,2025-10-28,active
7777,user_7777,user_7777@test.com,2025-07-30,inactive
7778,user_7778,user_7778@test.com,2025-10-17,active
7779,user_7779,user_7779@test.com,2026-03-21,active
7780,user_7780,user_7780@test.com,2025-05-14,active
7781,user_7781,user_7781@test.com,2025-10-06,active
7782,user_7782,user_7782@test.com,2026-01-18,active
7783,user_7783,user_7783@test.com,2026-02-20,active
7784,user_7784,user_7784@test.com,2025-04-12,active
7785,user_7785,user_7785@test.com,2025-06-18,active
7786,user_7786,user_7786@test.com,2025-12-13,active
7787,user_7787,user_7787@test.com,2025-06-11,active
7788,user_7788,user_7788@test.com,2025-10-14,active
7789,user_7789,user_7789@test.com,2025-11-13,active
7790,user_7790,user_7790@test.com,2025-07-16,active
7791,user_7791,user_7791@test.com,2026-01-25,active
7792,user_7792,user_7792@test.com,2026-01-12,inactive
7793,user_7793,user_7793@test.com,2025-06-02,active
7794,user_7794,user_7794@test.com,2025-10-30,active
7795,user_7795,user_7795@test.com,2025-07-27,active
7796,user_7796,user_7796@test.com,2025-08-27,active
7797,user_7797,user_7797@test.com,2025-08-30,active
7798,user_7798,user_7798@test.com,2026-01-30,active
7799,user_7799,user_7799@test.com,2025-07-17,active
7800,user_7800,user_7800@test.com,2025-12-22,active
7801,user_7801,user_7801@test.com,2025-08-10,inactive
7802,user_7802,user_7802@test.com,2025-12-11,inactive
7803,user_7803,user_7803@test.com,2025-10-10,active
7804,user_7804,user_7804@test.com,2025-05-30,active
7805,user_7805,user_7805@test.com,2025-08-31,active
7806,user_7806,user_7806@test.com,2026-02-23,inactive
7807,user_7807,user_7807@test.com,2026-01-03,active
7808,user_7808,user_7808@test.com,2026-02-03,active
7809,user_7809,user_7809@test.com,2025-10-08,active
7810,user_7810,user_7810@test.com,2025-04-15,active
7811,user_7811,user_7811@test.com,2026-03-25,inactive
7812,user_7812,user_7812@test.com,2026-01-10,active
7813,user_7813,user_7813@test.com,2025-07-05,active
7814,user_7814,user_7814@test.com,2025-05-20,active
7815,user_7815,user_7815@test.com,2025-04-15,active
7816,user_7816,user_7816@test.com,2025-05-25,inactive
7817,user_7817,user_7817@test.com,2025-05-12,active
7818,user_7818,user_7818@test.com,2025-04-13,active
7819,user_7819,user_7819@test.com,2025-04-28,inactive
7820,user_7820,user_7820@test.com,2025-04-08,active
7821,user_7821,user_7821@test.com,2025-06-20,active
7822,user_7822,user_7822@test.com,2025-09-25,inactive
7823,user_7823,user_7823@test.com,2025-06-18,active
7824,user_7824,user_7824@test.com,2026-03-05,inactive
7825,user_7825,user_7825@test.com,2025-07-30,active
7826,user_7826,user_7826@test.com,2025-11-14,active
7827,user_7827,user_7827@test.com,2025-08-25,active
7828,user_7828,user_7828@test.com,2025-03-30,active
7829,user_7829,user_7829@test.com,2025-08-05,active
7830,user_7830,user_7830@test.com,2025-10-03,active
7831,user_7831,user_7831@test.com,2025-12-27,active
7832,user_7832,user_7832@test.com,2025-05-17,active
7833,user_7833,user_7833@test.com,2025-05-31,active
7834,user_7834,user_7834@test.com,2025-09-26,inactive
7835,user_7835,user_7835@test.com,2026-02-25,active
7836,user_7836,user_7836@test.com,2025-07-21,active
7837,user_7837,user_7837@test.com,2025-05-15,active
7838,user_7838,user_7838@test.com,2025-08-25,inactive
7839,user_7839,user_7839@test.com,2025-11-14,inactive
7840,user_7840,user_7840@test.com,2025-11-07,active
7841,user_7841,user_7841@test.com,2025-10-07,inactive
7842,user_7842,user_7842@test.com,2025-04-13,active
7843,user_7843,user_7843@test.com,2025-06-02,active
7844,user_7844,user_7844@test.com,2026-02-26,inactive
7845,user_7845,user_7845@test.com,2025-12-21,active
7846,user_7846,user_7846@test.com,2025-05-12,inactive
7847,user_7847,user_7847@test.com,2026-01-05,active
7848,user_7848,user_7848@test.com,2025-05-06,inactive
7849,user_7849,user_7849@test.com,2026-02-06,active
7850,user_7850,user_7850@test.com,2026-03-01,inactive
7851,user_7851,user_7851@test.com,2025-12-08,active
7852,user_7852,user_7852@test.com,2025-10-06,active
7853,user_7853,user_7853@test.com,2025-05-12,inactive
7854,user_7854,user_7854@test.com,2025-08-19,active
7855,user_7855,user_7855@test.com,2025-07-23,active
7856,user_7856,user_7856@test.com,2025-12-24,active
7857,user_7857,user_7857@test.com,2025-11-25,active
7858,user_7858,user_7858@test.com,2025-07-27,active
7859,user_7859,user_7859@test.com,2026-01-12,active
7860,user_7860,user_7860@test.com,2025-09-11,active
7861,user_7861,user_7861@test.com,2025-05-07,active
7862,user_7862,user_7862@test.com,2025-09-19,active
7863,user_7863,user_7863@test.com,2025-04-29,active
7864,user_7864,user_7864@test.com,2025-11-24,active
7865,user_7865,user_7865@test.com,2025-10-30,active
7866,user_7866,user_7866@test.com,2025-06-04,active
7867,user_7867,user_7867@test.com,2025-05-12,active
7868,user_7868,user_7868@test.com,2025-04-03,inactive
7869,user_7869,user_7869@test.com,2025-05-26,active
7870,user_7870,user_7870@test.com,2026-03-17,active
7871,user_7871,user_7871@test.com,2025-08-12,inactive
7872,user_7872,user_7872@test.com,2025-11-05,active
7873,user_7873,user_7873@test.com,2025-12-25,active
7874,user_7874,user_7874@test.com,2026-01-23,active
7875,user_7875,user_7875@test.com,2026-01-30,inactive
7876,user_7876,user_7876@test.com,2025-08-06,active
7877,user_7877,user_7877@test.com,2025-11-27,active
7878,user_7878,user_7878@test.com,2025-10-29,active
7879,user_7879,user_7879@test.com,2026-03-18,active
7880,user_7880,user_7880@test.com,2025-04-14,active
7881,user_7881,user_7881@test.com,2025-08-17,inactive
7882,user_7882,user_7882@test.com,2025-12-13,active
7883,user_7883,user_7883@test.com,2025-07-28,active
7884,user_7884,user_7884@test.com,2025-04-20,active
7885,user_7885,user_7885@test.com,2026-01-17,active
7886,user_7886,user_7886@test.com,2025-09-01,active
7887,user_7887,user_7887@test.com,2025-09-06,inactive
7888,user_7888,user_7888@test.com,2025-04-15,active
7889,user_7889,user_7889@test.com,2025-09-07,active
7890,user_7890,user_7890@test.com,2026-01-02,inactive
7891,user_7891,user_7891@test.com,2025-12-04,active
7892,user_7892,user_7892@test.com,2025-04-10,active
7893,user_7893,user_7893@test.com,2025-08-24,inactive
7894,user_7894,user_7894@test.com,2025-10-20,active
7895,user_7895,user_7895@test.com,2025-06-20,active
7896,user_7896,user_7896@test.com,2026-02-13,active
7897,user_7897,user_7897@test.com,2025-08-12,active
7898,user_7898,user_7898@test.com,2025-04-08,active
7899,user_7899,user_7899@test.com,2025-12-21,active
7900,user_7900,user_7900@test.com,2026-02-18,active
7901,user_7901,user_7901@test.com,2025-07-11,active
7902,user_7902,user_7902@test.com,2025-08-25,active
7903,user_7903,user_7903@test.com,2025-07-27,active
7904,user_7904,user_7904@test.com,2025-05-05,inactive
7905,user_7905,user_7905@test.com,2025-06-18,active
7906,user_7906,user_7906@test.com,2025-06-28,active
7907,user_7907,user_7907@test.com,2025-09-07,active
7908,user_7908,user_7908@test.com,2025-11-17,inactive
7909,user_7909,user_7909@test.com,2026-03-07,active
7910,user_7910,user_7910@test.com,2025-12-23,active
7911,user_7911,user_7911@test.com,2025-09-04,inactive
7912,user_7912,user_7912@test.com,2025-04-12,active
7913,user_7913,user_7913@test.com,2025-12-04,active
7914,user_7914,user_7914@test.com,2025-09-10,inactive
7915,user_7915,user_7915@test.com,2025-12-10,active
7916,user_7916,user_7916@test.com,2026-02-02,active
7917,user_7917,user_7917@test.com,2026-02-12,active
7918,user_7918,user_7918@test.com,2025-03-30,active
7919,user_7919,user_7919@test.com,2025-05-01,active
7920,user_7920,user_7920@test.com,2025-09-30,active
7921,user_7921,user_7921@test.com,2025-05-26,active
7922,user_7922,user_7922@test.com,2025-04-09,active
7923,user_7923,user_7923@test.com,2026-02-08,active
7924,user_7924,user_7924@test.com,2025-08-30,active
7925,user_7925,user_7925@test.com,2025-09-20,active
7926,user_7926,user_7926@test.com,2025-05-29,active
7927,user_7927,user_7927@test.com,2025-09-25,active
7928,user_7928,user_7928@test.com,2025-06-13,active
7929,user_7929,user_7929@test.com,2025-10-26,active
7930,user_7930,user_7930@test.com,2026-02-20,active
7931,user_7931,user_7931@test.com,2025-04-16,active
7932,user_7932,user_7932@test.com,2025-05-21,active
7933,user_7933,user_7933@test.com,2025-07-30,active
7934,user_7934,user_7934@test.com,2025-11-29,active
7935,user_7935,user_7935@test.com,2025-08-07,inactive
7936,user_7936,user_7936@test.com,2025-05-23,active
7937,user_7937,user_7937@test.com,2025-10-11,active
7938,user_7938,user_7938@test.com,2026-03-18,active
7939,user_7939,user_7939@test.com,2026-02-03,active
7940,user_7940,user_7940@test.com,2026-02-19,active
7941,user_7941,user_7941@test.com,2025-06-08,active
7942,user_7942,user_7942@test.com,2025-07-14,active
7943,user_7943,user_7943@test.com,2025-11-21,active
7944,user_7944,user_7944@test.com,2026-01-24,active
7945,user_7945,user_7945@test.com,2025-04-06,active
7946,user_7946,user_7946@test.com,2025-04-26,active
7947,user_7947,user_7947@test.com,2025-06-16,active
7948,user_7948,user_7948@test.com,2025-06-17,active
7949,user_7949,user_7949@test.com,2026-03-09,active
7950,user_7950,user_7950@test.com,2026-01-03,active
7951,user_7951,user_7951@test.com,2025-07-04,active
7952,user_7952,user_7952@test.com,2025-07-15,active
7953,user_7953,user_7953@test.com,2025-10-19,inactive
7954,user_7954,user_7954@test.com,2025-08-15,active
7955,user_7955,user_7955@test.com,2025-11-13,active
7956,user_7956,user_7956@test.com,2025-09-10,active
7957,user_7957,user_7957@test.com,2026-02-05,inactive
7958,user_7958,user_7958@test.com,2025-12-01,active
7959,user_7959,user_7959@test.com,2026-01-16,active
7960,user_7960,user_7960@test.com,2025-07-08,active
7961,user_7961,user_7961@test.com,2025-06-17,active
7962,user_7962,user_7962@test.com,2025-12-16,active
7963,user_7963,user_7963@test.com,2026-01-13,inactive
7964,user_7964,user_7964@test.com,2026-01-06,active
7965,user_7965,user_7965@test.com,2026-02-23,active
7966,user_7966,user_7966@test.com,2026-03-07,active
7967,user_7967,user_7967@test.com,2025-05-13,active
7968,user_7968,user_7968@test.com,2025-04-07,active
7969,user_7969,user_7969@test.com,2025-11-30,active
7970,user_7970,user_7970@test.com,2025-12-26,active
7971,user_7971,user_7971@test.com,2025-07-31,active
7972,user_7972,user_7972@test.com,2025-10-20,active
7973,user_7973,user_7973@test.com,2025-10-28,active
7974,user_7974,user_7974@test.com,2025-11-21,active
7975,user_7975,user_7975@test.com,2026-02-05,active
7976,user_7976,user_7976@test.com,2025-06-19,active
7977,user_7977,user_7977@test.com,2025-07-02,active
7978,user_7978,user_7978@test.com,2025-07-21,inactive
7979,user_7979,user_7979@test.com,2025-11-20,active
7980,user_7980,user_7980@test.com,2025-09-04,active
7981,user_7981,user_7981@test.com,2025-05-26,active
7982,user_7982,user_7982@test.com,2025-05-05,inactive
7983,user_7983,user_7983@test.com,2025-04-10,active
7984,user_7984,user_7984@test.com,2025-04-23,inactive
7985,user_7985,user_7985@test.com,2025-09-04,active
7986,user_7986,user_7986@test.com,2025-11-29,inactive
7987,user_7987,user_7987@test.com,2025-05-25,active
7988,user_7988,user_7988@test.com,2025-05-31,active
7989,user_7989,user_7989@test.com,2025-08-27,active
7990,user_7990,user_7990@test.com,2026-03-21,inactive
7991,user_7991,user_7991@test.com,2026-03-05,active
7992,user_7992,user_7992@test.com,2025-07-12,active
7993,user_7993,user_7993@test.com,2026-01-23,active
7994,user_7994,user_7994@test.com,2025-12-06,active
7995,user_7995,user_7995@test.com,2025-05-31,active
7996,user_7996,user_7996@test.com,2025-08-09,active
7997,user_7997,user_7997@test.com,2025-06-12,active
7998,user_7998,user_7998@test.com,2026-01-29,active
7999,user_7999,user_7999@test.com,2025-12-03,inactive
8000,user_8000,user_8000@test.com,2025-09-16,active
8001,user_8001,user_8001@test.com,2025-11-24,active
8002,user_8002,user_8002@test.com,2026-03-12,active
8003,user_8003,user_8003@test.com,2026-01-30,active
8004,user_8004,user_8004@test.com,2025-12-25,active
8005,user_8005,user_8005@test.com,2025-09-20,active
8006,user_8006,user_8006@test.com,2026-01-28,inactive
8007,user_8007,user_8007@test.com,2025-10-21,active
8008,user_8008,user_8008@test.com,2026-03-24,active
8009,user_8009,user_8009@test.com,2025-06-20,active
8010,user_8010,user_8010@test.com,2026-03-05,inactive
8011,user_8011,user_8011@test.com,2025-08-28,active
8012,user_8012,user_8012@test.com,2026-03-17,active
8013,user_8013,user_8013@test.com,2025-04-24,active
8014,user_8014,user_8014@test.com,2025-05-11,active
8015,user_8015,user_8015@test.com,2025-11-22,inactive
8016,user_8016,user_8016@test.com,2025-05-13,active
8017,user_8017,user_8017@test.com,2025-05-15,inactive
8018,user_8018,user_8018@test.com,2025-12-09,active
8019,user_8019,user_8019@test.com,2025-06-25,active
8020,user_8020,user_8020@test.com,2025-11-10,active
8021,user_8021,user_8021@test.com,2025-11-22,active
8022,user_8022,user_8022@test.com,2025-08-01,active
8023,user_8023,user_8023@test.com,2025-05-09,active
8024,user_8024,user_8024@test.com,2025-05-23,active
8025,user_8025,user_8025@test.com,2025-07-20,active
8026,user_8026,user_8026@test.com,2025-05-07,active
8027,user_8027,user_8027@test.com,2026-01-23,active
8028,user_8028,user_8028@test.com,2025-04-20,active
8029,user_8029,user_8029@test.com,2025-09-12,active
8030,user_8030,user_8030@test.com,2025-09-20,inactive
8031,user_8031,user_8031@test.com,2025-12-28,active
8032,user_8032,user_8032@test.com,2025-07-21,active
8033,user_8033,user_8033@test.com,2025-08-04,active
8034,user_8034,user_8034@test.com,2025-12-08,inactive
8035,user_8035,user_8035@test.com,2025-07-01,active
8036,user_8036,user_8036@test.com,2025-10-24,inactive
8037,user_8037,user_8037@test.com,2025-11-28,active
8038,user_8038,user_8038@test.com,2025-11-14,active
8039,user_8039,user_8039@test.com,2026-01-19,active
8040,user_8040,user_8040@test.com,2025-06-25,active
8041,user_8041,user_8041@test.com,2025-08-29,active
8042,user_8042,user_8042@test.com,2025-10-11,active
8043,user_8043,user_8043@test.com,2025-12-26,active
8044,user_8044,user_8044@test.com,2025-10-20,active
8045,user_8045,user_8045@test.com,2025-08-25,active
8046,user_8046,user_8046@test.com,2025-05-15,inactive
8047,user_8047,user_8047@test.com,2026-01-12,active
8048,user_8048,user_8048@test.com,2026-01-01,active
8049,user_8049,user_8049@test.com,2025-08-29,inactive
8050,user_8050,user_8050@test.com,2026-03-21,active
8051,user_8051,user_8051@test.com,2025-08-27,active
8052,user_8052,user_8052@test.com,2026-03-18,active
8053,user_8053,user_8053@test.com,2025-09-24,active
8054,user_8054,user_8054@test.com,2025-09-09,active
8055,user_8055,user_8055@test.com,2025-09-12,active
8056,user_8056,user_8056@test.com,2025-05-05,active
8057,user_8057,user_8057@test.com,2025-06-28,active
8058,user_8058,user_8058@test.com,2026-02-16,active
8059,user_8059,user_8059@test.com,2025-07-07,active
8060,user_8060,user_8060@test.com,2025-09-18,active
8061,user_8061,user_8061@test.com,2025-05-03,active
8062,user_8062,user_8062@test.com,2025-05-17,active
8063,user_8063,user_8063@test.com,2025-04-21,active
8064,user_8064,user_8064@test.com,2026-01-17,active
8065,user_8065,user_8065@test.com,2025-04-23,active
8066,user_8066,user_8066@test.com,2025-08-28,active
8067,user_8067,user_8067@test.com,2025-11-16,inactive
8068,user_8068,user_8068@test.com,2026-01-20,active
8069,user_8069,user_8069@test.com,2025-09-02,active
8070,user_8070,user_8070@test.com,2025-11-15,active
8071,user_8071,user_8071@test.com,2025-12-31,inactive
8072,user_8072,user_8072@test.com,2026-01-01,inactive
8073,user_8073,user_8073@test.com,2026-03-23,active
8074,user_8074,user_8074@test.com,2025-07-17,active
8075,user_8075,user_8075@test.com,2025-07-31,active
8076,user_8076,user_8076@test.com,2025-04-18,active
8077,user_8077,user_8077@test.com,2025-12-25,active
8078,user_8078,user_8078@test.com,2026-02-27,active
8079,user_8079,user_8079@test.com,2026-02-05,active
8080,user_8080,user_8080@test.com,2026-02-08,inactive
8081,user_8081,user_8081@test.com,2026-01-03,inactive
8082,user_8082,user_8082@test.com,2025-05-22,active
8083,user_8083,user_8083@test.com,2025-12-30,active
8084,user_8084,user_8084@test.com,2025-12-20,active
8085,user_8085,user_8085@test.com,2025-12-06,inactive
8086,user_8086,user_8086@test.com,2025-04-25,active
8087,user_8087,user_8087@test.com,2025-06-16,active
8088,user_8088,user_8088@test.com,2026-01-26,inactive
8089,user_8089,user_8089@test.com,2025-11-21,active
8090,user_8090,user_8090@test.com,2025-06-13,active
8091,user_8091,user_8091@test.com,2025-07-07,active
8092,user_8092,user_8092@test.com,2025-12-22,inactive
8093,user_8093,user_8093@test.com,2025-09-14,inactive
8094,user_8094,user_8094@test.com,2025-04-14,active
8095,user_8095,user_8095@test.com,2026-03-19,active
8096,user_8096,user_8096@test.com,2025-06-20,active
8097,user_8097,user_8097@test.com,2026-02-07,active
8098,user_8098,user_8098@test.com,2026-02-01,active
8099,user_8099,user_8099@test.com,2025-06-14,active
8100,user_8100,user_8100@test.com,2026-03-21,active
8101,user_8101,user_8101@test.com,2025-11-15,active
8102,user_8102,user_8102@test.com,2025-06-30,active
8103,user_8103,user_8103@test.com,2025-06-01,active
8104,user_8104,user_8104@test.com,2026-03-15,active
8105,user_8105,user_8105@test.com,2025-10-16,active
8106,user_8106,user_8106@test.com,2025-04-29,active
8107,user_8107,user_8107@test.com,2025-04-10,active
8108,user_8108,user_8108@test.com,2025-08-04,active
8109,user_8109,user_8109@test.com,2025-05-02,active
8110,user_8110,user_8110@test.com,2025-08-06,inactive
8111,user_8111,user_8111@test.com,2026-03-05,inactive
8112,user_8112,user_8112@test.com,2025-11-25,active
8113,user_8113,user_8113@test.com,2025-06-28,inactive
8114,user_8114,user_8114@test.com,2025-09-26,active
8115,user_8115,user_8115@test.com,2025-10-01,active
8116,user_8116,user_8116@test.com,2026-03-08,inactive
8117,user_8117,user_8117@test.com,2025-08-06,inactive
8118,user_8118,user_8118@test.com,2025-08-21,active
8119,user_8119,user_8119@test.com,2025-10-11,active
8120,user_8120,user_8120@test.com,2025-10-25,active
8121,user_8121,user_8121@test.com,2026-01-11,active
8122,user_8122,user_8122@test.com,2025-08-10,inactive
8123,user_8123,user_8123@test.com,2025-05-12,active
8124,user_8124,user_8124@test.com,2025-05-21,active
8125,user_8125,user_8125@test.com,2025-05-22,active
8126,user_8126,user_8126@test.com,2025-07-21,inactive
8127,user_8127,user_8127@test.com,2026-01-08,active
8128,user_8128,user_8128@test.com,2026-03-29,active
8129,user_8129,user_8129@test.com,2025-05-04,active
8130,user_8130,user_8130@test.com,2026-03-26,active
8131,user_8131,user_8131@test.com,2025-08-19,active
8132,user_8132,user_8132@test.com,2025-06-14,active
8133,user_8133,user_8133@test.com,2025-05-29,inactive
8134,user_8134,user_8134@test.com,2025-09-28,active
8135,user_8135,user_8135@test.com,2025-09-01,active
8136,user_8136,user_8136@test.com,2025-09-11,active
8137,user_8137,user_8137@test.com,2025-06-23,active
8138,user_8138,user_8138@test.com,2026-03-14,active
8139,user_8139,user_8139@test.com,2025-08-08,active
8140,user_8140,user_8140@test.com,2025-11-10,active
8141,user_8141,user_8141@test.com,2025-05-02,active
8142,user_8142,user_8142@test.com,2025-07-26,active
8143,user_8143,user_8143@test.com,2025-09-05,active
8144,user_8144,user_8144@test.com,2025-07-28,active
8145,user_8145,user_8145@test.com,2026-01-13,active
8146,user_8146,user_8146@test.com,2025-08-23,active
8147,user_8147,user_8147@test.com,2025-07-12,active
8148,user_8148,user_8148@test.com,2025-12-13,active
8149,user_8149,user_8149@test.com,2026-03-17,active
8150,user_8150,user_8150@test.com,2025-11-11,active
8151,user_8151,user_8151@test.com,2025-08-09,active
8152,user_8152,user_8152@test.com,2026-01-01,active
8153,user_8153,user_8153@test.com,2025-06-21,active
8154,user_8154,user_8154@test.com,2025-08-08,active
8155,user_8155,user_8155@test.com,2026-01-13,active
8156,user_8156,user_8156@test.com,2025-08-24,inactive
8157,user_8157,user_8157@test.com,2025-12-02,inactive
8158,user_8158,user_8158@test.com,2025-05-03,active
8159,user_8159,user_8159@test.com,2025-07-24,active
8160,user_8160,user_8160@test.com,2026-02-06,inactive
8161,user_8161,user_8161@test.com,2025-11-04,active
8162,user_8162,user_8162@test.com,2025-11-20,inactive
8163,user_8163,user_8163@test.com,2025-05-22,inactive
8164,user_8164,user_8164@test.com,2025-04-12,inactive
8165,user_8165,user_8165@test.com,2026-01-24,inactive
8166,user_8166,user_8166@test.com,2025-08-31,inactive
8167,user_8167,user_8167@test.com,2025-05-28,active
8168,user_8168,user_8168@test.com,2025-04-19,active
8169,user_8169,user_8169@test.com,2025-06-28,inactive
8170,user_8170,user_8170@test.com,2025-05-24,active
8171,user_8171,user_8171@test.com,2025-11-30,active
8172,user_8172,user_8172@test.com,2025-10-27,active
8173,user_8173,user_8173@test.com,2026-03-26,active
8174,user_8174,user_8174@test.com,2026-03-28,active
8175,user_8175,user_8175@test.com,2025-07-31,active
8176,user_8176,user_8176@test.com,2025-10-21,inactive
8177,user_8177,user_8177@test.com,2025-04-29,inactive
8178,user_8178,user_8178@test.com,2025-05-17,active
8179,user_8179,user_8179@test.com,2025-09-24,active
8180,user_8180,user_8180@test.com,2025-04-30,inactive
8181,user_8181,user_8181@test.com,2026-01-29,inactive
8182,user_8182,user_8182@test.com,2025-12-25,active
8183,user_8183,user_8183@test.com,2025-09-18,active
8184,user_8184,user_8184@test.com,2025-04-28,active
8185,user_8185,user_8185@test.com,2026-02-08,active
8186,user_8186,user_8186@test.com,2025-07-02,active
8187,user_8187,user_8187@test.com,2025-06-09,inactive
8188,user_8188,user_8188@test.com,2025-07-01,active
8189,user_8189,user_8189@test.com,2025-12-14,active
8190,user_8190,user_8190@test.com,2025-09-10,inactive
8191,user_8191,user_8191@test.com,2025-05-15,active
8192,user_8192,user_8192@test.com,2025-12-12,active
8193,user_8193,user_8193@test.com,2025-09-12,active
8194,user_8194,user_8194@test.com,2026-02-20,inactive
8195,user_8195,user_8195@test.com,2025-07-09,active
8196,user_8196,user_8196@test.com,2025-11-03,active
8197,user_8197,user_8197@test.com,2026-03-21,active
8198,user_8198,user_8198@test.com,2025-09-11,active
8199,user_8199,user_8199@test.com,2025-09-14,active
8200,user_8200,user_8200@test.com,2025-03-30,inactive
8201,user_8201,user_8201@test.com,2025-07-10,active
8202,user_8202,user_8202@test.com,2025-05-21,active
8203,user_8203,user_8203@test.com,2025-08-30,active
8204,user_8204,user_8204@test.com,2025-10-17,active
8205,user_8205,user_8205@test.com,2026-03-13,active
8206,user_8206,user_8206@test.com,2025-11-24,active
8207,user_8207,user_8207@test.com,2026-02-19,active
8208,user_8208,user_8208@test.com,2025-08-24,active
8209,user_8209,user_8209@test.com,2025-07-17,inactive
8210,user_8210,user_8210@test.com,2025-11-15,active
8211,user_8211,user_8211@test.com,2026-01-22,active
8212,user_8212,user_8212@test.com,2026-03-06,active
8213,user_8213,user_8213@test.com,2025-09-03,active
8214,user_8214,user_8214@test.com,2026-03-14,inactive
8215,user_8215,user_8215@test.com,2026-01-04,active
8216,user_8216,user_8216@test.com,2026-03-10,inactive
8217,user_8217,user_8217@test.com,2025-11-29,active
8218,user_8218,user_8218@test.com,2025-10-17,inactive
8219,user_8219,user_8219@test.com,2025-11-21,active
8220,user_8220,user_8220@test.com,2025-08-27,inactive
8221,user_8221,user_8221@test.com,2025-06-14,active
8222,user_8222,user_8222@test.com,2025-08-20,active
8223,user_8223,user_8223@test.com,2025-10-03,active
8224,user_8224,user_8224@test.com,2025-11-17,active
8225,user_8225,user_8225@test.com,2025-07-05,active
8226,user_8226,user_8226@test.com,2026-03-08,active
8227,user_8227,user_8227@test.com,2025-10-26,active
8228,user_8228,user_8228@test.com,2025-04-25,active
8229,user_8229,user_8229@test.com,2025-08-12,active
8230,user_8230,user_8230@test.com,2025-08-18,active
8231,user_8231,user_8231@test.com,2025-12-18,inactive
8232,user_8232,user_8232@test.com,2025-10-12,active
8233,user_8233,user_8233@test.com,2025-08-13,active
8234,user_8234,user_8234@test.com,2025-07-09,active
8235,user_8235,user_8235@test.com,2026-03-20,active
8236,user_8236,user_8236@test.com,2025-04-04,active
8237,user_8237,user_8237@test.com,2025-12-30,active
8238,user_8238,user_8238@test.com,2025-05-27,inactive
8239,user_8239,user_8239@test.com,2025-05-05,active
8240,user_8240,user_8240@test.com,2025-08-28,inactive
8241,user_8241,user_8241@test.com,2025-04-18,active
8242,user_8242,user_8242@test.com,2025-04-01,active
8243,user_8243,user_8243@test.com,2025-10-07,active
8244,user_8244,user_8244@test.com,2025-05-10,active
8245,user_8245,user_8245@test.com,2026-02-05,active
8246,user_8246,user_8246@test.com,2025-10-31,inactive
8247,user_8247,user_8247@test.com,2025-05-23,active
8248,user_8248,user_8248@test.com,2025-05-03,active
8249,user_8249,user_8249@test.com,2026-01-22,active
8250,user_8250,user_8250@test.com,2025-08-18,active
8251,user_8251,user_8251@test.com,2025-05-03,active
8252,user_8252,user_8252@test.com,2025-05-12,active
8253,user_8253,user_8253@test.com,2025-08-26,active
8254,user_8254,user_8254@test.com,2025-08-20,inactive
8255,user_8255,user_8255@test.com,2025-11-28,active
8256,user_8256,user_8256@test.com,2025-06-19,active
8257,user_8257,user_8257@test.com,2025-06-20,active
8258,user_8258,user_8258@test.com,2025-05-22,active
8259,user_8259,user_8259@test.com,2025-12-03,active
8260,user_8260,user_8260@test.com,2025-06-11,active
8261,user_8261,user_8261@test.com,2025-07-09,active
8262,user_8262,user_8262@test.com,2025-05-03,inactive
8263,user_8263,user_8263@test.com,2025-12-31,inactive
8264,user_8264,user_8264@test.com,2026-01-07,active
8265,user_8265,user_8265@test.com,2025-08-22,inactive
8266,user_8266,user_8266@test.com,2026-02-10,active
8267,user_8267,user_8267@test.com,2025-07-16,active
8268,user_8268,user_8268@test.com,2025-06-25,inactive
8269,user_8269,user_8269@test.com,2025-12-06,active
8270,user_8270,user_8270@test.com,2025-04-15,active
8271,user_8271,user_8271@test.com,2025-04-09,active
8272,user_8272,user_8272@test.com,2025-11-30,active
8273,user_8273,user_8273@test.com,2026-03-17,active
8274,user_8274,user_8274@test.com,2026-02-06,active
8275,user_8275,user_8275@test.com,2025-10-21,active
8276,user_8276,user_8276@test.com,2025-11-22,active
8277,user_8277,user_8277@test.com,2025-08-05,active
8278,user_8278,user_8278@test.com,2026-01-22,active
8279,user_8279,user_8279@test.com,2026-02-01,inactive
8280,user_8280,user_8280@test.com,2025-05-29,inactive
8281,user_8281,user_8281@test.com,2025-09-06,active
8282,user_8282,user_8282@test.com,2026-03-25,inactive
8283,user_8283,user_8283@test.com,2025-11-18,active
8284,user_8284,user_8284@test.com,2025-05-24,active
8285,user_8285,user_8285@test.com,2025-11-14,active
8286,user_8286,user_8286@test.com,2025-07-29,active
8287,user_8287,user_8287@test.com,2026-01-11,active
8288,user_8288,user_8288@test.com,2026-01-11,active
8289,user_8289,user_8289@test.com,2026-03-07,active
8290,user_8290,user_8290@test.com,2025-08-21,inactive
8291,user_8291,user_8291@test.com,2025-09-13,active
8292,user_8292,user_8292@test.com,2025-10-02,inactive
8293,user_8293,user_8293@test.com,2025-07-09,inactive
8294,user_8294,user_8294@test.com,2025-06-06,active
8295,user_8295,user_8295@test.com,2026-02-28,active
8296,user_8296,user_8296@test.com,2025-08-20,active
8297,user_8297,user_8297@test.com,2025-09-02,active
8298,user_8298,user_8298@test.com,2025-10-24,active
8299,user_8299,user_8299@test.com,2025-05-19,inactive
8300,user_8300,user_8300@test.com,2025-12-09,active
8301,user_8301,user_8301@test.com,2026-02-10,active
8302,user_8302,user_8302@test.com,2025-08-24,active
8303,user_8303,user_8303@test.com,2025-12-13,active
8304,user_8304,user_8304@test.com,2025-04-06,inactive
8305,user_8305,user_8305@test.com,2025-10-28,active
8306,user_8306,user_8306@test.com,2025-12-18,active
8307,user_8307,user_8307@test.com,2025-04-14,active
8308,user_8308,user_8308@test.com,2026-02-05,active
8309,user_8309,user_8309@test.com,2026-02-09,inactive
8310,user_8310,user_8310@test.com,2026-02-25,active
8311,user_8311,user_8311@test.com,2025-12-22,active
8312,user_8312,user_8312@test.com,2026-01-23,active
8313,user_8313,user_8313@test.com,2025-04-19,inactive
8314,user_8314,user_8314@test.com,2025-04-24,active
8315,user_8315,user_8315@test.com,2025-06-28,active
8316,user_8316,user_8316@test.com,2025-12-10,active
8317,user_8317,user_8317@test.com,2025-07-04,active
8318,user_8318,user_8318@test.com,2025-09-27,active
8319,user_8319,user_8319@test.com,2025-05-18,active
8320,user_8320,user_8320@test.com,2025-09-21,active
8321,user_8321,user_8321@test.com,2025-08-16,inactive
8322,user_8322,user_8322@test.com,2025-10-15,active
8323,user_8323,user_8323@test.com,2025-08-26,active
8324,user_8324,user_8324@test.com,2025-07-26,active
8325,user_8325,user_8325@test.com,2025-04-24,active
8326,user_8326,user_8326@test.com,2025-08-09,active
8327,user_8327,user_8327@test.com,2025-04-21,inactive
8328,user_8328,user_8328@test.com,2025-06-13,inactive
8329,user_8329,user_8329@test.com,2025-06-18,active
8330,user_8330,user_8330@test.com,2025-12-09,active
8331,user_8331,user_8331@test.com,2026-01-04,inactive
8332,user_8332,user_8332@test.com,2025-04-23,active
8333,user_8333,user_8333@test.com,2025-04-06,active
8334,user_8334,user_8334@test.com,2026-03-12,active
8335,user_8335,user_8335@test.com,2025-09-24,active
8336,user_8336,user_8336@test.com,2025-08-16,active
8337,user_8337,user_8337@test.com,2025-09-25,active
8338,user_8338,user_8338@test.com,2025-09-26,active
8339,user_8339,user_8339@test.com,2026-02-14,active
8340,user_8340,user_8340@test.com,2025-09-30,active
8341,user_8341,user_8341@test.com,2026-02-25,active
8342,user_8342,user_8342@test.com,2025-06-09,active
8343,user_8343,user_8343@test.com,2025-04-16,active
8344,user_8344,user_8344@test.com,2025-04-04,active
8345,user_8345,user_8345@test.com,2025-05-31,active
8346,user_8346,user_8346@test.com,2025-06-04,active
8347,user_8347,user_8347@test.com,2026-02-14,inactive
8348,user_8348,user_8348@test.com,2026-01-27,active
8349,user_8349,user_8349@test.com,2025-12-21,active
8350,user_8350,user_8350@test.com,2025-04-24,active
8351,user_8351,user_8351@test.com,2025-10-22,active
8352,user_8352,user_8352@test.com,2025-12-22,active
8353,user_8353,user_8353@test.com,2025-12-18,active
8354,user_8354,user_8354@test.com,2025-09-06,inactive
8355,user_8355,user_8355@test.com,2025-11-01,active
8356,user_8356,user_8356@test.com,2025-10-16,active
8357,user_8357,user_8357@test.com,2025-07-06,active
8358,user_8358,user_8358@test.com,2025-09-01,inactive
8359,user_8359,user_8359@test.com,2026-01-20,active
8360,user_8360,user_8360@test.com,2026-01-31,active
8361,user_8361,user_8361@test.com,2025-11-15,inactive
8362,user_8362,user_8362@test.com,2025-08-02,active
8363,user_8363,user_8363@test.com,2025-09-23,inactive
8364,user_8364,user_8364@test.com,2025-06-02,active
8365,user_8365,user_8365@test.com,2025-11-18,inactive
8366,user_8366,user_8366@test.com,2026-02-17,active
8367,user_8367,user_8367@test.com,2025-10-11,active
8368,user_8368,user_8368@test.com,2025-06-01,inactive
8369,user_8369,user_8369@test.com,2026-03-21,active
8370,user_8370,user_8370@test.com,2025-07-25,active
8371,user_8371,user_8371@test.com,2025-06-17,active
8372,user_8372,user_8372@test.com,2025-05-04,active
8373,user_8373,user_8373@test.com,2026-02-14,active
8374,user_8374,user_8374@test.com,2026-02-20,active
8375,user_8375,user_8375@test.com,2025-09-20,active
8376,user_8376,user_8376@test.com,2025-06-25,active
8377,user_8377,user_8377@test.com,2025-05-29,active
8378,user_8378,user_8378@test.com,2026-02-02,active
8379,user_8379,user_8379@test.com,2025-09-17,active
8380,user_8380,user_8380@test.com,2026-01-25,active
8381,user_8381,user_8381@test.com,2026-03-09,active
8382,user_8382,user_8382@test.com,2025-06-28,inactive
8383,user_8383,user_8383@test.com,2026-02-02,active
8384,user_8384,user_8384@test.com,2025-08-05,inactive
8385,user_8385,user_8385@test.com,2025-11-05,active
8386,user_8386,user_8386@test.com,2025-06-14,active
8387,user_8387,user_8387@test.com,2025-05-17,active
8388,user_8388,user_8388@test.com,2026-01-29,active
8389,user_8389,user_8389@test.com,2025-09-12,active
8390,user_8390,user_8390@test.com,2025-06-24,active
8391,user_8391,user_8391@test.com,2025-03-30,active
8392,user_8392,user_8392@test.com,2025-07-01,inactive
8393,user_8393,user_8393@test.com,2025-09-21,active
8394,user_8394,user_8394@test.com,2025-12-06,active
8395,user_8395,user_8395@test.com,2025-05-08,active
8396,user_8396,user_8396@test.com,2025-08-13,active
8397,user_8397,user_8397@test.com,2025-10-03,active
8398,user_8398,user_8398@test.com,2025-10-16,inactive
8399,user_8399,user_8399@test.com,2025-11-23,inactive
8400,user_8400,user_8400@test.com,2026-01-12,active
8401,user_8401,user_8401@test.com,2025-08-10,active
8402,user_8402,user_8402@test.com,2026-02-06,inactive
8403,user_8403,user_8403@test.com,2026-03-24,active
8404,user_8404,user_8404@test.com,2025-09-16,inactive
8405,user_8405,user_8405@test.com,2025-09-14,inactive
8406,user_8406,user_8406@test.com,2025-12-08,active
8407,user_8407,user_8407@test.com,2026-01-22,active
8408,user_8408,user_8408@test.com,2025-04-10,inactive
8409,user_8409,user_8409@test.com,2026-03-27,inactive
8410,user_8410,user_8410@test.com,2026-02-06,inactive
8411,user_8411,user_8411@test.com,2026-03-24,inactive
8412,user_8412,user_8412@test.com,2026-01-17,inactive
8413,user_8413,user_8413@test.com,2026-02-04,active
8414,user_8414,user_8414@test.com,2025-08-20,active
8415,user_8415,user_8415@test.com,2025-06-07,active
8416,user_8416,user_8416@test.com,2025-11-25,active
8417,user_8417,user_8417@test.com,2026-01-03,inactive
8418,user_8418,user_8418@test.com,2025-10-29,active
8419,user_8419,user_8419@test.com,2026-01-28,active
8420,user_8420,user_8420@test.com,2025-09-27,active
8421,user_8421,user_8421@test.com,2025-11-18,active
8422,user_8422,user_8422@test.com,2026-01-09,active
8423,user_8423,user_8423@test.com,2025-12-01,active
8424,user_8424,user_8424@test.com,2026-02-19,active
8425,user_8425,user_8425@test.com,2025-04-30,active
8426,user_8426,user_8426@test.com,2025-11-17,active
8427,user_8427,user_8427@test.com,2025-08-28,active
8428,user_8428,user_8428@test.com,2025-09-14,active
8429,user_8429,user_8429@test.com,2025-09-29,inactive
8430,user_8430,user_8430@test.com,2025-04-03,active
8431,user_8431,user_8431@test.com,2025-07-10,active
8432,user_8432,user_8432@test.com,2025-07-03,active
8433,user_8433,user_8433@test.com,2025-12-06,active
8434,user_8434,user_8434@test.com,2026-03-12,inactive
8435,user_8435,user_8435@test.com,2025-08-05,active
8436,user_8436,user_8436@test.com,2025-09-10,active
8437,user_8437,user_8437@test.com,2025-04-23,inactive
8438,user_8438,user_8438@test.com,2026-01-04,active
8439,user_8439,user_8439@test.com,2026-03-28,inactive
8440,user_8440,user_8440@test.com,2025-10-23,active
8441,user_8441,user_8441@test.com,2025-08-17,active
8442,user_8442,user_8442@test.com,2026-02-11,active
8443,user_8443,user_8443@test.com,2026-03-29,active
8444,user_8444,user_8444@test.com,2025-10-04,active
8445,user_8445,user_8445@test.com,2026-01-24,active
8446,user_8446,user_8446@test.com,2026-02-25,active
8447,user_8447,user_8447@test.com,2025-04-03,active
8448,user_8448,user_8448@test.com,2025-11-18,active
8449,user_8449,user_8449@test.com,2025-07-10,inactive
8450,user_8450,user_8450@test.com,2025-10-02,active
8451,user_8451,user_8451@test.com,2025-10-13,inactive
8452,user_8452,user_8452@test.com,2025-12-20,active
8453,user_8453,user_8453@test.com,2025-10-30,inactive
8454,user_8454,user_8454@test.com,2025-12-28,active
8455,user_8455,user_8455@test.com,2026-03-11,inactive
8456,user_8456,user_8456@test.com,2026-03-05,active
8457,user_8457,user_8457@test.com,2025-08-26,active
8458,user_8458,user_8458@test.com,2025-12-01,active
8459,user_8459,user_8459@test.com,2025-12-03,active
8460,user_8460,user_8460@test.com,2026-01-24,active
8461,user_8461,user_8461@test.com,2026-02-18,active
8462,user_8462,user_8462@test.com,2025-09-10,active
8463,user_8463,user_8463@test.com,2025-07-02,active
8464,user_8464,user_8464@test.com,2026-01-21,active
8465,user_8465,user_8465@test.com,2025-08-16,active
8466,user_8466,user_8466@test.com,2026-02-26,active
8467,user_8467,user_8467@test.com,2025-08-06,active
8468,user_8468,user_8468@test.com,2026-02-20,inactive
8469,user_8469,user_8469@test.com,2025-09-01,active
8470,user_8470,user_8470@test.com,2025-04-05,active
8471,user_8471,user_8471@test.com,2026-01-16,active
8472,user_8472,user_8472@test.com,2025-11-08,active
8473,user_8473,user_8473@test.com,2026-01-13,active
8474,user_8474,user_8474@test.com,2025-10-13,active
8475,user_8475,user_8475@test.com,2025-10-05,active
8476,user_8476,user_8476@test.com,2025-04-10,active
8477,user_8477,user_8477@test.com,2025-08-20,active
8478,user_8478,user_8478@test.com,2025-04-16,active
8479,user_8479,user_8479@test.com,2025-08-29,active
8480,user_8480,user_8480@test.com,2026-01-24,active
8481,user_8481,user_8481@test.com,2025-07-27,active
8482,user_8482,user_8482@test.com,2025-11-17,active
8483,user_8483,user_8483@test.com,2025-05-10,active
8484,user_8484,user_8484@test.com,2025-08-23,active
8485,user_8485,user_8485@test.com,2025-08-03,active
8486,user_8486,user_8486@test.com,2026-01-01,active
8487,user_8487,user_8487@test.com,2025-10-01,active
8488,user_8488,user_8488@test.com,2025-12-31,active
8489,user_8489,user_8489@test.com,2025-04-16,active
8490,user_8490,user_8490@test.com,2025-07-15,active
8491,user_8491,user_8491@test.com,2025-10-05,active
8492,user_8492,user_8492@test.com,2025-07-31,active
8493,user_8493,user_8493@test.com,2025-05-21,active
8494,user_8494,user_8494@test.com,2025-12-18,inactive
8495,user_8495,user_8495@test.com,2025-10-05,active
8496,user_8496,user_8496@test.com,2025-04-15,active
8497,user_8497,user_8497@test.com,2025-07-14,active
8498,user_8498,user_8498@test.com,2025-05-02,inactive
8499,user_8499,user_8499@test.com,2025-10-30,inactive
8500,user_8500,user_8500@test.com,2025-08-11,active
8501,user_8501,user_8501@test.com,2025-08-12,active
8502,user_8502,user_8502@test.com,2026-02-08,active
8503,user_8503,user_8503@test.com,2025-12-22,active
8504,user_8504,user_8504@test.com,2025-04-01,inactive
8505,user_8505,user_8505@test.com,2025-09-30,active
8506,user_8506,user_8506@test.com,2025-11-29,active
8507,user_8507,user_8507@test.com,2025-12-03,active
8508,user_8508,user_8508@test.com,2025-12-23,active
8509,user_8509,user_8509@test.com,2025-12-10,inactive
8510,user_8510,user_8510@test.com,2025-07-04,active
8511,user_8511,user_8511@test.com,2025-11-05,active
8512,user_8512,user_8512@test.com,2026-02-06,active
8513,user_8513,user_8513@test.com,2025-09-09,active
8514,user_8514,user_8514@test.com,2025-10-24,active
8515,user_8515,user_8515@test.com,2025-10-06,inactive
8516,user_8516,user_8516@test.com,2025-08-25,inactive
8517,user_8517,user_8517@test.com,2025-12-31,active
8518,user_8518,user_8518@test.com,2026-01-18,active
8519,user_8519,user_8519@test.com,2025-08-26,active
8520,user_8520,user_8520@test.com,2025-11-12,active
8521,user_8521,user_8521@test.com,2025-11-30,active
8522,user_8522,user_8522@test.com,2025-05-21,active
8523,user_8523,user_8523@test.com,2025-04-09,inactive
8524,user_8524,user_8524@test.com,2025-05-29,active
8525,user_8525,user_8525@test.com,2025-07-05,inactive
8526,user_8526,user_8526@test.com,2025-09-21,active
8527,user_8527,user_8527@test.com,2025-12-16,active
8528,user_8528,user_8528@test.com,2025-07-10,active
8529,user_8529,user_8529@test.com,2025-06-22,active
8530,user_8530,user_8530@test.com,2025-09-16,active
8531,user_8531,user_8531@test.com,2025-07-29,inactive
8532,user_8532,user_8532@test.com,2025-07-28,active
8533,user_8533,user_8533@test.com,2025-05-01,active
8534,user_8534,user_8534@test.com,2025-06-24,active
8535,user_8535,user_8535@test.com,2025-06-24,active
8536,user_8536,user_8536@test.com,2025-06-22,active
8537,user_8537,user_8537@test.com,2025-11-12,active
8538,user_8538,user_8538@test.com,2025-08-22,inactive
8539,user_8539,user_8539@test.com,2026-01-05,active
8540,user_8540,user_8540@test.com,2025-11-26,active
8541,user_8541,user_8541@test.com,2025-06-21,active
8542,user_8542,user_8542@test.com,2025-09-01,active
8543,user_8543,user_8543@test.com,2025-12-12,active
8544,user_8544,user_8544@test.com,2025-04-02,active
8545,user_8545,user_8545@test.com,2025-07-04,active
8546,user_8546,user_8546@test.com,2025-11-14,active
8547,user_8547,user_8547@test.com,2025-11-15,active
8548,user_8548,user_8548@test.com,2025-07-05,active
8549,user_8549,user_8549@test.com,2025-09-12,inactive
8550,user_8550,user_8550@test.com,2026-01-02,active
8551,user_8551,user_8551@test.com,2025-06-27,inactive
8552,user_8552,user_8552@test.com,2025-08-09,active
8553,user_8553,user_8553@test.com,2025-06-12,active
8554,user_8554,user_8554@test.com,2025-08-17,active
8555,user_8555,user_8555@test.com,2025-10-03,active
8556,user_8556,user_8556@test.com,2025-04-13,active
8557,user_8557,user_8557@test.com,2025-09-19,active
8558,user_8558,user_8558@test.com,2026-02-14,active
8559,user_8559,user_8559@test.com,2025-05-27,active
8560,user_8560,user_8560@test.com,2025-10-11,active
8561,user_8561,user_8561@test.com,2025-09-04,active
8562,user_8562,user_8562@test.com,2025-07-29,inactive
8563,user_8563,user_8563@test.com,2026-01-19,inactive
8564,user_8564,user_8564@test.com,2025-07-11,active
8565,user_8565,user_8565@test.com,2026-03-18,active
8566,user_8566,user_8566@test.com,2025-12-05,active
8567,user_8567,user_8567@test.com,2025-05-25,active
8568,user_8568,user_8568@test.com,2025-08-09,active
8569,user_8569,user_8569@test.com,2025-09-05,active
8570,user_8570,user_8570@test.com,2025-08-18,active
8571,user_8571,user_8571@test.com,2025-05-31,active
8572,user_8572,user_8572@test.com,2026-02-28,active
8573,user_8573,user_8573@test.com,2025-04-27,active
8574,user_8574,user_8574@test.com,2026-03-17,active
8575,user_8575,user_8575@test.com,2025-07-27,active
8576,user_8576,user_8576@test.com,2025-12-23,active
8577,user_8577,user_8577@test.com,2026-02-26,active
8578,user_8578,user_8578@test.com,2025-05-28,active
8579,user_8579,user_8579@test.com,2025-10-05,active
8580,user_8580,user_8580@test.com,2025-04-13,active
8581,user_8581,user_8581@test.com,2025-09-03,active
8582,user_8582,user_8582@test.com,2025-10-15,active
8583,user_8583,user_8583@test.com,2026-02-02,active
8584,user_8584,user_8584@test.com,2025-06-11,inactive
8585,user_8585,user_8585@test.com,2025-06-19,active
8586,user_8586,user_8586@test.com,2025-04-06,inactive
8587,user_8587,user_8587@test.com,2025-09-14,active
8588,user_8588,user_8588@test.com,2025-12-20,active
8589,user_8589,user_8589@test.com,2026-03-05,active
8590,user_8590,user_8590@test.com,2025-07-16,active
8591,user_8591,user_8591@test.com,2025-12-16,inactive
8592,user_8592,user_8592@test.com,2025-07-11,inactive
8593,user_8593,user_8593@test.com,2025-10-09,inactive
8594,user_8594,user_8594@test.com,2025-12-25,inactive
8595,user_8595,user_8595@test.com,2025-05-24,active
8596,user_8596,user_8596@test.com,2026-01-27,inactive
8597,user_8597,user_8597@test.com,2025-03-31,inactive
8598,user_8598,user_8598@test.com,2025-07-15,active
8599,user_8599,user_8599@test.com,2025-07-22,inactive
8600,user_8600,user_8600@test.com,2025-05-24,active
8601,user_8601,user_8601@test.com,2025-08-03,active
8602,user_8602,user_8602@test.com,2025-09-14,active
8603,user_8603,user_8603@test.com,2025-04-13,inactive
8604,user_8604,user_8604@test.com,2025-11-15,active
8605,user_8605,user_8605@test.com,2025-09-03,active
8606,user_8606,user_8606@test.com,2025-05-07,active
8607,user_8607,user_8607@test.com,2026-01-30,active
8608,user_8608,user_8608@test.com,2025-08-17,active
8609,user_8609,user_8609@test.com,2026-01-02,active
8610,user_8610,user_8610@test.com,2025-09-07,active
8611,user_8611,user_8611@test.com,2025-06-11,active
8612,user_8612,user_8612@test.com,2025-04-01,active
8613,user_8613,user_8613@test.com,2025-09-18,active
8614,user_8614,user_8614@test.com,2025-12-20,active
8615,user_8615,user_8615@test.com,2026-02-13,active
8616,user_8616,user_8616@test.com,2025-04-17,active
8617,user_8617,user_8617@test.com,2026-01-09,active
8618,user_8618,user_8618@test.com,2026-03-29,active
8619,user_8619,user_8619@test.com,2026-03-28,inactive
8620,user_8620,user_8620@test.com,2025-04-17,active
8621,user_8621,user_8621@test.com,2026-02-11,inactive
8622,user_8622,user_8622@test.com,2026-01-11,active
8623,user_8623,user_8623@test.com,2025-07-30,active
8624,user_8624,user_8624@test.com,2025-11-05,active
8625,user_8625,user_8625@test.com,2025-09-27,active
8626,user_8626,user_8626@test.com,2025-08-12,inactive
8627,user_8627,user_8627@test.com,2026-03-13,inactive
8628,user_8628,user_8628@test.com,2025-05-14,inactive
8629,user_8629,user_8629@test.com,2025-09-04,active
8630,user_8630,user_8630@test.com,2025-11-16,active
8631,user_8631,user_8631@test.com,2025-07-21,active
8632,user_8632,user_8632@test.com,2026-03-02,inactive
8633,user_8633,user_8633@test.com,2026-01-28,active
8634,user_8634,user_8634@test.com,2025-09-19,inactive
8635,user_8635,user_8635@test.com,2026-03-10,active
8636,user_8636,user_8636@test.com,2026-02-09,active
8637,user_8637,user_8637@test.com,2025-08-27,active
8638,user_8638,user_8638@test.com,2025-06-03,active
8639,user_8639,user_8639@test.com,2025-11-18,active
8640,user_8640,user_8640@test.com,2025-06-07,active
8641,user_8641,user_8641@test.com,2025-07-04,inactive
8642,user_8642,user_8642@test.com,2025-11-01,active
8643,user_8643,user_8643@test.com,2026-03-02,active
8644,user_8644,user_8644@test.com,2025-08-10,inactive
8645,user_8645,user_8645@test.com,2025-08-21,active
8646,user_8646,user_8646@test.com,2026-03-06,inactive
8647,user_8647,user_8647@test.com,2025-09-03,inactive
8648,user_8648,user_8648@test.com,2026-02-15,active
8649,user_8649,user_8649@test.com,2026-01-01,active
8650,user_8650,user_8650@test.com,2026-03-19,active
8651,user_8651,user_8651@test.com,2025-08-23,inactive
8652,user_8652,user_8652@test.com,2026-01-10,inactive
8653,user_8653,user_8653@test.com,2026-02-05,inactive
8654,user_8654,user_8654@test.com,2025-09-20,active
8655,user_8655,user_8655@test.com,2025-12-19,active
8656,user_8656,user_8656@test.com,2025-12-02,active
8657,user_8657,user_8657@test.com,2025-09-28,active
8658,user_8658,user_8658@test.com,2025-10-28,active
8659,user_8659,user_8659@test.com,2025-06-22,active
8660,user_8660,user_8660@test.com,2025-08-03,active
8661,user_8661,user_8661@test.com,2025-06-29,active
8662,user_8662,user_8662@test.com,2025-10-09,active
8663,user_8663,user_8663@test.com,2025-06-08,active
8664,user_8664,user_8664@test.com,2025-07-20,active
8665,user_8665,user_8665@test.com,2025-11-22,inactive
8666,user_8666,user_8666@test.com,2026-01-09,active
8667,user_8667,user_8667@test.com,2025-06-22,active
8668,user_8668,user_8668@test.com,2025-04-14,active
8669,user_8669,user_8669@test.com,2025-04-25,active
8670,user_8670,user_8670@test.com,2026-02-08,inactive
8671,user_8671,user_8671@test.com,2025-06-13,active
8672,user_8672,user_8672@test.com,2025-09-08,active
8673,user_8673,user_8673@test.com,2025-11-22,active
8674,user_8674,user_8674@test.com,2025-11-02,active
8675,user_8675,user_8675@test.com,2025-06-27,active
8676,user_8676,user_8676@test.com,2025-09-02,active
8677,user_8677,user_8677@test.com,2026-01-07,active
8678,user_8678,user_8678@test.com,2025-06-11,active
8679,user_8679,user_8679@test.com,2025-11-28,active
8680,user_8680,user_8680@test.com,2025-12-23,active
8681,user_8681,user_8681@test.com,2025-12-12,active
8682,user_8682,user_8682@test.com,2026-02-12,active
8683,user_8683,user_8683@test.com,2025-10-07,active
8684,user_8684,user_8684@test.com,2025-05-22,active
8685,user_8685,user_8685@test.com,2025-07-18,active
8686,user_8686,user_8686@test.com,2025-12-28,active
8687,user_8687,user_8687@test.com,2025-08-27,inactive
8688,user_8688,user_8688@test.com,2025-09-27,active
8689,user_8689,user_8689@test.com,2025-04-15,active
8690,user_8690,user_8690@test.com,2025-07-12,inactive
8691,user_8691,user_8691@test.com,2025-10-09,active
8692,user_8692,user_8692@test.com,2026-02-24,active
8693,user_8693,user_8693@test.com,2025-10-13,active
8694,user_8694,user_8694@test.com,2025-04-24,active
8695,user_8695,user_8695@test.com,2026-01-19,inactive
8696,user_8696,user_8696@test.com,2025-08-24,active
8697,user_8697,user_8697@test.com,2025-09-24,active
8698,user_8698,user_8698@test.com,2025-04-12,active
8699,user_8699,user_8699@test.com,2026-03-23,active
8700,user_8700,user_8700@test.com,2025-04-18,active
8701,user_8701,user_8701@test.com,2025-06-27,active
8702,user_8702,user_8702@test.com,2025-04-14,active
8703,user_8703,user_8703@test.com,2025-07-16,active
8704,user_8704,user_8704@test.com,2025-05-04,active
8705,user_8705,user_8705@test.com,2026-01-27,active
8706,user_8706,user_8706@test.com,2026-01-29,active
8707,user_8707,user_8707@test.com,2025-07-15,inactive
8708,user_8708,user_8708@test.com,2025-11-17,active
8709,user_8709,user_8709@test.com,2025-08-03,active
8710,user_8710,user_8710@test.com,2026-02-01,active
8711,user_8711,user_8711@test.com,2025-08-01,active
8712,user_8712,user_8712@test.com,2025-11-14,inactive
8713,user_8713,user_8713@test.com,2025-08-24,active
8714,user_8714,user_8714@test.com,2025-10-30,active
8715,user_8715,user_8715@test.com,2025-10-18,active
8716,user_8716,user_8716@test.com,2026-01-27,active
8717,user_8717,user_8717@test.com,2025-09-08,active
8718,user_8718,user_8718@test.com,2025-05-15,active
8719,user_8719,user_8719@test.com,2025-10-28,inactive
8720,user_8720,user_8720@test.com,2025-12-19,inactive
8721,user_8721,user_8721@test.com,2025-11-12,inactive
8722,user_8722,user_8722@test.com,2025-04-22,active
8723,user_8723,user_8723@test.com,2025-09-29,inactive
8724,user_8724,user_8724@test.com,2026-02-07,inactive
8725,user_8725,user_8725@test.com,2026-02-10,active
8726,user_8726,user_8726@test.com,2025-06-11,active
8727,user_8727,user_8727@test.com,2026-03-11,active
8728,user_8728,user_8728@test.com,2025-07-05,inactive
8729,user_8729,user_8729@test.com,2025-04-21,active
8730,user_8730,user_8730@test.com,2025-09-15,inactive
8731,user_8731,user_8731@test.com,2025-04-19,inactive
8732,user_8732,user_8732@test.com,2025-08-14,active
8733,user_8733,user_8733@test.com,2025-11-25,active
8734,user_8734,user_8734@test.com,2026-01-23,active
8735,user_8735,user_8735@test.com,2025-12-11,active
8736,user_8736,user_8736@test.com,2025-04-12,active
8737,user_8737,user_8737@test.com,2025-07-18,active
8738,user_8738,user_8738@test.com,2025-08-29,active
8739,user_8739,user_8739@test.com,2025-04-09,active
8740,user_8740,user_8740@test.com,2025-07-31,active
8741,user_8741,user_8741@test.com,2025-05-23,active
8742,user_8742,user_8742@test.com,2026-01-25,active
8743,user_8743,user_8743@test.com,2025-05-01,active
8744,user_8744,user_8744@test.com,2025-07-18,active
8745,user_8745,user_8745@test.com,2026-03-17,inactive
8746,user_8746,user_8746@test.com,2025-08-16,inactive
8747,user_8747,user_8747@test.com,2026-02-20,active
8748,user_8748,user_8748@test.com,2025-08-03,inactive
8749,user_8749,user_8749@test.com,2025-05-10,inactive
8750,user_8750,user_8750@test.com,2025-09-25,active
8751,user_8751,user_8751@test.com,2025-10-21,active
8752,user_8752,user_8752@test.com,2026-02-15,active
8753,user_8753,user_8753@test.com,2025-09-17,active
8754,user_8754,user_8754@test.com,2025-08-25,inactive
8755,user_8755,user_8755@test.com,2025-11-24,active
8756,user_8756,user_8756@test.com,2025-12-10,inactive
8757,user_8757,user_8757@test.com,2026-01-15,active
8758,user_8758,user_8758@test.com,2025-12-30,active
8759,user_8759,user_8759@test.com,2025-12-06,active
8760,user_8760,user_8760@test.com,2025-05-18,active
8761,user_8761,user_8761@test.com,2026-02-22,active
8762,user_8762,user_8762@test.com,2026-01-20,active
8763,user_8763,user_8763@test.com,2025-10-16,inactive
8764,user_8764,user_8764@test.com,2025-05-09,active
8765,user_8765,user_8765@test.com,2025-06-01,inactive
8766,user_8766,user_8766@test.com,2025-04-02,active
8767,user_8767,user_8767@test.com,2026-01-25,inactive
8768,user_8768,user_8768@test.com,2025-12-11,active
8769,user_8769,user_8769@test.com,2025-06-23,active
8770,user_8770,user_8770@test.com,2025-07-24,active
8771,user_8771,user_8771@test.com,2025-11-08,active
8772,user_8772,user_8772@test.com,2025-12-24,active
8773,user_8773,user_8773@test.com,2026-03-03,inactive
8774,user_8774,user_8774@test.com,2026-01-27,active
8775,user_8775,user_8775@test.com,2025-08-13,active
8776,user_8776,user_8776@test.com,2025-07-25,active
8777,user_8777,user_8777@test.com,2026-02-22,inactive
8778,user_8778,user_8778@test.com,2025-04-09,inactive
8779,user_8779,user_8779@test.com,2025-09-11,active
8780,user_8780,user_8780@test.com,2025-11-15,inactive
8781,user_8781,user_8781@test.com,2025-12-31,active
8782,user_8782,user_8782@test.com,2025-08-19,active
8783,user_8783,user_8783@test.com,2025-03-31,inactive
8784,user_8784,user_8784@test.com,2025-10-19,inactive
8785,user_8785,user_8785@test.com,2026-01-09,inactive
8786,user_8786,user_8786@test.com,2026-03-21,active
8787,user_8787,user_8787@test.com,2025-04-30,inactive
8788,user_8788,user_8788@test.com,2025-10-20,active
8789,user_8789,user_8789@test.com,2026-03-27,active
8790,user_8790,user_8790@test.com,2026-03-10,active
8791,user_8791,user_8791@test.com,2025-06-08,inactive
8792,user_8792,user_8792@test.com,2026-03-20,inactive
8793,user_8793,user_8793@test.com,2025-04-20,active
8794,user_8794,user_8794@test.com,2025-06-21,active
8795,user_8795,user_8795@test.com,2025-11-01,active
8796,user_8796,user_8796@test.com,2025-06-29,active
8797,user_8797,user_8797@test.com,2025-08-30,active
8798,user_8798,user_8798@test.com,2025-07-09,inactive
8799,user_8799,user_8799@test.com,2026-01-10,active
8800,user_8800,user_8800@test.com,2025-07-16,active
8801,user_8801,user_8801@test.com,2025-09-12,active
8802,user_8802,user_8802@test.com,2025-10-17,active
8803,user_8803,user_8803@test.com,2025-08-14,active
8804,user_8804,user_8804@test.com,2025-08-02,active
8805,user_8805,user_8805@test.com,2025-04-07,active
8806,user_8806,user_8806@test.com,2025-07-11,inactive
8807,user_8807,user_8807@test.com,2025-05-15,inactive
8808,user_8808,user_8808@test.com,2025-09-11,active
8809,user_8809,user_8809@test.com,2025-09-19,inactive
8810,user_8810,user_8810@test.com,2025-11-30,inactive
8811,user_8811,user_8811@test.com,2026-01-30,active
8812,user_8812,user_8812@test.com,2025-12-25,inactive
8813,user_8813,user_8813@test.com,2025-03-31,active
8814,user_8814,user_8814@test.com,2026-02-21,active
8815,user_8815,user_8815@test.com,2025-11-14,active
8816,user_8816,user_8816@test.com,2025-09-03,active
8817,user_8817,user_8817@test.com,2025-06-04,active
8818,user_8818,user_8818@test.com,2026-03-02,active
8819,user_8819,user_8819@test.com,2025-08-19,inactive
8820,user_8820,user_8820@test.com,2026-02-26,active
8821,user_8821,user_8821@test.com,2025-10-07,active
8822,user_8822,user_8822@test.com,2025-11-18,inactive
8823,user_8823,user_8823@test.com,2026-03-20,active
8824,user_8824,user_8824@test.com,2026-01-25,active
8825,user_8825,user_8825@test.com,2025-06-25,active
8826,user_8826,user_8826@test.com,2026-02-04,active
8827,user_8827,user_8827@test.com,2025-07-13,active
8828,user_8828,user_8828@test.com,2025-11-05,inactive
8829,user_8829,user_8829@test.com,2025-07-22,active
8830,user_8830,user_8830@test.com,2025-08-12,inactive
8831,user_8831,user_8831@test.com,2025-06-01,inactive
8832,user_8832,user_8832@test.com,2025-09-21,active
8833,user_8833,user_8833@test.com,2025-05-14,active
8834,user_8834,user_8834@test.com,2026-01-10,active
8835,user_8835,user_8835@test.com,2026-03-07,inactive
8836,user_8836,user_8836@test.com,2025-08-21,active
8837,user_8837,user_8837@test.com,2025-09-27,active
8838,user_8838,user_8838@test.com,2025-06-20,active
8839,user_8839,user_8839@test.com,2025-06-05,active
8840,user_8840,user_8840@test.com,2026-02-19,active
8841,user_8841,user_8841@test.com,2025-07-09,active
8842,user_8842,user_8842@test.com,2025-10-31,active
8843,user_8843,user_8843@test.com,2026-02-20,active
8844,user_8844,user_8844@test.com,2026-01-26,active
8845,user_8845,user_8845@test.com,2025-12-15,inactive
8846,user_8846,user_8846@test.com,2026-02-25,active
8847,user_8847,user_8847@test.com,2025-07-18,active
8848,user_8848,user_8848@test.com,2025-06-28,active
8849,user_8849,user_8849@test.com,2025-07-22,active
8850,user_8850,user_8850@test.com,2025-12-05,active
8851,user_8851,user_8851@test.com,2025-12-30,active
8852,user_8852,user_8852@test.com,2025-10-08,active
8853,user_8853,user_8853@test.com,2025-10-31,active
8854,user_8854,user_8854@test.com,2025-10-17,active
8855,user_8855,user_8855@test.com,2025-10-28,active
8856,user_8856,user_8856@test.com,2025-10-06,active
8857,user_8857,user_8857@test.com,2025-07-25,active
8858,user_8858,user_8858@test.com,2025-04-19,active
8859,user_8859,user_8859@test.com,2025-07-07,active
8860,user_8860,user_8860@test.com,2026-01-01,inactive
8861,user_8861,user_8861@test.com,2025-06-09,active
8862,user_8862,user_8862@test.com,2025-10-11,active
8863,user_8863,user_8863@test.com,2025-08-06,active
8864,user_8864,user_8864@test.com,2026-01-13,active
8865,user_8865,user_8865@test.com,2026-02-04,active
8866,user_8866,user_8866@test.com,2025-04-18,active
8867,user_8867,user_8867@test.com,2025-07-20,active
8868,user_8868,user_8868@test.com,2025-12-13,active
8869,user_8869,user_8869@test.com,2025-07-08,active
8870,user_8870,user_8870@test.com,2025-12-13,inactive
8871,user_8871,user_8871@test.com,2025-10-13,active
8872,user_8872,user_8872@test.com,2025-06-11,active
8873,user_8873,user_8873@test.com,2025-10-10,inactive
8874,user_8874,user_8874@test.com,2025-08-14,active
8875,user_8875,user_8875@test.com,2026-01-24,active
8876,user_8876,user_8876@test.com,2026-02-14,active
8877,user_8877,user_8877@test.com,2025-11-08,inactive
8878,user_8878,user_8878@test.com,2025-08-30,active
8879,user_8879,user_8879@test.com,2025-10-09,active
8880,user_8880,user_8880@test.com,2025-09-11,inactive
8881,user_8881,user_8881@test.com,2025-07-16,active
8882,user_8882,user_8882@test.com,2025-05-30,inactive
8883,user_8883,user_8883@test.com,2025-11-18,active
8884,user_8884,user_8884@test.com,2025-10-08,active
8885,user_8885,user_8885@test.com,2025-07-15,active
8886,user_8886,user_8886@test.com,2025-04-09,active
8887,user_8887,user_8887@test.com,2025-10-23,inactive
8888,user_8888,user_8888@test.com,2025-04-27,active
8889,user_8889,user_8889@test.com,2026-03-11,active
8890,user_8890,user_8890@test.com,2025-08-22,active
8891,user_8891,user_8891@test.com,2025-10-14,active
8892,user_8892,user_8892@test.com,2025-05-24,inactive
8893,user_8893,user_8893@test.com,2026-01-30,inactive
8894,user_8894,user_8894@test.com,2025-07-30,active
8895,user_8895,user_8895@test.com,2025-09-26,inactive
8896,user_8896,user_8896@test.com,2026-01-22,active
8897,user_8897,user_8897@test.com,2025-07-05,active
8898,user_8898,user_8898@test.com,2025-08-13,active
8899,user_8899,user_8899@test.com,2025-05-24,active
8900,user_8900,user_8900@test.com,2025-08-31,inactive
8901,user_8901,user_8901@test.com,2025-04-03,inactive
8902,user_8902,user_8902@test.com,2025-05-09,active
8903,user_8903,user_8903@test.com,2025-10-21,active
8904,user_8904,user_8904@test.com,2025-09-25,active
8905,user_8905,user_8905@test.com,2025-04-26,inactive
8906,user_8906,user_8906@test.com,2025-04-20,inactive
8907,user_8907,user_8907@test.com,2025-06-23,active
8908,user_8908,user_8908@test.com,2025-07-05,active
8909,user_8909,user_8909@test.com,2026-02-21,inactive
8910,user_8910,user_8910@test.com,2025-05-31,active
8911,user_8911,user_8911@test.com,2025-05-15,active
8912,user_8912,user_8912@test.com,2026-01-09,active
8913,user_8913,user_8913@test.com,2025-07-21,active
8914,user_8914,user_8914@test.com,2025-11-02,active
8915,user_8915,user_8915@test.com,2025-10-11,active
8916,user_8916,user_8916@test.com,2025-09-19,active
8917,user_8917,user_8917@test.com,2026-01-11,active
8918,user_8918,user_8918@test.com,2025-04-27,active
8919,user_8919,user_8919@test.com,2025-05-30,active
8920,user_8920,user_8920@test.com,2026-02-20,active
8921,user_8921,user_8921@test.com,2025-08-06,inactive
8922,user_8922,user_8922@test.com,2026-03-07,active
8923,user_8923,user_8923@test.com,2025-08-10,active
8924,user_8924,user_8924@test.com,2026-03-02,active
8925,user_8925,user_8925@test.com,2026-02-25,inactive
8926,user_8926,user_8926@test.com,2025-07-18,active
8927,user_8927,user_8927@test.com,2025-06-05,active
8928,user_8928,user_8928@test.com,2025-11-04,active
8929,user_8929,user_8929@test.com,2025-09-18,active
8930,user_8930,user_8930@test.com,2025-07-11,active
8931,user_8931,user_8931@test.com,2025-07-10,active
8932,user_8932,user_8932@test.com,2025-11-02,active
8933,user_8933,user_8933@test.com,2026-01-19,inactive
8934,user_8934,user_8934@test.com,2025-06-19,inactive
8935,user_8935,user_8935@test.com,2025-07-30,active
8936,user_8936,user_8936@test.com,2026-02-08,inactive
8937,user_8937,user_8937@test.com,2025-11-10,active
8938,user_8938,user_8938@test.com,2025-11-06,active
8939,user_8939,user_8939@test.com,2025-12-14,active
8940,user_8940,user_8940@test.com,2025-12-01,active
8941,user_8941,user_8941@test.com,2025-12-07,active
8942,user_8942,user_8942@test.com,2025-07-30,active
8943,user_8943,user_8943@test.com,2025-08-09,active
8944,user_8944,user_8944@test.com,2026-03-01,active
8945,user_8945,user_8945@test.com,2026-01-13,active
8946,user_8946,user_8946@test.com,2026-03-22,active
8947,user_8947,user_8947@test.com,2026-02-02,active
8948,user_8948,user_8948@test.com,2025-04-18,active
8949,user_8949,user_8949@test.com,2025-12-14,active
8950,user_8950,user_8950@test.com,2026-02-10,active
8951,user_8951,user_8951@test.com,2025-06-19,active
8952,user_8952,user_8952@test.com,2026-03-02,inactive
8953,user_8953,user_8953@test.com,2025-10-27,active
8954,user_8954,user_8954@test.com,2026-02-05,active
8955,user_8955,user_8955@test.com,2025-07-10,active
8956,user_8956,user_8956@test.com,2025-10-31,inactive
8957,user_8957,user_8957@test.com,2025-07-02,inactive
8958,user_8958,user_8958@test.com,2026-01-14,active
8959,user_8959,user_8959@test.com,2025-09-25,inactive
8960,user_8960,user_8960@test.com,2025-09-27,active
8961,user_8961,user_8961@test.com,2026-03-07,active
8962,user_8962,user_8962@test.com,2025-09-18,active
8963,user_8963,user_8963@test.com,2025-06-14,active
8964,user_8964,user_8964@test.com,2025-12-17,inactive
8965,user_8965,user_8965@test.com,2025-12-28,active
8966,user_8966,user_8966@test.com,2025-05-05,inactive
8967,user_8967,user_8967@test.com,2025-10-26,active
8968,user_8968,user_8968@test.com,2025-07-17,active
8969,user_8969,user_8969@test.com,2025-07-30,active
8970,user_8970,user_8970@test.com,2025-12-22,active
8971,user_8971,user_8971@test.com,2025-10-28,active
8972,user_8972,user_8972@test.com,2025-09-18,active
8973,user_8973,user_8973@test.com,2025-04-18,active
8974,user_8974,user_8974@test.com,2026-01-24,active
8975,user_8975,user_8975@test.com,2026-03-27,inactive
8976,user_8976,user_8976@test.com,2025-08-21,active
8977,user_8977,user_8977@test.com,2025-10-15,active
8978,user_8978,user_8978@test.com,2026-01-28,active
8979,user_8979,user_8979@test.com,2026-02-08,active
8980,user_8980,user_8980@test.com,2025-04-12,active
8981,user_8981,user_8981@test.com,2025-09-26,active
8982,user_8982,user_8982@test.com,2026-02-22,inactive
8983,user_8983,user_8983@test.com,2025-04-02,active
8984,user_8984,user_8984@test.com,2025-08-17,active
8985,user_8985,user_8985@test.com,2025-10-01,active
8986,user_8986,user_8986@test.com,2025-12-04,active
8987,user_8987,user_8987@test.com,2025-06-10,inactive
8988,user_8988,user_8988@test.com,2025-08-18,active
8989,user_8989,user_8989@test.com,2026-01-22,active
8990,user_8990,user_8990@test.com,2025-04-28,active
8991,user_8991,user_8991@test.com,2025-07-26,active
8992,user_8992,user_8992@test.com,2025-11-27,active
8993,user_8993,user_8993@test.com,2026-02-02,inactive
8994,user_8994,user_8994@test.com,2025-08-14,active
8995,user_8995,user_8995@test.com,2025-05-30,active
8996,user_8996,user_8996@test.com,2025-11-17,active
8997,user_8997,user_8997@test.com,2025-04-19,active
8998,user_8998,user_8998@test.com,2025-10-07,active
8999,user_8999,user_8999@test.com,2025-08-02,active
9000,user_9000,user_9000@test.com,2025-04-10,active
9001,user_9001,user_9001@test.com,2026-03-18,active
9002,user_9002,user_9002@test.com,2025-10-27,active
9003,user_9003,user_9003@test.com,2025-07-19,active
9004,user_9004,user_9004@test.com,2026-01-17,active
9005,user_9005,user_9005@test.com,2025-09-01,active
9006,user_9006,user_9006@test.com,2025-12-19,active
9007,user_9007,user_9007@test.com,2025-12-30,active
9008,user_9008,user_9008@test.com,2025-06-29,active
9009,user_9009,user_9009@test.com,2025-10-12,inactive
9010,user_9010,user_9010@test.com,2025-09-24,active
9011,user_9011,user_9011@test.com,2025-11-06,active
9012,user_9012,user_9012@test.com,2026-03-13,active
9013,user_9013,user_9013@test.com,2025-06-25,active
9014,user_9014,user_9014@test.com,2026-01-28,active
9015,user_9015,user_9015@test.com,2025-09-30,active
9016,user_9016,user_9016@test.com,2025-07-03,active
9017,user_9017,user_9017@test.com,2026-01-25,active
9018,user_9018,user_9018@test.com,2025-07-04,active
9019,user_9019,user_9019@test.com,2025-04-16,active
9020,user_9020,user_9020@test.com,2025-12-30,active
9021,user_9021,user_9021@test.com,2026-03-08,active
9022,user_9022,user_9022@test.com,2025-04-15,active
9023,user_9023,user_9023@test.com,2025-07-26,active
9024,user_9024,user_9024@test.com,2026-01-29,inactive
9025,user_9025,user_9025@test.com,2026-01-23,inactive
9026,user_9026,user_9026@test.com,2026-02-15,active
9027,user_9027,user_9027@test.com,2025-09-21,active
9028,user_9028,user_9028@test.com,2025-09-16,active
9029,user_9029,user_9029@test.com,2025-07-04,active
9030,user_9030,user_9030@test.com,2025-04-15,active
9031,user_9031,user_9031@test.com,2025-10-26,active
9032,user_9032,user_9032@test.com,2025-10-11,active
9033,user_9033,user_9033@test.com,2026-02-11,active
9034,user_9034,user_9034@test.com,2026-03-27,active
9035,user_9035,user_9035@test.com,2025-06-12,active
9036,user_9036,user_9036@test.com,2025-08-11,inactive
9037,user_9037,user_9037@test.com,2025-03-31,active
9038,user_9038,user_9038@test.com,2025-11-11,inactive
9039,user_9039,user_9039@test.com,2025-05-04,inactive
9040,user_9040,user_9040@test.com,2026-01-24,inactive
9041,user_9041,user_9041@test.com,2025-05-15,inactive
9042,user_9042,user_9042@test.com,2025-07-23,active
9043,user_9043,user_9043@test.com,2025-11-28,active
9044,user_9044,user_9044@test.com,2025-08-08,active
9045,user_9045,user_9045@test.com,2025-07-22,active
9046,user_9046,user_9046@test.com,2026-03-10,active
9047,user_9047,user_9047@test.com,2025-07-17,inactive
9048,user_9048,user_9048@test.com,2025-07-26,inactive
9049,user_9049,user_9049@test.com,2026-03-10,active
9050,user_9050,user_9050@test.com,2025-08-22,active
9051,user_9051,user_9051@test.com,2025-09-23,active
9052,user_9052,user_9052@test.com,2025-09-27,active
9053,user_9053,user_9053@test.com,2025-10-31,inactive
9054,user_9054,user_9054@test.com,2026-01-09,active
9055,user_9055,user_9055@test.com,2026-03-21,active
9056,user_9056,user_9056@test.com,2026-03-12,active
9057,user_9057,user_9057@test.com,2025-04-08,active
9058,user_9058,user_9058@test.com,2025-05-07,active
9059,user_9059,user_9059@test.com,2025-11-24,inactive
9060,user_9060,user_9060@test.com,2025-11-17,active
9061,user_9061,user_9061@test.com,2025-07-07,active
9062,user_9062,user_9062@test.com,2026-02-24,active
9063,user_9063,user_9063@test.com,2025-08-22,active
9064,user_9064,user_9064@test.com,2025-05-24,active
9065,user_9065,user_9065@test.com,2025-09-09,active
9066,user_9066,user_9066@test.com,2025-08-17,active
9067,user_9067,user_9067@test.com,2025-06-22,active
9068,user_9068,user_9068@test.com,2025-09-23,active
9069,user_9069,user_9069@test.com,2026-02-13,active
9070,user_9070,user_9070@test.com,2025-06-12,inactive
9071,user_9071,user_9071@test.com,2025-10-02,active
9072,user_9072,user_9072@test.com,2025-06-29,inactive
9073,user_9073,user_9073@test.com,2026-02-06,active
9074,user_9074,user_9074@test.com,2026-01-08,active
9075,user_9075,user_9075@test.com,2026-03-11,inactive
9076,user_9076,user_9076@test.com,2026-02-23,inactive
9077,user_9077,user_9077@test.com,2025-08-24,active
9078,user_9078,user_9078@test.com,2025-08-27,active
9079,user_9079,user_9079@test.com,2025-09-10,active
9080,user_9080,user_9080@test.com,2025-04-08,active
9081,user_9081,user_9081@test.com,2025-08-21,inactive
9082,user_9082,user_9082@test.com,2025-10-02,active
9083,user_9083,user_9083@test.com,2025-09-10,inactive
9084,user_9084,user_9084@test.com,2026-02-02,active
9085,user_9085,user_9085@test.com,2025-06-20,inactive
9086,user_9086,user_9086@test.com,2025-12-12,active
9087,user_9087,user_9087@test.com,2026-02-15,active
9088,user_9088,user_9088@test.com,2025-07-02,inactive
9089,user_9089,user_9089@test.com,2025-09-17,inactive
9090,user_9090,user_9090@test.com,2025-07-02,active
9091,user_9091,user_9091@test.com,2025-04-30,active
9092,user_9092,user_9092@test.com,2026-01-18,inactive
9093,user_9093,user_9093@test.com,2025-05-08,active
9094,user_9094,user_9094@test.com,2025-10-14,active
9095,user_9095,user_9095@test.com,2025-05-20,inactive
9096,user_9096,user_9096@test.com,2025-11-12,active
9097,user_9097,user_9097@test.com,2025-07-10,active
9098,user_9098,user_9098@test.com,2026-03-25,inactive
9099,user_9099,user_9099@test.com,2025-04-29,active
9100,user_9100,user_9100@test.com,2026-03-18,active
9101,user_9101,user_9101@test.com,2025-07-07,active
9102,user_9102,user_9102@test.com,2025-11-10,inactive
9103,user_9103,user_9103@test.com,2025-11-22,active
9104,user_9104,user_9104@test.com,2025-12-22,active
9105,user_9105,user_9105@test.com,2026-03-21,active
9106,user_9106,user_9106@test.com,2025-06-29,inactive
9107,user_9107,user_9107@test.com,2025-12-20,active
9108,user_9108,user_9108@test.com,2026-01-09,active
9109,user_9109,user_9109@test.com,2025-05-18,active
9110,user_9110,user_9110@test.com,2025-10-20,active
9111,user_9111,user_9111@test.com,2025-10-24,inactive
9112,user_9112,user_9112@test.com,2025-11-10,active
9113,user_9113,user_9113@test.com,2025-04-04,inactive
9114,user_9114,user_9114@test.com,2025-04-28,active
9115,user_9115,user_9115@test.com,2025-05-22,inactive
9116,user_9116,user_9116@test.com,2025-12-26,active
9117,user_9117,user_9117@test.com,2025-06-05,inactive
9118,user_9118,user_9118@test.com,2025-05-15,inactive
9119,user_9119,user_9119@test.com,2025-06-14,active
9120,user_9120,user_9120@test.com,2025-05-02,inactive
9121,user_9121,user_9121@test.com,2025-07-11,active
9122,user_9122,user_9122@test.com,2025-12-18,active
9123,user_9123,user_9123@test.com,2025-09-03,inactive
9124,user_9124,user_9124@test.com,2026-02-12,inactive
9125,user_9125,user_9125@test.com,2025-09-11,inactive
9126,user_9126,user_9126@test.com,2026-01-14,inactive
9127,user_9127,user_9127@test.com,2025-06-16,active
9128,user_9128,user_9128@test.com,2025-08-06,active
9129,user_9129,user_9129@test.com,2026-02-09,inactive
9130,user_9130,user_9130@test.com,2026-03-28,inactive
9131,user_9131,user_9131@test.com,2026-02-05,active
9132,user_9132,user_9132@test.com,2025-10-20,active
9133,user_9133,user_9133@test.com,2025-09-02,inactive
9134,user_9134,user_9134@test.com,2025-11-13,active
9135,user_9135,user_9135@test.com,2025-09-11,active
9136,user_9136,user_9136@test.com,2025-05-17,active
9137,user_9137,user_9137@test.com,2025-12-20,active
9138,user_9138,user_9138@test.com,2025-05-24,active
9139,user_9139,user_9139@test.com,2025-05-08,active
9140,user_9140,user_9140@test.com,2025-06-21,active
9141,user_9141,user_9141@test.com,2026-01-29,inactive
9142,user_9142,user_9142@test.com,2025-05-01,active
9143,user_9143,user_9143@test.com,2026-03-24,inactive
9144,user_9144,user_9144@test.com,2025-07-27,active
9145,user_9145,user_9145@test.com,2025-09-28,active
9146,user_9146,user_9146@test.com,2026-03-17,active
9147,user_9147,user_9147@test.com,2025-07-19,inactive
9148,user_9148,user_9148@test.com,2025-12-02,active
9149,user_9149,user_9149@test.com,2025-04-16,active
9150,user_9150,user_9150@test.com,2025-10-12,inactive
9151,user_9151,user_9151@test.com,2025-04-05,inactive
9152,user_9152,user_9152@test.com,2025-07-09,active
9153,user_9153,user_9153@test.com,2025-05-26,active
9154,user_9154,user_9154@test.com,2025-12-30,active
9155,user_9155,user_9155@test.com,2026-02-15,active
9156,user_9156,user_9156@test.com,2025-09-24,active
9157,user_9157,user_9157@test.com,2025-03-31,active
9158,user_9158,user_9158@test.com,2025-04-07,inactive
9159,user_9159,user_9159@test.com,2025-12-09,active
9160,user_9160,user_9160@test.com,2025-04-12,inactive
9161,user_9161,user_9161@test.com,2026-03-16,active
9162,user_9162,user_9162@test.com,2025-08-01,active
9163,user_9163,user_9163@test.com,2025-05-30,active
9164,user_9164,user_9164@test.com,2025-10-30,active
9165,user_9165,user_9165@test.com,2025-12-07,inactive
9166,user_9166,user_9166@test.com,2025-06-01,active
9167,user_9167,user_9167@test.com,2026-01-22,active
9168,user_9168,user_9168@test.com,2025-09-13,active
9169,user_9169,user_9169@test.com,2025-11-27,active
9170,user_9170,user_9170@test.com,2026-02-25,active
9171,user_9171,user_9171@test.com,2025-07-10,active
9172,user_9172,user_9172@test.com,2025-05-01,inactive
9173,user_9173,user_9173@test.com,2025-06-04,active
9174,user_9174,user_9174@test.com,2026-01-29,active
9175,user_9175,user_9175@test.com,2025-09-30,inactive
9176,user_9176,user_9176@test.com,2025-12-11,inactive
9177,user_9177,user_9177@test.com,2025-09-16,inactive
9178,user_9178,user_9178@test.com,2025-10-13,active
9179,user_9179,user_9179@test.com,2025-06-15,inactive
9180,user_9180,user_9180@test.com,2025-09-15,active
9181,user_9181,user_9181@test.com,2025-04-23,active
9182,user_9182,user_9182@test.com,2025-07-13,active
9183,user_9183,user_9183@test.com,2026-03-29,active
9184,user_9184,user_9184@test.com,2026-01-05,active
9185,user_9185,user_9185@test.com,2025-06-20,active
9186,user_9186,user_9186@test.com,2025-11-13,active
9187,user_9187,user_9187@test.com,2025-05-12,active
9188,user_9188,user_9188@test.com,2025-08-07,active
9189,user_9189,user_9189@test.com,2025-04-10,active
9190,user_9190,user_9190@test.com,2025-05-22,active
9191,user_9191,user_9191@test.com,2025-09-23,active
9192,user_9192,user_9192@test.com,2025-09-24,inactive
9193,user_9193,user_9193@test.com,2026-03-09,inactive
9194,user_9194,user_9194@test.com,2025-12-02,active
9195,user_9195,user_9195@test.com,2026-01-10,active
9196,user_9196,user_9196@test.com,2025-05-15,active
9197,user_9197,user_9197@test.com,2026-01-16,active
9198,user_9198,user_9198@test.com,2025-11-03,active
9199,user_9199,user_9199@test.com,2025-04-09,active
9200,user_9200,user_9200@test.com,2025-05-02,active
9201,user_9201,user_9201@test.com,2025-09-23,inactive
9202,user_9202,user_9202@test.com,2025-06-18,inactive
9203,user_9203,user_9203@test.com,2025-09-10,inactive
9204,user_9204,user_9204@test.com,2025-12-31,active
9205,user_9205,user_9205@test.com,2026-03-14,active
9206,user_9206,user_9206@test.com,2025-10-22,active
9207,user_9207,user_9207@test.com,2025-04-24,active
9208,user_9208,user_9208@test.com,2025-08-17,active
9209,user_9209,user_9209@test.com,2025-11-23,active
9210,user_9210,user_9210@test.com,2026-01-31,active
9211,user_9211,user_9211@test.com,2026-02-19,active
9212,user_9212,user_9212@test.com,2026-02-19,active
9213,user_9213,user_9213@test.com,2026-02-05,active
9214,user_9214,user_9214@test.com,2025-11-12,active
9215,user_9215,user_9215@test.com,2025-12-22,active
9216,user_9216,user_9216@test.com,2026-03-14,active
9217,user_9217,user_9217@test.com,2025-09-03,inactive
9218,user_9218,user_9218@test.com,2026-02-25,inactive
9219,user_9219,user_9219@test.com,2026-01-01,active
9220,user_9220,user_9220@test.com,2025-05-30,inactive
9221,user_9221,user_9221@test.com,2026-01-04,active
9222,user_9222,user_9222@test.com,2025-10-07,active
9223,user_9223,user_9223@test.com,2025-12-05,inactive
9224,user_9224,user_9224@test.com,2025-11-05,inactive
9225,user_9225,user_9225@test.com,2026-02-18,active
9226,user_9226,user_9226@test.com,2025-05-28,active
9227,user_9227,user_9227@test.com,2025-03-31,active
9228,user_9228,user_9228@test.com,2025-11-17,active
9229,user_9229,user_9229@test.com,2025-05-24,active
9230,user_9230,user_9230@test.com,2025-05-01,active
9231,user_9231,user_9231@test.com,2025-05-30,active
9232,user_9232,user_9232@test.com,2025-12-16,inactive
9233,user_9233,user_9233@test.com,2025-08-10,active
9234,user_9234,user_9234@test.com,2025-12-04,active
9235,user_9235,user_9235@test.com,2026-01-03,active
9236,user_9236,user_9236@test.com,2026-02-26,inactive
9237,user_9237,user_9237@test.com,2025-09-29,active
9238,user_9238,user_9238@test.com,2026-01-19,active
9239,user_9239,user_9239@test.com,2025-09-01,active
9240,user_9240,user_9240@test.com,2025-06-18,active
9241,user_9241,user_9241@test.com,2026-01-09,active
9242,user_9242,user_9242@test.com,2025-06-16,active
9243,user_9243,user_9243@test.com,2025-12-16,active
9244,user_9244,user_9244@test.com,2025-05-02,active
9245,user_9245,user_9245@test.com,2025-06-24,active
9246,user_9246,user_9246@test.com,2025-07-06,active
9247,user_9247,user_9247@test.com,2026-02-01,active
9248,user_9248,user_9248@test.com,2026-02-14,inactive
9249,user_9249,user_9249@test.com,2025-12-03,active
9250,user_9250,user_9250@test.com,2025-08-07,active
9251,user_9251,user_9251@test.com,2026-03-15,active
9252,user_9252,user_9252@test.com,2025-12-18,inactive
9253,user_9253,user_9253@test.com,2026-03-27,active
9254,user_9254,user_9254@test.com,2025-11-25,active
9255,user_9255,user_9255@test.com,2025-04-14,active
9256,user_9256,user_9256@test.com,2026-02-27,inactive
9257,user_9257,user_9257@test.com,2025-09-19,active
9258,user_9258,user_9258@test.com,2025-08-02,active
9259,user_9259,user_9259@test.com,2025-08-24,inactive
9260,user_9260,user_9260@test.com,2025-09-10,active
9261,user_9261,user_9261@test.com,2025-05-13,active
9262,user_9262,user_9262@test.com,2025-05-08,inactive
9263,user_9263,user_9263@test.com,2026-02-16,inactive
9264,user_9264,user_9264@test.com,2025-08-04,active
9265,user_9265,user_9265@test.com,2025-06-03,inactive
9266,user_9266,user_9266@test.com,2025-07-16,active
9267,user_9267,user_9267@test.com,2026-01-06,active
9268,user_9268,user_9268@test.com,2025-06-15,inactive
9269,user_9269,user_9269@test.com,2025-06-19,active
9270,user_9270,user_9270@test.com,2025-12-19,active
9271,user_9271,user_9271@test.com,2025-06-06,active
9272,user_9272,user_9272@test.com,2025-07-24,active
9273,user_9273,user_9273@test.com,2025-05-23,inactive
9274,user_9274,user_9274@test.com,2025-05-09,active
9275,user_9275,user_9275@test.com,2026-03-27,active
9276,user_9276,user_9276@test.com,2025-12-08,active
9277,user_9277,user_9277@test.com,2025-10-28,inactive
9278,user_9278,user_9278@test.com,2025-06-01,active
9279,user_9279,user_9279@test.com,2025-04-04,active
9280,user_9280,user_9280@test.com,2026-02-25,inactive
9281,user_9281,user_9281@test.com,2025-10-29,inactive
9282,user_9282,user_9282@test.com,2025-08-02,active
9283,user_9283,user_9283@test.com,2026-03-08,active
9284,user_9284,user_9284@test.com,2026-01-09,active
9285,user_9285,user_9285@test.com,2026-01-18,active
9286,user_9286,user_9286@test.com,2025-07-19,active
9287,user_9287,user_9287@test.com,2025-09-15,active
9288,user_9288,user_9288@test.com,2025-04-27,active
9289,user_9289,user_9289@test.com,2025-07-23,active
9290,user_9290,user_9290@test.com,2025-04-02,active
9291,user_9291,user_9291@test.com,2025-08-08,active
9292,user_9292,user_9292@test.com,2025-12-11,active
9293,user_9293,user_9293@test.com,2026-01-03,active
9294,user_9294,user_9294@test.com,2025-05-15,active
9295,user_9295,user_9295@test.com,2025-05-28,inactive
9296,user_9296,user_9296@test.com,2025-11-18,active
9297,user_9297,user_9297@test.com,2025-07-14,active
9298,user_9298,user_9298@test.com,2026-03-03,active
9299,user_9299,user_9299@test.com,2025-09-22,active
9300,user_9300,user_9300@test.com,2025-04-30,active
9301,user_9301,user_9301@test.com,2025-06-08,active
9302,user_9302,user_9302@test.com,2025-07-30,inactive
9303,user_9303,user_9303@test.com,2025-12-13,inactive
9304,user_9304,user_9304@test.com,2025-09-25,active
9305,user_9305,user_9305@test.com,2026-02-13,active
9306,user_9306,user_9306@test.com,2025-04-18,active
9307,user_9307,user_9307@test.com,2025-07-06,active
9308,user_9308,user_9308@test.com,2025-09-09,active
9309,user_9309,user_9309@test.com,2025-04-10,active
9310,user_9310,user_9310@test.com,2025-12-05,active
9311,user_9311,user_9311@test.com,2026-01-20,active
9312,user_9312,user_9312@test.com,2025-05-27,active
9313,user_9313,user_9313@test.com,2025-10-04,active
9314,user_9314,user_9314@test.com,2025-08-17,active
9315,user_9315,user_9315@test.com,2025-07-14,active
9316,user_9316,user_9316@test.com,2025-07-09,inactive
9317,user_9317,user_9317@test.com,2025-09-26,active
9318,user_9318,user_9318@test.com,2025-08-30,active
9319,user_9319,user_9319@test.com,2025-04-19,active
9320,user_9320,user_9320@test.com,2026-03-05,active
9321,user_9321,user_9321@test.com,2025-12-27,active
9322,user_9322,user_9322@test.com,2025-04-26,active
9323,user_9323,user_9323@test.com,2025-04-16,active
9324,user_9324,user_9324@test.com,2025-05-19,active
9325,user_9325,user_9325@test.com,2025-12-16,inactive
9326,user_9326,user_9326@test.com,2025-08-29,inactive
9327,user_9327,user_9327@test.com,2025-10-14,active
9328,user_9328,user_9328@test.com,2025-07-30,active
9329,user_9329,user_9329@test.com,2025-12-08,active
9330,user_9330,user_9330@test.com,2025-08-11,active
9331,user_9331,user_9331@test.com,2025-12-16,active
9332,user_9332,user_9332@test.com,2026-01-14,active
9333,user_9333,user_9333@test.com,2025-10-08,active
9334,user_9334,user_9334@test.com,2025-11-01,inactive
9335,user_9335,user_9335@test.com,2026-02-05,active
9336,user_9336,user_9336@test.com,2025-07-07,active
9337,user_9337,user_9337@test.com,2025-07-26,active
9338,user_9338,user_9338@test.com,2025-12-24,active
9339,user_9339,user_9339@test.com,2025-07-16,active
9340,user_9340,user_9340@test.com,2025-06-01,active
9341,user_9341,user_9341@test.com,2025-07-29,active
9342,user_9342,user_9342@test.com,2025-09-07,active
9343,user_9343,user_9343@test.com,2026-03-09,active
9344,user_9344,user_9344@test.com,2025-07-08,active
9345,user_9345,user_9345@test.com,2026-02-26,active
9346,user_9346,user_9346@test.com,2025-07-04,active
9347,user_9347,user_9347@test.com,2025-12-10,active
9348,user_9348,user_9348@test.com,2026-01-04,active
9349,user_9349,user_9349@test.com,2026-03-23,inactive
9350,user_9350,user_9350@test.com,2025-04-02,active
9351,user_9351,user_9351@test.com,2026-01-26,active
9352,user_9352,user_9352@test.com,2025-05-16,active
9353,user_9353,user_9353@test.com,2025-11-19,inactive
9354,user_9354,user_9354@test.com,2025-08-20,inactive
9355,user_9355,user_9355@test.com,2025-07-02,active
9356,user_9356,user_9356@test.com,2025-07-08,active
9357,user_9357,user_9357@test.com,2025-04-19,active
9358,user_9358,user_9358@test.com,2026-01-24,active
9359,user_9359,user_9359@test.com,2025-05-14,active
9360,user_9360,user_9360@test.com,2025-07-27,active
9361,user_9361,user_9361@test.com,2025-09-20,active
9362,user_9362,user_9362@test.com,2025-10-07,active
9363,user_9363,user_9363@test.com,2025-07-18,active
9364,user_9364,user_9364@test.com,2025-06-06,active
9365,user_9365,user_9365@test.com,2025-04-09,active
9366,user_9366,user_9366@test.com,2025-04-22,inactive
9367,user_9367,user_9367@test.com,2025-05-01,active
9368,user_9368,user_9368@test.com,2026-03-27,active
9369,user_9369,user_9369@test.com,2025-11-06,active
9370,user_9370,user_9370@test.com,2025-06-29,active
9371,user_9371,user_9371@test.com,2025-10-07,active
9372,user_9372,user_9372@test.com,2026-01-07,active
9373,user_9373,user_9373@test.com,2025-12-04,active
9374,user_9374,user_9374@test.com,2025-04-14,active
9375,user_9375,user_9375@test.com,2025-07-13,active
9376,user_9376,user_9376@test.com,2025-12-06,inactive
9377,user_9377,user_9377@test.com,2025-04-27,active
9378,user_9378,user_9378@test.com,2025-06-24,active
9379,user_9379,user_9379@test.com,2025-11-18,active
9380,user_9380,user_9380@test.com,2025-10-27,active
9381,user_9381,user_9381@test.com,2025-07-17,active
9382,user_9382,user_9382@test.com,2026-03-04,active
9383,user_9383,user_9383@test.com,2026-02-21,active
9384,user_9384,user_9384@test.com,2025-06-22,active
9385,user_9385,user_9385@test.com,2025-12-25,active
9386,user_9386,user_9386@test.com,2025-09-25,active
9387,user_9387,user_9387@test.com,2025-04-16,active
9388,user_9388,user_9388@test.com,2025-04-07,inactive
9389,user_9389,user_9389@test.com,2026-03-02,active
9390,user_9390,user_9390@test.com,2025-12-10,inactive
9391,user_9391,user_9391@test.com,2026-02-28,active
9392,user_9392,user_9392@test.com,2026-03-20,active
9393,user_9393,user_9393@test.com,2025-07-17,active
9394,user_9394,user_9394@test.com,2025-10-31,active
9395,user_9395,user_9395@test.com,2025-11-20,active
9396,user_9396,user_9396@test.com,2025-04-15,active
9397,user_9397,user_9397@test.com,2025-06-03,active
9398,user_9398,user_9398@test.com,2026-03-04,active
9399,user_9399,user_9399@test.com,2025-12-20,active
9400,user_9400,user_9400@test.com,2025-10-30,active
9401,user_9401,user_9401@test.com,2026-02-16,active
9402,user_9402,user_9402@test.com,2025-05-18,active
9403,user_9403,user_9403@test.com,2026-02-22,active
9404,user_9404,user_9404@test.com,2026-02-19,active
9405,user_9405,user_9405@test.com,2025-11-27,active
9406,user_9406,user_9406@test.com,2025-04-15,active
9407,user_9407,user_9407@test.com,2025-10-07,active
9408,user_9408,user_9408@test.com,2025-09-04,inactive
9409,user_9409,user_9409@test.com,2025-04-08,active
9410,user_9410,user_9410@test.com,2025-08-18,active
9411,user_9411,user_9411@test.com,2026-01-21,active
9412,user_9412,user_9412@test.com,2025-07-03,inactive
9413,user_9413,user_9413@test.com,2025-05-01,inactive
9414,user_9414,user_9414@test.com,2025-12-07,active
9415,user_9415,user_9415@test.com,2025-10-12,active
9416,user_9416,user_9416@test.com,2025-12-22,active
9417,user_9417,user_9417@test.com,2026-03-04,active
9418,user_9418,user_9418@test.com,2025-04-12,active
9419,user_9419,user_9419@test.com,2026-03-07,active
9420,user_9420,user_9420@test.com,2025-05-27,active
9421,user_9421,user_9421@test.com,2025-10-25,active
9422,user_9422,user_9422@test.com,2026-03-08,inactive
9423,user_9423,user_9423@test.com,2026-03-12,active
9424,user_9424,user_9424@test.com,2025-05-13,active
9425,user_9425,user_9425@test.com,2025-09-08,active
9426,user_9426,user_9426@test.com,2026-02-07,active
9427,user_9427,user_9427@test.com,2025-10-26,active
9428,user_9428,user_9428@test.com,2025-04-14,active
9429,user_9429,user_9429@test.com,2026-02-26,active
9430,user_9430,user_9430@test.com,2025-06-09,active
9431,user_9431,user_9431@test.com,2025-08-08,active
9432,user_9432,user_9432@test.com,2025-06-30,active
9433,user_9433,user_9433@test.com,2025-09-10,active
9434,user_9434,user_9434@test.com,2025-07-05,inactive
9435,user_9435,user_9435@test.com,2026-03-06,active
9436,user_9436,user_9436@test.com,2026-02-21,active
9437,user_9437,user_9437@test.com,2025-11-28,active
9438,user_9438,user_9438@test.com,2026-03-25,active
9439,user_9439,user_9439@test.com,2026-03-17,active
9440,user_9440,user_9440@test.com,2025-05-29,inactive
9441,user_9441,user_9441@test.com,2025-11-09,active
9442,user_9442,user_9442@test.com,2025-10-29,active
9443,user_9443,user_9443@test.com,2026-02-06,active
9444,user_9444,user_9444@test.com,2025-06-14,active
9445,user_9445,user_9445@test.com,2025-08-26,inactive
9446,user_9446,user_9446@test.com,2025-08-03,active
9447,user_9447,user_9447@test.com,2025-04-03,active
9448,user_9448,user_9448@test.com,2026-01-08,active
9449,user_9449,user_9449@test.com,2025-08-13,inactive
9450,user_9450,user_9450@test.com,2026-03-01,inactive
9451,user_9451,user_9451@test.com,2025-06-03,active
9452,user_9452,user_9452@test.com,2025-11-04,inactive
9453,user_9453,user_9453@test.com,2025-11-21,inactive
9454,user_9454,user_9454@test.com,2025-06-30,active
9455,user_9455,user_9455@test.com,2026-01-01,active
9456,user_9456,user_9456@test.com,2025-08-20,active
9457,user_9457,user_9457@test.com,2025-11-19,inactive
9458,user_9458,user_9458@test.com,2026-03-07,inactive
9459,user_9459,user_9459@test.com,2025-09-17,active
9460,user_9460,user_9460@test.com,2026-02-19,active
9461,user_9461,user_9461@test.com,2025-10-02,inactive
9462,user_9462,user_9462@test.com,2025-07-30,active
9463,user_9463,user_9463@test.com,2026-03-25,active
9464,user_9464,user_9464@test.com,2026-03-27,active
9465,user_9465,user_9465@test.com,2025-12-24,active
9466,user_9466,user_9466@test.com,2025-08-15,active
9467,user_9467,user_9467@test.com,2025-10-24,active
9468,user_9468,user_9468@test.com,2025-04-07,active
9469,user_9469,user_9469@test.com,2025-04-16,active
9470,user_9470,user_9470@test.com,2026-03-15,active
9471,user_9471,user_9471@test.com,2026-01-22,active
9472,user_9472,user_9472@test.com,2025-04-23,active
9473,user_9473,user_9473@test.com,2026-02-20,active
9474,user_9474,user_9474@test.com,2025-11-09,active
9475,user_9475,user_9475@test.com,2026-03-27,active
9476,user_9476,user_9476@test.com,2026-02-06,active
9477,user_9477,user_9477@test.com,2025-07-06,inactive
9478,user_9478,user_9478@test.com,2025-07-21,active
9479,user_9479,user_9479@test.com,2026-02-05,inactive
9480,user_9480,user_9480@test.com,2025-10-15,active
9481,user_9481,user_9481@test.com,2025-11-10,active
9482,user_9482,user_9482@test.com,2026-01-27,active
9483,user_9483,user_9483@test.com,2025-09-21,inactive
9484,user_9484,user_9484@test.com,2026-01-11,inactive
9485,user_9485,user_9485@test.com,2025-05-11,active
9486,user_9486,user_9486@test.com,2026-01-07,inactive
9487,user_9487,user_9487@test.com,2025-07-23,active
9488,user_9488,user_9488@test.com,2025-09-30,active
9489,user_9489,user_9489@test.com,2026-02-01,active
9490,user_9490,user_9490@test.com,2025-05-31,active
9491,user_9491,user_9491@test.com,2025-05-21,inactive
9492,user_9492,user_9492@test.com,2025-10-09,inactive
9493,user_9493,user_9493@test.com,2025-05-07,active
9494,user_9494,user_9494@test.com,2026-03-23,active
9495,user_9495,user_9495@test.com,2025-09-21,active
9496,user_9496,user_9496@test.com,2025-04-16,active
9497,user_9497,user_9497@test.com,2025-09-21,active
9498,user_9498,user_9498@test.com,2025-04-03,active
9499,user_9499,user_9499@test.com,2026-02-27,active
9500,user_9500,user_9500@test.com,2025-10-22,active
9501,user_9501,user_9501@test.com,2025-06-15,active
9502,user_9502,user_9502@test.com,2025-12-21,active
9503,user_9503,user_9503@test.com,2025-09-03,inactive
9504,user_9504,user_9504@test.com,2026-01-09,active
9505,user_9505,user_9505@test.com,2025-06-30,active
9506,user_9506,user_9506@test.com,2025-05-01,active
9507,user_9507,user_9507@test.com,2025-06-03,inactive
9508,user_9508,user_9508@test.com,2025-06-01,active
9509,user_9509,user_9509@test.com,2026-02-26,active
9510,user_9510,user_9510@test.com,2025-10-20,active
9511,user_9511,user_9511@test.com,2026-03-29,active
9512,user_9512,user_9512@test.com,2025-06-13,active
9513,user_9513,user_9513@test.com,2025-07-19,inactive
9514,user_9514,user_9514@test.com,2025-05-04,active
9515,user_9515,user_9515@test.com,2025-04-11,active
9516,user_9516,user_9516@test.com,2025-12-08,active
9517,user_9517,user_9517@test.com,2025-11-04,active
9518,user_9518,user_9518@test.com,2025-10-30,active
9519,user_9519,user_9519@test.com,2025-08-05,active
9520,user_9520,user_9520@test.com,2026-03-29,active
9521,user_9521,user_9521@test.com,2025-10-21,active
9522,user_9522,user_9522@test.com,2026-02-16,active
9523,user_9523,user_9523@test.com,2025-05-16,inactive
9524,user_9524,user_9524@test.com,2025-07-30,active
9525,user_9525,user_9525@test.com,2025-06-22,active
9526,user_9526,user_9526@test.com,2025-12-06,active
9527,user_9527,user_9527@test.com,2025-05-28,inactive
9528,user_9528,user_9528@test.com,2026-03-19,active
9529,user_9529,user_9529@test.com,2025-12-15,inactive
9530,user_9530,user_9530@test.com,2025-08-20,active
9531,user_9531,user_9531@test.com,2025-04-13,inactive
9532,user_9532,user_9532@test.com,2026-03-13,inactive
9533,user_9533,user_9533@test.com,2025-07-22,active
9534,user_9534,user_9534@test.com,2025-06-02,active
9535,user_9535,user_9535@test.com,2026-02-13,active
9536,user_9536,user_9536@test.com,2025-12-16,active
9537,user_9537,user_9537@test.com,2025-12-29,active
9538,user_9538,user_9538@test.com,2026-02-05,active
9539,user_9539,user_9539@test.com,2025-12-11,active
9540,user_9540,user_9540@test.com,2025-06-30,inactive
9541,user_9541,user_9541@test.com,2026-03-24,inactive
9542,user_9542,user_9542@test.com,2026-01-11,active
9543,user_9543,user_9543@test.com,2025-11-16,inactive
9544,user_9544,user_9544@test.com,2025-04-17,inactive
9545,user_9545,user_9545@test.com,2025-08-17,active
9546,user_9546,user_9546@test.com,2025-09-19,active
9547,user_9547,user_9547@test.com,2025-05-19,active
9548,user_9548,user_9548@test.com,2026-03-04,active
9549,user_9549,user_9549@test.com,2025-08-25,active
9550,user_9550,user_9550@test.com,2025-12-12,active
9551,user_9551,user_9551@test.com,2025-06-26,active
9552,user_9552,user_9552@test.com,2025-07-25,active
9553,user_9553,user_9553@test.com,2025-06-05,active
9554,user_9554,user_9554@test.com,2025-09-24,active
9555,user_9555,user_9555@test.com,2025-04-26,active
9556,user_9556,user_9556@test.com,2025-07-06,active
9557,user_9557,user_9557@test.com,2025-10-11,active
9558,user_9558,user_9558@test.com,2025-06-24,inactive
9559,user_9559,user_9559@test.com,2025-06-17,active
9560,user_9560,user_9560@test.com,2025-12-09,active
9561,user_9561,user_9561@test.com,2025-09-24,active
9562,user_9562,user_9562@test.com,2025-08-30,inactive
9563,user_9563,user_9563@test.com,2025-05-03,active
9564,user_9564,user_9564@test.com,2025-12-05,active
9565,user_9565,user_9565@test.com,2025-12-23,active
9566,user_9566,user_9566@test.com,2026-03-22,inactive
9567,user_9567,user_9567@test.com,2026-03-23,active
9568,user_9568,user_9568@test.com,2025-11-05,active
9569,user_9569,user_9569@test.com,2025-04-14,inactive
9570,user_9570,user_9570@test.com,2026-03-18,inactive
9571,user_9571,user_9571@test.com,2025-05-18,active
9572,user_9572,user_9572@test.com,2026-03-19,inactive
9573,user_9573,user_9573@test.com,2025-04-05,active
9574,user_9574,user_9574@test.com,2026-03-29,active
9575,user_9575,user_9575@test.com,2026-01-09,active
9576,user_9576,user_9576@test.com,2025-10-01,inactive
9577,user_9577,user_9577@test.com,2025-12-24,active
9578,user_9578,user_9578@test.com,2025-11-27,active
9579,user_9579,user_9579@test.com,2025-03-31,active
9580,user_9580,user_9580@test.com,2025-06-09,inactive
9581,user_9581,user_9581@test.com,2025-09-21,active
9582,user_9582,user_9582@test.com,2026-03-12,active
9583,user_9583,user_9583@test.com,2025-09-26,active
9584,user_9584,user_9584@test.com,2026-01-15,inactive
9585,user_9585,user_9585@test.com,2026-03-04,active
9586,user_9586,user_9586@test.com,2025-08-26,active
9587,user_9587,user_9587@test.com,2025-12-15,active
9588,user_9588,user_9588@test.com,2025-04-08,active
9589,user_9589,user_9589@test.com,2025-07-10,active
9590,user_9590,user_9590@test.com,2026-02-11,inactive
9591,user_9591,user_9591@test.com,2025-08-10,active
9592,user_9592,user_9592@test.com,2025-11-04,active
9593,user_9593,user_9593@test.com,2026-01-12,active
9594,user_9594,user_9594@test.com,2025-11-05,active
9595,user_9595,user_9595@test.com,2025-05-29,inactive
9596,user_9596,user_9596@test.com,2025-09-21,active
9597,user_9597,user_9597@test.com,2025-04-20,active
9598,user_9598,user_9598@test.com,2025-06-22,inactive
9599,user_9599,user_9599@test.com,2025-05-06,active
9600,user_9600,user_9600@test.com,2026-03-12,active
9601,user_9601,user_9601@test.com,2025-06-18,active
9602,user_9602,user_9602@test.com,2025-05-30,active
9603,user_9603,user_9603@test.com,2025-07-08,active
9604,user_9604,user_9604@test.com,2026-01-09,active
9605,user_9605,user_9605@test.com,2025-09-05,active
9606,user_9606,user_9606@test.com,2026-02-07,inactive
9607,user_9607,user_9607@test.com,2025-12-14,active
9608,user_9608,user_9608@test.com,2025-06-18,active
9609,user_9609,user_9609@test.com,2026-03-10,inactive
9610,user_9610,user_9610@test.com,2026-03-10,active
9611,user_9611,user_9611@test.com,2026-03-05,inactive
9612,user_9612,user_9612@test.com,2025-04-21,active
9613,user_9613,user_9613@test.com,2025-12-20,active
9614,user_9614,user_9614@test.com,2026-01-18,active
9615,user_9615,user_9615@test.com,2025-09-09,inactive
9616,user_9616,user_9616@test.com,2025-11-27,active
9617,user_9617,user_9617@test.com,2025-06-29,active
9618,user_9618,user_9618@test.com,2025-08-08,active
9619,user_9619,user_9619@test.com,2025-12-25,active
9620,user_9620,user_9620@test.com,2025-11-08,active
9621,user_9621,user_9621@test.com,2025-09-03,active
9622,user_9622,user_9622@test.com,2025-06-26,active
9623,user_9623,user_9623@test.com,2026-02-24,active
9624,user_9624,user_9624@test.com,2025-10-17,active
9625,user_9625,user_9625@test.com,2025-07-20,active
9626,user_9626,user_9626@test.com,2025-11-11,active
9627,user_9627,user_9627@test.com,2026-03-09,inactive
9628,user_9628,user_9628@test.com,2025-04-22,active
9629,user_9629,user_9629@test.com,2025-07-15,active
9630,user_9630,user_9630@test.com,2025-07-10,active
9631,user_9631,user_9631@test.com,2025-06-28,active
9632,user_9632,user_9632@test.com,2025-04-15,active
9633,user_9633,user_9633@test.com,2025-09-25,inactive
9634,user_9634,user_9634@test.com,2025-09-16,active
9635,user_9635,user_9635@test.com,2025-07-13,inactive
9636,user_9636,user_9636@test.com,2026-01-30,active
9637,user_9637,user_9637@test.com,2025-06-22,active
9638,user_9638,user_9638@test.com,2026-01-15,active
9639,user_9639,user_9639@test.com,2026-02-26,inactive
9640,user_9640,user_9640@test.com,2025-06-28,inactive
9641,user_9641,user_9641@test.com,2025-04-23,active
9642,user_9642,user_9642@test.com,2025-08-30,active
9643,user_9643,user_9643@test.com,2026-03-05,inactive
9644,user_9644,user_9644@test.com,2025-10-10,active
9645,user_9645,user_9645@test.com,2025-04-20,inactive
9646,user_9646,user_9646@test.com,2025-10-02,active
9647,user_9647,user_9647@test.com,2025-09-16,active
9648,user_9648,user_9648@test.com,2025-12-08,active
9649,user_9649,user_9649@test.com,2025-08-12,active
9650,user_9650,user_9650@test.com,2025-04-02,inactive
9651,user_9651,user_9651@test.com,2025-07-09,active
9652,user_9652,user_9652@test.com,2026-02-17,active
9653,user_9653,user_9653@test.com,2025-08-09,active
9654,user_9654,user_9654@test.com,2025-12-23,active
9655,user_9655,user_9655@test.com,2025-12-02,inactive
9656,user_9656,user_9656@test.com,2025-04-10,active
9657,user_9657,user_9657@test.com,2025-06-22,inactive
9658,user_9658,user_9658@test.com,2025-09-23,inactive
9659,user_9659,user_9659@test.com,2025-08-08,active
9660,user_9660,user_9660@test.com,2025-08-10,active
9661,user_9661,user_9661@test.com,2025-08-24,active
9662,user_9662,user_9662@test.com,2025-04-10,inactive
9663,user_9663,user_9663@test.com,2025-06-28,inactive
9664,user_9664,user_9664@test.com,2025-06-21,active
9665,user_9665,user_9665@test.com,2025-11-11,active
9666,user_9666,user_9666@test.com,2025-04-21,inactive
9667,user_9667,user_9667@test.com,2025-10-01,active
9668,user_9668,user_9668@test.com,2025-09-06,active
9669,user_9669,user_9669@test.com,2025-05-07,inactive
9670,user_9670,user_9670@test.com,2025-12-02,active
9671,user_9671,user_9671@test.com,2026-01-17,active
9672,user_9672,user_9672@test.com,2025-11-25,active
9673,user_9673,user_9673@test.com,2025-04-09,active
9674,user_9674,user_9674@test.com,2025-06-24,active
9675,user_9675,user_9675@test.com,2025-11-13,active
9676,user_9676,user_9676@test.com,2025-12-10,inactive
9677,user_9677,user_9677@test.com,2025-11-30,active
9678,user_9678,user_9678@test.com,2025-08-31,active
9679,user_9679,user_9679@test.com,2025-08-29,active
9680,user_9680,user_9680@test.com,2025-07-06,active
9681,user_9681,user_9681@test.com,2025-08-28,inactive
9682,user_9682,user_9682@test.com,2025-08-03,active
9683,user_9683,user_9683@test.com,2026-03-09,inactive
9684,user_9684,user_9684@test.com,2025-11-27,active
9685,user_9685,user_9685@test.com,2026-03-11,active
9686,user_9686,user_9686@test.com,2025-07-19,active
9687,user_9687,user_9687@test.com,2025-04-29,inactive
9688,user_9688,user_9688@test.com,2025-09-17,active
9689,user_9689,user_9689@test.com,2025-05-17,active
9690,user_9690,user_9690@test.com,2025-10-18,inactive
9691,user_9691,user_9691@test.com,2025-07-04,active
9692,user_9692,user_9692@test.com,2025-09-06,active
9693,user_9693,user_9693@test.com,2025-12-04,active
9694,user_9694,user_9694@test.com,2025-05-02,active
9695,user_9695,user_9695@test.com,2025-09-22,active
9696,user_9696,user_9696@test.com,2026-01-03,active
9697,user_9697,user_9697@test.com,2025-07-16,active
9698,user_9698,user_9698@test.com,2025-08-18,active
9699,user_9699,user_9699@test.com,2025-11-17,active
9700,user_9700,user_9700@test.com,2026-01-06,active
9701,user_9701,user_9701@test.com,2025-09-28,active
9702,user_9702,user_9702@test.com,2025-08-03,active
9703,user_9703,user_9703@test.com,2025-08-13,active
9704,user_9704,user_9704@test.com,2025-06-11,active
9705,user_9705,user_9705@test.com,2025-04-14,active
9706,user_9706,user_9706@test.com,2025-07-26,inactive
9707,user_9707,user_9707@test.com,2026-03-01,inactive
9708,user_9708,user_9708@test.com,2025-09-13,active
9709,user_9709,user_9709@test.com,2025-10-02,inactive
9710,user_9710,user_9710@test.com,2025-10-24,inactive
9711,user_9711,user_9711@test.com,2026-01-03,inactive
9712,user_9712,user_9712@test.com,2025-05-07,active
9713,user_9713,user_9713@test.com,2025-12-23,active
9714,user_9714,user_9714@test.com,2025-04-10,active
9715,user_9715,user_9715@test.com,2025-06-10,active
9716,user_9716,user_9716@test.com,2025-10-27,active
9717,user_9717,user_9717@test.com,2026-01-08,active
9718,user_9718,user_9718@test.com,2025-09-18,active
9719,user_9719,user_9719@test.com,2025-08-27,active
9720,user_9720,user_9720@test.com,2025-11-19,inactive
9721,user_9721,user_9721@test.com,2025-10-15,active
9722,user_9722,user_9722@test.com,2025-10-20,active
9723,user_9723,user_9723@test.com,2025-11-16,active
9724,user_9724,user_9724@test.com,2025-08-19,active
9725,user_9725,user_9725@test.com,2026-03-06,active
9726,user_9726,user_9726@test.com,2025-09-18,active
9727,user_9727,user_9727@test.com,2025-12-11,active
9728,user_9728,user_9728@test.com,2026-03-26,inactive
9729,user_9729,user_9729@test.com,2026-03-15,active
9730,user_9730,user_9730@test.com,2025-11-24,active
9731,user_9731,user_9731@test.com,2026-02-09,active
9732,user_9732,user_9732@test.com,2025-10-10,active
9733,user_9733,user_9733@test.com,2025-11-09,inactive
9734,user_9734,user_9734@test.com,2025-09-23,active
9735,user_9735,user_9735@test.com,2025-07-04,active
9736,user_9736,user_9736@test.com,2025-08-05,active
9737,user_9737,user_9737@test.com,2025-07-29,active
9738,user_9738,user_9738@test.com,2025-04-22,active
9739,user_9739,user_9739@test.com,2026-01-29,active
9740,user_9740,user_9740@test.com,2025-08-02,inactive
9741,user_9741,user_9741@test.com,2025-11-17,active
9742,user_9742,user_9742@test.com,2025-07-01,active
9743,user_9743,user_9743@test.com,2025-12-05,active
9744,user_9744,user_9744@test.com,2026-02-17,active
9745,user_9745,user_9745@test.com,2026-01-17,inactive
9746,user_9746,user_9746@test.com,2025-06-20,active
9747,user_9747,user_9747@test.com,2025-10-16,active
9748,user_9748,user_9748@test.com,2026-01-16,active
9749,user_9749,user_9749@test.com,2025-04-16,active
9750,user_9750,user_9750@test.com,2026-03-03,active
9751,user_9751,user_9751@test.com,2025-06-13,active
9752,user_9752,user_9752@test.com,2025-04-25,active
9753,user_9753,user_9753@test.com,2025-04-05,active
9754,user_9754,user_9754@test.com,2025-04-15,active
9755,user_9755,user_9755@test.com,2025-05-26,inactive
9756,user_9756,user_9756@test.com,2025-12-07,inactive
9757,user_9757,user_9757@test.com,2025-11-04,inactive
9758,user_9758,user_9758@test.com,2025-07-03,active
9759,user_9759,user_9759@test.com,2026-03-10,active
9760,user_9760,user_9760@test.com,2025-09-25,active
9761,user_9761,user_9761@test.com,2025-06-30,active
9762,user_9762,user_9762@test.com,2025-04-18,active
9763,user_9763,user_9763@test.com,2025-08-23,active
9764,user_9764,user_9764@test.com,2025-05-07,active
9765,user_9765,user_9765@test.com,2025-09-06,active
9766,user_9766,user_9766@test.com,2026-02-12,active
9767,user_9767,user_9767@test.com,2026-03-21,inactive
9768,user_9768,user_9768@test.com,2026-03-15,active
9769,user_9769,user_9769@test.com,2026-03-03,active
9770,user_9770,user_9770@test.com,2025-10-06,active
9771,user_9771,user_9771@test.com,2026-01-19,active
9772,user_9772,user_9772@test.com,2025-05-03,active
9773,user_9773,user_9773@test.com,2025-04-24,active
9774,user_9774,user_9774@test.com,2025-06-13,inactive
9775,user_9775,user_9775@test.com,2026-01-07,active
9776,user_9776,user_9776@test.com,2025-04-19,active
9777,user_9777,user_9777@test.com,2025-06-06,active
9778,user_9778,user_9778@test.com,2026-01-23,active
9779,user_9779,user_9779@test.com,2025-08-28,active
9780,user_9780,user_9780@test.com,2025-08-11,active
9781,user_9781,user_9781@test.com,2025-11-16,inactive
9782,user_9782,user_9782@test.com,2025-11-11,active
9783,user_9783,user_9783@test.com,2025-10-22,inactive
9784,user_9784,user_9784@test.com,2025-04-04,active
9785,user_9785,user_9785@test.com,2025-12-17,active
9786,user_9786,user_9786@test.com,2025-08-21,active
9787,user_9787,user_9787@test.com,2025-07-10,active
9788,user_9788,user_9788@test.com,2025-09-04,inactive
9789,user_9789,user_9789@test.com,2025-11-02,active
9790,user_9790,user_9790@test.com,2025-07-22,active
9791,user_9791,user_9791@test.com,2026-01-03,active
9792,user_9792,user_9792@test.com,2026-02-13,inactive
9793,user_9793,user_9793@test.com,2025-07-11,active
9794,user_9794,user_9794@test.com,2025-08-23,active
9795,user_9795,user_9795@test.com,2025-09-03,inactive
9796,user_9796,user_9796@test.com,2026-01-12,active
9797,user_9797,user_9797@test.com,2025-07-30,inactive
9798,user_9798,user_9798@test.com,2026-01-04,active
9799,user_9799,user_9799@test.com,2026-01-11,active
9800,user_9800,user_9800@test.com,2025-08-05,active
9801,user_9801,user_9801@test.com,2025-07-04,inactive
9802,user_9802,user_9802@test.com,2025-09-07,active
9803,user_9803,user_9803@test.com,2025-12-19,active
9804,user_9804,user_9804@test.com,2025-11-12,active
9805,user_9805,user_9805@test.com,2025-10-01,active
9806,user_9806,user_9806@test.com,2026-01-10,active
9807,user_9807,user_9807@test.com,2025-08-20,active
9808,user_9808,user_9808@test.com,2025-05-18,active
9809,user_9809,user_9809@test.com,2025-08-05,active
9810,user_9810,user_9810@test.com,2025-10-10,inactive
9811,user_9811,user_9811@test.com,2025-04-21,active
9812,user_9812,user_9812@test.com,2026-03-20,active
9813,user_9813,user_9813@test.com,2025-04-20,active
9814,user_9814,user_9814@test.com,2025-04-22,active
9815,user_9815,user_9815@test.com,2026-03-29,active
9816,user_9816,user_9816@test.com,2026-02-03,active
9817,user_9817,user_9817@test.com,2025-07-06,active
9818,user_9818,user_9818@test.com,2026-03-10,active
9819,user_9819,user_9819@test.com,2026-02-11,inactive
9820,user_9820,user_9820@test.com,2025-09-07,active
9821,user_9821,user_9821@test.com,2025-07-02,active
9822,user_9822,user_9822@test.com,2025-11-06,active
9823,user_9823,user_9823@test.com,2025-10-25,inactive
9824,user_9824,user_9824@test.com,2025-08-16,active
9825,user_9825,user_9825@test.com,2025-10-10,active
9826,user_9826,user_9826@test.com,2026-02-17,active
9827,user_9827,user_9827@test.com,2025-11-19,active
9828,user_9828,user_9828@test.com,2025-10-22,active
9829,user_9829,user_9829@test.com,2025-06-21,active
9830,user_9830,user_9830@test.com,2025-12-21,inactive
9831,user_9831,user_9831@test.com,2025-10-15,active
9832,user_9832,user_9832@test.com,2025-05-11,inactive
9833,user_9833,user_9833@test.com,2025-07-03,active
9834,user_9834,user_9834@test.com,2026-01-10,active
9835,user_9835,user_9835@test.com,2026-02-06,active
9836,user_9836,user_9836@test.com,2026-02-02,active
9837,user_9837,user_9837@test.com,2025-05-02,active
9838,user_9838,user_9838@test.com,2025-12-27,active
9839,user_9839,user_9839@test.com,2025-06-20,active
9840,user_9840,user_9840@test.com,2025-05-19,active
9841,user_9841,user_9841@test.com,2026-01-27,active
9842,user_9842,user_9842@test.com,2025-05-24,active
9843,user_9843,user_9843@test.com,2026-01-20,active
9844,user_9844,user_9844@test.com,2025-06-22,active
9845,user_9845,user_9845@test.com,2025-08-30,active
9846,user_9846,user_9846@test.com,2025-06-23,active
9847,user_9847,user_9847@test.com,2025-10-02,inactive
9848,user_9848,user_9848@test.com,2025-04-22,active
9849,user_9849,user_9849@test.com,2025-11-30,active
9850,user_9850,user_9850@test.com,2026-01-05,active
9851,user_9851,user_9851@test.com,2026-03-25,active
9852,user_9852,user_9852@test.com,2026-01-12,active
9853,user_9853,user_9853@test.com,2025-12-08,active
9854,user_9854,user_9854@test.com,2025-12-22,active
9855,user_9855,user_9855@test.com,2025-04-22,active
9856,user_9856,user_9856@test.com,2025-08-12,active
9857,user_9857,user_9857@test.com,2025-09-12,active
9858,user_9858,user_9858@test.com,2025-12-15,active
9859,user_9859,user_9859@test.com,2025-12-09,active
9860,user_9860,user_9860@test.com,2025-06-05,active
9861,user_9861,user_9861@test.com,2025-05-13,active
9862,user_9862,user_9862@test.com,2026-02-16,active
9863,user_9863,user_9863@test.com,2026-03-12,active
9864,user_9864,user_9864@test.com,2025-11-23,active
9865,user_9865,user_9865@test.com,2026-01-15,active
9866,user_9866,user_9866@test.com,2025-07-08,active
9867,user_9867,user_9867@test.com,2025-05-08,active
9868,user_9868,user_9868@test.com,2025-11-27,inactive
9869,user_9869,user_9869@test.com,2025-03-31,active
9870,user_9870,user_9870@test.com,2025-05-23,inactive
9871,user_9871,user_9871@test.com,2025-12-05,active
9872,user_9872,user_9872@test.com,2026-02-28,inactive
9873,user_9873,user_9873@test.com,2025-12-24,active
9874,user_9874,user_9874@test.com,2025-08-15,inactive
9875,user_9875,user_9875@test.com,2025-09-30,inactive
9876,user_9876,user_9876@test.com,2026-03-08,active
9877,user_9877,user_9877@test.com,2025-11-09,active
9878,user_9878,user_9878@test.com,2025-10-11,active
9879,user_9879,user_9879@test.com,2025-10-18,active
9880,user_9880,user_9880@test.com,2025-05-17,active
9881,user_9881,user_9881@test.com,2025-12-11,active
9882,user_9882,user_9882@test.com,2026-01-18,active
9883,user_9883,user_9883@test.com,2025-11-28,active
9884,user_9884,user_9884@test.com,2026-01-03,inactive
9885,user_9885,user_9885@test.com,2026-01-17,active
9886,user_9886,user_9886@test.com,2026-02-18,active
9887,user_9887,user_9887@test.com,2026-03-05,active
9888,user_9888,user_9888@test.com,2025-04-14,inactive
9889,user_9889,user_9889@test.com,2025-07-17,active
9890,user_9890,user_9890@test.com,2025-10-08,active
9891,user_9891,user_9891@test.com,2025-05-06,inactive
9892,user_9892,user_9892@test.com,2025-06-05,active
9893,user_9893,user_9893@test.com,2025-06-24,active
9894,user_9894,user_9894@test.com,2025-07-19,active
9895,user_9895,user_9895@test.com,2026-02-14,inactive
9896,user_9896,user_9896@test.com,2025-07-11,active
9897,user_9897,user_9897@test.com,2025-07-19,active
9898,user_9898,user_9898@test.com,2025-12-13,active
9899,user_9899,user_9899@test.com,2025-09-19,active
9900,user_9900,user_9900@test.com,2025-08-05,active
9901,user_9901,user_9901@test.com,2025-11-08,active
9902,user_9902,user_9902@test.com,2025-10-18,active
9903,user_9903,user_9903@test.com,2025-10-18,active
9904,user_9904,user_9904@test.com,2025-05-14,inactive
9905,user_9905,user_9905@test.com,2026-01-23,active
9906,user_9906,user_9906@test.com,2025-05-26,active
9907,user_9907,user_9907@test.com,2026-03-21,active
9908,user_9908,user_9908@test.com,2025-04-20,active
9909,user_9909,user_9909@test.com,2026-01-07,inactive
9910,user_9910,user_9910@test.com,2025-08-23,active
9911,user_9911,user_9911@test.com,2026-02-09,active
9912,user_9912,user_9912@test.com,2025-08-12,active
9913,user_9913,user_9913@test.com,2025-06-06,active
9914,user_9914,user_9914@test.com,2025-05-12,active
9915,user_9915,user_9915@test.com,2025-04-14,active
9916,user_9916,user_9916@test.com,2025-11-10,active
9917,user_9917,user_9917@test.com,2026-01-18,active
9918,user_9918,user_9918@test.com,2025-09-15,inactive
9919,user_9919,user_9919@test.com,2025-11-03,inactive
9920,user_9920,user_9920@test.com,2025-08-02,active
9921,user_9921,user_9921@test.com,2026-01-16,inactive
9922,user_9922,user_9922@test.com,2025-11-23,active
9923,user_9923,user_9923@test.com,2025-12-05,active
9924,user_9924,user_9924@test.com,2025-08-17,active
9925,user_9925,user_9925@test.com,2025-09-14,active
9926,user_9926,user_9926@test.com,2026-01-15,active
9927,user_9927,user_9927@test.com,2025-05-22,active
9928,user_9928,user_9928@test.com,2025-05-23,inactive
9929,user_9929,user_9929@test.com,2026-01-04,active
9930,user_9930,user_9930@test.com,2025-04-16,active
9931,user_9931,user_9931@test.com,2025-12-27,active
9932,user_9932,user_9932@test.com,2026-02-19,active
9933,user_9933,user_9933@test.com,2025-09-15,inactive
9934,user_9934,user_9934@test.com,2025-11-30,active
9935,user_9935,user_9935@test.com,2025-12-17,active
9936,user_9936,user_9936@test.com,2026-02-20,active
9937,user_9937,user_9937@test.com,2025-08-22,active
9938,user_9938,user_9938@test.com,2026-03-15,inactive
9939,user_9939,user_9939@test.com,2026-03-07,inactive
9940,user_9940,user_9940@test.com,2026-03-27,active
9941,user_9941,user_9941@test.com,2025-06-18,inactive
9942,user_9942,user_9942@test.com,2025-10-27,active
9943,user_9943,user_9943@test.com,2025-10-30,active
9944,user_9944,user_9944@test.com,2025-10-27,active
9945,user_9945,user_9945@test.com,2025-07-06,inactive
9946,user_9946,user_9946@test.com,2025-11-02,inactive
9947,user_9947,user_9947@test.com,2025-09-18,active
9948,user_9948,user_9948@test.com,2025-07-19,active
9949,user_9949,user_9949@test.com,2025-06-14,active
9950,user_9950,user_9950@test.com,2025-09-30,active
9951,user_9951,user_9951@test.com,2025-06-07,active
9952,user_9952,user_9952@test.com,2025-04-01,active
9953,user_9953,user_9953@test.com,2025-05-30,active
9954,user_9954,user_9954@test.com,2025-11-26,active
9955,user_9955,user_9955@test.com,2025-08-07,active
9956,user_9956,user_9956@test.com,2025-04-09,active
9957,user_9957,user_9957@test.com,2025-04-17,active
9958,user_9958,user_9958@test.com,2025-07-16,active
9959,user_9959,user_9959@test.com,2025-11-23,active
9960,user_9960,user_9960@test.com,2025-09-13,active
9961,user_9961,user_9961@test.com,2025-07-09,active
9962,user_9962,user_9962@test.com,2025-09-05,active
9963,user_9963,user_9963@test.com,2025-11-23,active
9964,user_9964,user_9964@test.com,2025-12-19,active
9965,user_9965,user_9965@test.com,2025-12-17,inactive
9966,user_9966,user_9966@test.com,2025-07-20,active
9967,user_9967,user_9967@test.com,2026-02-25,active
9968,user_9968,user_9968@test.com,2026-01-16,active
9969,user_9969,user_9969@test.com,2025-05-26,active
9970,user_9970,user_9970@test.com,2025-12-18,active
9971,user_9971,user_9971@test.com,2025-11-30,active
9972,user_9972,user_9972@test.com,2025-09-05,active
9973,user_9973,user_9973@test.com,2025-07-23,active
9974,user_9974,user_9974@test.com,2025-06-06,active
9975,user_9975,user_9975@test.com,2025-10-18,active
9976,user_9976,user_9976@test.com,2025-06-27,active
9977,user_9977,user_9977@test.com,2026-01-22,active
9978,user_9978,user_9978@test.com,2025-04-27,active
9979,user_9979,user_9979@test.com,2025-07-14,inactive
9980,user_9980,user_9980@test.com,2026-01-09,active
9981,user_9981,user_9981@test.com,2025-09-16,active
9982,user_9982,user_9982@test.com,2025-04-19,active
9983,user_9983,user_9983@test.com,2025-04-28,active
9984,user_9984,user_9984@test.com,2025-11-02,active
9985,user_9985,user_9985@test.com,2025-10-12,active
9986,user_9986,user_9986@test.com,2025-09-16,inactive
9987,user_9987,user_9987@test.com,2025-08-09,inactive
9988,user_9988,user_9988@test.com,2025-09-28,inactive
9989,user_9989,user_9989@test.com,2025-06-24,active
9990,user_9990,user_9990@test.com,2025-07-20,active
9991,user_9991,user_9991@test.com,2026-03-16,inactive
9992,user_9992,user_9992@test.com,2025-08-18,active
9993,user_9993,user_9993@test.com,2026-02-22,active
9994,user_9994,user_9994@test.com,2026-03-23,active
9995,user_9995,user_9995@test.com,2025-11-18,active
9996,user_9996,user_9996@test.com,2025-08-01,active
9997,user_9997,user_9997@test.com,2026-01-28,active
9998,user_9998,user_9998@test.com,2025-06-01,inactive
9999,user_9999,user_9999@test.com,2025-08-18,active
10000,user_10000,user_10000@test.com,2025-04-06,active
